!SESSION 2026-02-26 01:01:38.037 -----------------------------------------------
eclipse.buildId=4.6.0.I20160606-1100
java.version=1.8.0_112
java.vendor=Oracle Corporation
BootLoader constants: OS=win32, ARCH=x86, WS=win32, NL=en_US
Framework arguments:  -product com.ti.ccstudio.branding.product
Command-line arguments:  -os win32 -ws win32 -arch x86 -product com.ti.ccstudio.branding.product

!ENTRY com.ti.common.core 4 0 2026-02-26 01:12:40.346
!MESSAGE path=ccs_base/DebugServer

!ENTRY com.ti.common.core 4 0 2026-02-26 01:12:40.347
!MESSAGE debugServerDir=C:/ti/ccsv7/ccs_base/DebugServer

!ENTRY org.eclipse.equinox.event 4 0 2026-02-26 01:12:42.052
!MESSAGE Exception while dispatching event org.osgi.service.event.Event [topic=org/eclipse/e4/ui/model/application/ApplicationElement/tags/ADD] {ChangedElement=org.eclipse.e4.ui.model.application.ui.basic.impl.PartStackImpl@1cd90e (elementId: org.eclipse.e4.primaryDataStack, tags: [org.eclipse.e4.primaryDataStack, EditorStack, active, Maximized], contributorURI: null) (widget: CTabFolder {}, renderer: org.eclipse.e4.ui.workbench.renderers.swt.StackRenderer@f6ba1c, toBeRendered: true, onTop: false, visible: true, containerData: null, accessibilityPhrase: null), org.eclipse.e4.data={ChangedElement=org.eclipse.e4.ui.model.application.ui.basic.impl.PartStackImpl@1cd90e (elementId: org.eclipse.e4.primaryDataStack, tags: [org.eclipse.e4.primaryDataStack, EditorStack, active, Maximized], contributorURI: null) (widget: CTabFolder {}, renderer: org.eclipse.e4.ui.workbench.renderers.swt.StackRenderer@f6ba1c, toBeRendered: true, onTop: false, visible: true, containerData: null, accessibilityPhrase: null), AttName=tags, EventType=ADD, Position=3, Widget=CTabFolder {}, NewValue=Maximized}, AttName=tags, EventType=ADD, Position=3, Widget=CTabFolder {}, NewValue=Maximized} to handler org.eclipse.e4.ui.internal.di.UIEventObjectSupplier$UIEventHandler@81d7
!STACK 0
org.eclipse.e4.core.di.InjectionException: java.lang.IllegalArgumentException: 
	at org.eclipse.e4.core.internal.di.MethodRequestor.execute(MethodRequestor.java:64)
	at org.eclipse.e4.ui.internal.di.UIEventObjectSupplier$UIEventHandler$1.run(UIEventObjectSupplier.java:56)
	at org.eclipse.swt.widgets.Synchronizer.syncExec(Synchronizer.java:233)
	at org.eclipse.ui.internal.UISynchronizer.syncExec(UISynchronizer.java:145)
	at org.eclipse.swt.widgets.Display.syncExec(Display.java:4813)
	at org.eclipse.e4.ui.internal.workbench.swt.E4Application$1.syncExec(E4Application.java:211)
	at org.eclipse.e4.ui.internal.di.UIEventObjectSupplier$UIEventHandler.handleEvent(UIEventObjectSupplier.java:53)
	at org.eclipse.equinox.internal.event.EventHandlerWrapper.handleEvent(EventHandlerWrapper.java:201)
	at org.eclipse.equinox.internal.event.EventHandlerTracker.dispatchEvent(EventHandlerTracker.java:197)
	at org.eclipse.equinox.internal.event.EventHandlerTracker.dispatchEvent(EventHandlerTracker.java:1)
	at org.eclipse.osgi.framework.eventmgr.EventManager.dispatchEvent(EventManager.java:230)
	at org.eclipse.osgi.framework.eventmgr.ListenerQueue.dispatchEventSynchronous(ListenerQueue.java:148)
	at org.eclipse.equinox.internal.event.EventAdminImpl.dispatchEvent(EventAdminImpl.java:135)
	at org.eclipse.equinox.internal.event.EventAdminImpl.sendEvent(EventAdminImpl.java:78)
	at org.eclipse.equinox.internal.event.EventComponent.sendEvent(EventComponent.java:39)
	at org.eclipse.e4.ui.services.internal.events.EventBroker.send(EventBroker.java:94)
	at org.eclipse.e4.ui.internal.workbench.UIEventPublisher.notifyChanged(UIEventPublisher.java:60)
	at org.eclipse.emf.common.notify.impl.BasicNotifierImpl.eNotify(BasicNotifierImpl.java:374)
	at org.eclipse.emf.ecore.util.EcoreEList.dispatchNotification(EcoreEList.java:249)
	at org.eclipse.emf.common.notify.impl.NotifyingListImpl.addUnique(NotifyingListImpl.java:304)
	at org.eclipse.emf.common.util.AbstractEList.add(AbstractEList.java:303)
	at org.eclipse.ui.internal.WorkbenchIntroManager.setIntroStandby(WorkbenchIntroManager.java:196)
	at org.eclipse.ui.internal.WorkbenchIntroManager.showIntro(WorkbenchIntroManager.java:134)
	at org.eclipse.ui.application.WorkbenchWindowAdvisor.openIntro(WorkbenchWindowAdvisor.java:190)
	at org.eclipse.ui.internal.ide.application.IDEWorkbenchWindowAdvisor.openIntro(IDEWorkbenchWindowAdvisor.java:567)
	at org.eclipse.ui.internal.WorkbenchWindow.setup(WorkbenchWindow.java:776)
	at sun.reflect.NativeMethodAccessorImpl.invoke0(Native Method)
	at sun.reflect.NativeMethodAccessorImpl.invoke(NativeMethodAccessorImpl.java:62)
	at sun.reflect.DelegatingMethodAccessorImpl.invoke(DelegatingMethodAccessorImpl.java:43)
	at java.lang.reflect.Method.invoke(Method.java:498)
	at org.eclipse.e4.core.internal.di.MethodRequestor.execute(MethodRequestor.java:54)
	at org.eclipse.e4.core.internal.di.InjectorImpl.processAnnotated(InjectorImpl.java:966)
	at org.eclipse.e4.core.internal.di.InjectorImpl.inject(InjectorImpl.java:151)
	at org.eclipse.e4.core.internal.di.InjectorImpl.inject(InjectorImpl.java:118)
	at org.eclipse.e4.core.contexts.ContextInjectionFactory.inject(ContextInjectionFactory.java:73)
	at org.eclipse.ui.internal.Workbench.createWorkbenchWindow(Workbench.java:1525)
	at org.eclipse.ui.internal.Workbench.getActiveWorkbenchWindow(Workbench.java:1499)
	at com.ti.ccstudio.debug.ui.targetStatus.TargetStatusManager.addStatusBar(TargetStatusManager.java:379)
	at com.ti.ccstudio.debug.ui.targetStatus.statusBar.TargetStatusBar.fill(TargetStatusBar.java:44)
	at com.ti.ccstudio.debug.ui.targetStatus.statusBar.CCSStatusBar.createControl(CCSStatusBar.java:39)
	at org.eclipse.ui.menus.WorkbenchWindowControlContribution.delegateCreateControl(WorkbenchWindowControlContribution.java:105)
	at org.eclipse.ui.internal.menus.CompatibilityWorkbenchWindowControlContribution.construct(CompatibilityWorkbenchWindowControlContribution.java:90)
	at sun.reflect.NativeMethodAccessorImpl.invoke0(Native Method)
	at sun.reflect.NativeMethodAccessorImpl.invoke(NativeMethodAccessorImpl.java:62)
	at sun.reflect.DelegatingMethodAccessorImpl.invoke(DelegatingMethodAccessorImpl.java:43)
	at java.lang.reflect.Method.invoke(Method.java:498)
	at org.eclipse.e4.core.internal.di.MethodRequestor.execute(MethodRequestor.java:54)
	at org.eclipse.e4.core.internal.di.InjectorImpl.processAnnotated(InjectorImpl.java:966)
	at org.eclipse.e4.core.internal.di.InjectorImpl.inject(InjectorImpl.java:151)
	at org.eclipse.e4.core.internal.di.InjectorImpl.internalMake(InjectorImpl.java:375)
	at org.eclipse.e4.core.internal.di.InjectorImpl.make(InjectorImpl.java:308)
	at org.eclipse.e4.core.contexts.ContextInjectionFactory.make(ContextInjectionFactory.java:186)
	at org.eclipse.e4.ui.internal.workbench.ReflectionContributionFactory.createFromBundle(ReflectionContributionFactory.java:108)
	at org.eclipse.e4.ui.internal.workbench.ReflectionContributionFactory.doCreate(ReflectionContributionFactory.java:74)
	at org.eclipse.e4.ui.internal.workbench.ReflectionContributionFactory.create(ReflectionContributionFactory.java:51)
	at org.eclipse.e4.ui.workbench.renderers.swt.ToolControlContribution.createControl(ToolControlContribution.java:58)
	at org.eclipse.jface.action.ControlContribution.fill(ControlContribution.java:101)
	at org.eclipse.jface.action.ToolBarManager.update(ToolBarManager.java:343)
	at org.eclipse.e4.ui.workbench.renderers.swt.ToolBarManagerRenderer.subscribeTopicUpdateToBeRendered(ToolBarManagerRenderer.java:213)
	at sun.reflect.GeneratedMethodAccessor5.invoke(Unknown Source)
	at sun.reflect.DelegatingMethodAccessorImpl.invoke(DelegatingMethodAccessorImpl.java:43)
	at java.lang.reflect.Method.invoke(Method.java:498)
	at org.eclipse.e4.core.internal.di.MethodRequestor.execute(MethodRequestor.java:54)
	at org.eclipse.e4.ui.internal.di.UIEventObjectSupplier$UIEventHandler$1.run(UIEventObjectSupplier.java:56)
	at org.eclipse.swt.widgets.Synchronizer.syncExec(Synchronizer.java:233)
	at org.eclipse.ui.internal.UISynchronizer.syncExec(UISynchronizer.java:145)
	at org.eclipse.swt.widgets.Display.syncExec(Display.java:4813)
	at org.eclipse.e4.ui.internal.workbench.swt.E4Application$1.syncExec(E4Application.java:211)
	at org.eclipse.e4.ui.internal.di.UIEventObjectSupplier$UIEventHandler.handleEvent(UIEventObjectSupplier.java:53)
	at org.eclipse.equinox.internal.event.EventHandlerWrapper.handleEvent(EventHandlerWrapper.java:201)
	at org.eclipse.equinox.internal.event.EventHandlerTracker.dispatchEvent(EventHandlerTracker.java:197)
	at org.eclipse.equinox.internal.event.EventHandlerTracker.dispatchEvent(EventHandlerTracker.java:1)
	at org.eclipse.osgi.framework.eventmgr.EventManager.dispatchEvent(EventManager.java:230)
	at org.eclipse.osgi.framework.eventmgr.ListenerQueue.dispatchEventSynchronous(ListenerQueue.java:148)
	at org.eclipse.equinox.internal.event.EventAdminImpl.dispatchEvent(EventAdminImpl.java:135)
	at org.eclipse.equinox.internal.event.EventAdminImpl.sendEvent(EventAdminImpl.java:78)
	at org.eclipse.equinox.internal.event.EventComponent.sendEvent(EventComponent.java:39)
	at org.eclipse.e4.ui.services.internal.events.EventBroker.send(EventBroker.java:94)
	at org.eclipse.e4.ui.internal.workbench.UIEventPublisher.notifyChanged(UIEventPublisher.java:60)
	at org.eclipse.emf.common.notify.impl.BasicNotifierImpl.eNotify(BasicNotifierImpl.java:374)
	at org.eclipse.e4.ui.model.application.ui.impl.UIElementImpl.setVisible(UIElementImpl.java:345)
	at org.eclipse.e4.ui.workbench.renderers.swt.ToolBarContributionRecord.updateVisibility(ToolBarContributionRecord.java:74)
	at org.eclipse.e4.ui.workbench.renderers.swt.ToolBarManagerRenderer$5.changed(ToolBarManagerRenderer.java:479)
	at org.eclipse.e4.core.internal.contexts.TrackableComputationExt.update(TrackableComputationExt.java:114)
	at org.eclipse.e4.core.internal.contexts.EclipseContext.runAndTrack(EclipseContext.java:324)
	at org.eclipse.e4.ui.workbench.renderers.swt.ToolBarManagerRenderer.processAddition(ToolBarManagerRenderer.java:471)
	at org.eclipse.e4.ui.workbench.renderers.swt.ToolBarManagerRenderer.generateContributions(ToolBarManagerRenderer.java:447)
	at org.eclipse.e4.ui.workbench.renderers.swt.ToolBarManagerRenderer.processContribution(ToolBarManagerRenderer.java:413)
	at org.eclipse.e4.ui.workbench.renderers.swt.ToolBarManagerRenderer.createWidget(ToolBarManagerRenderer.java:373)
	at org.eclipse.e4.ui.internal.workbench.swt.PartRenderingEngine.createWidget(PartRenderingEngine.java:975)
	at org.eclipse.e4.ui.internal.workbench.swt.PartRenderingEngine.safeCreateGui(PartRenderingEngine.java:651)
	at org.eclipse.e4.ui.internal.workbench.swt.PartRenderingEngine.safeCreateGui(PartRenderingEngine.java:757)
	at org.eclipse.e4.ui.internal.workbench.swt.PartRenderingEngine.access$0(PartRenderingEngine.java:728)
	at org.eclipse.e4.ui.internal.workbench.swt.PartRenderingEngine$2.run(PartRenderingEngine.java:722)
	at org.eclipse.core.runtime.SafeRunner.run(SafeRunner.java:42)
	at org.eclipse.e4.ui.internal.workbench.swt.PartRenderingEngine.createGui(PartRenderingEngine.java:706)
	at org.eclipse.e4.ui.internal.workbench.swt.PartRenderingEngine.subscribeChildrenHandler(PartRenderingEngine.java:296)
	at sun.reflect.GeneratedMethodAccessor7.invoke(Unknown Source)
	at sun.reflect.DelegatingMethodAccessorImpl.invoke(DelegatingMethodAccessorImpl.java:43)
	at java.lang.reflect.Method.invoke(Method.java:498)
	at org.eclipse.e4.core.internal.di.MethodRequestor.execute(MethodRequestor.java:54)
	at org.eclipse.e4.core.di.internal.extensions.EventObjectSupplier$DIEventHandler.handleEvent(EventObjectSupplier.java:80)
	at org.eclipse.equinox.internal.event.EventHandlerWrapper.handleEvent(EventHandlerWrapper.java:201)
	at org.eclipse.equinox.internal.event.EventHandlerTracker.dispatchEvent(EventHandlerTracker.java:197)
	at org.eclipse.equinox.internal.event.EventHandlerTracker.dispatchEvent(EventHandlerTracker.java:1)
	at org.eclipse.osgi.framework.eventmgr.EventManager.dispatchEvent(EventManager.java:230)
	at org.eclipse.osgi.framework.eventmgr.ListenerQueue.dispatchEventSynchronous(ListenerQueue.java:148)
	at org.eclipse.equinox.internal.event.EventAdminImpl.dispatchEvent(EventAdminImpl.java:135)
	at org.eclipse.equinox.internal.event.EventAdminImpl.sendEvent(EventAdminImpl.java:78)
	at org.eclipse.equinox.internal.event.EventComponent.sendEvent(EventComponent.java:39)
	at org.eclipse.e4.ui.services.internal.events.EventBroker.send(EventBroker.java:94)
	at org.eclipse.e4.ui.internal.workbench.UIEventPublisher.notifyChanged(UIEventPublisher.java:60)
	at org.eclipse.emf.common.notify.impl.BasicNotifierImpl.eNotify(BasicNotifierImpl.java:374)
	at org.eclipse.emf.ecore.util.EcoreEList.dispatchNotification(EcoreEList.java:249)
	at org.eclipse.emf.common.notify.impl.NotifyingListImpl.addUnique(NotifyingListImpl.java:356)
	at org.eclipse.emf.common.util.AbstractEList.add(AbstractEList.java:341)
	at org.eclipse.e4.ui.internal.workbench.ContributionsAnalyzer.processAddition(ContributionsAnalyzer.java:370)
	at org.eclipse.e4.ui.workbench.renderers.swt.TrimBarRenderer.addTrimContributions(TrimBarRenderer.java:171)
	at org.eclipse.e4.ui.workbench.renderers.swt.TrimBarRenderer.processContents(TrimBarRenderer.java:143)
	at org.eclipse.e4.ui.internal.workbench.swt.PartRenderingEngine.safeCreateGui(PartRenderingEngine.java:665)
	at org.eclipse.e4.ui.internal.workbench.swt.PartRenderingEngine$1.run(PartRenderingEngine.java:536)
	at org.eclipse.core.runtime.SafeRunner.run(SafeRunner.java:42)
	at org.eclipse.e4.ui.internal.workbench.swt.PartRenderingEngine.createGui(PartRenderingEngine.java:520)
	at org.eclipse.e4.ui.workbench.renderers.swt.WBWRenderer.processContents(WBWRenderer.java:747)
	at org.eclipse.e4.ui.internal.workbench.swt.PartRenderingEngine.safeCreateGui(PartRenderingEngine.java:665)
	at org.eclipse.e4.ui.internal.workbench.swt.PartRenderingEngine.safeCreateGui(PartRenderingEngine.java:757)
	at org.eclipse.e4.ui.internal.workbench.swt.PartRenderingEngine.access$0(PartRenderingEngine.java:728)
	at org.eclipse.e4.ui.internal.workbench.swt.PartRenderingEngine$2.run(PartRenderingEngine.java:722)
	at org.eclipse.core.runtime.SafeRunner.run(SafeRunner.java:42)
	at org.eclipse.e4.ui.internal.workbench.swt.PartRenderingEngine.createGui(PartRenderingEngine.java:706)
	at org.eclipse.e4.ui.internal.workbench.swt.PartRenderingEngine$4.run(PartRenderingEngine.java:1059)
	at org.eclipse.core.databinding.observable.Realm.runWithDefault(Realm.java:336)
	at org.eclipse.e4.ui.internal.workbench.swt.PartRenderingEngine.run(PartRenderingEngine.java:1022)
	at org.eclipse.e4.ui.internal.workbench.E4Workbench.createAndRunUI(E4Workbench.java:150)
	at org.eclipse.ui.internal.Workbench$5.run(Workbench.java:687)
	at org.eclipse.core.databinding.observable.Realm.runWithDefault(Realm.java:336)
	at org.eclipse.ui.internal.Workbench.createAndRunWorkbench(Workbench.java:604)
	at org.eclipse.ui.PlatformUI.createAndRunWorkbench(PlatformUI.java:148)
	at org.eclipse.ui.internal.ide.application.IDEApplication.start(IDEApplication.java:138)
	at org.eclipse.equinox.internal.app.EclipseAppHandle.run(EclipseAppHandle.java:196)
	at org.eclipse.core.runtime.internal.adaptor.EclipseAppLauncher.runApplication(EclipseAppLauncher.java:134)
	at org.eclipse.core.runtime.internal.adaptor.EclipseAppLauncher.start(EclipseAppLauncher.java:104)
	at org.eclipse.core.runtime.adaptor.EclipseStarter.run(EclipseStarter.java:388)
	at org.eclipse.core.runtime.adaptor.EclipseStarter.run(EclipseStarter.java:243)
	at sun.reflect.NativeMethodAccessorImpl.invoke0(Native Method)
	at sun.reflect.NativeMethodAccessorImpl.invoke(NativeMethodAccessorImpl.java:62)
	at sun.reflect.DelegatingMethodAccessorImpl.invoke(DelegatingMethodAccessorImpl.java:43)
	at java.lang.reflect.Method.invoke(Method.java:498)
	at org.eclipse.equinox.launcher.Main.invokeFramework(Main.java:673)
	at org.eclipse.equinox.launcher.Main.basicRun(Main.java:610)
	at org.eclipse.equinox.launcher.Main.run(Main.java:1519)
Caused by: java.lang.IllegalArgumentException: 
	at org.eclipse.core.runtime.Assert.isLegal(Assert.java:63)
	at org.eclipse.core.runtime.Assert.isLegal(Assert.java:47)
	at org.eclipse.e4.ui.internal.workbench.ModelServiceImpl.findElementsRecursive(ModelServiceImpl.java:145)
	at org.eclipse.e4.ui.internal.workbench.ModelServiceImpl.findElements(ModelServiceImpl.java:394)
	at org.eclipse.e4.ui.internal.workbench.ModelServiceImpl.findElements(ModelServiceImpl.java:380)
	at org.eclipse.e4.ui.internal.workbench.ModelServiceImpl.getActivePerspective(ModelServiceImpl.java:959)
	at org.eclipse.e4.ui.workbench.addons.minmax.MinMaxAddon.getElementsToMinimize(MinMaxAddon.java:680)
	at org.eclipse.e4.ui.workbench.addons.minmax.MinMaxAddon.maximize(MinMaxAddon.java:655)
	at org.eclipse.e4.ui.workbench.addons.minmax.MinMaxAddon.subscribeTopicTagsChanged(MinMaxAddon.java:363)
	at sun.reflect.GeneratedMethodAccessor2.invoke(Unknown Source)
	at sun.reflect.DelegatingMethodAccessorImpl.invoke(DelegatingMethodAccessorImpl.java:43)
	at java.lang.reflect.Method.invoke(Method.java:498)
	at org.eclipse.e4.core.internal.di.MethodRequestor.execute(MethodRequestor.java:54)
	... 150 more

!ENTRY org.eclipse.equinox.event 4 0 2026-02-26 01:13:28.647
!MESSAGE Exception while dispatching event org.osgi.service.event.Event [topic=org/eclipse/e4/ui/model/application/ApplicationElement/tags/REMOVE] {ChangedElement=org.eclipse.e4.ui.model.application.ui.basic.impl.PartStackImpl@1de913e (elementId: left, tags: [], contributorURI: null) (widget: CTabFolder {}, renderer: org.eclipse.e4.ui.workbench.renderers.swt.StackRenderer@f6ba1c, toBeRendered: true, onTop: false, visible: true, containerData: 5000, accessibilityPhrase: null), org.eclipse.e4.data={ChangedElement=org.eclipse.e4.ui.model.application.ui.basic.impl.PartStackImpl@1de913e (elementId: left, tags: [], contributorURI: null) (widget: CTabFolder {}, renderer: org.eclipse.e4.ui.workbench.renderers.swt.StackRenderer@f6ba1c, toBeRendered: true, onTop: false, visible: true, containerData: 5000, accessibilityPhrase: null), AttName=tags, EventType=REMOVE, Position=0, OldValue=Minimized, Widget=CTabFolder {}}, AttName=tags, EventType=REMOVE, Position=0, OldValue=Minimized, Widget=CTabFolder {}} to handler org.eclipse.e4.ui.internal.di.UIEventObjectSupplier$UIEventHandler@81d7
!STACK 0
org.eclipse.e4.core.di.InjectionException: java.lang.IllegalArgumentException: 
	at org.eclipse.e4.core.internal.di.MethodRequestor.execute(MethodRequestor.java:64)
	at org.eclipse.e4.ui.internal.di.UIEventObjectSupplier$UIEventHandler$1.run(UIEventObjectSupplier.java:56)
	at org.eclipse.swt.widgets.Synchronizer.syncExec(Synchronizer.java:233)
	at org.eclipse.ui.internal.UISynchronizer.syncExec(UISynchronizer.java:145)
	at org.eclipse.swt.widgets.Display.syncExec(Display.java:4813)
	at org.eclipse.e4.ui.internal.workbench.swt.E4Application$1.syncExec(E4Application.java:211)
	at org.eclipse.e4.ui.internal.di.UIEventObjectSupplier$UIEventHandler.handleEvent(UIEventObjectSupplier.java:53)
	at org.eclipse.equinox.internal.event.EventHandlerWrapper.handleEvent(EventHandlerWrapper.java:201)
	at org.eclipse.equinox.internal.event.EventHandlerTracker.dispatchEvent(EventHandlerTracker.java:197)
	at org.eclipse.equinox.internal.event.EventHandlerTracker.dispatchEvent(EventHandlerTracker.java:1)
	at org.eclipse.osgi.framework.eventmgr.EventManager.dispatchEvent(EventManager.java:230)
	at org.eclipse.osgi.framework.eventmgr.ListenerQueue.dispatchEventSynchronous(ListenerQueue.java:148)
	at org.eclipse.equinox.internal.event.EventAdminImpl.dispatchEvent(EventAdminImpl.java:135)
	at org.eclipse.equinox.internal.event.EventAdminImpl.sendEvent(EventAdminImpl.java:78)
	at org.eclipse.equinox.internal.event.EventComponent.sendEvent(EventComponent.java:39)
	at org.eclipse.e4.ui.services.internal.events.EventBroker.send(EventBroker.java:94)
	at org.eclipse.e4.ui.internal.workbench.UIEventPublisher.notifyChanged(UIEventPublisher.java:60)
	at org.eclipse.emf.common.notify.impl.BasicNotifierImpl.eNotify(BasicNotifierImpl.java:374)
	at org.eclipse.emf.ecore.util.EcoreEList.dispatchNotification(EcoreEList.java:249)
	at org.eclipse.emf.common.notify.impl.NotifyingListImpl.remove(NotifyingListImpl.java:725)
	at org.eclipse.emf.common.util.AbstractEList.remove(AbstractEList.java:462)
	at org.eclipse.e4.ui.workbench.addons.minmax.MinMaxAddon.unzoom(MinMaxAddon.java:855)
	at org.eclipse.e4.ui.workbench.addons.minmax.MinMaxAddon.subscribeTopicTagsChanged(MinMaxAddon.java:369)
	at sun.reflect.GeneratedMethodAccessor2.invoke(Unknown Source)
	at sun.reflect.DelegatingMethodAccessorImpl.invoke(DelegatingMethodAccessorImpl.java:43)
	at java.lang.reflect.Method.invoke(Method.java:498)
	at org.eclipse.e4.core.internal.di.MethodRequestor.execute(MethodRequestor.java:54)
	at org.eclipse.e4.ui.internal.di.UIEventObjectSupplier$UIEventHandler$1.run(UIEventObjectSupplier.java:56)
	at org.eclipse.swt.widgets.Synchronizer.syncExec(Synchronizer.java:233)
	at org.eclipse.ui.internal.UISynchronizer.syncExec(UISynchronizer.java:145)
	at org.eclipse.swt.widgets.Display.syncExec(Display.java:4813)
	at org.eclipse.e4.ui.internal.workbench.swt.E4Application$1.syncExec(E4Application.java:211)
	at org.eclipse.e4.ui.internal.di.UIEventObjectSupplier$UIEventHandler.handleEvent(UIEventObjectSupplier.java:53)
	at org.eclipse.equinox.internal.event.EventHandlerWrapper.handleEvent(EventHandlerWrapper.java:201)
	at org.eclipse.equinox.internal.event.EventHandlerTracker.dispatchEvent(EventHandlerTracker.java:197)
	at org.eclipse.equinox.internal.event.EventHandlerTracker.dispatchEvent(EventHandlerTracker.java:1)
	at org.eclipse.osgi.framework.eventmgr.EventManager.dispatchEvent(EventManager.java:230)
	at org.eclipse.osgi.framework.eventmgr.ListenerQueue.dispatchEventSynchronous(ListenerQueue.java:148)
	at org.eclipse.equinox.internal.event.EventAdminImpl.dispatchEvent(EventAdminImpl.java:135)
	at org.eclipse.equinox.internal.event.EventAdminImpl.sendEvent(EventAdminImpl.java:78)
	at org.eclipse.equinox.internal.event.EventComponent.sendEvent(EventComponent.java:39)
	at org.eclipse.e4.ui.services.internal.events.EventBroker.send(EventBroker.java:94)
	at org.eclipse.e4.ui.internal.workbench.UIEventPublisher.notifyChanged(UIEventPublisher.java:60)
	at org.eclipse.emf.common.notify.impl.BasicNotifierImpl.eNotify(BasicNotifierImpl.java:374)
	at org.eclipse.emf.ecore.util.EcoreEList.dispatchNotification(EcoreEList.java:249)
	at org.eclipse.emf.common.notify.impl.NotifyingListImpl.remove(NotifyingListImpl.java:725)
	at org.eclipse.emf.common.util.AbstractEList.remove(AbstractEList.java:462)
	at org.eclipse.ui.internal.WorkbenchPage.setPartState(WorkbenchPage.java:4413)
	at org.eclipse.ui.internal.WorkbenchPage.setPartState(WorkbenchPage.java:4383)
	at com.ti.ccstudio.branding.internal.CCSIntroPart$6$2$1.run(CCSIntroPart.java:267)
	at com.ti.ccstudio.internal.resource.explorer.liveactions.LiveAction$1.run(LiveAction.java:119)
	at org.eclipse.swt.widgets.RunnableLock.run(RunnableLock.java:35)
	at org.eclipse.swt.widgets.Synchronizer.runAsyncMessages(Synchronizer.java:182)
	at org.eclipse.swt.widgets.Display.runAsyncMessages(Display.java:4203)
	at org.eclipse.swt.widgets.Display.readAndDispatch(Display.java:3819)
	at org.eclipse.e4.ui.internal.workbench.swt.PartRenderingEngine$4.run(PartRenderingEngine.java:1121)
	at org.eclipse.core.databinding.observable.Realm.runWithDefault(Realm.java:336)
	at org.eclipse.e4.ui.internal.workbench.swt.PartRenderingEngine.run(PartRenderingEngine.java:1022)
	at org.eclipse.e4.ui.internal.workbench.E4Workbench.createAndRunUI(E4Workbench.java:150)
	at org.eclipse.ui.internal.Workbench$5.run(Workbench.java:687)
	at org.eclipse.core.databinding.observable.Realm.runWithDefault(Realm.java:336)
	at org.eclipse.ui.internal.Workbench.createAndRunWorkbench(Workbench.java:604)
	at org.eclipse.ui.PlatformUI.createAndRunWorkbench(PlatformUI.java:148)
	at org.eclipse.ui.internal.ide.application.IDEApplication.start(IDEApplication.java:138)
	at org.eclipse.equinox.internal.app.EclipseAppHandle.run(EclipseAppHandle.java:196)
	at org.eclipse.core.runtime.internal.adaptor.EclipseAppLauncher.runApplication(EclipseAppLauncher.java:134)
	at org.eclipse.core.runtime.internal.adaptor.EclipseAppLauncher.start(EclipseAppLauncher.java:104)
	at org.eclipse.core.runtime.adaptor.EclipseStarter.run(EclipseStarter.java:388)
	at org.eclipse.core.runtime.adaptor.EclipseStarter.run(EclipseStarter.java:243)
	at sun.reflect.NativeMethodAccessorImpl.invoke0(Native Method)
	at sun.reflect.NativeMethodAccessorImpl.invoke(NativeMethodAccessorImpl.java:62)
	at sun.reflect.DelegatingMethodAccessorImpl.invoke(DelegatingMethodAccessorImpl.java:43)
	at java.lang.reflect.Method.invoke(Method.java:498)
	at org.eclipse.equinox.launcher.Main.invokeFramework(Main.java:673)
	at org.eclipse.equinox.launcher.Main.basicRun(Main.java:610)
	at org.eclipse.equinox.launcher.Main.run(Main.java:1519)
Caused by: java.lang.IllegalArgumentException: 
	at org.eclipse.core.runtime.Assert.isLegal(Assert.java:63)
	at org.eclipse.core.runtime.Assert.isLegal(Assert.java:47)
	at org.eclipse.e4.ui.internal.workbench.ModelServiceImpl.findElementsRecursive(ModelServiceImpl.java:145)
	at org.eclipse.e4.ui.internal.workbench.ModelServiceImpl.findElements(ModelServiceImpl.java:394)
	at org.eclipse.e4.ui.internal.workbench.ModelServiceImpl.findElements(ModelServiceImpl.java:380)
	at org.eclipse.e4.ui.internal.workbench.ModelServiceImpl.getActivePerspective(ModelServiceImpl.java:959)
	at org.eclipse.e4.ui.workbench.addons.minmax.MinMaxAddon.getElementsToRestore(MinMaxAddon.java:870)
	at org.eclipse.e4.ui.workbench.addons.minmax.MinMaxAddon.restore(MinMaxAddon.java:637)
	at org.eclipse.e4.ui.workbench.addons.minmax.MinMaxAddon.subscribeTopicTagsChanged(MinMaxAddon.java:367)
	at sun.reflect.GeneratedMethodAccessor2.invoke(Unknown Source)
	at sun.reflect.DelegatingMethodAccessorImpl.invoke(DelegatingMethodAccessorImpl.java:43)
	at java.lang.reflect.Method.invoke(Method.java:498)
	at org.eclipse.e4.core.internal.di.MethodRequestor.execute(MethodRequestor.java:54)
	... 75 more

!ENTRY org.eclipse.equinox.event 4 0 2026-02-26 01:13:28.654
!MESSAGE Exception while dispatching event org.osgi.service.event.Event [topic=org/eclipse/e4/ui/model/application/ApplicationElement/tags/REMOVE] {ChangedElement=org.eclipse.e4.ui.model.application.ui.basic.impl.PartStackImpl@16a5cc9 (elementId: bottomRight, tags: [], contributorURI: null) (widget: CTabFolder {}, renderer: org.eclipse.e4.ui.workbench.renderers.swt.StackRenderer@f6ba1c, toBeRendered: true, onTop: false, visible: true, containerData: 5000, accessibilityPhrase: null), org.eclipse.e4.data={ChangedElement=org.eclipse.e4.ui.model.application.ui.basic.impl.PartStackImpl@16a5cc9 (elementId: bottomRight, tags: [], contributorURI: null) (widget: CTabFolder {}, renderer: org.eclipse.e4.ui.workbench.renderers.swt.StackRenderer@f6ba1c, toBeRendered: true, onTop: false, visible: true, containerData: 5000, accessibilityPhrase: null), AttName=tags, EventType=REMOVE, Position=0, OldValue=Minimized, Widget=CTabFolder {}}, AttName=tags, EventType=REMOVE, Position=0, OldValue=Minimized, Widget=CTabFolder {}} to handler org.eclipse.e4.ui.internal.di.UIEventObjectSupplier$UIEventHandler@81d7
!STACK 0
org.eclipse.e4.core.di.InjectionException: java.lang.IllegalArgumentException: 
	at org.eclipse.e4.core.internal.di.MethodRequestor.execute(MethodRequestor.java:64)
	at org.eclipse.e4.ui.internal.di.UIEventObjectSupplier$UIEventHandler$1.run(UIEventObjectSupplier.java:56)
	at org.eclipse.swt.widgets.Synchronizer.syncExec(Synchronizer.java:233)
	at org.eclipse.ui.internal.UISynchronizer.syncExec(UISynchronizer.java:145)
	at org.eclipse.swt.widgets.Display.syncExec(Display.java:4813)
	at org.eclipse.e4.ui.internal.workbench.swt.E4Application$1.syncExec(E4Application.java:211)
	at org.eclipse.e4.ui.internal.di.UIEventObjectSupplier$UIEventHandler.handleEvent(UIEventObjectSupplier.java:53)
	at org.eclipse.equinox.internal.event.EventHandlerWrapper.handleEvent(EventHandlerWrapper.java:201)
	at org.eclipse.equinox.internal.event.EventHandlerTracker.dispatchEvent(EventHandlerTracker.java:197)
	at org.eclipse.equinox.internal.event.EventHandlerTracker.dispatchEvent(EventHandlerTracker.java:1)
	at org.eclipse.osgi.framework.eventmgr.EventManager.dispatchEvent(EventManager.java:230)
	at org.eclipse.osgi.framework.eventmgr.ListenerQueue.dispatchEventSynchronous(ListenerQueue.java:148)
	at org.eclipse.equinox.internal.event.EventAdminImpl.dispatchEvent(EventAdminImpl.java:135)
	at org.eclipse.equinox.internal.event.EventAdminImpl.sendEvent(EventAdminImpl.java:78)
	at org.eclipse.equinox.internal.event.EventComponent.sendEvent(EventComponent.java:39)
	at org.eclipse.e4.ui.services.internal.events.EventBroker.send(EventBroker.java:94)
	at org.eclipse.e4.ui.internal.workbench.UIEventPublisher.notifyChanged(UIEventPublisher.java:60)
	at org.eclipse.emf.common.notify.impl.BasicNotifierImpl.eNotify(BasicNotifierImpl.java:374)
	at org.eclipse.emf.ecore.util.EcoreEList.dispatchNotification(EcoreEList.java:249)
	at org.eclipse.emf.common.notify.impl.NotifyingListImpl.remove(NotifyingListImpl.java:725)
	at org.eclipse.emf.common.util.AbstractEList.remove(AbstractEList.java:462)
	at org.eclipse.e4.ui.workbench.addons.minmax.MinMaxAddon.unzoom(MinMaxAddon.java:855)
	at org.eclipse.e4.ui.workbench.addons.minmax.MinMaxAddon.subscribeTopicTagsChanged(MinMaxAddon.java:369)
	at sun.reflect.GeneratedMethodAccessor2.invoke(Unknown Source)
	at sun.reflect.DelegatingMethodAccessorImpl.invoke(DelegatingMethodAccessorImpl.java:43)
	at java.lang.reflect.Method.invoke(Method.java:498)
	at org.eclipse.e4.core.internal.di.MethodRequestor.execute(MethodRequestor.java:54)
	at org.eclipse.e4.ui.internal.di.UIEventObjectSupplier$UIEventHandler$1.run(UIEventObjectSupplier.java:56)
	at org.eclipse.swt.widgets.Synchronizer.syncExec(Synchronizer.java:233)
	at org.eclipse.ui.internal.UISynchronizer.syncExec(UISynchronizer.java:145)
	at org.eclipse.swt.widgets.Display.syncExec(Display.java:4813)
	at org.eclipse.e4.ui.internal.workbench.swt.E4Application$1.syncExec(E4Application.java:211)
	at org.eclipse.e4.ui.internal.di.UIEventObjectSupplier$UIEventHandler.handleEvent(UIEventObjectSupplier.java:53)
	at org.eclipse.equinox.internal.event.EventHandlerWrapper.handleEvent(EventHandlerWrapper.java:201)
	at org.eclipse.equinox.internal.event.EventHandlerTracker.dispatchEvent(EventHandlerTracker.java:197)
	at org.eclipse.equinox.internal.event.EventHandlerTracker.dispatchEvent(EventHandlerTracker.java:1)
	at org.eclipse.osgi.framework.eventmgr.EventManager.dispatchEvent(EventManager.java:230)
	at org.eclipse.osgi.framework.eventmgr.ListenerQueue.dispatchEventSynchronous(ListenerQueue.java:148)
	at org.eclipse.equinox.internal.event.EventAdminImpl.dispatchEvent(EventAdminImpl.java:135)
	at org.eclipse.equinox.internal.event.EventAdminImpl.sendEvent(EventAdminImpl.java:78)
	at org.eclipse.equinox.internal.event.EventComponent.sendEvent(EventComponent.java:39)
	at org.eclipse.e4.ui.services.internal.events.EventBroker.send(EventBroker.java:94)
	at org.eclipse.e4.ui.internal.workbench.UIEventPublisher.notifyChanged(UIEventPublisher.java:60)
	at org.eclipse.emf.common.notify.impl.BasicNotifierImpl.eNotify(BasicNotifierImpl.java:374)
	at org.eclipse.emf.ecore.util.EcoreEList.dispatchNotification(EcoreEList.java:249)
	at org.eclipse.emf.common.notify.impl.NotifyingListImpl.remove(NotifyingListImpl.java:725)
	at org.eclipse.emf.common.util.AbstractEList.remove(AbstractEList.java:462)
	at org.eclipse.ui.internal.WorkbenchPage.setPartState(WorkbenchPage.java:4413)
	at org.eclipse.ui.internal.WorkbenchPage.setPartState(WorkbenchPage.java:4383)
	at com.ti.ccstudio.branding.internal.CCSIntroPart$6$2$1.run(CCSIntroPart.java:267)
	at com.ti.ccstudio.internal.resource.explorer.liveactions.LiveAction$1.run(LiveAction.java:119)
	at org.eclipse.swt.widgets.RunnableLock.run(RunnableLock.java:35)
	at org.eclipse.swt.widgets.Synchronizer.runAsyncMessages(Synchronizer.java:182)
	at org.eclipse.swt.widgets.Display.runAsyncMessages(Display.java:4203)
	at org.eclipse.swt.widgets.Display.readAndDispatch(Display.java:3819)
	at org.eclipse.e4.ui.internal.workbench.swt.PartRenderingEngine$4.run(PartRenderingEngine.java:1121)
	at org.eclipse.core.databinding.observable.Realm.runWithDefault(Realm.java:336)
	at org.eclipse.e4.ui.internal.workbench.swt.PartRenderingEngine.run(PartRenderingEngine.java:1022)
	at org.eclipse.e4.ui.internal.workbench.E4Workbench.createAndRunUI(E4Workbench.java:150)
	at org.eclipse.ui.internal.Workbench$5.run(Workbench.java:687)
	at org.eclipse.core.databinding.observable.Realm.runWithDefault(Realm.java:336)
	at org.eclipse.ui.internal.Workbench.createAndRunWorkbench(Workbench.java:604)
	at org.eclipse.ui.PlatformUI.createAndRunWorkbench(PlatformUI.java:148)
	at org.eclipse.ui.internal.ide.application.IDEApplication.start(IDEApplication.java:138)
	at org.eclipse.equinox.internal.app.EclipseAppHandle.run(EclipseAppHandle.java:196)
	at org.eclipse.core.runtime.internal.adaptor.EclipseAppLauncher.runApplication(EclipseAppLauncher.java:134)
	at org.eclipse.core.runtime.internal.adaptor.EclipseAppLauncher.start(EclipseAppLauncher.java:104)
	at org.eclipse.core.runtime.adaptor.EclipseStarter.run(EclipseStarter.java:388)
	at org.eclipse.core.runtime.adaptor.EclipseStarter.run(EclipseStarter.java:243)
	at sun.reflect.NativeMethodAccessorImpl.invoke0(Native Method)
	at sun.reflect.NativeMethodAccessorImpl.invoke(NativeMethodAccessorImpl.java:62)
	at sun.reflect.DelegatingMethodAccessorImpl.invoke(DelegatingMethodAccessorImpl.java:43)
	at java.lang.reflect.Method.invoke(Method.java:498)
	at org.eclipse.equinox.launcher.Main.invokeFramework(Main.java:673)
	at org.eclipse.equinox.launcher.Main.basicRun(Main.java:610)
	at org.eclipse.equinox.launcher.Main.run(Main.java:1519)
Caused by: java.lang.IllegalArgumentException: 
	at org.eclipse.core.runtime.Assert.isLegal(Assert.java:63)
	at org.eclipse.core.runtime.Assert.isLegal(Assert.java:47)
	at org.eclipse.e4.ui.internal.workbench.ModelServiceImpl.findElementsRecursive(ModelServiceImpl.java:145)
	at org.eclipse.e4.ui.internal.workbench.ModelServiceImpl.findElements(ModelServiceImpl.java:394)
	at org.eclipse.e4.ui.internal.workbench.ModelServiceImpl.findElements(ModelServiceImpl.java:380)
	at org.eclipse.e4.ui.internal.workbench.ModelServiceImpl.getActivePerspective(ModelServiceImpl.java:959)
	at org.eclipse.e4.ui.workbench.addons.minmax.MinMaxAddon.getElementsToRestore(MinMaxAddon.java:870)
	at org.eclipse.e4.ui.workbench.addons.minmax.MinMaxAddon.restore(MinMaxAddon.java:637)
	at org.eclipse.e4.ui.workbench.addons.minmax.MinMaxAddon.subscribeTopicTagsChanged(MinMaxAddon.java:367)
	at sun.reflect.GeneratedMethodAccessor2.invoke(Unknown Source)
	at sun.reflect.DelegatingMethodAccessorImpl.invoke(DelegatingMethodAccessorImpl.java:43)
	at java.lang.reflect.Method.invoke(Method.java:498)
	at org.eclipse.e4.core.internal.di.MethodRequestor.execute(MethodRequestor.java:54)
	... 75 more

!ENTRY org.eclipse.cdt.core 1 0 2026-02-26 01:13:28.721
!MESSAGE Indexed 'lab 4' (1 sources, 0 headers) in 0.089 sec: 2 declarations; 0 references; 1 unresolved inclusions; 0 syntax errors; 3 unresolved names (60%)

!ENTRY org.eclipse.equinox.p2.core 4 0 2026-02-26 01:13:29.256
!MESSAGE Provisioning exception
!STACK 1
org.eclipse.equinox.p2.core.ProvisionException: No repository found at http://download.segger.com/J-Link/JLink_TI_CCS_plugin.
	at org.eclipse.equinox.internal.p2.repository.helpers.AbstractRepositoryManager.fail(AbstractRepositoryManager.java:395)
	at org.eclipse.equinox.internal.p2.repository.helpers.AbstractRepositoryManager.loadRepository(AbstractRepositoryManager.java:692)
	at org.eclipse.equinox.internal.p2.metadata.repository.MetadataRepositoryManager.loadRepository(MetadataRepositoryManager.java:96)
	at org.eclipse.equinox.internal.p2.metadata.repository.MetadataRepositoryManager.loadRepository(MetadataRepositoryManager.java:92)
	at org.eclipse.equinox.internal.p2.metadata.repository.CompositeMetadataRepository.addChild(CompositeMetadataRepository.java:166)
	at org.eclipse.equinox.internal.p2.metadata.repository.CompositeMetadataRepository.<init>(CompositeMetadataRepository.java:106)
	at org.eclipse.equinox.internal.p2.metadata.repository.CompositeMetadataRepositoryFactory.load(CompositeMetadataRepositoryFactory.java:122)
	at org.eclipse.equinox.internal.p2.metadata.repository.MetadataRepositoryManager.factoryLoad(MetadataRepositoryManager.java:57)
	at org.eclipse.equinox.internal.p2.repository.helpers.AbstractRepositoryManager.loadRepository(AbstractRepositoryManager.java:768)
	at org.eclipse.equinox.internal.p2.repository.helpers.AbstractRepositoryManager.loadRepository(AbstractRepositoryManager.java:668)
	at org.eclipse.equinox.internal.p2.metadata.repository.MetadataRepositoryManager.loadRepository(MetadataRepositoryManager.java:96)
	at org.eclipse.equinox.internal.p2.metadata.repository.MetadataRepositoryManager.loadRepository(MetadataRepositoryManager.java:92)
	at org.eclipse.equinox.internal.p2.updatechecker.UpdateChecker.getAvailableRepositories(UpdateChecker.java:151)
	at org.eclipse.equinox.internal.p2.updatechecker.UpdateChecker.checkForUpdates(UpdateChecker.java:129)
	at org.eclipse.equinox.internal.p2.updatechecker.UpdateChecker$UpdateCheckThread.run(UpdateChecker.java:73)
!SUBENTRY 1 org.eclipse.equinox.p2.metadata.repository 4 1000 2026-02-26 01:13:29.256
!MESSAGE No repository found at http://download.segger.com/J-Link/JLink_TI_CCS_plugin.

!ENTRY com.ti.ccstudio.errorparser 4 0 2026-02-26 01:13:29.621
!MESSAGE An internal error was logged by 'com.ti.ccstudio.errorparser'.
!STACK 0
org.jsoup.HttpStatusException: HTTP error fetching URL. Status=421, URL=https://processors.wiki.ti.com/index.php/Compiler/diagnostic_messages/
	at org.jsoup.helper.HttpConnection$Response.execute(HttpConnection.java:590)
	at org.jsoup.helper.HttpConnection$Response.execute(HttpConnection.java:587)
	at org.jsoup.helper.HttpConnection$Response.execute(HttpConnection.java:540)
	at org.jsoup.helper.HttpConnection.execute(HttpConnection.java:227)
	at org.jsoup.helper.HttpConnection.get(HttpConnection.java:216)
	at com.ti.ccstudio.errorparser.parsers.PatternProvider$PatternData.fillup(PatternProvider.java:261)
	at com.ti.ccstudio.errorparser.parsers.PatternProvider$PatternData.findMatch(PatternProvider.java:145)
	at com.ti.ccstudio.errorparser.parsers.PatternProvider.getEmdUrl(PatternProvider.java:465)
	at com.ti.ccstudio.errorparser.parsers.ErrorPattern.recordError(ErrorPattern.java:77)
	at com.ti.ccstudio.errorparser.parsers.CoffErrorParser.processPendingMesg(CoffErrorParser.java:259)
	at com.ti.ccstudio.errorparser.parsers.CoffErrorParser.doProcessLine(CoffErrorParser.java:103)
	at com.ti.ccstudio.errorparser.parsers.BaseErrorParser.processLine(BaseErrorParser.java:307)
	at org.eclipse.cdt.core.errorparsers.ErrorParserNamedWrapper.processLine(ErrorParserNamedWrapper.java:48)
	at com.ti.ccstudio.project.core.internal.build.ProjectAdviceManager$AdviceContentHandler.endElement(ProjectAdviceManager.java:124)
	at com.sun.org.apache.xerces.internal.parsers.AbstractSAXParser.endElement(AbstractSAXParser.java:609)
	at com.sun.org.apache.xerces.internal.impl.XMLDocumentFragmentScannerImpl.scanEndElement(XMLDocumentFragmentScannerImpl.java:1782)
	at com.sun.org.apache.xerces.internal.impl.XMLDocumentFragmentScannerImpl$FragmentContentDriver.next(XMLDocumentFragmentScannerImpl.java:2967)
	at com.sun.org.apache.xerces.internal.impl.XMLDocumentScannerImpl.next(XMLDocumentScannerImpl.java:602)
	at com.sun.org.apache.xerces.internal.impl.XMLDocumentFragmentScannerImpl.scanDocument(XMLDocumentFragmentScannerImpl.java:505)
	at com.sun.org.apache.xerces.internal.parsers.XML11Configuration.parse(XML11Configuration.java:841)
	at com.sun.org.apache.xerces.internal.parsers.XML11Configuration.parse(XML11Configuration.java:770)
	at com.sun.org.apache.xerces.internal.parsers.XMLParser.parse(XMLParser.java:141)
	at com.sun.org.apache.xerces.internal.parsers.AbstractSAXParser.parse(AbstractSAXParser.java:1213)
	at com.sun.org.apache.xerces.internal.jaxp.SAXParserImpl$JAXPSAXParser.parse(SAXParserImpl.java:643)
	at com.sun.org.apache.xerces.internal.jaxp.SAXParserImpl.parse(SAXParserImpl.java:327)
	at javax.xml.parsers.SAXParser.parse(SAXParser.java:328)
	at com.ti.ccstudio.project.core.internal.build.ProjectAdviceManager.processAdvice(ProjectAdviceManager.java:489)
	at com.ti.ccstudio.project.core.internal.build.ProjectAdviceManager.handleAdviceChangingEvent(ProjectAdviceManager.java:450)
	at com.ti.ccstudio.project.core.internal.build.ProjectAdviceManager.handleAdviceChangingEvent(ProjectAdviceManager.java:438)
	at com.ti.ccstudio.project.core.internal.build.ProjectAdviceManager.onProjectCreated(ProjectAdviceManager.java:406)
	at com.ti.common.project.core.internal.events.ProjectStateMonitor$ResourceChangeListener$5.visit(ProjectStateMonitor.java:380)
	at com.ti.common.project.core.internal.events.ProjectStateMonitor.notifyListeners(ProjectStateMonitor.java:848)
	at com.ti.common.project.core.internal.events.ProjectStateMonitor.access$2(ProjectStateMonitor.java:837)
	at com.ti.common.project.core.internal.events.ProjectStateMonitor$ResourceChangeListener.resourceChanged(ProjectStateMonitor.java:378)
	at org.eclipse.core.internal.events.NotificationManager$1.run(NotificationManager.java:299)
	at org.eclipse.core.runtime.SafeRunner.run(SafeRunner.java:42)
	at org.eclipse.core.internal.events.NotificationManager.notify(NotificationManager.java:289)
	at org.eclipse.core.internal.events.NotificationManager.broadcastChanges(NotificationManager.java:152)
	at org.eclipse.core.internal.resources.Workspace.broadcastBuildEvent(Workspace.java:360)
	at org.eclipse.core.internal.events.AutoBuildJob.doBuild(AutoBuildJob.java:140)
	at org.eclipse.core.internal.events.AutoBuildJob.run(AutoBuildJob.java:235)
	at org.eclipse.core.internal.jobs.Worker.run(Worker.java:55)

!ENTRY org.eclipse.cdt.core 1 0 2026-02-26 01:13:30.013
!MESSAGE Indexed 'lab 4' (1 sources, 5 headers) in 0.191 sec: 1,469 declarations; 2,007 references; 0 unresolved inclusions; 0 syntax errors; 0 unresolved names (0%)
!SESSION 2026-02-26 01:39:42.410 -----------------------------------------------
eclipse.buildId=4.6.0.I20160606-1100
java.version=1.8.0_112
java.vendor=Oracle Corporation
BootLoader constants: OS=win32, ARCH=x86, WS=win32, NL=en_US
Framework arguments:  -product com.ti.ccstudio.branding.product
Command-line arguments:  -os win32 -ws win32 -arch x86 -product com.ti.ccstudio.branding.product

!ENTRY org.eclipse.core.resources 2 10035 2026-02-26 01:40:03.013
!MESSAGE The workspace exited with unsaved changes in the previous session; refreshing workspace to recover changes.

!ENTRY com.ti.common.core 4 0 2026-02-26 01:40:03.055
!MESSAGE path=ccs_base/DebugServer

!ENTRY com.ti.common.core 4 0 2026-02-26 01:40:03.056
!MESSAGE debugServerDir=C:/ti/ccsv7/ccs_base/DebugServer

!ENTRY org.eclipse.cdt.core 4 0 2026-02-26 01:40:05.424
!MESSAGE Error

!ENTRY org.eclipse.cdt.core 4 0 2026-02-26 01:40:28.673
!MESSAGE Error

!ENTRY org.eclipse.cdt.core 4 0 2026-02-26 01:40:28.724
!MESSAGE Error

!ENTRY org.eclipse.cdt.core 4 0 2026-02-26 01:40:28.741
!MESSAGE Error

!ENTRY org.eclipse.cdt.core 4 0 2026-02-26 01:40:28.741
!MESSAGE Error

!ENTRY org.eclipse.cdt.core 4 0 2026-02-26 01:40:28.741
!MESSAGE Error

!ENTRY org.eclipse.equinox.p2.core 4 0 2026-02-26 01:40:41.486
!MESSAGE Provisioning exception
!STACK 1
org.eclipse.equinox.p2.core.ProvisionException: No repository found at http://download.segger.com/J-Link/JLink_TI_CCS_plugin.
	at org.eclipse.equinox.internal.p2.repository.helpers.AbstractRepositoryManager.fail(AbstractRepositoryManager.java:395)
	at org.eclipse.equinox.internal.p2.repository.helpers.AbstractRepositoryManager.loadRepository(AbstractRepositoryManager.java:692)
	at org.eclipse.equinox.internal.p2.metadata.repository.MetadataRepositoryManager.loadRepository(MetadataRepositoryManager.java:96)
	at org.eclipse.equinox.internal.p2.metadata.repository.MetadataRepositoryManager.loadRepository(MetadataRepositoryManager.java:92)
	at org.eclipse.equinox.internal.p2.metadata.repository.CompositeMetadataRepository.addChild(CompositeMetadataRepository.java:166)
	at org.eclipse.equinox.internal.p2.metadata.repository.CompositeMetadataRepository.<init>(CompositeMetadataRepository.java:106)
	at org.eclipse.equinox.internal.p2.metadata.repository.CompositeMetadataRepositoryFactory.load(CompositeMetadataRepositoryFactory.java:122)
	at org.eclipse.equinox.internal.p2.metadata.repository.MetadataRepositoryManager.factoryLoad(MetadataRepositoryManager.java:57)
	at org.eclipse.equinox.internal.p2.repository.helpers.AbstractRepositoryManager.loadRepository(AbstractRepositoryManager.java:768)
	at org.eclipse.equinox.internal.p2.repository.helpers.AbstractRepositoryManager.loadRepository(AbstractRepositoryManager.java:668)
	at org.eclipse.equinox.internal.p2.metadata.repository.MetadataRepositoryManager.loadRepository(MetadataRepositoryManager.java:96)
	at org.eclipse.equinox.internal.p2.metadata.repository.MetadataRepositoryManager.loadRepository(MetadataRepositoryManager.java:92)
	at org.eclipse.equinox.internal.p2.updatechecker.UpdateChecker.getAvailableRepositories(UpdateChecker.java:151)
	at org.eclipse.equinox.internal.p2.updatechecker.UpdateChecker.checkForUpdates(UpdateChecker.java:129)
	at org.eclipse.equinox.internal.p2.updatechecker.UpdateChecker$UpdateCheckThread.run(UpdateChecker.java:73)
!SUBENTRY 1 org.eclipse.equinox.p2.metadata.repository 4 1000 2026-02-26 01:40:41.486
!MESSAGE No repository found at http://download.segger.com/J-Link/JLink_TI_CCS_plugin.

!ENTRY org.eclipse.cdt.core 4 0 2026-02-26 01:40:59.612
!MESSAGE Error

!ENTRY org.eclipse.cdt.core 4 0 2026-02-26 01:40:59.619
!MESSAGE Error

!ENTRY org.eclipse.cdt.core 4 0 2026-02-26 01:40:59.626
!MESSAGE Error

!ENTRY org.eclipse.cdt.core 4 0 2026-02-26 01:40:59.626
!MESSAGE Error

!ENTRY org.eclipse.cdt.core 4 0 2026-02-26 01:40:59.627
!MESSAGE Error

!ENTRY org.eclipse.cdt.core 4 0 2026-02-26 01:40:59.627
!MESSAGE Error

!ENTRY org.eclipse.cdt.core 4 0 2026-02-26 01:40:59.627
!MESSAGE Error

!ENTRY org.eclipse.cdt.core 4 0 2026-02-26 01:40:59.627
!MESSAGE Error

!ENTRY org.eclipse.cdt.core 4 0 2026-02-26 01:40:59.628
!MESSAGE Error

!ENTRY org.eclipse.cdt.core 4 0 2026-02-26 01:40:59.628
!MESSAGE Error

!ENTRY org.eclipse.cdt.core 4 0 2026-02-26 01:40:59.628
!MESSAGE Error

!ENTRY org.eclipse.cdt.core 4 0 2026-02-26 01:40:59.628
!MESSAGE Error

!ENTRY org.eclipse.cdt.core 4 0 2026-02-26 01:40:59.628
!MESSAGE Error

!ENTRY org.eclipse.cdt.core 4 0 2026-02-26 01:40:59.628
!MESSAGE Error

!ENTRY org.eclipse.cdt.core 4 0 2026-02-26 01:40:59.629
!MESSAGE Error

!ENTRY org.eclipse.cdt.core 4 0 2026-02-26 01:40:59.629
!MESSAGE Error

!ENTRY org.eclipse.cdt.core 4 0 2026-02-26 01:40:59.630
!MESSAGE Error

!ENTRY org.eclipse.cdt.core 4 0 2026-02-26 01:40:59.630
!MESSAGE Error

!ENTRY org.eclipse.cdt.core 4 0 2026-02-26 01:40:59.630
!MESSAGE Error

!ENTRY org.eclipse.cdt.core 4 0 2026-02-26 01:40:59.630
!MESSAGE Error

!ENTRY org.eclipse.cdt.core 4 0 2026-02-26 01:40:59.630
!MESSAGE Error

!ENTRY org.eclipse.cdt.core 4 0 2026-02-26 01:40:59.630
!MESSAGE Error

!ENTRY org.eclipse.cdt.core 4 0 2026-02-26 01:40:59.630
!MESSAGE Error

!ENTRY org.eclipse.cdt.core 4 0 2026-02-26 01:40:59.630
!MESSAGE Error

!ENTRY org.eclipse.cdt.core 4 0 2026-02-26 01:40:59.630
!MESSAGE Error

!ENTRY org.eclipse.cdt.core 4 0 2026-02-26 01:40:59.631
!MESSAGE Error

!ENTRY org.eclipse.cdt.core 4 0 2026-02-26 01:40:59.631
!MESSAGE Error

!ENTRY org.eclipse.cdt.core 4 0 2026-02-26 01:40:59.631
!MESSAGE Error

!ENTRY org.eclipse.cdt.core 4 0 2026-02-26 01:40:59.632
!MESSAGE Error

!ENTRY org.eclipse.cdt.core 4 0 2026-02-26 01:40:59.632
!MESSAGE Error

!ENTRY org.eclipse.cdt.core 4 0 2026-02-26 01:40:59.633
!MESSAGE Error

!ENTRY org.eclipse.cdt.core 4 0 2026-02-26 01:40:59.633
!MESSAGE Error

!ENTRY org.eclipse.cdt.core 4 0 2026-02-26 01:40:59.633
!MESSAGE Error

!ENTRY org.eclipse.cdt.core 4 0 2026-02-26 01:40:59.633
!MESSAGE Error

!ENTRY org.eclipse.cdt.core 4 0 2026-02-26 01:40:59.634
!MESSAGE Error

!ENTRY org.eclipse.cdt.core 4 0 2026-02-26 01:40:59.634
!MESSAGE Error

!ENTRY org.eclipse.cdt.core 4 0 2026-02-26 01:40:59.634
!MESSAGE Error

!ENTRY org.eclipse.cdt.core 4 0 2026-02-26 01:40:59.636
!MESSAGE Error

!ENTRY org.eclipse.cdt.core 4 0 2026-02-26 01:40:59.636
!MESSAGE Error

!ENTRY org.eclipse.cdt.core 4 0 2026-02-26 01:40:59.636
!MESSAGE Error

!ENTRY org.eclipse.cdt.core 4 0 2026-02-26 01:40:59.636
!MESSAGE Error

!ENTRY org.eclipse.cdt.core 4 0 2026-02-26 01:40:59.636
!MESSAGE Error

!ENTRY org.eclipse.cdt.core 4 0 2026-02-26 02:04:25.526
!MESSAGE Error

!ENTRY org.eclipse.cdt.core 4 0 2026-02-26 02:04:25.527
!MESSAGE Error
!SESSION 2026-02-26 11:21:26.409 -----------------------------------------------
eclipse.buildId=4.6.0.I20160606-1100
java.version=1.8.0_112
java.vendor=Oracle Corporation
BootLoader constants: OS=win32, ARCH=x86, WS=win32, NL=en_US
Framework arguments:  -product com.ti.ccstudio.branding.product
Command-line arguments:  -os win32 -ws win32 -arch x86 -product com.ti.ccstudio.branding.product

!ENTRY com.ti.common.core 4 0 2026-02-26 11:21:28.422
!MESSAGE path=ccs_base/DebugServer

!ENTRY com.ti.common.core 4 0 2026-02-26 11:21:28.423
!MESSAGE debugServerDir=C:/ti/ccsv7/ccs_base/DebugServer

!ENTRY org.eclipse.cdt.core 4 0 2026-02-26 11:21:47.730
!MESSAGE Error

!ENTRY org.eclipse.cdt.core 4 0 2026-02-26 11:21:47.817
!MESSAGE Error

!ENTRY org.eclipse.cdt.core 4 0 2026-02-26 11:21:47.846
!MESSAGE Error

!ENTRY org.eclipse.cdt.core 4 0 2026-02-26 11:21:47.847
!MESSAGE Error

!ENTRY org.eclipse.cdt.core 4 0 2026-02-26 11:21:47.848
!MESSAGE Error

!ENTRY org.eclipse.cdt.core 4 0 2026-02-26 11:21:47.848
!MESSAGE Error

!ENTRY org.eclipse.cdt.core 4 0 2026-02-26 11:21:47.848
!MESSAGE Error

!ENTRY org.eclipse.cdt.core 4 0 2026-02-26 11:21:47.848
!MESSAGE Error

!ENTRY org.eclipse.cdt.core 4 0 2026-02-26 11:21:47.848
!MESSAGE Error

!ENTRY org.eclipse.cdt.core 4 0 2026-02-26 11:21:47.849
!MESSAGE Error

!ENTRY org.eclipse.cdt.core 4 0 2026-02-26 11:21:47.849
!MESSAGE Error

!ENTRY org.eclipse.cdt.core 4 0 2026-02-26 11:21:47.849
!MESSAGE Error

!ENTRY org.eclipse.cdt.core 4 0 2026-02-26 11:21:47.850
!MESSAGE Error

!ENTRY org.eclipse.cdt.core 4 0 2026-02-26 11:21:47.850
!MESSAGE Error

!ENTRY org.eclipse.cdt.core 4 0 2026-02-26 11:21:47.851
!MESSAGE Error

!ENTRY org.eclipse.cdt.core 4 0 2026-02-26 11:21:47.852
!MESSAGE Error

!ENTRY org.eclipse.cdt.core 4 0 2026-02-26 11:21:47.852
!MESSAGE Error

!ENTRY org.eclipse.cdt.core 4 0 2026-02-26 11:21:47.853
!MESSAGE Error

!ENTRY org.eclipse.cdt.core 4 0 2026-02-26 11:21:47.853
!MESSAGE Error

!ENTRY org.eclipse.cdt.core 4 0 2026-02-26 11:21:47.853
!MESSAGE Error

!ENTRY org.eclipse.cdt.core 4 0 2026-02-26 11:21:47.854
!MESSAGE Error

!ENTRY org.eclipse.cdt.core 4 0 2026-02-26 11:21:47.854
!MESSAGE Error

!ENTRY org.eclipse.cdt.core 4 0 2026-02-26 11:21:47.854
!MESSAGE Error

!ENTRY org.eclipse.cdt.core 4 0 2026-02-26 11:21:47.854
!MESSAGE Error

!ENTRY org.eclipse.cdt.core 4 0 2026-02-26 11:21:47.854
!MESSAGE Error

!ENTRY org.eclipse.cdt.core 4 0 2026-02-26 11:21:47.855
!MESSAGE Error

!ENTRY org.eclipse.cdt.core 4 0 2026-02-26 11:21:47.855
!MESSAGE Error

!ENTRY org.eclipse.cdt.core 4 0 2026-02-26 11:21:47.855
!MESSAGE Error

!ENTRY org.eclipse.cdt.core 4 0 2026-02-26 11:21:47.855
!MESSAGE Error

!ENTRY org.eclipse.cdt.core 4 0 2026-02-26 11:21:47.855
!MESSAGE Error

!ENTRY org.eclipse.cdt.core 4 0 2026-02-26 11:21:47.856
!MESSAGE Error

!ENTRY org.eclipse.cdt.core 4 0 2026-02-26 11:21:47.856
!MESSAGE Error

!ENTRY org.eclipse.cdt.core 4 0 2026-02-26 11:21:47.856
!MESSAGE Error

!ENTRY org.eclipse.cdt.core 4 0 2026-02-26 11:21:47.856
!MESSAGE Error

!ENTRY org.eclipse.cdt.core 4 0 2026-02-26 11:21:47.856
!MESSAGE Error

!ENTRY org.eclipse.cdt.core 4 0 2026-02-26 11:21:47.856
!MESSAGE Error

!ENTRY org.eclipse.cdt.core 4 0 2026-02-26 11:21:47.857
!MESSAGE Error

!ENTRY org.eclipse.cdt.core 4 0 2026-02-26 11:21:47.859
!MESSAGE Error

!ENTRY org.eclipse.cdt.core 4 0 2026-02-26 11:21:47.860
!MESSAGE Error

!ENTRY org.eclipse.cdt.core 4 0 2026-02-26 11:21:47.860
!MESSAGE Error

!ENTRY org.eclipse.cdt.core 4 0 2026-02-26 11:21:47.861
!MESSAGE Error

!ENTRY org.eclipse.cdt.core 4 0 2026-02-26 11:21:47.861
!MESSAGE Error

!ENTRY org.eclipse.cdt.core 4 0 2026-02-26 11:21:48.974
!MESSAGE Error

!ENTRY org.eclipse.cdt.core 4 0 2026-02-26 11:21:48.981
!MESSAGE Error

!ENTRY org.eclipse.cdt.core 4 0 2026-02-26 11:21:48.982
!MESSAGE Error

!ENTRY org.eclipse.cdt.core 4 0 2026-02-26 11:21:48.983
!MESSAGE Error

!ENTRY org.eclipse.cdt.core 4 0 2026-02-26 11:21:48.983
!MESSAGE Error

!ENTRY org.eclipse.cdt.core 4 0 2026-02-26 11:21:48.983
!MESSAGE Error

!ENTRY org.eclipse.cdt.core 4 0 2026-02-26 11:21:48.984
!MESSAGE Error

!ENTRY org.eclipse.cdt.core 4 0 2026-02-26 11:21:48.984
!MESSAGE Error

!ENTRY org.eclipse.cdt.core 4 0 2026-02-26 11:21:48.984
!MESSAGE Error

!ENTRY org.eclipse.cdt.core 4 0 2026-02-26 11:21:48.984
!MESSAGE Error

!ENTRY org.eclipse.cdt.core 4 0 2026-02-26 11:21:48.984
!MESSAGE Error

!ENTRY org.eclipse.cdt.core 4 0 2026-02-26 11:21:48.985
!MESSAGE Error

!ENTRY org.eclipse.cdt.core 4 0 2026-02-26 11:21:48.985
!MESSAGE Error

!ENTRY org.eclipse.cdt.core 4 0 2026-02-26 11:21:48.985
!MESSAGE Error

!ENTRY org.eclipse.cdt.core 4 0 2026-02-26 11:21:48.985
!MESSAGE Error

!ENTRY org.eclipse.cdt.core 4 0 2026-02-26 11:21:48.985
!MESSAGE Error

!ENTRY org.eclipse.cdt.core 4 0 2026-02-26 11:21:48.985
!MESSAGE Error

!ENTRY org.eclipse.cdt.core 4 0 2026-02-26 11:21:48.986
!MESSAGE Error

!ENTRY org.eclipse.cdt.core 4 0 2026-02-26 11:21:48.986
!MESSAGE Error

!ENTRY org.eclipse.cdt.core 4 0 2026-02-26 11:21:48.987
!MESSAGE Error

!ENTRY org.eclipse.cdt.core 4 0 2026-02-26 11:21:48.987
!MESSAGE Error

!ENTRY org.eclipse.cdt.core 4 0 2026-02-26 11:21:48.987
!MESSAGE Error

!ENTRY org.eclipse.cdt.core 4 0 2026-02-26 11:21:48.987
!MESSAGE Error

!ENTRY org.eclipse.cdt.core 4 0 2026-02-26 11:21:48.988
!MESSAGE Error

!ENTRY org.eclipse.cdt.core 4 0 2026-02-26 11:21:48.988
!MESSAGE Error

!ENTRY org.eclipse.cdt.core 4 0 2026-02-26 11:21:48.988
!MESSAGE Error

!ENTRY org.eclipse.cdt.core 4 0 2026-02-26 11:21:48.989
!MESSAGE Error

!ENTRY org.eclipse.cdt.core 4 0 2026-02-26 11:21:48.989
!MESSAGE Error

!ENTRY org.eclipse.cdt.core 4 0 2026-02-26 11:21:48.990
!MESSAGE Error

!ENTRY org.eclipse.cdt.core 4 0 2026-02-26 11:21:48.991
!MESSAGE Error

!ENTRY org.eclipse.cdt.core 4 0 2026-02-26 11:21:48.991
!MESSAGE Error

!ENTRY org.eclipse.cdt.core 4 0 2026-02-26 11:21:48.992
!MESSAGE Error

!ENTRY org.eclipse.cdt.core 4 0 2026-02-26 11:21:48.992
!MESSAGE Error

!ENTRY org.eclipse.cdt.core 4 0 2026-02-26 11:21:48.992
!MESSAGE Error

!ENTRY org.eclipse.cdt.core 4 0 2026-02-26 11:21:48.993
!MESSAGE Error

!ENTRY org.eclipse.cdt.core 4 0 2026-02-26 11:21:48.993
!MESSAGE Error

!ENTRY org.eclipse.cdt.core 4 0 2026-02-26 11:21:48.993
!MESSAGE Error

!ENTRY org.eclipse.cdt.core 4 0 2026-02-26 11:21:48.994
!MESSAGE Error

!ENTRY org.eclipse.cdt.core 4 0 2026-02-26 11:21:48.994
!MESSAGE Error

!ENTRY org.eclipse.cdt.core 4 0 2026-02-26 11:21:48.994
!MESSAGE Error

!ENTRY org.eclipse.cdt.core 4 0 2026-02-26 11:21:48.994
!MESSAGE Error

!ENTRY org.eclipse.cdt.core 4 0 2026-02-26 11:21:48.995
!MESSAGE Error

!ENTRY org.eclipse.equinox.p2.core 4 0 2026-02-26 11:22:15.802
!MESSAGE Provisioning exception
!STACK 1
org.eclipse.equinox.p2.core.ProvisionException: No repository found at http://download.segger.com/J-Link/JLink_TI_CCS_plugin.
	at org.eclipse.equinox.internal.p2.repository.helpers.AbstractRepositoryManager.fail(AbstractRepositoryManager.java:395)
	at org.eclipse.equinox.internal.p2.repository.helpers.AbstractRepositoryManager.loadRepository(AbstractRepositoryManager.java:692)
	at org.eclipse.equinox.internal.p2.metadata.repository.MetadataRepositoryManager.loadRepository(MetadataRepositoryManager.java:96)
	at org.eclipse.equinox.internal.p2.metadata.repository.MetadataRepositoryManager.loadRepository(MetadataRepositoryManager.java:92)
	at org.eclipse.equinox.internal.p2.metadata.repository.CompositeMetadataRepository.addChild(CompositeMetadataRepository.java:166)
	at org.eclipse.equinox.internal.p2.metadata.repository.CompositeMetadataRepository.<init>(CompositeMetadataRepository.java:106)
	at org.eclipse.equinox.internal.p2.metadata.repository.CompositeMetadataRepositoryFactory.load(CompositeMetadataRepositoryFactory.java:122)
	at org.eclipse.equinox.internal.p2.metadata.repository.MetadataRepositoryManager.factoryLoad(MetadataRepositoryManager.java:57)
	at org.eclipse.equinox.internal.p2.repository.helpers.AbstractRepositoryManager.loadRepository(AbstractRepositoryManager.java:768)
	at org.eclipse.equinox.internal.p2.repository.helpers.AbstractRepositoryManager.loadRepository(AbstractRepositoryManager.java:668)
	at org.eclipse.equinox.internal.p2.metadata.repository.MetadataRepositoryManager.loadRepository(MetadataRepositoryManager.java:96)
	at org.eclipse.equinox.internal.p2.metadata.repository.MetadataRepositoryManager.loadRepository(MetadataRepositoryManager.java:92)
	at org.eclipse.equinox.internal.p2.updatechecker.UpdateChecker.getAvailableRepositories(UpdateChecker.java:151)
	at org.eclipse.equinox.internal.p2.updatechecker.UpdateChecker.checkForUpdates(UpdateChecker.java:129)
	at org.eclipse.equinox.internal.p2.updatechecker.UpdateChecker$UpdateCheckThread.run(UpdateChecker.java:73)
!SUBENTRY 1 org.eclipse.equinox.p2.metadata.repository 4 1000 2026-02-26 11:22:15.803
!MESSAGE No repository found at http://download.segger.com/J-Link/JLink_TI_CCS_plugin.

!ENTRY org.eclipse.cdt.core 4 0 2026-02-26 11:25:02.721
!MESSAGE Error

!ENTRY org.eclipse.cdt.core 4 0 2026-02-26 11:25:02.730
!MESSAGE Error

!ENTRY org.eclipse.cdt.core 4 0 2026-02-26 11:25:02.733
!MESSAGE Error

!ENTRY org.eclipse.cdt.core 4 0 2026-02-26 11:25:02.733
!MESSAGE Error

!ENTRY org.eclipse.cdt.core 4 0 2026-02-26 11:25:02.734
!MESSAGE Error

!ENTRY org.eclipse.cdt.core 4 0 2026-02-26 11:25:02.735
!MESSAGE Error

!ENTRY org.eclipse.cdt.core 4 0 2026-02-26 11:25:02.735
!MESSAGE Error

!ENTRY org.eclipse.cdt.core 4 0 2026-02-26 11:25:02.735
!MESSAGE Error

!ENTRY org.eclipse.cdt.core 4 0 2026-02-26 11:25:02.736
!MESSAGE Error

!ENTRY org.eclipse.cdt.core 4 0 2026-02-26 11:25:02.737
!MESSAGE Error

!ENTRY org.eclipse.cdt.core 4 0 2026-02-26 11:25:02.737
!MESSAGE Error

!ENTRY org.eclipse.cdt.core 4 0 2026-02-26 11:25:02.737
!MESSAGE Error

!ENTRY org.eclipse.cdt.core 4 0 2026-02-26 11:25:02.738
!MESSAGE Error

!ENTRY org.eclipse.cdt.core 4 0 2026-02-26 11:25:02.738
!MESSAGE Error

!ENTRY org.eclipse.cdt.core 4 0 2026-02-26 11:25:02.738
!MESSAGE Error

!ENTRY org.eclipse.cdt.core 4 0 2026-02-26 11:25:02.739
!MESSAGE Error

!ENTRY org.eclipse.cdt.core 4 0 2026-02-26 11:25:02.739
!MESSAGE Error

!ENTRY org.eclipse.cdt.core 4 0 2026-02-26 11:25:02.739
!MESSAGE Error

!ENTRY org.eclipse.cdt.core 4 0 2026-02-26 11:25:02.740
!MESSAGE Error

!ENTRY org.eclipse.cdt.core 4 0 2026-02-26 11:25:02.740
!MESSAGE Error

!ENTRY org.eclipse.cdt.core 4 0 2026-02-26 11:25:02.740
!MESSAGE Error

!ENTRY org.eclipse.cdt.core 4 0 2026-02-26 11:25:02.741
!MESSAGE Error

!ENTRY org.eclipse.cdt.core 4 0 2026-02-26 11:25:02.741
!MESSAGE Error

!ENTRY org.eclipse.cdt.core 4 0 2026-02-26 11:25:02.742
!MESSAGE Error

!ENTRY org.eclipse.cdt.core 4 0 2026-02-26 11:25:02.742
!MESSAGE Error

!ENTRY org.eclipse.cdt.core 4 0 2026-02-26 11:25:02.742
!MESSAGE Error

!ENTRY org.eclipse.cdt.core 4 0 2026-02-26 11:25:02.743
!MESSAGE Error

!ENTRY org.eclipse.cdt.core 4 0 2026-02-26 11:25:02.743
!MESSAGE Error

!ENTRY org.eclipse.cdt.core 4 0 2026-02-26 11:25:02.743
!MESSAGE Error

!ENTRY org.eclipse.cdt.core 4 0 2026-02-26 11:25:02.744
!MESSAGE Error

!ENTRY org.eclipse.cdt.core 4 0 2026-02-26 11:25:02.745
!MESSAGE Error

!ENTRY org.eclipse.cdt.core 4 0 2026-02-26 11:25:02.745
!MESSAGE Error

!ENTRY org.eclipse.cdt.core 4 0 2026-02-26 11:25:02.745
!MESSAGE Error

!ENTRY org.eclipse.cdt.core 4 0 2026-02-26 11:25:02.746
!MESSAGE Error

!ENTRY org.eclipse.cdt.core 4 0 2026-02-26 11:25:02.746
!MESSAGE Error

!ENTRY org.eclipse.cdt.core 4 0 2026-02-26 11:25:02.746
!MESSAGE Error

!ENTRY org.eclipse.cdt.core 4 0 2026-02-26 11:25:02.747
!MESSAGE Error

!ENTRY org.eclipse.cdt.core 4 0 2026-02-26 11:25:02.747
!MESSAGE Error

!ENTRY org.eclipse.cdt.core 4 0 2026-02-26 11:25:02.747
!MESSAGE Error

!ENTRY org.eclipse.cdt.core 4 0 2026-02-26 11:25:02.748
!MESSAGE Error

!ENTRY org.eclipse.cdt.core 4 0 2026-02-26 11:25:02.748
!MESSAGE Error

!ENTRY org.eclipse.cdt.core 4 0 2026-02-26 11:25:02.748
!MESSAGE Error

!ENTRY org.eclipse.cdt.core 4 0 2026-02-26 11:27:34.234
!MESSAGE Error

!ENTRY org.eclipse.cdt.core 4 0 2026-02-26 11:28:04.498
!MESSAGE Error

!ENTRY org.eclipse.cdt.core 4 0 2026-02-26 11:28:04.504
!MESSAGE Error

!ENTRY org.eclipse.cdt.core 4 0 2026-02-26 11:28:04.505
!MESSAGE Error

!ENTRY org.eclipse.cdt.core 4 0 2026-02-26 11:28:04.506
!MESSAGE Error

!ENTRY org.eclipse.cdt.core 4 0 2026-02-26 11:28:04.506
!MESSAGE Error

!ENTRY org.eclipse.cdt.core 4 0 2026-02-26 11:28:04.507
!MESSAGE Error

!ENTRY org.eclipse.cdt.core 4 0 2026-02-26 11:28:04.507
!MESSAGE Error

!ENTRY org.eclipse.cdt.core 4 0 2026-02-26 11:28:04.508
!MESSAGE Error

!ENTRY org.eclipse.cdt.core 4 0 2026-02-26 11:28:04.508
!MESSAGE Error

!ENTRY org.eclipse.cdt.core 4 0 2026-02-26 11:28:04.509
!MESSAGE Error

!ENTRY org.eclipse.cdt.core 4 0 2026-02-26 11:28:04.509
!MESSAGE Error

!ENTRY org.eclipse.cdt.core 4 0 2026-02-26 11:28:04.510
!MESSAGE Error

!ENTRY org.eclipse.cdt.core 4 0 2026-02-26 11:28:04.510
!MESSAGE Error

!ENTRY org.eclipse.cdt.core 4 0 2026-02-26 11:28:04.510
!MESSAGE Error

!ENTRY org.eclipse.cdt.core 4 0 2026-02-26 11:28:04.511
!MESSAGE Error

!ENTRY org.eclipse.cdt.core 4 0 2026-02-26 11:28:04.511
!MESSAGE Error

!ENTRY org.eclipse.cdt.core 4 0 2026-02-26 11:28:04.512
!MESSAGE Error

!ENTRY org.eclipse.cdt.core 4 0 2026-02-26 11:28:04.512
!MESSAGE Error

!ENTRY org.eclipse.cdt.core 4 0 2026-02-26 11:28:04.512
!MESSAGE Error

!ENTRY org.eclipse.cdt.core 4 0 2026-02-26 11:28:04.513
!MESSAGE Error

!ENTRY org.eclipse.cdt.core 4 0 2026-02-26 11:28:04.513
!MESSAGE Error

!ENTRY org.eclipse.cdt.core 4 0 2026-02-26 11:28:04.514
!MESSAGE Error

!ENTRY org.eclipse.cdt.core 4 0 2026-02-26 11:28:04.514
!MESSAGE Error

!ENTRY org.eclipse.cdt.core 4 0 2026-02-26 11:28:04.515
!MESSAGE Error

!ENTRY org.eclipse.cdt.core 4 0 2026-02-26 11:28:04.515
!MESSAGE Error

!ENTRY org.eclipse.cdt.core 4 0 2026-02-26 11:28:04.515
!MESSAGE Error

!ENTRY org.eclipse.cdt.core 4 0 2026-02-26 11:28:04.516
!MESSAGE Error

!ENTRY org.eclipse.cdt.core 4 0 2026-02-26 11:28:04.516
!MESSAGE Error

!ENTRY org.eclipse.cdt.core 4 0 2026-02-26 11:28:04.517
!MESSAGE Error

!ENTRY org.eclipse.cdt.core 4 0 2026-02-26 11:28:04.517
!MESSAGE Error

!ENTRY org.eclipse.cdt.core 4 0 2026-02-26 11:28:04.517
!MESSAGE Error

!ENTRY org.eclipse.cdt.core 4 0 2026-02-26 11:28:04.518
!MESSAGE Error

!ENTRY org.eclipse.cdt.core 4 0 2026-02-26 11:28:04.518
!MESSAGE Error

!ENTRY org.eclipse.cdt.core 4 0 2026-02-26 11:28:04.519
!MESSAGE Error

!ENTRY org.eclipse.cdt.core 4 0 2026-02-26 11:28:04.519
!MESSAGE Error

!ENTRY org.eclipse.cdt.core 4 0 2026-02-26 11:28:04.520
!MESSAGE Error

!ENTRY org.eclipse.cdt.core 4 0 2026-02-26 11:28:04.520
!MESSAGE Error

!ENTRY org.eclipse.cdt.core 4 0 2026-02-26 11:28:04.520
!MESSAGE Error

!ENTRY org.eclipse.cdt.core 4 0 2026-02-26 11:28:04.521
!MESSAGE Error

!ENTRY org.eclipse.cdt.core 4 0 2026-02-26 11:28:04.521
!MESSAGE Error

!ENTRY org.eclipse.cdt.core 4 0 2026-02-26 11:28:04.521
!MESSAGE Error

!ENTRY org.eclipse.cdt.core 4 0 2026-02-26 11:28:06.546
!MESSAGE Error

!ENTRY org.eclipse.cdt.core 4 0 2026-02-26 11:28:06.551
!MESSAGE Error

!ENTRY org.eclipse.cdt.core 4 0 2026-02-26 11:28:06.553
!MESSAGE Error

!ENTRY org.eclipse.cdt.core 4 0 2026-02-26 11:28:06.554
!MESSAGE Error

!ENTRY org.eclipse.cdt.core 4 0 2026-02-26 11:28:06.554
!MESSAGE Error

!ENTRY org.eclipse.cdt.core 4 0 2026-02-26 11:28:06.554
!MESSAGE Error

!ENTRY org.eclipse.cdt.core 4 0 2026-02-26 11:28:06.555
!MESSAGE Error

!ENTRY org.eclipse.cdt.core 4 0 2026-02-26 11:28:06.555
!MESSAGE Error

!ENTRY org.eclipse.cdt.core 4 0 2026-02-26 11:28:06.556
!MESSAGE Error

!ENTRY org.eclipse.cdt.core 4 0 2026-02-26 11:28:06.556
!MESSAGE Error

!ENTRY org.eclipse.cdt.core 4 0 2026-02-26 11:28:06.556
!MESSAGE Error

!ENTRY org.eclipse.cdt.core 4 0 2026-02-26 11:28:06.557
!MESSAGE Error

!ENTRY org.eclipse.cdt.core 4 0 2026-02-26 11:28:06.557
!MESSAGE Error

!ENTRY org.eclipse.cdt.core 4 0 2026-02-26 11:28:06.558
!MESSAGE Error

!ENTRY org.eclipse.cdt.core 4 0 2026-02-26 11:28:06.558
!MESSAGE Error

!ENTRY org.eclipse.cdt.core 4 0 2026-02-26 11:28:06.559
!MESSAGE Error

!ENTRY org.eclipse.cdt.core 4 0 2026-02-26 11:28:06.559
!MESSAGE Error

!ENTRY org.eclipse.cdt.core 4 0 2026-02-26 11:28:06.559
!MESSAGE Error

!ENTRY org.eclipse.cdt.core 4 0 2026-02-26 11:28:06.560
!MESSAGE Error

!ENTRY org.eclipse.cdt.core 4 0 2026-02-26 11:28:06.560
!MESSAGE Error

!ENTRY org.eclipse.cdt.core 4 0 2026-02-26 11:28:06.561
!MESSAGE Error

!ENTRY org.eclipse.cdt.core 4 0 2026-02-26 11:28:06.561
!MESSAGE Error

!ENTRY org.eclipse.cdt.core 4 0 2026-02-26 11:28:06.561
!MESSAGE Error

!ENTRY org.eclipse.cdt.core 4 0 2026-02-26 11:28:06.562
!MESSAGE Error

!ENTRY org.eclipse.cdt.core 4 0 2026-02-26 11:28:06.562
!MESSAGE Error

!ENTRY org.eclipse.cdt.core 4 0 2026-02-26 11:28:06.562
!MESSAGE Error

!ENTRY org.eclipse.cdt.core 4 0 2026-02-26 11:28:06.563
!MESSAGE Error

!ENTRY org.eclipse.cdt.core 4 0 2026-02-26 11:28:06.563
!MESSAGE Error

!ENTRY org.eclipse.cdt.core 4 0 2026-02-26 11:28:06.563
!MESSAGE Error

!ENTRY org.eclipse.cdt.core 4 0 2026-02-26 11:28:06.564
!MESSAGE Error

!ENTRY org.eclipse.cdt.core 4 0 2026-02-26 11:28:06.564
!MESSAGE Error

!ENTRY org.eclipse.cdt.core 4 0 2026-02-26 11:28:06.565
!MESSAGE Error

!ENTRY org.eclipse.cdt.core 4 0 2026-02-26 11:28:06.565
!MESSAGE Error

!ENTRY org.eclipse.cdt.core 4 0 2026-02-26 11:28:06.565
!MESSAGE Error

!ENTRY org.eclipse.cdt.core 4 0 2026-02-26 11:28:06.566
!MESSAGE Error

!ENTRY org.eclipse.cdt.core 4 0 2026-02-26 11:28:06.566
!MESSAGE Error

!ENTRY org.eclipse.cdt.core 4 0 2026-02-26 11:28:06.566
!MESSAGE Error

!ENTRY org.eclipse.cdt.core 4 0 2026-02-26 11:28:06.567
!MESSAGE Error

!ENTRY org.eclipse.cdt.core 4 0 2026-02-26 11:28:06.567
!MESSAGE Error

!ENTRY org.eclipse.cdt.core 4 0 2026-02-26 11:28:06.567
!MESSAGE Error

!ENTRY org.eclipse.cdt.core 4 0 2026-02-26 11:28:06.568
!MESSAGE Error

!ENTRY org.eclipse.cdt.core 4 0 2026-02-26 11:28:13.641
!MESSAGE Error

!ENTRY org.eclipse.cdt.core 4 0 2026-02-26 11:28:13.644
!MESSAGE Error

!ENTRY org.eclipse.cdt.core 4 0 2026-02-26 11:28:13.645
!MESSAGE Error

!ENTRY org.eclipse.cdt.core 4 0 2026-02-26 11:28:13.646
!MESSAGE Error

!ENTRY org.eclipse.cdt.core 4 0 2026-02-26 11:28:13.646
!MESSAGE Error

!ENTRY org.eclipse.cdt.core 4 0 2026-02-26 11:28:13.646
!MESSAGE Error

!ENTRY org.eclipse.cdt.core 4 0 2026-02-26 11:28:13.646
!MESSAGE Error

!ENTRY org.eclipse.cdt.core 4 0 2026-02-26 11:28:13.646
!MESSAGE Error

!ENTRY org.eclipse.cdt.core 4 0 2026-02-26 11:28:13.647
!MESSAGE Error

!ENTRY org.eclipse.cdt.core 4 0 2026-02-26 11:28:13.647
!MESSAGE Error

!ENTRY org.eclipse.cdt.core 4 0 2026-02-26 11:28:13.647
!MESSAGE Error

!ENTRY org.eclipse.cdt.core 4 0 2026-02-26 11:28:13.647
!MESSAGE Error

!ENTRY org.eclipse.cdt.core 4 0 2026-02-26 11:28:13.647
!MESSAGE Error

!ENTRY org.eclipse.cdt.core 4 0 2026-02-26 11:28:13.647
!MESSAGE Error

!ENTRY org.eclipse.cdt.core 4 0 2026-02-26 11:28:13.647
!MESSAGE Error

!ENTRY org.eclipse.cdt.core 4 0 2026-02-26 11:28:13.647
!MESSAGE Error

!ENTRY org.eclipse.cdt.core 4 0 2026-02-26 11:28:13.647
!MESSAGE Error

!ENTRY org.eclipse.cdt.core 4 0 2026-02-26 11:28:13.648
!MESSAGE Error

!ENTRY org.eclipse.cdt.core 4 0 2026-02-26 11:28:13.648
!MESSAGE Error

!ENTRY org.eclipse.cdt.core 4 0 2026-02-26 11:28:13.648
!MESSAGE Error

!ENTRY org.eclipse.cdt.core 4 0 2026-02-26 11:28:13.648
!MESSAGE Error

!ENTRY org.eclipse.cdt.core 4 0 2026-02-26 11:28:13.648
!MESSAGE Error

!ENTRY org.eclipse.cdt.core 4 0 2026-02-26 11:28:13.648
!MESSAGE Error

!ENTRY org.eclipse.cdt.core 4 0 2026-02-26 11:28:13.649
!MESSAGE Error

!ENTRY org.eclipse.cdt.core 4 0 2026-02-26 11:28:13.649
!MESSAGE Error

!ENTRY org.eclipse.cdt.core 4 0 2026-02-26 11:28:13.649
!MESSAGE Error

!ENTRY org.eclipse.cdt.core 4 0 2026-02-26 11:28:13.649
!MESSAGE Error

!ENTRY org.eclipse.cdt.core 4 0 2026-02-26 11:28:13.649
!MESSAGE Error

!ENTRY org.eclipse.cdt.core 4 0 2026-02-26 11:28:13.649
!MESSAGE Error

!ENTRY org.eclipse.cdt.core 4 0 2026-02-26 11:28:13.650
!MESSAGE Error

!ENTRY org.eclipse.cdt.core 4 0 2026-02-26 11:28:13.650
!MESSAGE Error

!ENTRY org.eclipse.cdt.core 4 0 2026-02-26 11:28:13.650
!MESSAGE Error

!ENTRY org.eclipse.cdt.core 4 0 2026-02-26 11:28:13.651
!MESSAGE Error

!ENTRY org.eclipse.cdt.core 4 0 2026-02-26 11:28:13.651
!MESSAGE Error

!ENTRY org.eclipse.cdt.core 4 0 2026-02-26 11:28:13.651
!MESSAGE Error

!ENTRY org.eclipse.cdt.core 4 0 2026-02-26 11:28:13.651
!MESSAGE Error

!ENTRY org.eclipse.cdt.core 4 0 2026-02-26 11:28:13.651
!MESSAGE Error

!ENTRY org.eclipse.cdt.core 4 0 2026-02-26 11:28:13.652
!MESSAGE Error

!ENTRY org.eclipse.cdt.core 4 0 2026-02-26 11:28:13.652
!MESSAGE Error

!ENTRY org.eclipse.cdt.core 4 0 2026-02-26 11:28:13.652
!MESSAGE Error

!ENTRY org.eclipse.cdt.core 4 0 2026-02-26 11:28:13.652
!MESSAGE Error

!ENTRY org.eclipse.cdt.core 4 0 2026-02-26 11:28:13.652
!MESSAGE Error

!ENTRY org.eclipse.cdt.core 4 0 2026-02-26 11:28:13.653
!MESSAGE Error

!ENTRY org.eclipse.cdt.core 4 0 2026-02-26 11:28:13.653
!MESSAGE Error

!ENTRY org.eclipse.cdt.core 4 0 2026-02-26 11:28:13.653
!MESSAGE Error

!ENTRY org.eclipse.cdt.core 4 0 2026-02-26 11:28:13.653
!MESSAGE Error

!ENTRY org.eclipse.cdt.core 4 0 2026-02-26 11:28:15.669
!MESSAGE Error

!ENTRY org.eclipse.cdt.core 4 0 2026-02-26 11:28:15.672
!MESSAGE Error

!ENTRY org.eclipse.cdt.core 4 0 2026-02-26 11:28:15.673
!MESSAGE Error

!ENTRY org.eclipse.cdt.core 4 0 2026-02-26 11:28:15.673
!MESSAGE Error

!ENTRY org.eclipse.cdt.core 4 0 2026-02-26 11:28:15.673
!MESSAGE Error

!ENTRY org.eclipse.cdt.core 4 0 2026-02-26 11:28:15.673
!MESSAGE Error

!ENTRY org.eclipse.cdt.core 4 0 2026-02-26 11:28:15.673
!MESSAGE Error

!ENTRY org.eclipse.cdt.core 4 0 2026-02-26 11:28:15.673
!MESSAGE Error

!ENTRY org.eclipse.cdt.core 4 0 2026-02-26 11:28:15.673
!MESSAGE Error

!ENTRY org.eclipse.cdt.core 4 0 2026-02-26 11:28:15.674
!MESSAGE Error

!ENTRY org.eclipse.cdt.core 4 0 2026-02-26 11:28:15.674
!MESSAGE Error

!ENTRY org.eclipse.cdt.core 4 0 2026-02-26 11:28:15.674
!MESSAGE Error

!ENTRY org.eclipse.cdt.core 4 0 2026-02-26 11:28:15.674
!MESSAGE Error

!ENTRY org.eclipse.cdt.core 4 0 2026-02-26 11:28:15.674
!MESSAGE Error

!ENTRY org.eclipse.cdt.core 4 0 2026-02-26 11:28:15.674
!MESSAGE Error

!ENTRY org.eclipse.cdt.core 4 0 2026-02-26 11:28:15.675
!MESSAGE Error

!ENTRY org.eclipse.cdt.core 4 0 2026-02-26 11:28:15.675
!MESSAGE Error

!ENTRY org.eclipse.cdt.core 4 0 2026-02-26 11:28:15.675
!MESSAGE Error

!ENTRY org.eclipse.cdt.core 4 0 2026-02-26 11:28:15.675
!MESSAGE Error

!ENTRY org.eclipse.cdt.core 4 0 2026-02-26 11:28:15.675
!MESSAGE Error

!ENTRY org.eclipse.cdt.core 4 0 2026-02-26 11:28:15.675
!MESSAGE Error

!ENTRY org.eclipse.cdt.core 4 0 2026-02-26 11:28:15.677
!MESSAGE Error

!ENTRY org.eclipse.cdt.core 4 0 2026-02-26 11:28:15.677
!MESSAGE Error

!ENTRY org.eclipse.cdt.core 4 0 2026-02-26 11:28:15.677
!MESSAGE Error

!ENTRY org.eclipse.cdt.core 4 0 2026-02-26 11:28:15.677
!MESSAGE Error

!ENTRY org.eclipse.cdt.core 4 0 2026-02-26 11:28:15.677
!MESSAGE Error

!ENTRY org.eclipse.cdt.core 4 0 2026-02-26 11:28:15.677
!MESSAGE Error

!ENTRY org.eclipse.cdt.core 4 0 2026-02-26 11:28:15.677
!MESSAGE Error

!ENTRY org.eclipse.cdt.core 4 0 2026-02-26 11:28:15.678
!MESSAGE Error

!ENTRY org.eclipse.cdt.core 4 0 2026-02-26 11:28:15.678
!MESSAGE Error

!ENTRY org.eclipse.cdt.core 4 0 2026-02-26 11:28:15.678
!MESSAGE Error

!ENTRY org.eclipse.cdt.core 4 0 2026-02-26 11:28:15.678
!MESSAGE Error

!ENTRY org.eclipse.cdt.core 4 0 2026-02-26 11:28:15.678
!MESSAGE Error

!ENTRY org.eclipse.cdt.core 4 0 2026-02-26 11:28:15.679
!MESSAGE Error

!ENTRY org.eclipse.cdt.core 4 0 2026-02-26 11:28:15.679
!MESSAGE Error

!ENTRY org.eclipse.cdt.core 4 0 2026-02-26 11:28:15.679
!MESSAGE Error

!ENTRY org.eclipse.cdt.core 4 0 2026-02-26 11:28:15.679
!MESSAGE Error

!ENTRY org.eclipse.cdt.core 4 0 2026-02-26 11:28:15.679
!MESSAGE Error

!ENTRY org.eclipse.cdt.core 4 0 2026-02-26 11:28:15.679
!MESSAGE Error

!ENTRY org.eclipse.cdt.core 4 0 2026-02-26 11:28:15.679
!MESSAGE Error

!ENTRY org.eclipse.cdt.core 4 0 2026-02-26 11:28:15.680
!MESSAGE Error

!ENTRY org.eclipse.cdt.core 4 0 2026-02-26 11:28:15.680
!MESSAGE Error

!ENTRY org.eclipse.cdt.core 4 0 2026-02-26 11:28:15.680
!MESSAGE Error

!ENTRY org.eclipse.cdt.core 4 0 2026-02-26 11:28:15.680
!MESSAGE Error

!ENTRY org.eclipse.cdt.core 4 0 2026-02-26 11:28:15.680
!MESSAGE Error

!ENTRY org.eclipse.cdt.core 4 0 2026-02-26 11:28:15.680
!MESSAGE Error

!ENTRY org.eclipse.cdt.core 4 0 2026-02-26 11:28:17.201
!MESSAGE Error

!ENTRY org.eclipse.cdt.core 4 0 2026-02-26 11:28:17.207
!MESSAGE Error

!ENTRY org.eclipse.cdt.core 4 0 2026-02-26 11:28:17.209
!MESSAGE Error

!ENTRY org.eclipse.cdt.core 4 0 2026-02-26 11:28:17.209
!MESSAGE Error

!ENTRY org.eclipse.cdt.core 4 0 2026-02-26 11:28:17.210
!MESSAGE Error

!ENTRY org.eclipse.cdt.core 4 0 2026-02-26 11:28:17.210
!MESSAGE Error

!ENTRY org.eclipse.cdt.core 4 0 2026-02-26 11:28:17.211
!MESSAGE Error

!ENTRY org.eclipse.cdt.core 4 0 2026-02-26 11:28:17.211
!MESSAGE Error

!ENTRY org.eclipse.cdt.core 4 0 2026-02-26 11:28:17.211
!MESSAGE Error

!ENTRY org.eclipse.cdt.core 4 0 2026-02-26 11:28:17.212
!MESSAGE Error

!ENTRY org.eclipse.cdt.core 4 0 2026-02-26 11:28:17.212
!MESSAGE Error

!ENTRY org.eclipse.cdt.core 4 0 2026-02-26 11:28:17.213
!MESSAGE Error

!ENTRY org.eclipse.cdt.core 4 0 2026-02-26 11:28:17.213
!MESSAGE Error

!ENTRY org.eclipse.cdt.core 4 0 2026-02-26 11:28:17.214
!MESSAGE Error

!ENTRY org.eclipse.cdt.core 4 0 2026-02-26 11:28:17.214
!MESSAGE Error

!ENTRY org.eclipse.cdt.core 4 0 2026-02-26 11:28:17.215
!MESSAGE Error

!ENTRY org.eclipse.cdt.core 4 0 2026-02-26 11:28:17.215
!MESSAGE Error

!ENTRY org.eclipse.cdt.core 4 0 2026-02-26 11:28:17.215
!MESSAGE Error

!ENTRY org.eclipse.cdt.core 4 0 2026-02-26 11:28:17.216
!MESSAGE Error

!ENTRY org.eclipse.cdt.core 4 0 2026-02-26 11:28:17.216
!MESSAGE Error

!ENTRY org.eclipse.cdt.core 4 0 2026-02-26 11:28:17.217
!MESSAGE Error

!ENTRY org.eclipse.cdt.core 4 0 2026-02-26 11:28:17.218
!MESSAGE Error

!ENTRY org.eclipse.cdt.core 4 0 2026-02-26 11:28:17.218
!MESSAGE Error

!ENTRY org.eclipse.cdt.core 4 0 2026-02-26 11:28:17.219
!MESSAGE Error

!ENTRY org.eclipse.cdt.core 4 0 2026-02-26 11:28:17.219
!MESSAGE Error

!ENTRY org.eclipse.cdt.core 4 0 2026-02-26 11:28:17.220
!MESSAGE Error

!ENTRY org.eclipse.cdt.core 4 0 2026-02-26 11:28:17.220
!MESSAGE Error

!ENTRY org.eclipse.cdt.core 4 0 2026-02-26 11:28:17.220
!MESSAGE Error

!ENTRY org.eclipse.cdt.core 4 0 2026-02-26 11:28:17.221
!MESSAGE Error

!ENTRY org.eclipse.cdt.core 4 0 2026-02-26 11:28:17.221
!MESSAGE Error

!ENTRY org.eclipse.cdt.core 4 0 2026-02-26 11:28:17.221
!MESSAGE Error

!ENTRY org.eclipse.cdt.core 4 0 2026-02-26 11:28:17.222
!MESSAGE Error

!ENTRY org.eclipse.cdt.core 4 0 2026-02-26 11:28:17.222
!MESSAGE Error

!ENTRY org.eclipse.cdt.core 4 0 2026-02-26 11:28:17.223
!MESSAGE Error

!ENTRY org.eclipse.cdt.core 4 0 2026-02-26 11:28:17.223
!MESSAGE Error

!ENTRY org.eclipse.cdt.core 4 0 2026-02-26 11:28:17.223
!MESSAGE Error

!ENTRY org.eclipse.cdt.core 4 0 2026-02-26 11:28:17.224
!MESSAGE Error

!ENTRY org.eclipse.cdt.core 4 0 2026-02-26 11:28:17.224
!MESSAGE Error

!ENTRY org.eclipse.cdt.core 4 0 2026-02-26 11:28:17.224
!MESSAGE Error

!ENTRY org.eclipse.cdt.core 4 0 2026-02-26 11:28:17.225
!MESSAGE Error

!ENTRY org.eclipse.cdt.core 4 0 2026-02-26 11:28:17.225
!MESSAGE Error

!ENTRY org.eclipse.cdt.core 4 0 2026-02-26 11:28:17.225
!MESSAGE Error

!ENTRY org.eclipse.cdt.core 4 0 2026-02-26 11:28:17.226
!MESSAGE Error

!ENTRY org.eclipse.cdt.core 4 0 2026-02-26 11:28:17.226
!MESSAGE Error

!ENTRY org.eclipse.cdt.core 4 0 2026-02-26 11:28:17.226
!MESSAGE Error

!ENTRY org.eclipse.cdt.core 4 0 2026-02-26 11:28:17.226
!MESSAGE Error

!ENTRY org.eclipse.cdt.core 4 0 2026-02-26 11:28:18.244
!MESSAGE Error

!ENTRY org.eclipse.cdt.core 4 0 2026-02-26 11:28:18.249
!MESSAGE Error

!ENTRY org.eclipse.cdt.core 4 0 2026-02-26 11:28:18.252
!MESSAGE Error

!ENTRY org.eclipse.cdt.core 4 0 2026-02-26 11:28:18.252
!MESSAGE Error

!ENTRY org.eclipse.cdt.core 4 0 2026-02-26 11:28:18.260
!MESSAGE Error

!ENTRY org.eclipse.cdt.core 4 0 2026-02-26 11:28:18.260
!MESSAGE Error

!ENTRY org.eclipse.cdt.core 4 0 2026-02-26 11:28:18.261
!MESSAGE Error

!ENTRY org.eclipse.cdt.core 4 0 2026-02-26 11:28:18.261
!MESSAGE Error

!ENTRY org.eclipse.cdt.core 4 0 2026-02-26 11:28:18.261
!MESSAGE Error

!ENTRY org.eclipse.cdt.core 4 0 2026-02-26 11:28:18.261
!MESSAGE Error

!ENTRY org.eclipse.cdt.core 4 0 2026-02-26 11:28:18.262
!MESSAGE Error

!ENTRY org.eclipse.cdt.core 4 0 2026-02-26 11:28:18.262
!MESSAGE Error

!ENTRY org.eclipse.cdt.core 4 0 2026-02-26 11:28:18.262
!MESSAGE Error

!ENTRY org.eclipse.cdt.core 4 0 2026-02-26 11:28:18.262
!MESSAGE Error

!ENTRY org.eclipse.cdt.core 4 0 2026-02-26 11:28:18.262
!MESSAGE Error

!ENTRY org.eclipse.cdt.core 4 0 2026-02-26 11:28:18.262
!MESSAGE Error

!ENTRY org.eclipse.cdt.core 4 0 2026-02-26 11:28:18.263
!MESSAGE Error

!ENTRY org.eclipse.cdt.core 4 0 2026-02-26 11:28:18.263
!MESSAGE Error

!ENTRY org.eclipse.cdt.core 4 0 2026-02-26 11:28:18.263
!MESSAGE Error

!ENTRY org.eclipse.cdt.core 4 0 2026-02-26 11:28:18.263
!MESSAGE Error

!ENTRY org.eclipse.cdt.core 4 0 2026-02-26 11:28:18.264
!MESSAGE Error

!ENTRY org.eclipse.cdt.core 4 0 2026-02-26 11:28:18.264
!MESSAGE Error

!ENTRY org.eclipse.cdt.core 4 0 2026-02-26 11:28:18.264
!MESSAGE Error

!ENTRY org.eclipse.cdt.core 4 0 2026-02-26 11:28:18.264
!MESSAGE Error

!ENTRY org.eclipse.cdt.core 4 0 2026-02-26 11:28:18.265
!MESSAGE Error

!ENTRY org.eclipse.cdt.core 4 0 2026-02-26 11:28:18.265
!MESSAGE Error

!ENTRY org.eclipse.cdt.core 4 0 2026-02-26 11:28:18.265
!MESSAGE Error

!ENTRY org.eclipse.cdt.core 4 0 2026-02-26 11:28:18.265
!MESSAGE Error

!ENTRY org.eclipse.cdt.core 4 0 2026-02-26 11:28:18.265
!MESSAGE Error

!ENTRY org.eclipse.cdt.core 4 0 2026-02-26 11:28:18.265
!MESSAGE Error

!ENTRY org.eclipse.cdt.core 4 0 2026-02-26 11:28:18.266
!MESSAGE Error

!ENTRY org.eclipse.cdt.core 4 0 2026-02-26 11:28:18.266
!MESSAGE Error

!ENTRY org.eclipse.cdt.core 4 0 2026-02-26 11:28:18.266
!MESSAGE Error

!ENTRY org.eclipse.cdt.core 4 0 2026-02-26 11:28:18.266
!MESSAGE Error

!ENTRY org.eclipse.cdt.core 4 0 2026-02-26 11:28:18.266
!MESSAGE Error

!ENTRY org.eclipse.cdt.core 4 0 2026-02-26 11:28:18.266
!MESSAGE Error

!ENTRY org.eclipse.cdt.core 4 0 2026-02-26 11:28:18.267
!MESSAGE Error

!ENTRY org.eclipse.cdt.core 4 0 2026-02-26 11:28:18.267
!MESSAGE Error

!ENTRY org.eclipse.cdt.core 4 0 2026-02-26 11:28:18.267
!MESSAGE Error

!ENTRY org.eclipse.cdt.core 4 0 2026-02-26 11:28:18.267
!MESSAGE Error

!ENTRY org.eclipse.cdt.core 4 0 2026-02-26 11:28:18.267
!MESSAGE Error

!ENTRY org.eclipse.cdt.core 4 0 2026-02-26 11:28:18.268
!MESSAGE Error

!ENTRY org.eclipse.cdt.core 4 0 2026-02-26 11:28:18.268
!MESSAGE Error

!ENTRY org.eclipse.cdt.core 4 0 2026-02-26 11:28:18.268
!MESSAGE Error

!ENTRY org.eclipse.cdt.core 4 0 2026-02-26 11:28:18.269
!MESSAGE Error

!ENTRY org.eclipse.cdt.core 4 0 2026-02-26 11:28:18.269
!MESSAGE Error

!ENTRY org.eclipse.cdt.core 4 0 2026-02-26 11:28:20.797
!MESSAGE Error

!ENTRY org.eclipse.cdt.core 4 0 2026-02-26 11:28:20.803
!MESSAGE Error

!ENTRY org.eclipse.cdt.core 4 0 2026-02-26 11:28:20.805
!MESSAGE Error

!ENTRY org.eclipse.cdt.core 4 0 2026-02-26 11:28:20.805
!MESSAGE Error

!ENTRY org.eclipse.cdt.core 4 0 2026-02-26 11:28:20.806
!MESSAGE Error

!ENTRY org.eclipse.cdt.core 4 0 2026-02-26 11:28:20.806
!MESSAGE Error

!ENTRY org.eclipse.cdt.core 4 0 2026-02-26 11:28:20.807
!MESSAGE Error

!ENTRY org.eclipse.cdt.core 4 0 2026-02-26 11:28:20.807
!MESSAGE Error

!ENTRY org.eclipse.cdt.core 4 0 2026-02-26 11:28:20.808
!MESSAGE Error

!ENTRY org.eclipse.cdt.core 4 0 2026-02-26 11:28:20.809
!MESSAGE Error

!ENTRY org.eclipse.cdt.core 4 0 2026-02-26 11:28:20.809
!MESSAGE Error

!ENTRY org.eclipse.cdt.core 4 0 2026-02-26 11:28:20.809
!MESSAGE Error

!ENTRY org.eclipse.cdt.core 4 0 2026-02-26 11:28:20.810
!MESSAGE Error

!ENTRY org.eclipse.cdt.core 4 0 2026-02-26 11:28:20.810
!MESSAGE Error

!ENTRY org.eclipse.cdt.core 4 0 2026-02-26 11:28:20.811
!MESSAGE Error

!ENTRY org.eclipse.cdt.core 4 0 2026-02-26 11:28:20.811
!MESSAGE Error

!ENTRY org.eclipse.cdt.core 4 0 2026-02-26 11:28:20.811
!MESSAGE Error

!ENTRY org.eclipse.cdt.core 4 0 2026-02-26 11:28:20.812
!MESSAGE Error

!ENTRY org.eclipse.cdt.core 4 0 2026-02-26 11:28:20.812
!MESSAGE Error

!ENTRY org.eclipse.cdt.core 4 0 2026-02-26 11:28:20.812
!MESSAGE Error

!ENTRY org.eclipse.cdt.core 4 0 2026-02-26 11:28:20.812
!MESSAGE Error

!ENTRY org.eclipse.cdt.core 4 0 2026-02-26 11:28:20.812
!MESSAGE Error

!ENTRY org.eclipse.cdt.core 4 0 2026-02-26 11:28:20.812
!MESSAGE Error

!ENTRY org.eclipse.cdt.core 4 0 2026-02-26 11:28:20.812
!MESSAGE Error

!ENTRY org.eclipse.cdt.core 4 0 2026-02-26 11:28:20.813
!MESSAGE Error

!ENTRY org.eclipse.cdt.core 4 0 2026-02-26 11:28:20.813
!MESSAGE Error

!ENTRY org.eclipse.cdt.core 4 0 2026-02-26 11:28:20.813
!MESSAGE Error

!ENTRY org.eclipse.cdt.core 4 0 2026-02-26 11:28:20.813
!MESSAGE Error

!ENTRY org.eclipse.cdt.core 4 0 2026-02-26 11:28:20.813
!MESSAGE Error

!ENTRY org.eclipse.cdt.core 4 0 2026-02-26 11:28:20.813
!MESSAGE Error

!ENTRY org.eclipse.cdt.core 4 0 2026-02-26 11:28:20.814
!MESSAGE Error

!ENTRY org.eclipse.cdt.core 4 0 2026-02-26 11:28:20.814
!MESSAGE Error

!ENTRY org.eclipse.cdt.core 4 0 2026-02-26 11:28:20.814
!MESSAGE Error

!ENTRY org.eclipse.cdt.core 4 0 2026-02-26 11:28:20.814
!MESSAGE Error

!ENTRY org.eclipse.cdt.core 4 0 2026-02-26 11:28:20.814
!MESSAGE Error

!ENTRY org.eclipse.cdt.core 4 0 2026-02-26 11:28:20.814
!MESSAGE Error

!ENTRY org.eclipse.cdt.core 4 0 2026-02-26 11:28:20.815
!MESSAGE Error

!ENTRY org.eclipse.cdt.core 4 0 2026-02-26 11:28:20.815
!MESSAGE Error

!ENTRY org.eclipse.cdt.core 4 0 2026-02-26 11:28:20.815
!MESSAGE Error

!ENTRY org.eclipse.cdt.core 4 0 2026-02-26 11:28:20.815
!MESSAGE Error

!ENTRY org.eclipse.cdt.core 4 0 2026-02-26 11:28:20.815
!MESSAGE Error

!ENTRY org.eclipse.cdt.core 4 0 2026-02-26 11:28:20.815
!MESSAGE Error

!ENTRY org.eclipse.cdt.core 4 0 2026-02-26 11:28:20.815
!MESSAGE Error

!ENTRY org.eclipse.cdt.core 4 0 2026-02-26 11:28:20.816
!MESSAGE Error

!ENTRY org.eclipse.cdt.core 4 0 2026-02-26 11:28:20.816
!MESSAGE Error

!ENTRY org.eclipse.cdt.core 4 0 2026-02-26 11:28:20.816
!MESSAGE Error

!ENTRY org.eclipse.cdt.core 4 0 2026-02-26 11:28:22.834
!MESSAGE Error

!ENTRY org.eclipse.cdt.core 4 0 2026-02-26 11:28:22.837
!MESSAGE Error

!ENTRY org.eclipse.cdt.core 4 0 2026-02-26 11:28:22.837
!MESSAGE Error

!ENTRY org.eclipse.cdt.core 4 0 2026-02-26 11:28:22.838
!MESSAGE Error

!ENTRY org.eclipse.cdt.core 4 0 2026-02-26 11:28:22.838
!MESSAGE Error

!ENTRY org.eclipse.cdt.core 4 0 2026-02-26 11:28:22.838
!MESSAGE Error

!ENTRY org.eclipse.cdt.core 4 0 2026-02-26 11:28:22.838
!MESSAGE Error

!ENTRY org.eclipse.cdt.core 4 0 2026-02-26 11:28:22.838
!MESSAGE Error

!ENTRY org.eclipse.cdt.core 4 0 2026-02-26 11:28:22.839
!MESSAGE Error

!ENTRY org.eclipse.cdt.core 4 0 2026-02-26 11:28:22.839
!MESSAGE Error

!ENTRY org.eclipse.cdt.core 4 0 2026-02-26 11:28:22.839
!MESSAGE Error

!ENTRY org.eclipse.cdt.core 4 0 2026-02-26 11:28:22.839
!MESSAGE Error

!ENTRY org.eclipse.cdt.core 4 0 2026-02-26 11:28:22.839
!MESSAGE Error

!ENTRY org.eclipse.cdt.core 4 0 2026-02-26 11:28:22.839
!MESSAGE Error

!ENTRY org.eclipse.cdt.core 4 0 2026-02-26 11:28:22.840
!MESSAGE Error

!ENTRY org.eclipse.cdt.core 4 0 2026-02-26 11:28:22.840
!MESSAGE Error

!ENTRY org.eclipse.cdt.core 4 0 2026-02-26 11:28:22.840
!MESSAGE Error

!ENTRY org.eclipse.cdt.core 4 0 2026-02-26 11:28:22.841
!MESSAGE Error

!ENTRY org.eclipse.cdt.core 4 0 2026-02-26 11:28:22.841
!MESSAGE Error

!ENTRY org.eclipse.cdt.core 4 0 2026-02-26 11:28:22.842
!MESSAGE Error

!ENTRY org.eclipse.cdt.core 4 0 2026-02-26 11:28:22.842
!MESSAGE Error

!ENTRY org.eclipse.cdt.core 4 0 2026-02-26 11:28:22.842
!MESSAGE Error

!ENTRY org.eclipse.cdt.core 4 0 2026-02-26 11:28:22.843
!MESSAGE Error

!ENTRY org.eclipse.cdt.core 4 0 2026-02-26 11:28:22.843
!MESSAGE Error

!ENTRY org.eclipse.cdt.core 4 0 2026-02-26 11:28:22.844
!MESSAGE Error

!ENTRY org.eclipse.cdt.core 4 0 2026-02-26 11:28:22.844
!MESSAGE Error

!ENTRY org.eclipse.cdt.core 4 0 2026-02-26 11:28:22.844
!MESSAGE Error

!ENTRY org.eclipse.cdt.core 4 0 2026-02-26 11:28:22.844
!MESSAGE Error

!ENTRY org.eclipse.cdt.core 4 0 2026-02-26 11:28:22.844
!MESSAGE Error

!ENTRY org.eclipse.cdt.core 4 0 2026-02-26 11:28:22.844
!MESSAGE Error

!ENTRY org.eclipse.cdt.core 4 0 2026-02-26 11:28:22.844
!MESSAGE Error

!ENTRY org.eclipse.cdt.core 4 0 2026-02-26 11:28:22.844
!MESSAGE Error

!ENTRY org.eclipse.cdt.core 4 0 2026-02-26 11:28:22.844
!MESSAGE Error

!ENTRY org.eclipse.cdt.core 4 0 2026-02-26 11:28:22.845
!MESSAGE Error

!ENTRY org.eclipse.cdt.core 4 0 2026-02-26 11:28:22.845
!MESSAGE Error

!ENTRY org.eclipse.cdt.core 4 0 2026-02-26 11:28:22.845
!MESSAGE Error

!ENTRY org.eclipse.cdt.core 4 0 2026-02-26 11:28:22.845
!MESSAGE Error

!ENTRY org.eclipse.cdt.core 4 0 2026-02-26 11:28:22.845
!MESSAGE Error

!ENTRY org.eclipse.cdt.core 4 0 2026-02-26 11:28:22.845
!MESSAGE Error

!ENTRY org.eclipse.cdt.core 4 0 2026-02-26 11:28:22.846
!MESSAGE Error

!ENTRY org.eclipse.cdt.core 4 0 2026-02-26 11:28:22.846
!MESSAGE Error

!ENTRY org.eclipse.cdt.core 4 0 2026-02-26 11:28:22.846
!MESSAGE Error

!ENTRY org.eclipse.cdt.core 4 0 2026-02-26 11:28:22.847
!MESSAGE Error

!ENTRY org.eclipse.cdt.core 4 0 2026-02-26 11:28:22.847
!MESSAGE Error

!ENTRY org.eclipse.cdt.core 4 0 2026-02-26 11:28:22.847
!MESSAGE Error

!ENTRY org.eclipse.cdt.core 4 0 2026-02-26 11:28:22.848
!MESSAGE Error

!ENTRY org.eclipse.cdt.core 4 0 2026-02-26 11:28:26.379
!MESSAGE Error

!ENTRY org.eclipse.cdt.core 4 0 2026-02-26 11:28:26.382
!MESSAGE Error

!ENTRY org.eclipse.cdt.core 4 0 2026-02-26 11:28:26.383
!MESSAGE Error

!ENTRY org.eclipse.cdt.core 4 0 2026-02-26 11:28:26.384
!MESSAGE Error

!ENTRY org.eclipse.cdt.core 4 0 2026-02-26 11:28:26.384
!MESSAGE Error

!ENTRY org.eclipse.cdt.core 4 0 2026-02-26 11:28:26.384
!MESSAGE Error

!ENTRY org.eclipse.cdt.core 4 0 2026-02-26 11:28:26.384
!MESSAGE Error

!ENTRY org.eclipse.cdt.core 4 0 2026-02-26 11:28:26.384
!MESSAGE Error

!ENTRY org.eclipse.cdt.core 4 0 2026-02-26 11:28:26.385
!MESSAGE Error

!ENTRY org.eclipse.cdt.core 4 0 2026-02-26 11:28:26.385
!MESSAGE Error

!ENTRY org.eclipse.cdt.core 4 0 2026-02-26 11:28:26.386
!MESSAGE Error

!ENTRY org.eclipse.cdt.core 4 0 2026-02-26 11:28:26.386
!MESSAGE Error

!ENTRY org.eclipse.cdt.core 4 0 2026-02-26 11:28:26.386
!MESSAGE Error

!ENTRY org.eclipse.cdt.core 4 0 2026-02-26 11:28:26.387
!MESSAGE Error

!ENTRY org.eclipse.cdt.core 4 0 2026-02-26 11:28:26.387
!MESSAGE Error

!ENTRY org.eclipse.cdt.core 4 0 2026-02-26 11:28:26.387
!MESSAGE Error

!ENTRY org.eclipse.cdt.core 4 0 2026-02-26 11:28:26.388
!MESSAGE Error

!ENTRY org.eclipse.cdt.core 4 0 2026-02-26 11:28:26.388
!MESSAGE Error

!ENTRY org.eclipse.cdt.core 4 0 2026-02-26 11:28:26.388
!MESSAGE Error

!ENTRY org.eclipse.cdt.core 4 0 2026-02-26 11:28:26.388
!MESSAGE Error

!ENTRY org.eclipse.cdt.core 4 0 2026-02-26 11:28:26.388
!MESSAGE Error

!ENTRY org.eclipse.cdt.core 4 0 2026-02-26 11:28:26.388
!MESSAGE Error

!ENTRY org.eclipse.cdt.core 4 0 2026-02-26 11:28:26.389
!MESSAGE Error

!ENTRY org.eclipse.cdt.core 4 0 2026-02-26 11:28:26.389
!MESSAGE Error

!ENTRY org.eclipse.cdt.core 4 0 2026-02-26 11:28:26.389
!MESSAGE Error

!ENTRY org.eclipse.cdt.core 4 0 2026-02-26 11:28:26.389
!MESSAGE Error

!ENTRY org.eclipse.cdt.core 4 0 2026-02-26 11:28:26.389
!MESSAGE Error

!ENTRY org.eclipse.cdt.core 4 0 2026-02-26 11:28:26.389
!MESSAGE Error

!ENTRY org.eclipse.cdt.core 4 0 2026-02-26 11:28:26.389
!MESSAGE Error

!ENTRY org.eclipse.cdt.core 4 0 2026-02-26 11:28:26.390
!MESSAGE Error

!ENTRY org.eclipse.cdt.core 4 0 2026-02-26 11:28:26.390
!MESSAGE Error

!ENTRY org.eclipse.cdt.core 4 0 2026-02-26 11:28:26.391
!MESSAGE Error

!ENTRY org.eclipse.cdt.core 4 0 2026-02-26 11:28:26.391
!MESSAGE Error

!ENTRY org.eclipse.cdt.core 4 0 2026-02-26 11:28:26.391
!MESSAGE Error

!ENTRY org.eclipse.cdt.core 4 0 2026-02-26 11:28:26.391
!MESSAGE Error

!ENTRY org.eclipse.cdt.core 4 0 2026-02-26 11:28:26.391
!MESSAGE Error

!ENTRY org.eclipse.cdt.core 4 0 2026-02-26 11:28:26.391
!MESSAGE Error

!ENTRY org.eclipse.cdt.core 4 0 2026-02-26 11:28:26.391
!MESSAGE Error

!ENTRY org.eclipse.cdt.core 4 0 2026-02-26 11:28:26.392
!MESSAGE Error

!ENTRY org.eclipse.cdt.core 4 0 2026-02-26 11:28:26.392
!MESSAGE Error

!ENTRY org.eclipse.cdt.core 4 0 2026-02-26 11:28:26.392
!MESSAGE Error

!ENTRY org.eclipse.cdt.core 4 0 2026-02-26 11:28:26.393
!MESSAGE Error

!ENTRY org.eclipse.cdt.core 4 0 2026-02-26 11:28:26.393
!MESSAGE Error

!ENTRY org.eclipse.cdt.core 4 0 2026-02-26 11:28:26.393
!MESSAGE Error

!ENTRY org.eclipse.cdt.core 4 0 2026-02-26 11:28:26.425
!MESSAGE Error

!ENTRY org.eclipse.cdt.core 4 0 2026-02-26 11:28:26.428
!MESSAGE Error

!ENTRY org.eclipse.cdt.core 4 0 2026-02-26 11:28:26.429
!MESSAGE Error

!ENTRY org.eclipse.cdt.core 4 0 2026-02-26 11:28:27.403
!MESSAGE Error

!ENTRY org.eclipse.cdt.core 4 0 2026-02-26 11:28:27.409
!MESSAGE Error

!ENTRY org.eclipse.cdt.core 4 0 2026-02-26 11:28:27.410
!MESSAGE Error

!ENTRY org.eclipse.cdt.core 4 0 2026-02-26 11:28:27.411
!MESSAGE Error

!ENTRY org.eclipse.cdt.core 4 0 2026-02-26 11:28:27.411
!MESSAGE Error

!ENTRY org.eclipse.cdt.core 4 0 2026-02-26 11:28:27.412
!MESSAGE Error

!ENTRY org.eclipse.cdt.core 4 0 2026-02-26 11:28:27.412
!MESSAGE Error

!ENTRY org.eclipse.cdt.core 4 0 2026-02-26 11:28:27.412
!MESSAGE Error

!ENTRY org.eclipse.cdt.core 4 0 2026-02-26 11:28:27.413
!MESSAGE Error

!ENTRY org.eclipse.cdt.core 4 0 2026-02-26 11:28:27.413
!MESSAGE Error

!ENTRY org.eclipse.cdt.core 4 0 2026-02-26 11:28:27.414
!MESSAGE Error

!ENTRY org.eclipse.cdt.core 4 0 2026-02-26 11:28:27.414
!MESSAGE Error

!ENTRY org.eclipse.cdt.core 4 0 2026-02-26 11:28:27.414
!MESSAGE Error

!ENTRY org.eclipse.cdt.core 4 0 2026-02-26 11:28:27.414
!MESSAGE Error

!ENTRY org.eclipse.cdt.core 4 0 2026-02-26 11:28:27.415
!MESSAGE Error

!ENTRY org.eclipse.cdt.core 4 0 2026-02-26 11:28:27.415
!MESSAGE Error

!ENTRY org.eclipse.cdt.core 4 0 2026-02-26 11:28:27.415
!MESSAGE Error

!ENTRY org.eclipse.cdt.core 4 0 2026-02-26 11:28:27.416
!MESSAGE Error

!ENTRY org.eclipse.cdt.core 4 0 2026-02-26 11:28:27.416
!MESSAGE Error

!ENTRY org.eclipse.cdt.core 4 0 2026-02-26 11:28:27.416
!MESSAGE Error

!ENTRY org.eclipse.cdt.core 4 0 2026-02-26 11:28:27.417
!MESSAGE Error

!ENTRY org.eclipse.cdt.core 4 0 2026-02-26 11:28:27.417
!MESSAGE Error

!ENTRY org.eclipse.cdt.core 4 0 2026-02-26 11:28:27.417
!MESSAGE Error

!ENTRY org.eclipse.cdt.core 4 0 2026-02-26 11:28:27.418
!MESSAGE Error

!ENTRY org.eclipse.cdt.core 4 0 2026-02-26 11:28:27.418
!MESSAGE Error

!ENTRY org.eclipse.cdt.core 4 0 2026-02-26 11:28:27.419
!MESSAGE Error

!ENTRY org.eclipse.cdt.core 4 0 2026-02-26 11:28:27.419
!MESSAGE Error

!ENTRY org.eclipse.cdt.core 4 0 2026-02-26 11:28:27.419
!MESSAGE Error

!ENTRY org.eclipse.cdt.core 4 0 2026-02-26 11:28:27.419
!MESSAGE Error

!ENTRY org.eclipse.cdt.core 4 0 2026-02-26 11:28:27.420
!MESSAGE Error

!ENTRY org.eclipse.cdt.core 4 0 2026-02-26 11:28:27.420
!MESSAGE Error

!ENTRY org.eclipse.cdt.core 4 0 2026-02-26 11:28:27.421
!MESSAGE Error

!ENTRY org.eclipse.cdt.core 4 0 2026-02-26 11:28:27.421
!MESSAGE Error

!ENTRY org.eclipse.cdt.core 4 0 2026-02-26 11:28:27.421
!MESSAGE Error

!ENTRY org.eclipse.cdt.core 4 0 2026-02-26 11:28:27.422
!MESSAGE Error

!ENTRY org.eclipse.cdt.core 4 0 2026-02-26 11:28:27.422
!MESSAGE Error

!ENTRY org.eclipse.cdt.core 4 0 2026-02-26 11:28:27.422
!MESSAGE Error

!ENTRY org.eclipse.cdt.core 4 0 2026-02-26 11:28:27.423
!MESSAGE Error

!ENTRY org.eclipse.cdt.core 4 0 2026-02-26 11:28:27.423
!MESSAGE Error

!ENTRY org.eclipse.cdt.core 4 0 2026-02-26 11:28:27.423
!MESSAGE Error

!ENTRY org.eclipse.cdt.core 4 0 2026-02-26 11:28:27.424
!MESSAGE Error

!ENTRY org.eclipse.cdt.core 4 0 2026-02-26 11:28:27.424
!MESSAGE Error

!ENTRY org.eclipse.cdt.core 4 0 2026-02-26 11:28:27.424
!MESSAGE Error

!ENTRY org.eclipse.cdt.core 4 0 2026-02-26 11:28:27.425
!MESSAGE Error

!ENTRY org.eclipse.cdt.core 4 0 2026-02-26 11:28:27.425
!MESSAGE Error

!ENTRY org.eclipse.cdt.core 4 0 2026-02-26 11:28:27.425
!MESSAGE Error

!ENTRY org.eclipse.cdt.core 4 0 2026-02-26 11:28:27.426
!MESSAGE Error

!ENTRY org.eclipse.cdt.core 4 0 2026-02-26 11:28:33.482
!MESSAGE Error

!ENTRY org.eclipse.cdt.core 4 0 2026-02-26 11:28:33.486
!MESSAGE Error

!ENTRY org.eclipse.cdt.core 4 0 2026-02-26 11:28:33.488
!MESSAGE Error

!ENTRY org.eclipse.cdt.core 4 0 2026-02-26 11:28:33.489
!MESSAGE Error

!ENTRY org.eclipse.cdt.core 4 0 2026-02-26 11:28:33.489
!MESSAGE Error

!ENTRY org.eclipse.cdt.core 4 0 2026-02-26 11:28:33.490
!MESSAGE Error

!ENTRY org.eclipse.cdt.core 4 0 2026-02-26 11:28:33.490
!MESSAGE Error

!ENTRY org.eclipse.cdt.core 4 0 2026-02-26 11:28:33.490
!MESSAGE Error

!ENTRY org.eclipse.cdt.core 4 0 2026-02-26 11:28:33.491
!MESSAGE Error

!ENTRY org.eclipse.cdt.core 4 0 2026-02-26 11:28:33.491
!MESSAGE Error

!ENTRY org.eclipse.cdt.core 4 0 2026-02-26 11:28:33.492
!MESSAGE Error

!ENTRY org.eclipse.cdt.core 4 0 2026-02-26 11:28:33.492
!MESSAGE Error

!ENTRY org.eclipse.cdt.core 4 0 2026-02-26 11:28:33.492
!MESSAGE Error

!ENTRY org.eclipse.cdt.core 4 0 2026-02-26 11:28:33.492
!MESSAGE Error

!ENTRY org.eclipse.cdt.core 4 0 2026-02-26 11:28:33.493
!MESSAGE Error

!ENTRY org.eclipse.cdt.core 4 0 2026-02-26 11:28:33.493
!MESSAGE Error

!ENTRY org.eclipse.cdt.core 4 0 2026-02-26 11:28:33.493
!MESSAGE Error

!ENTRY org.eclipse.cdt.core 4 0 2026-02-26 11:28:33.494
!MESSAGE Error

!ENTRY org.eclipse.cdt.core 4 0 2026-02-26 11:28:33.494
!MESSAGE Error

!ENTRY org.eclipse.cdt.core 4 0 2026-02-26 11:28:33.494
!MESSAGE Error

!ENTRY org.eclipse.cdt.core 4 0 2026-02-26 11:28:33.495
!MESSAGE Error

!ENTRY org.eclipse.cdt.core 4 0 2026-02-26 11:28:33.495
!MESSAGE Error

!ENTRY org.eclipse.cdt.core 4 0 2026-02-26 11:28:33.495
!MESSAGE Error

!ENTRY org.eclipse.cdt.core 4 0 2026-02-26 11:28:33.496
!MESSAGE Error

!ENTRY org.eclipse.cdt.core 4 0 2026-02-26 11:28:33.496
!MESSAGE Error

!ENTRY org.eclipse.cdt.core 4 0 2026-02-26 11:28:33.497
!MESSAGE Error

!ENTRY org.eclipse.cdt.core 4 0 2026-02-26 11:28:33.497
!MESSAGE Error

!ENTRY org.eclipse.cdt.core 4 0 2026-02-26 11:28:33.498
!MESSAGE Error

!ENTRY org.eclipse.cdt.core 4 0 2026-02-26 11:28:33.498
!MESSAGE Error

!ENTRY org.eclipse.cdt.core 4 0 2026-02-26 11:28:33.498
!MESSAGE Error

!ENTRY org.eclipse.cdt.core 4 0 2026-02-26 11:28:33.499
!MESSAGE Error

!ENTRY org.eclipse.cdt.core 4 0 2026-02-26 11:28:33.499
!MESSAGE Error

!ENTRY org.eclipse.cdt.core 4 0 2026-02-26 11:28:33.500
!MESSAGE Error

!ENTRY org.eclipse.cdt.core 4 0 2026-02-26 11:28:33.500
!MESSAGE Error

!ENTRY org.eclipse.cdt.core 4 0 2026-02-26 11:28:33.501
!MESSAGE Error

!ENTRY org.eclipse.cdt.core 4 0 2026-02-26 11:28:33.501
!MESSAGE Error

!ENTRY org.eclipse.cdt.core 4 0 2026-02-26 11:28:33.501
!MESSAGE Error

!ENTRY org.eclipse.cdt.core 4 0 2026-02-26 11:28:33.501
!MESSAGE Error

!ENTRY org.eclipse.cdt.core 4 0 2026-02-26 11:28:33.502
!MESSAGE Error

!ENTRY org.eclipse.cdt.core 4 0 2026-02-26 11:28:33.502
!MESSAGE Error

!ENTRY org.eclipse.cdt.core 4 0 2026-02-26 11:28:33.502
!MESSAGE Error

!ENTRY org.eclipse.cdt.core 4 0 2026-02-26 11:28:33.503
!MESSAGE Error

!ENTRY org.eclipse.cdt.core 4 0 2026-02-26 11:28:33.503
!MESSAGE Error

!ENTRY org.eclipse.cdt.core 4 0 2026-02-26 11:28:33.503
!MESSAGE Error

!ENTRY org.eclipse.cdt.core 4 0 2026-02-26 11:28:33.503
!MESSAGE Error

!ENTRY org.eclipse.cdt.core 4 0 2026-02-26 11:28:33.503
!MESSAGE Error

!ENTRY org.eclipse.cdt.core 4 0 2026-02-26 11:28:33.503
!MESSAGE Error

!ENTRY org.eclipse.cdt.core 4 0 2026-02-26 11:28:35.027
!MESSAGE Error

!ENTRY org.eclipse.cdt.core 4 0 2026-02-26 11:28:35.030
!MESSAGE Error

!ENTRY org.eclipse.cdt.core 4 0 2026-02-26 11:28:35.031
!MESSAGE Error

!ENTRY org.eclipse.cdt.core 4 0 2026-02-26 11:28:35.031
!MESSAGE Error

!ENTRY org.eclipse.cdt.core 4 0 2026-02-26 11:28:35.031
!MESSAGE Error

!ENTRY org.eclipse.cdt.core 4 0 2026-02-26 11:28:35.032
!MESSAGE Error

!ENTRY org.eclipse.cdt.core 4 0 2026-02-26 11:28:35.032
!MESSAGE Error

!ENTRY org.eclipse.cdt.core 4 0 2026-02-26 11:28:35.032
!MESSAGE Error

!ENTRY org.eclipse.cdt.core 4 0 2026-02-26 11:28:35.032
!MESSAGE Error

!ENTRY org.eclipse.cdt.core 4 0 2026-02-26 11:28:35.033
!MESSAGE Error

!ENTRY org.eclipse.cdt.core 4 0 2026-02-26 11:28:35.033
!MESSAGE Error

!ENTRY org.eclipse.cdt.core 4 0 2026-02-26 11:28:35.033
!MESSAGE Error

!ENTRY org.eclipse.cdt.core 4 0 2026-02-26 11:28:35.034
!MESSAGE Error

!ENTRY org.eclipse.cdt.core 4 0 2026-02-26 11:28:35.034
!MESSAGE Error

!ENTRY org.eclipse.cdt.core 4 0 2026-02-26 11:28:35.034
!MESSAGE Error

!ENTRY org.eclipse.cdt.core 4 0 2026-02-26 11:28:35.034
!MESSAGE Error

!ENTRY org.eclipse.cdt.core 4 0 2026-02-26 11:28:35.034
!MESSAGE Error

!ENTRY org.eclipse.cdt.core 4 0 2026-02-26 11:28:35.034
!MESSAGE Error

!ENTRY org.eclipse.cdt.core 4 0 2026-02-26 11:28:35.035
!MESSAGE Error

!ENTRY org.eclipse.cdt.core 4 0 2026-02-26 11:28:35.035
!MESSAGE Error

!ENTRY org.eclipse.cdt.core 4 0 2026-02-26 11:28:35.035
!MESSAGE Error

!ENTRY org.eclipse.cdt.core 4 0 2026-02-26 11:28:35.035
!MESSAGE Error

!ENTRY org.eclipse.cdt.core 4 0 2026-02-26 11:28:35.035
!MESSAGE Error

!ENTRY org.eclipse.cdt.core 4 0 2026-02-26 11:28:35.035
!MESSAGE Error

!ENTRY org.eclipse.cdt.core 4 0 2026-02-26 11:28:35.035
!MESSAGE Error

!ENTRY org.eclipse.cdt.core 4 0 2026-02-26 11:28:35.036
!MESSAGE Error

!ENTRY org.eclipse.cdt.core 4 0 2026-02-26 11:28:35.036
!MESSAGE Error

!ENTRY org.eclipse.cdt.core 4 0 2026-02-26 11:28:35.036
!MESSAGE Error

!ENTRY org.eclipse.cdt.core 4 0 2026-02-26 11:28:35.036
!MESSAGE Error

!ENTRY org.eclipse.cdt.core 4 0 2026-02-26 11:28:35.036
!MESSAGE Error

!ENTRY org.eclipse.cdt.core 4 0 2026-02-26 11:28:35.036
!MESSAGE Error

!ENTRY org.eclipse.cdt.core 4 0 2026-02-26 11:28:35.037
!MESSAGE Error

!ENTRY org.eclipse.cdt.core 4 0 2026-02-26 11:28:35.037
!MESSAGE Error

!ENTRY org.eclipse.cdt.core 4 0 2026-02-26 11:28:35.037
!MESSAGE Error

!ENTRY org.eclipse.cdt.core 4 0 2026-02-26 11:28:35.037
!MESSAGE Error

!ENTRY org.eclipse.cdt.core 4 0 2026-02-26 11:28:35.037
!MESSAGE Error

!ENTRY org.eclipse.cdt.core 4 0 2026-02-26 11:28:35.037
!MESSAGE Error

!ENTRY org.eclipse.cdt.core 4 0 2026-02-26 11:28:35.038
!MESSAGE Error

!ENTRY org.eclipse.cdt.core 4 0 2026-02-26 11:28:35.039
!MESSAGE Error

!ENTRY org.eclipse.cdt.core 4 0 2026-02-26 11:28:35.039
!MESSAGE Error

!ENTRY org.eclipse.cdt.core 4 0 2026-02-26 11:28:35.039
!MESSAGE Error

!ENTRY org.eclipse.cdt.core 4 0 2026-02-26 11:28:35.040
!MESSAGE Error

!ENTRY org.eclipse.cdt.core 4 0 2026-02-26 11:28:35.040
!MESSAGE Error

!ENTRY org.eclipse.cdt.core 4 0 2026-02-26 11:28:35.040
!MESSAGE Error

!ENTRY org.eclipse.cdt.core 4 0 2026-02-26 11:28:35.041
!MESSAGE Error

!ENTRY org.eclipse.cdt.core 4 0 2026-02-26 11:28:35.041
!MESSAGE Error

!ENTRY org.eclipse.cdt.core 4 0 2026-02-26 11:28:35.041
!MESSAGE Error

!ENTRY org.eclipse.cdt.core 4 0 2026-02-26 11:28:38.585
!MESSAGE Error

!ENTRY org.eclipse.cdt.core 4 0 2026-02-26 11:28:38.588
!MESSAGE Error

!ENTRY org.eclipse.cdt.core 4 0 2026-02-26 11:28:38.589
!MESSAGE Error

!ENTRY org.eclipse.cdt.core 4 0 2026-02-26 11:28:38.589
!MESSAGE Error

!ENTRY org.eclipse.cdt.core 4 0 2026-02-26 11:28:38.589
!MESSAGE Error

!ENTRY org.eclipse.cdt.core 4 0 2026-02-26 11:28:38.589
!MESSAGE Error

!ENTRY org.eclipse.cdt.core 4 0 2026-02-26 11:28:38.590
!MESSAGE Error

!ENTRY org.eclipse.cdt.core 4 0 2026-02-26 11:28:38.590
!MESSAGE Error

!ENTRY org.eclipse.cdt.core 4 0 2026-02-26 11:28:38.590
!MESSAGE Error

!ENTRY org.eclipse.cdt.core 4 0 2026-02-26 11:28:38.590
!MESSAGE Error

!ENTRY org.eclipse.cdt.core 4 0 2026-02-26 11:28:38.590
!MESSAGE Error

!ENTRY org.eclipse.cdt.core 4 0 2026-02-26 11:28:38.590
!MESSAGE Error

!ENTRY org.eclipse.cdt.core 4 0 2026-02-26 11:28:38.591
!MESSAGE Error

!ENTRY org.eclipse.cdt.core 4 0 2026-02-26 11:28:38.591
!MESSAGE Error

!ENTRY org.eclipse.cdt.core 4 0 2026-02-26 11:28:38.591
!MESSAGE Error

!ENTRY org.eclipse.cdt.core 4 0 2026-02-26 11:28:38.591
!MESSAGE Error

!ENTRY org.eclipse.cdt.core 4 0 2026-02-26 11:28:38.591
!MESSAGE Error

!ENTRY org.eclipse.cdt.core 4 0 2026-02-26 11:28:38.591
!MESSAGE Error

!ENTRY org.eclipse.cdt.core 4 0 2026-02-26 11:28:38.592
!MESSAGE Error

!ENTRY org.eclipse.cdt.core 4 0 2026-02-26 11:28:38.592
!MESSAGE Error

!ENTRY org.eclipse.cdt.core 4 0 2026-02-26 11:28:38.592
!MESSAGE Error

!ENTRY org.eclipse.cdt.core 4 0 2026-02-26 11:28:38.593
!MESSAGE Error

!ENTRY org.eclipse.cdt.core 4 0 2026-02-26 11:28:38.593
!MESSAGE Error

!ENTRY org.eclipse.cdt.core 4 0 2026-02-26 11:28:38.593
!MESSAGE Error

!ENTRY org.eclipse.cdt.core 4 0 2026-02-26 11:28:38.594
!MESSAGE Error

!ENTRY org.eclipse.cdt.core 4 0 2026-02-26 11:28:38.594
!MESSAGE Error

!ENTRY org.eclipse.cdt.core 4 0 2026-02-26 11:28:38.595
!MESSAGE Error

!ENTRY org.eclipse.cdt.core 4 0 2026-02-26 11:28:38.595
!MESSAGE Error

!ENTRY org.eclipse.cdt.core 4 0 2026-02-26 11:28:38.595
!MESSAGE Error

!ENTRY org.eclipse.cdt.core 4 0 2026-02-26 11:28:38.596
!MESSAGE Error

!ENTRY org.eclipse.cdt.core 4 0 2026-02-26 11:28:38.596
!MESSAGE Error

!ENTRY org.eclipse.cdt.core 4 0 2026-02-26 11:28:38.596
!MESSAGE Error

!ENTRY org.eclipse.cdt.core 4 0 2026-02-26 11:28:38.597
!MESSAGE Error

!ENTRY org.eclipse.cdt.core 4 0 2026-02-26 11:28:38.597
!MESSAGE Error

!ENTRY org.eclipse.cdt.core 4 0 2026-02-26 11:28:38.598
!MESSAGE Error

!ENTRY org.eclipse.cdt.core 4 0 2026-02-26 11:28:38.599
!MESSAGE Error

!ENTRY org.eclipse.cdt.core 4 0 2026-02-26 11:28:38.599
!MESSAGE Error

!ENTRY org.eclipse.cdt.core 4 0 2026-02-26 11:28:38.599
!MESSAGE Error

!ENTRY org.eclipse.cdt.core 4 0 2026-02-26 11:28:38.600
!MESSAGE Error

!ENTRY org.eclipse.cdt.core 4 0 2026-02-26 11:28:38.600
!MESSAGE Error

!ENTRY org.eclipse.cdt.core 4 0 2026-02-26 11:28:38.600
!MESSAGE Error

!ENTRY org.eclipse.cdt.core 4 0 2026-02-26 11:28:38.601
!MESSAGE Error

!ENTRY org.eclipse.cdt.core 4 0 2026-02-26 11:28:38.601
!MESSAGE Error

!ENTRY org.eclipse.cdt.core 4 0 2026-02-26 11:28:38.601
!MESSAGE Error

!ENTRY org.eclipse.cdt.core 4 0 2026-02-26 11:28:38.601
!MESSAGE Error

!ENTRY org.eclipse.cdt.core 4 0 2026-02-26 11:28:38.602
!MESSAGE Error

!ENTRY org.eclipse.cdt.core 4 0 2026-02-26 11:28:38.602
!MESSAGE Error

!ENTRY org.eclipse.cdt.core 4 0 2026-02-26 11:28:38.602
!MESSAGE Error

!ENTRY org.eclipse.cdt.core 4 0 2026-02-26 11:28:38.602
!MESSAGE Error

!ENTRY org.eclipse.cdt.core 4 0 2026-02-26 11:28:49.700
!MESSAGE Error

!ENTRY org.eclipse.cdt.core 4 0 2026-02-26 11:28:49.704
!MESSAGE Error

!ENTRY org.eclipse.cdt.core 4 0 2026-02-26 11:28:49.707
!MESSAGE Error

!ENTRY org.eclipse.cdt.core 4 0 2026-02-26 11:28:49.707
!MESSAGE Error

!ENTRY org.eclipse.cdt.core 4 0 2026-02-26 11:28:49.707
!MESSAGE Error

!ENTRY org.eclipse.cdt.core 4 0 2026-02-26 11:28:49.708
!MESSAGE Error

!ENTRY org.eclipse.cdt.core 4 0 2026-02-26 11:28:49.708
!MESSAGE Error

!ENTRY org.eclipse.cdt.core 4 0 2026-02-26 11:28:49.709
!MESSAGE Error

!ENTRY org.eclipse.cdt.core 4 0 2026-02-26 11:28:49.709
!MESSAGE Error

!ENTRY org.eclipse.cdt.core 4 0 2026-02-26 11:28:49.709
!MESSAGE Error

!ENTRY org.eclipse.cdt.core 4 0 2026-02-26 11:28:49.710
!MESSAGE Error

!ENTRY org.eclipse.cdt.core 4 0 2026-02-26 11:28:49.710
!MESSAGE Error

!ENTRY org.eclipse.cdt.core 4 0 2026-02-26 11:28:49.710
!MESSAGE Error

!ENTRY org.eclipse.cdt.core 4 0 2026-02-26 11:28:49.711
!MESSAGE Error

!ENTRY org.eclipse.cdt.core 4 0 2026-02-26 11:28:49.711
!MESSAGE Error

!ENTRY org.eclipse.cdt.core 4 0 2026-02-26 11:28:49.711
!MESSAGE Error

!ENTRY org.eclipse.cdt.core 4 0 2026-02-26 11:28:49.712
!MESSAGE Error

!ENTRY org.eclipse.cdt.core 4 0 2026-02-26 11:28:49.712
!MESSAGE Error

!ENTRY org.eclipse.cdt.core 4 0 2026-02-26 11:28:49.713
!MESSAGE Error

!ENTRY org.eclipse.cdt.core 4 0 2026-02-26 11:28:49.713
!MESSAGE Error

!ENTRY org.eclipse.cdt.core 4 0 2026-02-26 11:28:49.713
!MESSAGE Error

!ENTRY org.eclipse.cdt.core 4 0 2026-02-26 11:28:49.714
!MESSAGE Error

!ENTRY org.eclipse.cdt.core 4 0 2026-02-26 11:28:49.714
!MESSAGE Error

!ENTRY org.eclipse.cdt.core 4 0 2026-02-26 11:28:49.714
!MESSAGE Error

!ENTRY org.eclipse.cdt.core 4 0 2026-02-26 11:28:49.715
!MESSAGE Error

!ENTRY org.eclipse.cdt.core 4 0 2026-02-26 11:28:49.715
!MESSAGE Error

!ENTRY org.eclipse.cdt.core 4 0 2026-02-26 11:28:49.716
!MESSAGE Error

!ENTRY org.eclipse.cdt.core 4 0 2026-02-26 11:28:49.716
!MESSAGE Error

!ENTRY org.eclipse.cdt.core 4 0 2026-02-26 11:28:49.716
!MESSAGE Error

!ENTRY org.eclipse.cdt.core 4 0 2026-02-26 11:28:49.716
!MESSAGE Error

!ENTRY org.eclipse.cdt.core 4 0 2026-02-26 11:28:49.716
!MESSAGE Error

!ENTRY org.eclipse.cdt.core 4 0 2026-02-26 11:28:49.716
!MESSAGE Error

!ENTRY org.eclipse.cdt.core 4 0 2026-02-26 11:28:49.716
!MESSAGE Error

!ENTRY org.eclipse.cdt.core 4 0 2026-02-26 11:28:49.716
!MESSAGE Error

!ENTRY org.eclipse.cdt.core 4 0 2026-02-26 11:28:49.716
!MESSAGE Error

!ENTRY org.eclipse.cdt.core 4 0 2026-02-26 11:28:49.717
!MESSAGE Error

!ENTRY org.eclipse.cdt.core 4 0 2026-02-26 11:28:49.717
!MESSAGE Error

!ENTRY org.eclipse.cdt.core 4 0 2026-02-26 11:28:49.717
!MESSAGE Error

!ENTRY org.eclipse.cdt.core 4 0 2026-02-26 11:28:49.717
!MESSAGE Error

!ENTRY org.eclipse.cdt.core 4 0 2026-02-26 11:28:49.717
!MESSAGE Error

!ENTRY org.eclipse.cdt.core 4 0 2026-02-26 11:28:49.717
!MESSAGE Error

!ENTRY org.eclipse.cdt.core 4 0 2026-02-26 11:28:49.718
!MESSAGE Error

!ENTRY org.eclipse.cdt.core 4 0 2026-02-26 11:28:49.718
!MESSAGE Error

!ENTRY org.eclipse.cdt.core 4 0 2026-02-26 11:28:49.718
!MESSAGE Error

!ENTRY org.eclipse.cdt.core 4 0 2026-02-26 11:28:49.718
!MESSAGE Error

!ENTRY org.eclipse.cdt.core 4 0 2026-02-26 11:28:49.718
!MESSAGE Error

!ENTRY org.eclipse.cdt.core 4 0 2026-02-26 11:29:24.583
!MESSAGE Error

!ENTRY org.eclipse.cdt.core 4 0 2026-02-26 11:29:35.659
!MESSAGE Error

!ENTRY org.eclipse.cdt.core 4 0 2026-02-26 11:29:35.663
!MESSAGE Error

!ENTRY org.eclipse.cdt.core 4 0 2026-02-26 11:29:35.664
!MESSAGE Error

!ENTRY org.eclipse.cdt.core 4 0 2026-02-26 11:29:35.664
!MESSAGE Error

!ENTRY org.eclipse.cdt.core 4 0 2026-02-26 11:29:35.665
!MESSAGE Error

!ENTRY org.eclipse.cdt.core 4 0 2026-02-26 11:29:35.665
!MESSAGE Error

!ENTRY org.eclipse.cdt.core 4 0 2026-02-26 11:29:35.665
!MESSAGE Error

!ENTRY org.eclipse.cdt.core 4 0 2026-02-26 11:29:35.666
!MESSAGE Error

!ENTRY org.eclipse.cdt.core 4 0 2026-02-26 11:29:35.666
!MESSAGE Error

!ENTRY org.eclipse.cdt.core 4 0 2026-02-26 11:29:35.666
!MESSAGE Error

!ENTRY org.eclipse.cdt.core 4 0 2026-02-26 11:29:35.666
!MESSAGE Error

!ENTRY org.eclipse.cdt.core 4 0 2026-02-26 11:29:35.666
!MESSAGE Error

!ENTRY org.eclipse.cdt.core 4 0 2026-02-26 11:29:35.666
!MESSAGE Error

!ENTRY org.eclipse.cdt.core 4 0 2026-02-26 11:29:35.666
!MESSAGE Error

!ENTRY org.eclipse.cdt.core 4 0 2026-02-26 11:29:35.667
!MESSAGE Error

!ENTRY org.eclipse.cdt.core 4 0 2026-02-26 11:29:35.667
!MESSAGE Error

!ENTRY org.eclipse.cdt.core 4 0 2026-02-26 11:29:35.667
!MESSAGE Error

!ENTRY org.eclipse.cdt.core 4 0 2026-02-26 11:29:35.667
!MESSAGE Error

!ENTRY org.eclipse.cdt.core 4 0 2026-02-26 11:29:35.667
!MESSAGE Error

!ENTRY org.eclipse.cdt.core 4 0 2026-02-26 11:29:35.667
!MESSAGE Error

!ENTRY org.eclipse.cdt.core 4 0 2026-02-26 11:29:35.668
!MESSAGE Error

!ENTRY org.eclipse.cdt.core 4 0 2026-02-26 11:29:35.668
!MESSAGE Error

!ENTRY org.eclipse.cdt.core 4 0 2026-02-26 11:29:35.668
!MESSAGE Error

!ENTRY org.eclipse.cdt.core 4 0 2026-02-26 11:29:35.668
!MESSAGE Error

!ENTRY org.eclipse.cdt.core 4 0 2026-02-26 11:29:35.668
!MESSAGE Error

!ENTRY org.eclipse.cdt.core 4 0 2026-02-26 11:29:35.668
!MESSAGE Error

!ENTRY org.eclipse.cdt.core 4 0 2026-02-26 11:29:35.668
!MESSAGE Error

!ENTRY org.eclipse.cdt.core 4 0 2026-02-26 11:29:35.669
!MESSAGE Error

!ENTRY org.eclipse.cdt.core 4 0 2026-02-26 11:29:35.669
!MESSAGE Error

!ENTRY org.eclipse.cdt.core 4 0 2026-02-26 11:29:35.669
!MESSAGE Error

!ENTRY org.eclipse.cdt.core 4 0 2026-02-26 11:29:35.669
!MESSAGE Error

!ENTRY org.eclipse.cdt.core 4 0 2026-02-26 11:29:35.669
!MESSAGE Error

!ENTRY org.eclipse.cdt.core 4 0 2026-02-26 11:29:35.669
!MESSAGE Error

!ENTRY org.eclipse.cdt.core 4 0 2026-02-26 11:29:35.669
!MESSAGE Error

!ENTRY org.eclipse.cdt.core 4 0 2026-02-26 11:29:35.669
!MESSAGE Error

!ENTRY org.eclipse.cdt.core 4 0 2026-02-26 11:29:35.669
!MESSAGE Error

!ENTRY org.eclipse.cdt.core 4 0 2026-02-26 11:29:35.670
!MESSAGE Error

!ENTRY org.eclipse.cdt.core 4 0 2026-02-26 11:29:35.670
!MESSAGE Error

!ENTRY org.eclipse.cdt.core 4 0 2026-02-26 11:29:35.670
!MESSAGE Error

!ENTRY org.eclipse.cdt.core 4 0 2026-02-26 11:29:35.670
!MESSAGE Error

!ENTRY org.eclipse.cdt.core 4 0 2026-02-26 11:29:35.670
!MESSAGE Error

!ENTRY org.eclipse.cdt.core 4 0 2026-02-26 11:29:35.670
!MESSAGE Error

!ENTRY org.eclipse.cdt.core 4 0 2026-02-26 11:29:35.670
!MESSAGE Error

!ENTRY org.eclipse.cdt.core 4 0 2026-02-26 11:29:35.671
!MESSAGE Error

!ENTRY org.eclipse.cdt.core 4 0 2026-02-26 11:29:35.704
!MESSAGE Error

!ENTRY org.eclipse.cdt.core 4 0 2026-02-26 11:29:35.707
!MESSAGE Error

!ENTRY org.eclipse.cdt.core 4 0 2026-02-26 11:29:48.304
!MESSAGE Error

!ENTRY org.eclipse.cdt.core 4 0 2026-02-26 11:29:48.308
!MESSAGE Error

!ENTRY org.eclipse.cdt.core 4 0 2026-02-26 11:29:48.309
!MESSAGE Error

!ENTRY org.eclipse.cdt.core 4 0 2026-02-26 11:29:48.309
!MESSAGE Error

!ENTRY org.eclipse.cdt.core 4 0 2026-02-26 11:29:48.309
!MESSAGE Error

!ENTRY org.eclipse.cdt.core 4 0 2026-02-26 11:29:48.309
!MESSAGE Error

!ENTRY org.eclipse.cdt.core 4 0 2026-02-26 11:29:48.309
!MESSAGE Error

!ENTRY org.eclipse.cdt.core 4 0 2026-02-26 11:29:48.310
!MESSAGE Error

!ENTRY org.eclipse.cdt.core 4 0 2026-02-26 11:29:48.310
!MESSAGE Error

!ENTRY org.eclipse.cdt.core 4 0 2026-02-26 11:29:48.310
!MESSAGE Error

!ENTRY org.eclipse.cdt.core 4 0 2026-02-26 11:29:48.310
!MESSAGE Error

!ENTRY org.eclipse.cdt.core 4 0 2026-02-26 11:29:48.310
!MESSAGE Error

!ENTRY org.eclipse.cdt.core 4 0 2026-02-26 11:29:48.310
!MESSAGE Error

!ENTRY org.eclipse.cdt.core 4 0 2026-02-26 11:29:48.311
!MESSAGE Error

!ENTRY org.eclipse.cdt.core 4 0 2026-02-26 11:29:48.311
!MESSAGE Error

!ENTRY org.eclipse.cdt.core 4 0 2026-02-26 11:29:48.311
!MESSAGE Error

!ENTRY org.eclipse.cdt.core 4 0 2026-02-26 11:29:48.311
!MESSAGE Error

!ENTRY org.eclipse.cdt.core 4 0 2026-02-26 11:29:48.311
!MESSAGE Error

!ENTRY org.eclipse.cdt.core 4 0 2026-02-26 11:29:48.312
!MESSAGE Error

!ENTRY org.eclipse.cdt.core 4 0 2026-02-26 11:29:48.312
!MESSAGE Error

!ENTRY org.eclipse.cdt.core 4 0 2026-02-26 11:29:48.312
!MESSAGE Error

!ENTRY org.eclipse.cdt.core 4 0 2026-02-26 11:29:48.312
!MESSAGE Error

!ENTRY org.eclipse.cdt.core 4 0 2026-02-26 11:29:48.312
!MESSAGE Error

!ENTRY org.eclipse.cdt.core 4 0 2026-02-26 11:29:48.312
!MESSAGE Error

!ENTRY org.eclipse.cdt.core 4 0 2026-02-26 11:29:48.313
!MESSAGE Error

!ENTRY org.eclipse.cdt.core 4 0 2026-02-26 11:29:48.313
!MESSAGE Error

!ENTRY org.eclipse.cdt.core 4 0 2026-02-26 11:29:48.313
!MESSAGE Error

!ENTRY org.eclipse.cdt.core 4 0 2026-02-26 11:29:48.313
!MESSAGE Error

!ENTRY org.eclipse.cdt.core 4 0 2026-02-26 11:29:48.313
!MESSAGE Error

!ENTRY org.eclipse.cdt.core 4 0 2026-02-26 11:29:48.313
!MESSAGE Error

!ENTRY org.eclipse.cdt.core 4 0 2026-02-26 11:29:48.314
!MESSAGE Error

!ENTRY org.eclipse.cdt.core 4 0 2026-02-26 11:29:48.314
!MESSAGE Error

!ENTRY org.eclipse.cdt.core 4 0 2026-02-26 11:29:48.314
!MESSAGE Error

!ENTRY org.eclipse.cdt.core 4 0 2026-02-26 11:29:48.315
!MESSAGE Error

!ENTRY org.eclipse.cdt.core 4 0 2026-02-26 11:29:48.315
!MESSAGE Error

!ENTRY org.eclipse.cdt.core 4 0 2026-02-26 11:29:48.315
!MESSAGE Error

!ENTRY org.eclipse.cdt.core 4 0 2026-02-26 11:29:48.315
!MESSAGE Error

!ENTRY org.eclipse.cdt.core 4 0 2026-02-26 11:29:48.315
!MESSAGE Error

!ENTRY org.eclipse.cdt.core 4 0 2026-02-26 11:29:48.315
!MESSAGE Error

!ENTRY org.eclipse.cdt.core 4 0 2026-02-26 11:29:48.315
!MESSAGE Error

!ENTRY org.eclipse.cdt.core 4 0 2026-02-26 11:29:48.316
!MESSAGE Error

!ENTRY org.eclipse.cdt.core 4 0 2026-02-26 11:29:48.316
!MESSAGE Error

!ENTRY org.eclipse.cdt.core 4 0 2026-02-26 11:29:48.316
!MESSAGE Error

!ENTRY org.eclipse.cdt.core 4 0 2026-02-26 11:29:48.316
!MESSAGE Error

!ENTRY org.eclipse.cdt.core 4 0 2026-02-26 11:29:53.368
!MESSAGE Error

!ENTRY org.eclipse.cdt.core 4 0 2026-02-26 11:29:53.378
!MESSAGE Error

!ENTRY org.eclipse.cdt.core 4 0 2026-02-26 11:29:53.379
!MESSAGE Error

!ENTRY org.eclipse.cdt.core 4 0 2026-02-26 11:29:53.380
!MESSAGE Error

!ENTRY org.eclipse.cdt.core 4 0 2026-02-26 11:29:53.380
!MESSAGE Error

!ENTRY org.eclipse.cdt.core 4 0 2026-02-26 11:29:53.380
!MESSAGE Error

!ENTRY org.eclipse.cdt.core 4 0 2026-02-26 11:29:53.381
!MESSAGE Error

!ENTRY org.eclipse.cdt.core 4 0 2026-02-26 11:29:53.382
!MESSAGE Error

!ENTRY org.eclipse.cdt.core 4 0 2026-02-26 11:29:53.382
!MESSAGE Error

!ENTRY org.eclipse.cdt.core 4 0 2026-02-26 11:29:53.382
!MESSAGE Error

!ENTRY org.eclipse.cdt.core 4 0 2026-02-26 11:29:53.383
!MESSAGE Error

!ENTRY org.eclipse.cdt.core 4 0 2026-02-26 11:29:53.383
!MESSAGE Error

!ENTRY org.eclipse.cdt.core 4 0 2026-02-26 11:29:53.384
!MESSAGE Error

!ENTRY org.eclipse.cdt.core 4 0 2026-02-26 11:29:53.384
!MESSAGE Error

!ENTRY org.eclipse.cdt.core 4 0 2026-02-26 11:29:53.385
!MESSAGE Error

!ENTRY org.eclipse.cdt.core 4 0 2026-02-26 11:29:53.385
!MESSAGE Error

!ENTRY org.eclipse.cdt.core 4 0 2026-02-26 11:29:53.385
!MESSAGE Error

!ENTRY org.eclipse.cdt.core 4 0 2026-02-26 11:29:53.385
!MESSAGE Error

!ENTRY org.eclipse.cdt.core 4 0 2026-02-26 11:29:53.386
!MESSAGE Error

!ENTRY org.eclipse.cdt.core 4 0 2026-02-26 11:29:53.386
!MESSAGE Error

!ENTRY org.eclipse.cdt.core 4 0 2026-02-26 11:29:53.387
!MESSAGE Error

!ENTRY org.eclipse.cdt.core 4 0 2026-02-26 11:29:53.387
!MESSAGE Error

!ENTRY org.eclipse.cdt.core 4 0 2026-02-26 11:29:53.387
!MESSAGE Error

!ENTRY org.eclipse.cdt.core 4 0 2026-02-26 11:29:53.388
!MESSAGE Error

!ENTRY org.eclipse.cdt.core 4 0 2026-02-26 11:29:53.389
!MESSAGE Error

!ENTRY org.eclipse.cdt.core 4 0 2026-02-26 11:29:53.389
!MESSAGE Error

!ENTRY org.eclipse.cdt.core 4 0 2026-02-26 11:29:53.389
!MESSAGE Error

!ENTRY org.eclipse.cdt.core 4 0 2026-02-26 11:29:53.390
!MESSAGE Error

!ENTRY org.eclipse.cdt.core 4 0 2026-02-26 11:29:53.390
!MESSAGE Error

!ENTRY org.eclipse.cdt.core 4 0 2026-02-26 11:29:53.390
!MESSAGE Error

!ENTRY org.eclipse.cdt.core 4 0 2026-02-26 11:29:53.391
!MESSAGE Error

!ENTRY org.eclipse.cdt.core 4 0 2026-02-26 11:29:53.391
!MESSAGE Error

!ENTRY org.eclipse.cdt.core 4 0 2026-02-26 11:29:53.392
!MESSAGE Error

!ENTRY org.eclipse.cdt.core 4 0 2026-02-26 11:29:53.392
!MESSAGE Error

!ENTRY org.eclipse.cdt.core 4 0 2026-02-26 11:29:53.392
!MESSAGE Error

!ENTRY org.eclipse.cdt.core 4 0 2026-02-26 11:29:53.393
!MESSAGE Error

!ENTRY org.eclipse.cdt.core 4 0 2026-02-26 11:29:53.393
!MESSAGE Error

!ENTRY org.eclipse.cdt.core 4 0 2026-02-26 11:29:53.393
!MESSAGE Error

!ENTRY org.eclipse.cdt.core 4 0 2026-02-26 11:29:53.394
!MESSAGE Error

!ENTRY org.eclipse.cdt.core 4 0 2026-02-26 11:29:53.394
!MESSAGE Error

!ENTRY org.eclipse.cdt.core 4 0 2026-02-26 11:29:53.394
!MESSAGE Error

!ENTRY org.eclipse.cdt.core 4 0 2026-02-26 11:29:53.394
!MESSAGE Error

!ENTRY org.eclipse.cdt.core 4 0 2026-02-26 11:29:53.395
!MESSAGE Error

!ENTRY org.eclipse.cdt.core 4 0 2026-02-26 11:29:53.395
!MESSAGE Error

!ENTRY org.eclipse.cdt.core 4 0 2026-02-26 11:29:58.946
!MESSAGE Error

!ENTRY org.eclipse.cdt.core 4 0 2026-02-26 11:29:58.949
!MESSAGE Error

!ENTRY org.eclipse.cdt.core 4 0 2026-02-26 11:29:59.451
!MESSAGE Error

!ENTRY org.eclipse.cdt.core 4 0 2026-02-26 11:29:59.455
!MESSAGE Error

!ENTRY org.eclipse.cdt.core 4 0 2026-02-26 11:29:59.456
!MESSAGE Error

!ENTRY org.eclipse.cdt.core 4 0 2026-02-26 11:29:59.456
!MESSAGE Error

!ENTRY org.eclipse.cdt.core 4 0 2026-02-26 11:29:59.456
!MESSAGE Error

!ENTRY org.eclipse.cdt.core 4 0 2026-02-26 11:29:59.456
!MESSAGE Error

!ENTRY org.eclipse.cdt.core 4 0 2026-02-26 11:29:59.456
!MESSAGE Error

!ENTRY org.eclipse.cdt.core 4 0 2026-02-26 11:29:59.456
!MESSAGE Error

!ENTRY org.eclipse.cdt.core 4 0 2026-02-26 11:29:59.457
!MESSAGE Error

!ENTRY org.eclipse.cdt.core 4 0 2026-02-26 11:29:59.457
!MESSAGE Error

!ENTRY org.eclipse.cdt.core 4 0 2026-02-26 11:29:59.457
!MESSAGE Error

!ENTRY org.eclipse.cdt.core 4 0 2026-02-26 11:29:59.457
!MESSAGE Error

!ENTRY org.eclipse.cdt.core 4 0 2026-02-26 11:29:59.457
!MESSAGE Error

!ENTRY org.eclipse.cdt.core 4 0 2026-02-26 11:29:59.457
!MESSAGE Error

!ENTRY org.eclipse.cdt.core 4 0 2026-02-26 11:29:59.458
!MESSAGE Error

!ENTRY org.eclipse.cdt.core 4 0 2026-02-26 11:29:59.458
!MESSAGE Error

!ENTRY org.eclipse.cdt.core 4 0 2026-02-26 11:29:59.458
!MESSAGE Error

!ENTRY org.eclipse.cdt.core 4 0 2026-02-26 11:29:59.458
!MESSAGE Error

!ENTRY org.eclipse.cdt.core 4 0 2026-02-26 11:29:59.458
!MESSAGE Error

!ENTRY org.eclipse.cdt.core 4 0 2026-02-26 11:29:59.458
!MESSAGE Error

!ENTRY org.eclipse.cdt.core 4 0 2026-02-26 11:29:59.458
!MESSAGE Error

!ENTRY org.eclipse.cdt.core 4 0 2026-02-26 11:29:59.466
!MESSAGE Error

!ENTRY org.eclipse.cdt.core 4 0 2026-02-26 11:29:59.466
!MESSAGE Error

!ENTRY org.eclipse.cdt.core 4 0 2026-02-26 11:29:59.467
!MESSAGE Error

!ENTRY org.eclipse.cdt.core 4 0 2026-02-26 11:29:59.467
!MESSAGE Error

!ENTRY org.eclipse.cdt.core 4 0 2026-02-26 11:29:59.467
!MESSAGE Error

!ENTRY org.eclipse.cdt.core 4 0 2026-02-26 11:29:59.467
!MESSAGE Error

!ENTRY org.eclipse.cdt.core 4 0 2026-02-26 11:29:59.467
!MESSAGE Error

!ENTRY org.eclipse.cdt.core 4 0 2026-02-26 11:29:59.468
!MESSAGE Error

!ENTRY org.eclipse.cdt.core 4 0 2026-02-26 11:29:59.468
!MESSAGE Error

!ENTRY org.eclipse.cdt.core 4 0 2026-02-26 11:29:59.468
!MESSAGE Error

!ENTRY org.eclipse.cdt.core 4 0 2026-02-26 11:29:59.468
!MESSAGE Error

!ENTRY org.eclipse.cdt.core 4 0 2026-02-26 11:29:59.468
!MESSAGE Error

!ENTRY org.eclipse.cdt.core 4 0 2026-02-26 11:29:59.468
!MESSAGE Error

!ENTRY org.eclipse.cdt.core 4 0 2026-02-26 11:29:59.469
!MESSAGE Error

!ENTRY org.eclipse.cdt.core 4 0 2026-02-26 11:29:59.469
!MESSAGE Error

!ENTRY org.eclipse.cdt.core 4 0 2026-02-26 11:29:59.469
!MESSAGE Error

!ENTRY org.eclipse.cdt.core 4 0 2026-02-26 11:29:59.469
!MESSAGE Error

!ENTRY org.eclipse.cdt.core 4 0 2026-02-26 11:29:59.469
!MESSAGE Error

!ENTRY org.eclipse.cdt.core 4 0 2026-02-26 11:29:59.469
!MESSAGE Error

!ENTRY org.eclipse.cdt.core 4 0 2026-02-26 11:29:59.470
!MESSAGE Error

!ENTRY org.eclipse.cdt.core 4 0 2026-02-26 11:29:59.470
!MESSAGE Error

!ENTRY org.eclipse.cdt.core 4 0 2026-02-26 11:29:59.470
!MESSAGE Error

!ENTRY org.eclipse.cdt.core 4 0 2026-02-26 11:29:59.470
!MESSAGE Error

!ENTRY com.ti.ccstudio.errorparser 4 0 2026-02-26 11:30:00.728
!MESSAGE An internal error was logged by 'com.ti.ccstudio.errorparser'.
!STACK 0
org.jsoup.HttpStatusException: HTTP error fetching URL. Status=421, URL=https://processors.wiki.ti.com/index.php/Compiler/diagnostic_messages/
	at org.jsoup.helper.HttpConnection$Response.execute(HttpConnection.java:590)
	at org.jsoup.helper.HttpConnection$Response.execute(HttpConnection.java:587)
	at org.jsoup.helper.HttpConnection$Response.execute(HttpConnection.java:540)
	at org.jsoup.helper.HttpConnection.execute(HttpConnection.java:227)
	at org.jsoup.helper.HttpConnection.get(HttpConnection.java:216)
	at com.ti.ccstudio.errorparser.parsers.PatternProvider$PatternData.fillup(PatternProvider.java:261)
	at com.ti.ccstudio.errorparser.parsers.PatternProvider$PatternData.findMatch(PatternProvider.java:145)
	at com.ti.ccstudio.errorparser.parsers.PatternProvider.getEmdUrl(PatternProvider.java:465)
	at com.ti.ccstudio.errorparser.parsers.ErrorPattern.recordError(ErrorPattern.java:77)
	at com.ti.ccstudio.errorparser.parsers.CoffErrorParser.processPendingMesg(CoffErrorParser.java:259)
	at com.ti.ccstudio.errorparser.parsers.CoffErrorParser.doProcessLine(CoffErrorParser.java:103)
	at com.ti.ccstudio.errorparser.parsers.BaseErrorParser.processLine(BaseErrorParser.java:307)
	at org.eclipse.cdt.core.ErrorParserManager.processLine(ErrorParserManager.java:354)
	at org.eclipse.cdt.core.ErrorParserManager.checkLine(ErrorParserManager.java:688)
	at org.eclipse.cdt.core.ErrorParserManager.write(ErrorParserManager.java:672)
	at org.eclipse.cdt.internal.core.StreamProgressMonitor.write(StreamProgressMonitor.java:101)
	at java.io.OutputStream.write(OutputStream.java:75)
	at com.ti.ccstudio.project.core.internal.build.temp.ProcessClosure$SynchronizedOutputStream.write(ProcessClosure.java:215)
	at com.ti.ccstudio.project.core.internal.build.temp.ProcessClosure$ReaderThread.run(ProcessClosure.java:88)

!ENTRY org.eclipse.cdt.core 4 0 2026-02-26 11:30:03.580
!MESSAGE Error

!ENTRY org.eclipse.cdt.core 4 0 2026-02-26 11:30:10.799
!MESSAGE Error

!ENTRY org.eclipse.cdt.core 4 0 2026-02-26 11:30:10.807
!MESSAGE Error

!ENTRY org.eclipse.cdt.core 4 0 2026-02-26 11:34:36.655
!MESSAGE Error

!ENTRY org.eclipse.cdt.core 4 0 2026-02-26 11:34:36.688
!MESSAGE Error

!ENTRY org.eclipse.cdt.core 4 0 2026-02-26 11:34:36.697
!MESSAGE Error

!ENTRY org.eclipse.cdt.core 4 0 2026-02-26 11:34:37.138
!MESSAGE Error

!ENTRY org.eclipse.cdt.core 4 0 2026-02-26 11:34:37.155
!MESSAGE Error

!ENTRY org.eclipse.cdt.core 4 0 2026-02-26 11:34:37.226
!MESSAGE Error

!ENTRY org.eclipse.cdt.core 4 0 2026-02-26 11:34:37.232
!MESSAGE Error

!ENTRY org.eclipse.cdt.core 4 0 2026-02-26 11:34:37.235
!MESSAGE Error

!ENTRY org.eclipse.cdt.core 4 0 2026-02-26 11:34:37.235
!MESSAGE Error

!ENTRY org.eclipse.cdt.core 4 0 2026-02-26 11:34:37.236
!MESSAGE Error

!ENTRY org.eclipse.cdt.core 4 0 2026-02-26 11:34:37.236
!MESSAGE Error

!ENTRY org.eclipse.cdt.core 4 0 2026-02-26 11:34:37.237
!MESSAGE Error

!ENTRY org.eclipse.cdt.core 4 0 2026-02-26 11:34:37.237
!MESSAGE Error

!ENTRY org.eclipse.cdt.core 4 0 2026-02-26 11:34:37.238
!MESSAGE Error

!ENTRY org.eclipse.cdt.core 4 0 2026-02-26 11:34:37.238
!MESSAGE Error

!ENTRY org.eclipse.cdt.core 4 0 2026-02-26 11:34:37.238
!MESSAGE Error

!ENTRY org.eclipse.cdt.core 4 0 2026-02-26 11:34:37.239
!MESSAGE Error

!ENTRY org.eclipse.cdt.core 4 0 2026-02-26 11:34:37.239
!MESSAGE Error

!ENTRY org.eclipse.cdt.core 4 0 2026-02-26 11:34:37.239
!MESSAGE Error

!ENTRY org.eclipse.cdt.core 4 0 2026-02-26 11:34:37.240
!MESSAGE Error

!ENTRY org.eclipse.cdt.core 4 0 2026-02-26 11:34:37.240
!MESSAGE Error

!ENTRY org.eclipse.cdt.core 4 0 2026-02-26 11:34:37.241
!MESSAGE Error

!ENTRY org.eclipse.cdt.core 4 0 2026-02-26 11:34:37.241
!MESSAGE Error

!ENTRY org.eclipse.cdt.core 4 0 2026-02-26 11:34:37.242
!MESSAGE Error

!ENTRY org.eclipse.cdt.core 4 0 2026-02-26 11:34:37.242
!MESSAGE Error

!ENTRY org.eclipse.cdt.core 4 0 2026-02-26 11:34:37.242
!MESSAGE Error

!ENTRY org.eclipse.cdt.core 4 0 2026-02-26 11:34:37.242
!MESSAGE Error

!ENTRY org.eclipse.cdt.core 4 0 2026-02-26 11:34:37.243
!MESSAGE Error

!ENTRY org.eclipse.cdt.core 4 0 2026-02-26 11:34:37.243
!MESSAGE Error

!ENTRY org.eclipse.cdt.core 4 0 2026-02-26 11:34:37.244
!MESSAGE Error

!ENTRY org.eclipse.cdt.core 4 0 2026-02-26 11:34:37.244
!MESSAGE Error

!ENTRY org.eclipse.cdt.core 4 0 2026-02-26 11:34:37.244
!MESSAGE Error

!ENTRY org.eclipse.cdt.core 4 0 2026-02-26 11:34:37.245
!MESSAGE Error

!ENTRY org.eclipse.cdt.core 4 0 2026-02-26 11:34:37.245
!MESSAGE Error

!ENTRY org.eclipse.cdt.core 4 0 2026-02-26 11:34:37.245
!MESSAGE Error

!ENTRY org.eclipse.cdt.core 4 0 2026-02-26 11:34:37.246
!MESSAGE Error

!ENTRY org.eclipse.cdt.core 4 0 2026-02-26 11:34:37.246
!MESSAGE Error

!ENTRY org.eclipse.cdt.core 4 0 2026-02-26 11:34:37.246
!MESSAGE Error

!ENTRY org.eclipse.cdt.core 4 0 2026-02-26 11:34:37.247
!MESSAGE Error

!ENTRY org.eclipse.cdt.core 4 0 2026-02-26 11:34:37.247
!MESSAGE Error

!ENTRY org.eclipse.cdt.core 4 0 2026-02-26 11:34:37.247
!MESSAGE Error

!ENTRY org.eclipse.cdt.core 4 0 2026-02-26 11:34:37.248
!MESSAGE Error

!ENTRY org.eclipse.cdt.core 4 0 2026-02-26 11:34:37.248
!MESSAGE Error

!ENTRY org.eclipse.cdt.core 4 0 2026-02-26 11:34:37.248
!MESSAGE Error

!ENTRY org.eclipse.cdt.core 4 0 2026-02-26 11:34:37.249
!MESSAGE Error

!ENTRY org.eclipse.cdt.core 4 0 2026-02-26 11:34:37.249
!MESSAGE Error

!ENTRY org.eclipse.cdt.core 4 0 2026-02-26 11:34:37.249
!MESSAGE Error

!ENTRY org.eclipse.cdt.core 4 0 2026-02-26 11:34:37.250
!MESSAGE Error

!ENTRY org.eclipse.cdt.core 4 0 2026-02-26 11:34:37.250
!MESSAGE Error

!ENTRY org.eclipse.cdt.core 4 0 2026-02-26 11:35:16.597
!MESSAGE Error

!ENTRY org.eclipse.cdt.core 4 0 2026-02-26 11:35:16.604
!MESSAGE Error

!ENTRY org.eclipse.cdt.core 4 0 2026-02-26 11:35:16.607
!MESSAGE Error

!ENTRY org.eclipse.cdt.core 4 0 2026-02-26 11:35:16.607
!MESSAGE Error

!ENTRY org.eclipse.cdt.core 4 0 2026-02-26 11:35:16.608
!MESSAGE Error

!ENTRY org.eclipse.cdt.core 4 0 2026-02-26 11:35:16.609
!MESSAGE Error

!ENTRY org.eclipse.cdt.core 4 0 2026-02-26 11:35:16.609
!MESSAGE Error

!ENTRY org.eclipse.cdt.core 4 0 2026-02-26 11:35:16.609
!MESSAGE Error

!ENTRY org.eclipse.cdt.core 4 0 2026-02-26 11:35:16.610
!MESSAGE Error

!ENTRY org.eclipse.cdt.core 4 0 2026-02-26 11:35:16.610
!MESSAGE Error

!ENTRY org.eclipse.cdt.core 4 0 2026-02-26 11:35:16.610
!MESSAGE Error

!ENTRY org.eclipse.cdt.core 4 0 2026-02-26 11:35:16.611
!MESSAGE Error

!ENTRY org.eclipse.cdt.core 4 0 2026-02-26 11:35:16.611
!MESSAGE Error

!ENTRY org.eclipse.cdt.core 4 0 2026-02-26 11:35:16.612
!MESSAGE Error

!ENTRY org.eclipse.cdt.core 4 0 2026-02-26 11:35:16.612
!MESSAGE Error

!ENTRY org.eclipse.cdt.core 4 0 2026-02-26 11:35:16.612
!MESSAGE Error

!ENTRY org.eclipse.cdt.core 4 0 2026-02-26 11:35:16.612
!MESSAGE Error

!ENTRY org.eclipse.cdt.core 4 0 2026-02-26 11:35:16.612
!MESSAGE Error

!ENTRY org.eclipse.cdt.core 4 0 2026-02-26 11:35:16.614
!MESSAGE Error

!ENTRY org.eclipse.cdt.core 4 0 2026-02-26 11:35:16.614
!MESSAGE Error

!ENTRY org.eclipse.cdt.core 4 0 2026-02-26 11:35:16.614
!MESSAGE Error

!ENTRY org.eclipse.cdt.core 4 0 2026-02-26 11:35:16.614
!MESSAGE Error

!ENTRY org.eclipse.cdt.core 4 0 2026-02-26 11:35:16.614
!MESSAGE Error

!ENTRY org.eclipse.cdt.core 4 0 2026-02-26 11:35:16.615
!MESSAGE Error

!ENTRY org.eclipse.cdt.core 4 0 2026-02-26 11:35:16.615
!MESSAGE Error

!ENTRY org.eclipse.cdt.core 4 0 2026-02-26 11:35:16.615
!MESSAGE Error

!ENTRY org.eclipse.cdt.core 4 0 2026-02-26 11:35:16.615
!MESSAGE Error

!ENTRY org.eclipse.cdt.core 4 0 2026-02-26 11:35:16.615
!MESSAGE Error

!ENTRY org.eclipse.cdt.core 4 0 2026-02-26 11:35:16.615
!MESSAGE Error

!ENTRY org.eclipse.cdt.core 4 0 2026-02-26 11:35:16.615
!MESSAGE Error

!ENTRY org.eclipse.cdt.core 4 0 2026-02-26 11:35:16.616
!MESSAGE Error

!ENTRY org.eclipse.cdt.core 4 0 2026-02-26 11:35:16.616
!MESSAGE Error

!ENTRY org.eclipse.cdt.core 4 0 2026-02-26 11:35:16.617
!MESSAGE Error

!ENTRY org.eclipse.cdt.core 4 0 2026-02-26 11:35:16.617
!MESSAGE Error

!ENTRY org.eclipse.cdt.core 4 0 2026-02-26 11:35:16.617
!MESSAGE Error

!ENTRY org.eclipse.cdt.core 4 0 2026-02-26 11:35:16.617
!MESSAGE Error

!ENTRY org.eclipse.cdt.core 4 0 2026-02-26 11:35:16.617
!MESSAGE Error

!ENTRY org.eclipse.cdt.core 4 0 2026-02-26 11:35:16.617
!MESSAGE Error

!ENTRY org.eclipse.cdt.core 4 0 2026-02-26 11:35:16.618
!MESSAGE Error

!ENTRY org.eclipse.cdt.core 4 0 2026-02-26 11:35:16.618
!MESSAGE Error

!ENTRY org.eclipse.cdt.core 4 0 2026-02-26 11:35:16.618
!MESSAGE Error

!ENTRY org.eclipse.cdt.core 4 0 2026-02-26 11:35:16.619
!MESSAGE Error

!ENTRY org.eclipse.cdt.core 4 0 2026-02-26 11:35:16.619
!MESSAGE Error

!ENTRY org.eclipse.cdt.core 4 0 2026-02-26 11:35:16.619
!MESSAGE Error

!ENTRY org.eclipse.cdt.core 4 0 2026-02-26 11:35:17.025
!MESSAGE Error

!ENTRY org.eclipse.cdt.core 4 0 2026-02-26 11:35:17.030
!MESSAGE Error

!ENTRY org.eclipse.cdt.core 4 0 2026-02-26 11:35:18.870
!MESSAGE Error

!ENTRY org.eclipse.cdt.core 4 0 2026-02-26 11:35:18.870
!MESSAGE Error

!ENTRY org.eclipse.cdt.core 4 0 2026-02-26 11:38:32.996
!MESSAGE Error

!ENTRY org.eclipse.cdt.core 4 0 2026-02-26 11:38:33.000
!MESSAGE Error

!ENTRY org.eclipse.cdt.core 4 0 2026-02-26 11:38:33.001
!MESSAGE Error

!ENTRY org.eclipse.cdt.core 4 0 2026-02-26 11:38:33.001
!MESSAGE Error

!ENTRY org.eclipse.cdt.core 4 0 2026-02-26 11:38:33.001
!MESSAGE Error

!ENTRY org.eclipse.cdt.core 4 0 2026-02-26 11:38:33.002
!MESSAGE Error

!ENTRY org.eclipse.cdt.core 4 0 2026-02-26 11:38:33.002
!MESSAGE Error

!ENTRY org.eclipse.cdt.core 4 0 2026-02-26 11:38:33.002
!MESSAGE Error

!ENTRY org.eclipse.cdt.core 4 0 2026-02-26 11:38:33.002
!MESSAGE Error

!ENTRY org.eclipse.cdt.core 4 0 2026-02-26 11:38:33.002
!MESSAGE Error

!ENTRY org.eclipse.cdt.core 4 0 2026-02-26 11:38:33.003
!MESSAGE Error

!ENTRY org.eclipse.cdt.core 4 0 2026-02-26 11:38:33.003
!MESSAGE Error

!ENTRY org.eclipse.cdt.core 4 0 2026-02-26 11:38:33.003
!MESSAGE Error

!ENTRY org.eclipse.cdt.core 4 0 2026-02-26 11:38:33.003
!MESSAGE Error

!ENTRY org.eclipse.cdt.core 4 0 2026-02-26 11:38:33.003
!MESSAGE Error

!ENTRY org.eclipse.cdt.core 4 0 2026-02-26 11:38:33.003
!MESSAGE Error

!ENTRY org.eclipse.cdt.core 4 0 2026-02-26 11:38:33.004
!MESSAGE Error

!ENTRY org.eclipse.cdt.core 4 0 2026-02-26 11:38:33.004
!MESSAGE Error

!ENTRY org.eclipse.cdt.core 4 0 2026-02-26 11:38:33.004
!MESSAGE Error

!ENTRY org.eclipse.cdt.core 4 0 2026-02-26 11:38:33.005
!MESSAGE Error

!ENTRY org.eclipse.cdt.core 4 0 2026-02-26 11:38:33.005
!MESSAGE Error

!ENTRY org.eclipse.cdt.core 4 0 2026-02-26 11:38:33.005
!MESSAGE Error

!ENTRY org.eclipse.cdt.core 4 0 2026-02-26 11:38:33.005
!MESSAGE Error

!ENTRY org.eclipse.cdt.core 4 0 2026-02-26 11:38:33.005
!MESSAGE Error

!ENTRY org.eclipse.cdt.core 4 0 2026-02-26 11:38:33.005
!MESSAGE Error

!ENTRY org.eclipse.cdt.core 4 0 2026-02-26 11:38:33.006
!MESSAGE Error

!ENTRY org.eclipse.cdt.core 4 0 2026-02-26 11:38:33.006
!MESSAGE Error

!ENTRY org.eclipse.cdt.core 4 0 2026-02-26 11:38:33.006
!MESSAGE Error

!ENTRY org.eclipse.cdt.core 4 0 2026-02-26 11:38:33.006
!MESSAGE Error

!ENTRY org.eclipse.cdt.core 4 0 2026-02-26 11:38:33.006
!MESSAGE Error

!ENTRY org.eclipse.cdt.core 4 0 2026-02-26 11:38:33.007
!MESSAGE Error

!ENTRY org.eclipse.cdt.core 4 0 2026-02-26 11:38:33.007
!MESSAGE Error

!ENTRY org.eclipse.cdt.core 4 0 2026-02-26 11:38:33.007
!MESSAGE Error

!ENTRY org.eclipse.cdt.core 4 0 2026-02-26 11:38:33.007
!MESSAGE Error

!ENTRY org.eclipse.cdt.core 4 0 2026-02-26 11:38:33.007
!MESSAGE Error

!ENTRY org.eclipse.cdt.core 4 0 2026-02-26 11:38:33.007
!MESSAGE Error

!ENTRY org.eclipse.cdt.core 4 0 2026-02-26 11:38:33.007
!MESSAGE Error

!ENTRY org.eclipse.cdt.core 4 0 2026-02-26 11:38:33.008
!MESSAGE Error

!ENTRY org.eclipse.cdt.core 4 0 2026-02-26 11:38:33.008
!MESSAGE Error

!ENTRY org.eclipse.cdt.core 4 0 2026-02-26 11:38:33.008
!MESSAGE Error

!ENTRY org.eclipse.cdt.core 4 0 2026-02-26 11:38:33.008
!MESSAGE Error

!ENTRY org.eclipse.cdt.core 4 0 2026-02-26 11:38:33.008
!MESSAGE Error

!ENTRY org.eclipse.cdt.core 4 0 2026-02-26 11:38:33.008
!MESSAGE Error

!ENTRY org.eclipse.cdt.core 4 0 2026-02-26 11:38:33.009
!MESSAGE Error

!ENTRY org.eclipse.cdt.core 4 0 2026-02-26 11:38:33.009
!MESSAGE Error

!ENTRY org.eclipse.cdt.core 4 0 2026-02-26 11:38:33.009
!MESSAGE Error

!ENTRY org.eclipse.cdt.core 4 0 2026-02-26 11:38:33.010
!MESSAGE Error

!ENTRY org.eclipse.cdt.core 4 0 2026-02-26 11:38:33.010
!MESSAGE Error

!ENTRY org.eclipse.cdt.core 4 0 2026-02-26 11:38:33.010
!MESSAGE Error

!ENTRY org.eclipse.cdt.core 4 0 2026-02-26 11:38:33.010
!MESSAGE Error

!ENTRY org.eclipse.cdt.core 4 0 2026-02-26 11:38:33.010
!MESSAGE Error

!ENTRY org.eclipse.cdt.core 4 0 2026-02-26 11:38:33.011
!MESSAGE Error

!ENTRY org.eclipse.cdt.core 4 0 2026-02-26 11:38:33.011
!MESSAGE Error

!ENTRY org.eclipse.cdt.core 4 0 2026-02-26 11:38:33.011
!MESSAGE Error

!ENTRY org.eclipse.cdt.core 4 0 2026-02-26 11:38:33.011
!MESSAGE Error

!ENTRY org.eclipse.cdt.core 4 0 2026-02-26 11:38:33.011
!MESSAGE Error

!ENTRY org.eclipse.cdt.core 4 0 2026-02-26 11:38:33.012
!MESSAGE Error

!ENTRY org.eclipse.cdt.core 4 0 2026-02-26 11:38:33.012
!MESSAGE Error

!ENTRY org.eclipse.cdt.core 4 0 2026-02-26 11:38:33.012
!MESSAGE Error

!ENTRY org.eclipse.cdt.core 4 0 2026-02-26 11:38:33.012
!MESSAGE Error

!ENTRY org.eclipse.cdt.core 4 0 2026-02-26 11:38:33.012
!MESSAGE Error

!ENTRY org.eclipse.cdt.core 4 0 2026-02-26 11:38:33.012
!MESSAGE Error

!ENTRY org.eclipse.cdt.core 4 0 2026-02-26 11:38:33.071
!MESSAGE Error

!ENTRY org.eclipse.cdt.core 4 0 2026-02-26 11:38:33.074
!MESSAGE Error

!ENTRY org.eclipse.cdt.core 4 0 2026-02-26 11:38:36.552
!MESSAGE Error

!ENTRY org.eclipse.cdt.core 4 0 2026-02-26 11:38:36.557
!MESSAGE Error

!ENTRY org.eclipse.cdt.core 4 0 2026-02-26 11:38:36.560
!MESSAGE Error

!ENTRY org.eclipse.cdt.core 4 0 2026-02-26 11:38:36.560
!MESSAGE Error

!ENTRY org.eclipse.cdt.core 4 0 2026-02-26 11:38:36.561
!MESSAGE Error

!ENTRY org.eclipse.cdt.core 4 0 2026-02-26 11:38:36.561
!MESSAGE Error

!ENTRY org.eclipse.cdt.core 4 0 2026-02-26 11:38:36.562
!MESSAGE Error

!ENTRY org.eclipse.cdt.core 4 0 2026-02-26 11:38:36.562
!MESSAGE Error

!ENTRY org.eclipse.cdt.core 4 0 2026-02-26 11:38:36.562
!MESSAGE Error

!ENTRY org.eclipse.cdt.core 4 0 2026-02-26 11:38:36.562
!MESSAGE Error

!ENTRY org.eclipse.cdt.core 4 0 2026-02-26 11:38:36.563
!MESSAGE Error

!ENTRY org.eclipse.cdt.core 4 0 2026-02-26 11:38:36.563
!MESSAGE Error

!ENTRY org.eclipse.cdt.core 4 0 2026-02-26 11:38:36.564
!MESSAGE Error

!ENTRY org.eclipse.cdt.core 4 0 2026-02-26 11:38:36.564
!MESSAGE Error

!ENTRY org.eclipse.cdt.core 4 0 2026-02-26 11:38:36.564
!MESSAGE Error

!ENTRY org.eclipse.cdt.core 4 0 2026-02-26 11:38:36.566
!MESSAGE Error

!ENTRY org.eclipse.cdt.core 4 0 2026-02-26 11:38:36.566
!MESSAGE Error

!ENTRY org.eclipse.cdt.core 4 0 2026-02-26 11:38:36.567
!MESSAGE Error

!ENTRY org.eclipse.cdt.core 4 0 2026-02-26 11:38:36.567
!MESSAGE Error

!ENTRY org.eclipse.cdt.core 4 0 2026-02-26 11:38:36.567
!MESSAGE Error

!ENTRY org.eclipse.cdt.core 4 0 2026-02-26 11:38:36.568
!MESSAGE Error

!ENTRY org.eclipse.cdt.core 4 0 2026-02-26 11:38:36.568
!MESSAGE Error

!ENTRY org.eclipse.cdt.core 4 0 2026-02-26 11:38:36.569
!MESSAGE Error

!ENTRY org.eclipse.cdt.core 4 0 2026-02-26 11:38:36.569
!MESSAGE Error

!ENTRY org.eclipse.cdt.core 4 0 2026-02-26 11:38:36.570
!MESSAGE Error

!ENTRY org.eclipse.cdt.core 4 0 2026-02-26 11:38:36.570
!MESSAGE Error

!ENTRY org.eclipse.cdt.core 4 0 2026-02-26 11:38:36.571
!MESSAGE Error

!ENTRY org.eclipse.cdt.core 4 0 2026-02-26 11:38:36.571
!MESSAGE Error

!ENTRY org.eclipse.cdt.core 4 0 2026-02-26 11:38:36.571
!MESSAGE Error

!ENTRY org.eclipse.cdt.core 4 0 2026-02-26 11:38:36.572
!MESSAGE Error

!ENTRY org.eclipse.cdt.core 4 0 2026-02-26 11:38:36.572
!MESSAGE Error

!ENTRY org.eclipse.cdt.core 4 0 2026-02-26 11:38:36.572
!MESSAGE Error

!ENTRY org.eclipse.cdt.core 4 0 2026-02-26 11:38:36.573
!MESSAGE Error

!ENTRY org.eclipse.cdt.core 4 0 2026-02-26 11:38:36.573
!MESSAGE Error

!ENTRY org.eclipse.cdt.core 4 0 2026-02-26 11:38:36.574
!MESSAGE Error

!ENTRY org.eclipse.cdt.core 4 0 2026-02-26 11:38:36.574
!MESSAGE Error

!ENTRY org.eclipse.cdt.core 4 0 2026-02-26 11:38:36.575
!MESSAGE Error

!ENTRY org.eclipse.cdt.core 4 0 2026-02-26 11:38:36.575
!MESSAGE Error

!ENTRY org.eclipse.cdt.core 4 0 2026-02-26 11:38:36.576
!MESSAGE Error

!ENTRY org.eclipse.cdt.core 4 0 2026-02-26 11:38:36.576
!MESSAGE Error

!ENTRY org.eclipse.cdt.core 4 0 2026-02-26 11:38:36.576
!MESSAGE Error

!ENTRY org.eclipse.cdt.core 4 0 2026-02-26 11:38:36.577
!MESSAGE Error

!ENTRY org.eclipse.cdt.core 4 0 2026-02-26 11:38:36.577
!MESSAGE Error

!ENTRY org.eclipse.cdt.core 4 0 2026-02-26 11:38:36.577
!MESSAGE Error

!ENTRY org.eclipse.cdt.core 4 0 2026-02-26 11:38:36.578
!MESSAGE Error

!ENTRY org.eclipse.cdt.core 4 0 2026-02-26 11:38:36.578
!MESSAGE Error

!ENTRY org.eclipse.cdt.core 4 0 2026-02-26 11:38:36.578
!MESSAGE Error

!ENTRY org.eclipse.cdt.core 4 0 2026-02-26 11:38:36.578
!MESSAGE Error

!ENTRY org.eclipse.cdt.core 4 0 2026-02-26 11:38:36.578
!MESSAGE Error

!ENTRY org.eclipse.cdt.core 4 0 2026-02-26 11:38:36.578
!MESSAGE Error

!ENTRY org.eclipse.cdt.core 4 0 2026-02-26 11:38:36.578
!MESSAGE Error

!ENTRY org.eclipse.cdt.core 4 0 2026-02-26 11:38:36.578
!MESSAGE Error

!ENTRY org.eclipse.cdt.core 4 0 2026-02-26 11:38:36.578
!MESSAGE Error

!ENTRY org.eclipse.cdt.core 4 0 2026-02-26 11:38:36.579
!MESSAGE Error

!ENTRY org.eclipse.cdt.core 4 0 2026-02-26 11:38:36.579
!MESSAGE Error

!ENTRY org.eclipse.cdt.core 4 0 2026-02-26 11:38:36.579
!MESSAGE Error

!ENTRY org.eclipse.cdt.core 4 0 2026-02-26 11:38:36.579
!MESSAGE Error

!ENTRY org.eclipse.cdt.core 4 0 2026-02-26 11:38:36.579
!MESSAGE Error

!ENTRY org.eclipse.cdt.core 4 0 2026-02-26 11:38:36.579
!MESSAGE Error

!ENTRY org.eclipse.cdt.core 4 0 2026-02-26 11:38:36.580
!MESSAGE Error

!ENTRY org.eclipse.cdt.core 4 0 2026-02-26 11:38:36.580
!MESSAGE Error

!ENTRY org.eclipse.cdt.core 4 0 2026-02-26 11:38:36.580
!MESSAGE Error

!ENTRY org.eclipse.cdt.core 4 0 2026-02-26 11:38:37.591
!MESSAGE Error

!ENTRY org.eclipse.cdt.core 4 0 2026-02-26 11:38:37.596
!MESSAGE Error

!ENTRY org.eclipse.cdt.core 4 0 2026-02-26 11:38:37.599
!MESSAGE Error

!ENTRY org.eclipse.cdt.core 4 0 2026-02-26 11:38:37.599
!MESSAGE Error

!ENTRY org.eclipse.cdt.core 4 0 2026-02-26 11:38:37.600
!MESSAGE Error

!ENTRY org.eclipse.cdt.core 4 0 2026-02-26 11:38:37.600
!MESSAGE Error

!ENTRY org.eclipse.cdt.core 4 0 2026-02-26 11:38:37.600
!MESSAGE Error

!ENTRY org.eclipse.cdt.core 4 0 2026-02-26 11:38:37.601
!MESSAGE Error

!ENTRY org.eclipse.cdt.core 4 0 2026-02-26 11:38:37.601
!MESSAGE Error

!ENTRY org.eclipse.cdt.core 4 0 2026-02-26 11:38:37.602
!MESSAGE Error

!ENTRY org.eclipse.cdt.core 4 0 2026-02-26 11:38:37.602
!MESSAGE Error

!ENTRY org.eclipse.cdt.core 4 0 2026-02-26 11:38:37.603
!MESSAGE Error

!ENTRY org.eclipse.cdt.core 4 0 2026-02-26 11:38:37.603
!MESSAGE Error

!ENTRY org.eclipse.cdt.core 4 0 2026-02-26 11:38:37.603
!MESSAGE Error

!ENTRY org.eclipse.cdt.core 4 0 2026-02-26 11:38:37.604
!MESSAGE Error

!ENTRY org.eclipse.cdt.core 4 0 2026-02-26 11:38:37.604
!MESSAGE Error

!ENTRY org.eclipse.cdt.core 4 0 2026-02-26 11:38:37.605
!MESSAGE Error

!ENTRY org.eclipse.cdt.core 4 0 2026-02-26 11:38:37.605
!MESSAGE Error

!ENTRY org.eclipse.cdt.core 4 0 2026-02-26 11:38:37.606
!MESSAGE Error

!ENTRY org.eclipse.cdt.core 4 0 2026-02-26 11:38:37.606
!MESSAGE Error

!ENTRY org.eclipse.cdt.core 4 0 2026-02-26 11:38:37.606
!MESSAGE Error

!ENTRY org.eclipse.cdt.core 4 0 2026-02-26 11:38:37.606
!MESSAGE Error

!ENTRY org.eclipse.cdt.core 4 0 2026-02-26 11:38:37.607
!MESSAGE Error

!ENTRY org.eclipse.cdt.core 4 0 2026-02-26 11:38:37.607
!MESSAGE Error

!ENTRY org.eclipse.cdt.core 4 0 2026-02-26 11:38:37.607
!MESSAGE Error

!ENTRY org.eclipse.cdt.core 4 0 2026-02-26 11:38:37.608
!MESSAGE Error

!ENTRY org.eclipse.cdt.core 4 0 2026-02-26 11:38:37.608
!MESSAGE Error

!ENTRY org.eclipse.cdt.core 4 0 2026-02-26 11:38:37.608
!MESSAGE Error

!ENTRY org.eclipse.cdt.core 4 0 2026-02-26 11:38:37.609
!MESSAGE Error

!ENTRY org.eclipse.cdt.core 4 0 2026-02-26 11:38:37.610
!MESSAGE Error

!ENTRY org.eclipse.cdt.core 4 0 2026-02-26 11:38:37.611
!MESSAGE Error

!ENTRY org.eclipse.cdt.core 4 0 2026-02-26 11:38:37.611
!MESSAGE Error

!ENTRY org.eclipse.cdt.core 4 0 2026-02-26 11:38:37.612
!MESSAGE Error

!ENTRY org.eclipse.cdt.core 4 0 2026-02-26 11:38:37.612
!MESSAGE Error

!ENTRY org.eclipse.cdt.core 4 0 2026-02-26 11:38:37.612
!MESSAGE Error

!ENTRY org.eclipse.cdt.core 4 0 2026-02-26 11:38:37.613
!MESSAGE Error

!ENTRY org.eclipse.cdt.core 4 0 2026-02-26 11:38:37.613
!MESSAGE Error

!ENTRY org.eclipse.cdt.core 4 0 2026-02-26 11:38:37.613
!MESSAGE Error

!ENTRY org.eclipse.cdt.core 4 0 2026-02-26 11:38:37.613
!MESSAGE Error

!ENTRY org.eclipse.cdt.core 4 0 2026-02-26 11:38:37.613
!MESSAGE Error

!ENTRY org.eclipse.cdt.core 4 0 2026-02-26 11:38:37.613
!MESSAGE Error

!ENTRY org.eclipse.cdt.core 4 0 2026-02-26 11:38:37.613
!MESSAGE Error

!ENTRY org.eclipse.cdt.core 4 0 2026-02-26 11:38:37.614
!MESSAGE Error

!ENTRY org.eclipse.cdt.core 4 0 2026-02-26 11:38:37.614
!MESSAGE Error

!ENTRY org.eclipse.cdt.core 4 0 2026-02-26 11:38:37.614
!MESSAGE Error

!ENTRY org.eclipse.cdt.core 4 0 2026-02-26 11:38:37.614
!MESSAGE Error

!ENTRY org.eclipse.cdt.core 4 0 2026-02-26 11:38:37.614
!MESSAGE Error

!ENTRY org.eclipse.cdt.core 4 0 2026-02-26 11:38:37.615
!MESSAGE Error

!ENTRY org.eclipse.cdt.core 4 0 2026-02-26 11:38:37.615
!MESSAGE Error

!ENTRY org.eclipse.cdt.core 4 0 2026-02-26 11:38:37.615
!MESSAGE Error

!ENTRY org.eclipse.cdt.core 4 0 2026-02-26 11:38:37.615
!MESSAGE Error

!ENTRY org.eclipse.cdt.core 4 0 2026-02-26 11:38:37.615
!MESSAGE Error

!ENTRY org.eclipse.cdt.core 4 0 2026-02-26 11:38:37.615
!MESSAGE Error

!ENTRY org.eclipse.cdt.core 4 0 2026-02-26 11:38:37.616
!MESSAGE Error

!ENTRY org.eclipse.cdt.core 4 0 2026-02-26 11:38:37.616
!MESSAGE Error

!ENTRY org.eclipse.cdt.core 4 0 2026-02-26 11:38:37.616
!MESSAGE Error

!ENTRY org.eclipse.cdt.core 4 0 2026-02-26 11:38:37.616
!MESSAGE Error

!ENTRY org.eclipse.cdt.core 4 0 2026-02-26 11:38:37.616
!MESSAGE Error

!ENTRY org.eclipse.cdt.core 4 0 2026-02-26 11:38:37.616
!MESSAGE Error

!ENTRY org.eclipse.cdt.core 4 0 2026-02-26 11:38:37.617
!MESSAGE Error

!ENTRY org.eclipse.cdt.core 4 0 2026-02-26 11:38:37.617
!MESSAGE Error

!ENTRY org.eclipse.cdt.core 4 0 2026-02-26 11:38:37.617
!MESSAGE Error

!ENTRY org.eclipse.cdt.core 4 0 2026-02-26 11:38:37.636
!MESSAGE Error

!ENTRY org.eclipse.cdt.core 4 0 2026-02-26 11:38:37.639
!MESSAGE Error

!ENTRY org.eclipse.cdt.core 4 0 2026-02-26 11:38:38.626
!MESSAGE Error

!ENTRY org.eclipse.cdt.core 4 0 2026-02-26 11:38:38.631
!MESSAGE Error

!ENTRY org.eclipse.cdt.core 4 0 2026-02-26 11:38:38.633
!MESSAGE Error

!ENTRY org.eclipse.cdt.core 4 0 2026-02-26 11:38:38.634
!MESSAGE Error

!ENTRY org.eclipse.cdt.core 4 0 2026-02-26 11:38:38.634
!MESSAGE Error

!ENTRY org.eclipse.cdt.core 4 0 2026-02-26 11:38:38.634
!MESSAGE Error

!ENTRY org.eclipse.cdt.core 4 0 2026-02-26 11:38:38.635
!MESSAGE Error

!ENTRY org.eclipse.cdt.core 4 0 2026-02-26 11:38:38.635
!MESSAGE Error

!ENTRY org.eclipse.cdt.core 4 0 2026-02-26 11:38:38.636
!MESSAGE Error

!ENTRY org.eclipse.cdt.core 4 0 2026-02-26 11:38:38.636
!MESSAGE Error

!ENTRY org.eclipse.cdt.core 4 0 2026-02-26 11:38:38.637
!MESSAGE Error

!ENTRY org.eclipse.cdt.core 4 0 2026-02-26 11:38:38.637
!MESSAGE Error

!ENTRY org.eclipse.cdt.core 4 0 2026-02-26 11:38:38.637
!MESSAGE Error

!ENTRY org.eclipse.cdt.core 4 0 2026-02-26 11:38:38.638
!MESSAGE Error

!ENTRY org.eclipse.cdt.core 4 0 2026-02-26 11:38:38.638
!MESSAGE Error

!ENTRY org.eclipse.cdt.core 4 0 2026-02-26 11:38:38.639
!MESSAGE Error

!ENTRY org.eclipse.cdt.core 4 0 2026-02-26 11:38:38.639
!MESSAGE Error

!ENTRY org.eclipse.cdt.core 4 0 2026-02-26 11:38:38.639
!MESSAGE Error

!ENTRY org.eclipse.cdt.core 4 0 2026-02-26 11:38:38.640
!MESSAGE Error

!ENTRY org.eclipse.cdt.core 4 0 2026-02-26 11:38:38.641
!MESSAGE Error

!ENTRY org.eclipse.cdt.core 4 0 2026-02-26 11:38:38.641
!MESSAGE Error

!ENTRY org.eclipse.cdt.core 4 0 2026-02-26 11:38:38.641
!MESSAGE Error

!ENTRY org.eclipse.cdt.core 4 0 2026-02-26 11:38:38.642
!MESSAGE Error

!ENTRY org.eclipse.cdt.core 4 0 2026-02-26 11:38:38.642
!MESSAGE Error

!ENTRY org.eclipse.cdt.core 4 0 2026-02-26 11:38:38.643
!MESSAGE Error

!ENTRY org.eclipse.cdt.core 4 0 2026-02-26 11:38:38.643
!MESSAGE Error

!ENTRY org.eclipse.cdt.core 4 0 2026-02-26 11:38:38.644
!MESSAGE Error

!ENTRY org.eclipse.cdt.core 4 0 2026-02-26 11:38:38.644
!MESSAGE Error

!ENTRY org.eclipse.cdt.core 4 0 2026-02-26 11:38:38.644
!MESSAGE Error

!ENTRY org.eclipse.cdt.core 4 0 2026-02-26 11:38:38.644
!MESSAGE Error

!ENTRY org.eclipse.cdt.core 4 0 2026-02-26 11:38:38.645
!MESSAGE Error

!ENTRY org.eclipse.cdt.core 4 0 2026-02-26 11:38:38.645
!MESSAGE Error

!ENTRY org.eclipse.cdt.core 4 0 2026-02-26 11:38:38.645
!MESSAGE Error

!ENTRY org.eclipse.cdt.core 4 0 2026-02-26 11:38:38.646
!MESSAGE Error

!ENTRY org.eclipse.cdt.core 4 0 2026-02-26 11:38:38.646
!MESSAGE Error

!ENTRY org.eclipse.cdt.core 4 0 2026-02-26 11:38:38.646
!MESSAGE Error

!ENTRY org.eclipse.cdt.core 4 0 2026-02-26 11:38:38.646
!MESSAGE Error

!ENTRY org.eclipse.cdt.core 4 0 2026-02-26 11:38:38.647
!MESSAGE Error

!ENTRY org.eclipse.cdt.core 4 0 2026-02-26 11:38:38.647
!MESSAGE Error

!ENTRY org.eclipse.cdt.core 4 0 2026-02-26 11:38:38.647
!MESSAGE Error

!ENTRY org.eclipse.cdt.core 4 0 2026-02-26 11:38:38.647
!MESSAGE Error

!ENTRY org.eclipse.cdt.core 4 0 2026-02-26 11:38:38.647
!MESSAGE Error

!ENTRY org.eclipse.cdt.core 4 0 2026-02-26 11:38:38.647
!MESSAGE Error

!ENTRY org.eclipse.cdt.core 4 0 2026-02-26 11:38:38.648
!MESSAGE Error

!ENTRY org.eclipse.cdt.core 4 0 2026-02-26 11:38:38.648
!MESSAGE Error

!ENTRY org.eclipse.cdt.core 4 0 2026-02-26 11:38:38.648
!MESSAGE Error

!ENTRY org.eclipse.cdt.core 4 0 2026-02-26 11:38:38.648
!MESSAGE Error

!ENTRY org.eclipse.cdt.core 4 0 2026-02-26 11:38:38.648
!MESSAGE Error

!ENTRY org.eclipse.cdt.core 4 0 2026-02-26 11:38:38.648
!MESSAGE Error

!ENTRY org.eclipse.cdt.core 4 0 2026-02-26 11:38:38.649
!MESSAGE Error

!ENTRY org.eclipse.cdt.core 4 0 2026-02-26 11:38:38.649
!MESSAGE Error

!ENTRY org.eclipse.cdt.core 4 0 2026-02-26 11:38:38.649
!MESSAGE Error

!ENTRY org.eclipse.cdt.core 4 0 2026-02-26 11:38:38.649
!MESSAGE Error

!ENTRY org.eclipse.cdt.core 4 0 2026-02-26 11:38:38.649
!MESSAGE Error

!ENTRY org.eclipse.cdt.core 4 0 2026-02-26 11:38:38.649
!MESSAGE Error

!ENTRY org.eclipse.cdt.core 4 0 2026-02-26 11:38:38.650
!MESSAGE Error

!ENTRY org.eclipse.cdt.core 4 0 2026-02-26 11:38:38.650
!MESSAGE Error

!ENTRY org.eclipse.cdt.core 4 0 2026-02-26 11:38:38.650
!MESSAGE Error

!ENTRY org.eclipse.cdt.core 4 0 2026-02-26 11:38:38.650
!MESSAGE Error

!ENTRY org.eclipse.cdt.core 4 0 2026-02-26 11:38:38.650
!MESSAGE Error

!ENTRY org.eclipse.cdt.core 4 0 2026-02-26 11:38:38.650
!MESSAGE Error

!ENTRY org.eclipse.cdt.core 4 0 2026-02-26 11:38:38.651
!MESSAGE Error

!ENTRY org.eclipse.cdt.core 4 0 2026-02-26 11:38:39.662
!MESSAGE Error

!ENTRY org.eclipse.cdt.core 4 0 2026-02-26 11:38:39.668
!MESSAGE Error

!ENTRY org.eclipse.cdt.core 4 0 2026-02-26 11:38:39.670
!MESSAGE Error

!ENTRY org.eclipse.cdt.core 4 0 2026-02-26 11:38:39.670
!MESSAGE Error

!ENTRY org.eclipse.cdt.core 4 0 2026-02-26 11:38:39.671
!MESSAGE Error

!ENTRY org.eclipse.cdt.core 4 0 2026-02-26 11:38:39.671
!MESSAGE Error

!ENTRY org.eclipse.cdt.core 4 0 2026-02-26 11:38:39.672
!MESSAGE Error

!ENTRY org.eclipse.cdt.core 4 0 2026-02-26 11:38:39.672
!MESSAGE Error

!ENTRY org.eclipse.cdt.core 4 0 2026-02-26 11:38:39.672
!MESSAGE Error

!ENTRY org.eclipse.cdt.core 4 0 2026-02-26 11:38:39.673
!MESSAGE Error

!ENTRY org.eclipse.cdt.core 4 0 2026-02-26 11:38:39.673
!MESSAGE Error

!ENTRY org.eclipse.cdt.core 4 0 2026-02-26 11:38:39.673
!MESSAGE Error

!ENTRY org.eclipse.cdt.core 4 0 2026-02-26 11:38:39.674
!MESSAGE Error

!ENTRY org.eclipse.cdt.core 4 0 2026-02-26 11:38:39.674
!MESSAGE Error

!ENTRY org.eclipse.cdt.core 4 0 2026-02-26 11:38:39.675
!MESSAGE Error

!ENTRY org.eclipse.cdt.core 4 0 2026-02-26 11:38:39.675
!MESSAGE Error

!ENTRY org.eclipse.cdt.core 4 0 2026-02-26 11:38:39.676
!MESSAGE Error

!ENTRY org.eclipse.cdt.core 4 0 2026-02-26 11:38:39.677
!MESSAGE Error

!ENTRY org.eclipse.cdt.core 4 0 2026-02-26 11:38:39.677
!MESSAGE Error

!ENTRY org.eclipse.cdt.core 4 0 2026-02-26 11:38:39.678
!MESSAGE Error

!ENTRY org.eclipse.cdt.core 4 0 2026-02-26 11:38:39.678
!MESSAGE Error

!ENTRY org.eclipse.cdt.core 4 0 2026-02-26 11:38:39.679
!MESSAGE Error

!ENTRY org.eclipse.cdt.core 4 0 2026-02-26 11:38:39.679
!MESSAGE Error

!ENTRY org.eclipse.cdt.core 4 0 2026-02-26 11:38:39.679
!MESSAGE Error

!ENTRY org.eclipse.cdt.core 4 0 2026-02-26 11:38:39.680
!MESSAGE Error

!ENTRY org.eclipse.cdt.core 4 0 2026-02-26 11:38:39.680
!MESSAGE Error

!ENTRY org.eclipse.cdt.core 4 0 2026-02-26 11:38:39.681
!MESSAGE Error

!ENTRY org.eclipse.cdt.core 4 0 2026-02-26 11:38:39.681
!MESSAGE Error

!ENTRY org.eclipse.cdt.core 4 0 2026-02-26 11:38:39.682
!MESSAGE Error

!ENTRY org.eclipse.cdt.core 4 0 2026-02-26 11:38:39.682
!MESSAGE Error

!ENTRY org.eclipse.cdt.core 4 0 2026-02-26 11:38:39.683
!MESSAGE Error

!ENTRY org.eclipse.cdt.core 4 0 2026-02-26 11:38:39.683
!MESSAGE Error

!ENTRY org.eclipse.cdt.core 4 0 2026-02-26 11:38:39.683
!MESSAGE Error

!ENTRY org.eclipse.cdt.core 4 0 2026-02-26 11:38:39.684
!MESSAGE Error

!ENTRY org.eclipse.cdt.core 4 0 2026-02-26 11:38:39.684
!MESSAGE Error

!ENTRY org.eclipse.cdt.core 4 0 2026-02-26 11:38:39.685
!MESSAGE Error

!ENTRY org.eclipse.cdt.core 4 0 2026-02-26 11:38:39.685
!MESSAGE Error

!ENTRY org.eclipse.cdt.core 4 0 2026-02-26 11:38:39.685
!MESSAGE Error

!ENTRY org.eclipse.cdt.core 4 0 2026-02-26 11:38:39.686
!MESSAGE Error

!ENTRY org.eclipse.cdt.core 4 0 2026-02-26 11:38:39.686
!MESSAGE Error

!ENTRY org.eclipse.cdt.core 4 0 2026-02-26 11:38:39.686
!MESSAGE Error

!ENTRY org.eclipse.cdt.core 4 0 2026-02-26 11:38:39.687
!MESSAGE Error

!ENTRY org.eclipse.cdt.core 4 0 2026-02-26 11:38:39.687
!MESSAGE Error

!ENTRY org.eclipse.cdt.core 4 0 2026-02-26 11:38:39.687
!MESSAGE Error

!ENTRY org.eclipse.cdt.core 4 0 2026-02-26 11:38:39.688
!MESSAGE Error

!ENTRY org.eclipse.cdt.core 4 0 2026-02-26 11:38:39.688
!MESSAGE Error

!ENTRY org.eclipse.cdt.core 4 0 2026-02-26 11:38:39.688
!MESSAGE Error

!ENTRY org.eclipse.cdt.core 4 0 2026-02-26 11:38:39.689
!MESSAGE Error

!ENTRY org.eclipse.cdt.core 4 0 2026-02-26 11:38:39.689
!MESSAGE Error

!ENTRY org.eclipse.cdt.core 4 0 2026-02-26 11:38:39.689
!MESSAGE Error

!ENTRY org.eclipse.cdt.core 4 0 2026-02-26 11:38:39.689
!MESSAGE Error

!ENTRY org.eclipse.cdt.core 4 0 2026-02-26 11:38:39.689
!MESSAGE Error

!ENTRY org.eclipse.cdt.core 4 0 2026-02-26 11:38:39.689
!MESSAGE Error

!ENTRY org.eclipse.cdt.core 4 0 2026-02-26 11:38:39.690
!MESSAGE Error

!ENTRY org.eclipse.cdt.core 4 0 2026-02-26 11:38:39.690
!MESSAGE Error

!ENTRY org.eclipse.cdt.core 4 0 2026-02-26 11:38:39.690
!MESSAGE Error

!ENTRY org.eclipse.cdt.core 4 0 2026-02-26 11:38:39.690
!MESSAGE Error

!ENTRY org.eclipse.cdt.core 4 0 2026-02-26 11:38:39.690
!MESSAGE Error

!ENTRY org.eclipse.cdt.core 4 0 2026-02-26 11:38:39.690
!MESSAGE Error

!ENTRY org.eclipse.cdt.core 4 0 2026-02-26 11:38:39.691
!MESSAGE Error

!ENTRY org.eclipse.cdt.core 4 0 2026-02-26 11:38:39.691
!MESSAGE Error

!ENTRY org.eclipse.cdt.core 4 0 2026-02-26 11:38:39.691
!MESSAGE Error

!ENTRY org.eclipse.cdt.core 4 0 2026-02-26 11:38:39.707
!MESSAGE Error

!ENTRY org.eclipse.cdt.core 4 0 2026-02-26 11:38:39.710
!MESSAGE Error

!ENTRY org.eclipse.cdt.core 4 0 2026-02-26 11:39:05.930
!MESSAGE Error

!ENTRY org.eclipse.cdt.core 4 0 2026-02-26 11:39:05.936
!MESSAGE Error

!ENTRY org.eclipse.cdt.core 4 0 2026-02-26 11:39:05.938
!MESSAGE Error

!ENTRY org.eclipse.cdt.core 4 0 2026-02-26 11:39:05.938
!MESSAGE Error

!ENTRY org.eclipse.cdt.core 4 0 2026-02-26 11:39:05.939
!MESSAGE Error

!ENTRY org.eclipse.cdt.core 4 0 2026-02-26 11:39:05.939
!MESSAGE Error

!ENTRY org.eclipse.cdt.core 4 0 2026-02-26 11:39:05.940
!MESSAGE Error

!ENTRY org.eclipse.cdt.core 4 0 2026-02-26 11:39:05.940
!MESSAGE Error

!ENTRY org.eclipse.cdt.core 4 0 2026-02-26 11:39:05.940
!MESSAGE Error

!ENTRY org.eclipse.cdt.core 4 0 2026-02-26 11:39:05.941
!MESSAGE Error

!ENTRY org.eclipse.cdt.core 4 0 2026-02-26 11:39:05.941
!MESSAGE Error

!ENTRY org.eclipse.cdt.core 4 0 2026-02-26 11:39:05.941
!MESSAGE Error

!ENTRY org.eclipse.cdt.core 4 0 2026-02-26 11:39:05.942
!MESSAGE Error

!ENTRY org.eclipse.cdt.core 4 0 2026-02-26 11:39:05.942
!MESSAGE Error

!ENTRY org.eclipse.cdt.core 4 0 2026-02-26 11:39:05.943
!MESSAGE Error

!ENTRY org.eclipse.cdt.core 4 0 2026-02-26 11:39:05.943
!MESSAGE Error

!ENTRY org.eclipse.cdt.core 4 0 2026-02-26 11:39:05.944
!MESSAGE Error

!ENTRY org.eclipse.cdt.core 4 0 2026-02-26 11:39:05.944
!MESSAGE Error

!ENTRY org.eclipse.cdt.core 4 0 2026-02-26 11:39:05.944
!MESSAGE Error

!ENTRY org.eclipse.cdt.core 4 0 2026-02-26 11:39:05.945
!MESSAGE Error

!ENTRY org.eclipse.cdt.core 4 0 2026-02-26 11:39:05.945
!MESSAGE Error

!ENTRY org.eclipse.cdt.core 4 0 2026-02-26 11:39:05.946
!MESSAGE Error

!ENTRY org.eclipse.cdt.core 4 0 2026-02-26 11:39:05.946
!MESSAGE Error

!ENTRY org.eclipse.cdt.core 4 0 2026-02-26 11:39:05.947
!MESSAGE Error

!ENTRY org.eclipse.cdt.core 4 0 2026-02-26 11:39:05.947
!MESSAGE Error

!ENTRY org.eclipse.cdt.core 4 0 2026-02-26 11:39:05.947
!MESSAGE Error

!ENTRY org.eclipse.cdt.core 4 0 2026-02-26 11:39:05.948
!MESSAGE Error

!ENTRY org.eclipse.cdt.core 4 0 2026-02-26 11:39:05.948
!MESSAGE Error

!ENTRY org.eclipse.cdt.core 4 0 2026-02-26 11:39:05.949
!MESSAGE Error

!ENTRY org.eclipse.cdt.core 4 0 2026-02-26 11:39:05.949
!MESSAGE Error

!ENTRY org.eclipse.cdt.core 4 0 2026-02-26 11:39:05.949
!MESSAGE Error

!ENTRY org.eclipse.cdt.core 4 0 2026-02-26 11:39:05.949
!MESSAGE Error

!ENTRY org.eclipse.cdt.core 4 0 2026-02-26 11:39:05.949
!MESSAGE Error

!ENTRY org.eclipse.cdt.core 4 0 2026-02-26 11:39:05.950
!MESSAGE Error

!ENTRY org.eclipse.cdt.core 4 0 2026-02-26 11:39:05.950
!MESSAGE Error

!ENTRY org.eclipse.cdt.core 4 0 2026-02-26 11:39:05.951
!MESSAGE Error

!ENTRY org.eclipse.cdt.core 4 0 2026-02-26 11:39:05.951
!MESSAGE Error

!ENTRY org.eclipse.cdt.core 4 0 2026-02-26 11:39:05.951
!MESSAGE Error

!ENTRY org.eclipse.cdt.core 4 0 2026-02-26 11:39:05.952
!MESSAGE Error

!ENTRY org.eclipse.cdt.core 4 0 2026-02-26 11:39:05.952
!MESSAGE Error

!ENTRY org.eclipse.cdt.core 4 0 2026-02-26 11:39:05.952
!MESSAGE Error

!ENTRY org.eclipse.cdt.core 4 0 2026-02-26 11:39:05.953
!MESSAGE Error

!ENTRY org.eclipse.cdt.core 4 0 2026-02-26 11:39:05.953
!MESSAGE Error

!ENTRY org.eclipse.cdt.core 4 0 2026-02-26 11:39:05.953
!MESSAGE Error

!ENTRY org.eclipse.cdt.core 4 0 2026-02-26 11:39:05.954
!MESSAGE Error

!ENTRY org.eclipse.cdt.core 4 0 2026-02-26 11:39:05.954
!MESSAGE Error

!ENTRY org.eclipse.cdt.core 4 0 2026-02-26 11:39:05.954
!MESSAGE Error

!ENTRY org.eclipse.cdt.core 4 0 2026-02-26 11:39:05.955
!MESSAGE Error

!ENTRY org.eclipse.cdt.core 4 0 2026-02-26 11:39:05.955
!MESSAGE Error

!ENTRY org.eclipse.cdt.core 4 0 2026-02-26 11:39:05.956
!MESSAGE Error

!ENTRY org.eclipse.cdt.core 4 0 2026-02-26 11:39:05.956
!MESSAGE Error

!ENTRY org.eclipse.cdt.core 4 0 2026-02-26 11:39:05.956
!MESSAGE Error

!ENTRY org.eclipse.cdt.core 4 0 2026-02-26 11:39:05.957
!MESSAGE Error

!ENTRY org.eclipse.cdt.core 4 0 2026-02-26 11:39:05.957
!MESSAGE Error

!ENTRY org.eclipse.cdt.core 4 0 2026-02-26 11:39:05.957
!MESSAGE Error

!ENTRY org.eclipse.cdt.core 4 0 2026-02-26 11:39:05.958
!MESSAGE Error

!ENTRY org.eclipse.cdt.core 4 0 2026-02-26 11:39:05.958
!MESSAGE Error

!ENTRY org.eclipse.cdt.core 4 0 2026-02-26 11:39:05.958
!MESSAGE Error

!ENTRY org.eclipse.cdt.core 4 0 2026-02-26 11:39:05.959
!MESSAGE Error

!ENTRY org.eclipse.cdt.core 4 0 2026-02-26 11:39:05.959
!MESSAGE Error

!ENTRY org.eclipse.cdt.core 4 0 2026-02-26 11:39:05.959
!MESSAGE Error

!ENTRY org.eclipse.cdt.core 4 0 2026-02-26 11:39:05.960
!MESSAGE Error

!ENTRY org.eclipse.cdt.core 4 0 2026-02-26 11:39:10.518
!MESSAGE Error

!ENTRY org.eclipse.cdt.core 4 0 2026-02-26 11:39:10.523
!MESSAGE Error

!ENTRY org.eclipse.cdt.core 4 0 2026-02-26 11:39:10.524
!MESSAGE Error

!ENTRY org.eclipse.cdt.core 4 0 2026-02-26 11:39:10.524
!MESSAGE Error

!ENTRY org.eclipse.cdt.core 4 0 2026-02-26 11:39:10.524
!MESSAGE Error

!ENTRY org.eclipse.cdt.core 4 0 2026-02-26 11:39:10.524
!MESSAGE Error

!ENTRY org.eclipse.cdt.core 4 0 2026-02-26 11:39:10.524
!MESSAGE Error

!ENTRY org.eclipse.cdt.core 4 0 2026-02-26 11:39:10.525
!MESSAGE Error

!ENTRY org.eclipse.cdt.core 4 0 2026-02-26 11:39:10.525
!MESSAGE Error

!ENTRY org.eclipse.cdt.core 4 0 2026-02-26 11:39:10.525
!MESSAGE Error

!ENTRY org.eclipse.cdt.core 4 0 2026-02-26 11:39:10.525
!MESSAGE Error

!ENTRY org.eclipse.cdt.core 4 0 2026-02-26 11:39:10.525
!MESSAGE Error

!ENTRY org.eclipse.cdt.core 4 0 2026-02-26 11:39:10.526
!MESSAGE Error

!ENTRY org.eclipse.cdt.core 4 0 2026-02-26 11:39:10.526
!MESSAGE Error

!ENTRY org.eclipse.cdt.core 4 0 2026-02-26 11:39:10.526
!MESSAGE Error

!ENTRY org.eclipse.cdt.core 4 0 2026-02-26 11:39:10.526
!MESSAGE Error

!ENTRY org.eclipse.cdt.core 4 0 2026-02-26 11:39:10.526
!MESSAGE Error

!ENTRY org.eclipse.cdt.core 4 0 2026-02-26 11:39:10.526
!MESSAGE Error

!ENTRY org.eclipse.cdt.core 4 0 2026-02-26 11:39:10.526
!MESSAGE Error

!ENTRY org.eclipse.cdt.core 4 0 2026-02-26 11:39:10.526
!MESSAGE Error

!ENTRY org.eclipse.cdt.core 4 0 2026-02-26 11:39:10.527
!MESSAGE Error

!ENTRY org.eclipse.cdt.core 4 0 2026-02-26 11:39:10.527
!MESSAGE Error

!ENTRY org.eclipse.cdt.core 4 0 2026-02-26 11:39:10.527
!MESSAGE Error

!ENTRY org.eclipse.cdt.core 4 0 2026-02-26 11:39:10.527
!MESSAGE Error

!ENTRY org.eclipse.cdt.core 4 0 2026-02-26 11:39:10.527
!MESSAGE Error

!ENTRY org.eclipse.cdt.core 4 0 2026-02-26 11:39:10.527
!MESSAGE Error

!ENTRY org.eclipse.cdt.core 4 0 2026-02-26 11:39:10.528
!MESSAGE Error

!ENTRY org.eclipse.cdt.core 4 0 2026-02-26 11:39:10.528
!MESSAGE Error

!ENTRY org.eclipse.cdt.core 4 0 2026-02-26 11:39:10.528
!MESSAGE Error

!ENTRY org.eclipse.cdt.core 4 0 2026-02-26 11:39:10.528
!MESSAGE Error

!ENTRY org.eclipse.cdt.core 4 0 2026-02-26 11:39:10.528
!MESSAGE Error

!ENTRY org.eclipse.cdt.core 4 0 2026-02-26 11:39:10.528
!MESSAGE Error

!ENTRY org.eclipse.cdt.core 4 0 2026-02-26 11:39:10.528
!MESSAGE Error

!ENTRY org.eclipse.cdt.core 4 0 2026-02-26 11:39:10.529
!MESSAGE Error

!ENTRY org.eclipse.cdt.core 4 0 2026-02-26 11:39:10.529
!MESSAGE Error

!ENTRY org.eclipse.cdt.core 4 0 2026-02-26 11:39:10.529
!MESSAGE Error

!ENTRY org.eclipse.cdt.core 4 0 2026-02-26 11:39:10.529
!MESSAGE Error

!ENTRY org.eclipse.cdt.core 4 0 2026-02-26 11:39:10.529
!MESSAGE Error

!ENTRY org.eclipse.cdt.core 4 0 2026-02-26 11:39:10.529
!MESSAGE Error

!ENTRY org.eclipse.cdt.core 4 0 2026-02-26 11:39:10.529
!MESSAGE Error

!ENTRY org.eclipse.cdt.core 4 0 2026-02-26 11:39:10.530
!MESSAGE Error

!ENTRY org.eclipse.cdt.core 4 0 2026-02-26 11:39:10.530
!MESSAGE Error

!ENTRY org.eclipse.cdt.core 4 0 2026-02-26 11:39:10.530
!MESSAGE Error

!ENTRY org.eclipse.cdt.core 4 0 2026-02-26 11:39:10.530
!MESSAGE Error

!ENTRY org.eclipse.cdt.core 4 0 2026-02-26 11:39:10.530
!MESSAGE Error

!ENTRY org.eclipse.cdt.core 4 0 2026-02-26 11:39:10.530
!MESSAGE Error

!ENTRY org.eclipse.cdt.core 4 0 2026-02-26 11:39:10.531
!MESSAGE Error

!ENTRY org.eclipse.cdt.core 4 0 2026-02-26 11:39:10.531
!MESSAGE Error

!ENTRY org.eclipse.cdt.core 4 0 2026-02-26 11:39:10.531
!MESSAGE Error

!ENTRY org.eclipse.cdt.core 4 0 2026-02-26 11:39:10.531
!MESSAGE Error

!ENTRY org.eclipse.cdt.core 4 0 2026-02-26 11:39:10.531
!MESSAGE Error

!ENTRY org.eclipse.cdt.core 4 0 2026-02-26 11:39:10.531
!MESSAGE Error

!ENTRY org.eclipse.cdt.core 4 0 2026-02-26 11:39:10.532
!MESSAGE Error

!ENTRY org.eclipse.cdt.core 4 0 2026-02-26 11:39:10.532
!MESSAGE Error

!ENTRY org.eclipse.cdt.core 4 0 2026-02-26 11:39:10.532
!MESSAGE Error

!ENTRY org.eclipse.cdt.core 4 0 2026-02-26 11:39:10.532
!MESSAGE Error

!ENTRY org.eclipse.cdt.core 4 0 2026-02-26 11:39:10.533
!MESSAGE Error

!ENTRY org.eclipse.cdt.core 4 0 2026-02-26 11:39:10.533
!MESSAGE Error

!ENTRY org.eclipse.cdt.core 4 0 2026-02-26 11:39:10.533
!MESSAGE Error

!ENTRY org.eclipse.cdt.core 4 0 2026-02-26 11:39:10.533
!MESSAGE Error

!ENTRY org.eclipse.cdt.core 4 0 2026-02-26 11:39:10.533
!MESSAGE Error

!ENTRY org.eclipse.cdt.core 4 0 2026-02-26 11:39:10.533
!MESSAGE Error

!ENTRY org.eclipse.cdt.core 4 0 2026-02-26 11:39:10.608
!MESSAGE Error

!ENTRY org.eclipse.cdt.core 4 0 2026-02-26 11:39:10.611
!MESSAGE Error

!ENTRY org.eclipse.cdt.core 4 0 2026-02-26 11:42:06.606
!MESSAGE Error

!ENTRY org.eclipse.cdt.core 4 0 2026-02-26 11:42:06.612
!MESSAGE Error

!ENTRY org.eclipse.cdt.core 4 0 2026-02-26 11:42:06.615
!MESSAGE Error

!ENTRY org.eclipse.cdt.core 4 0 2026-02-26 11:42:06.616
!MESSAGE Error

!ENTRY org.eclipse.cdt.core 4 0 2026-02-26 11:42:06.616
!MESSAGE Error

!ENTRY org.eclipse.cdt.core 4 0 2026-02-26 11:42:06.616
!MESSAGE Error

!ENTRY org.eclipse.cdt.core 4 0 2026-02-26 11:42:06.617
!MESSAGE Error

!ENTRY org.eclipse.cdt.core 4 0 2026-02-26 11:42:06.617
!MESSAGE Error

!ENTRY org.eclipse.cdt.core 4 0 2026-02-26 11:42:06.618
!MESSAGE Error

!ENTRY org.eclipse.cdt.core 4 0 2026-02-26 11:42:06.618
!MESSAGE Error

!ENTRY org.eclipse.cdt.core 4 0 2026-02-26 11:42:06.618
!MESSAGE Error

!ENTRY org.eclipse.cdt.core 4 0 2026-02-26 11:42:06.618
!MESSAGE Error

!ENTRY org.eclipse.cdt.core 4 0 2026-02-26 11:42:06.619
!MESSAGE Error

!ENTRY org.eclipse.cdt.core 4 0 2026-02-26 11:42:06.619
!MESSAGE Error

!ENTRY org.eclipse.cdt.core 4 0 2026-02-26 11:42:06.619
!MESSAGE Error

!ENTRY org.eclipse.cdt.core 4 0 2026-02-26 11:42:06.620
!MESSAGE Error

!ENTRY org.eclipse.cdt.core 4 0 2026-02-26 11:42:06.620
!MESSAGE Error

!ENTRY org.eclipse.cdt.core 4 0 2026-02-26 11:42:06.621
!MESSAGE Error

!ENTRY org.eclipse.cdt.core 4 0 2026-02-26 11:42:06.621
!MESSAGE Error

!ENTRY org.eclipse.cdt.core 4 0 2026-02-26 11:42:06.621
!MESSAGE Error

!ENTRY org.eclipse.cdt.core 4 0 2026-02-26 11:42:06.621
!MESSAGE Error

!ENTRY org.eclipse.cdt.core 4 0 2026-02-26 11:42:06.621
!MESSAGE Error

!ENTRY org.eclipse.cdt.core 4 0 2026-02-26 11:42:06.622
!MESSAGE Error

!ENTRY org.eclipse.cdt.core 4 0 2026-02-26 11:42:06.622
!MESSAGE Error

!ENTRY org.eclipse.cdt.core 4 0 2026-02-26 11:42:06.622
!MESSAGE Error

!ENTRY org.eclipse.cdt.core 4 0 2026-02-26 11:42:06.622
!MESSAGE Error

!ENTRY org.eclipse.cdt.core 4 0 2026-02-26 11:42:06.622
!MESSAGE Error

!ENTRY org.eclipse.cdt.core 4 0 2026-02-26 11:42:06.622
!MESSAGE Error

!ENTRY org.eclipse.cdt.core 4 0 2026-02-26 11:42:06.623
!MESSAGE Error

!ENTRY org.eclipse.cdt.core 4 0 2026-02-26 11:42:06.623
!MESSAGE Error

!ENTRY org.eclipse.cdt.core 4 0 2026-02-26 11:42:06.623
!MESSAGE Error

!ENTRY org.eclipse.cdt.core 4 0 2026-02-26 11:42:06.623
!MESSAGE Error

!ENTRY org.eclipse.cdt.core 4 0 2026-02-26 11:42:06.623
!MESSAGE Error

!ENTRY org.eclipse.cdt.core 4 0 2026-02-26 11:42:06.623
!MESSAGE Error

!ENTRY org.eclipse.cdt.core 4 0 2026-02-26 11:42:06.624
!MESSAGE Error

!ENTRY org.eclipse.cdt.core 4 0 2026-02-26 11:42:06.624
!MESSAGE Error

!ENTRY org.eclipse.cdt.core 4 0 2026-02-26 11:42:06.624
!MESSAGE Error

!ENTRY org.eclipse.cdt.core 4 0 2026-02-26 11:42:06.624
!MESSAGE Error

!ENTRY org.eclipse.cdt.core 4 0 2026-02-26 11:42:06.625
!MESSAGE Error

!ENTRY org.eclipse.cdt.core 4 0 2026-02-26 11:42:06.625
!MESSAGE Error

!ENTRY org.eclipse.cdt.core 4 0 2026-02-26 11:42:06.625
!MESSAGE Error

!ENTRY org.eclipse.cdt.core 4 0 2026-02-26 11:42:06.625
!MESSAGE Error

!ENTRY org.eclipse.cdt.core 4 0 2026-02-26 11:42:06.625
!MESSAGE Error

!ENTRY org.eclipse.cdt.core 4 0 2026-02-26 11:42:06.625
!MESSAGE Error

!ENTRY org.eclipse.cdt.core 4 0 2026-02-26 11:42:06.625
!MESSAGE Error

!ENTRY org.eclipse.cdt.core 4 0 2026-02-26 11:42:06.626
!MESSAGE Error

!ENTRY org.eclipse.cdt.core 4 0 2026-02-26 11:42:06.626
!MESSAGE Error

!ENTRY org.eclipse.cdt.core 4 0 2026-02-26 11:42:06.626
!MESSAGE Error

!ENTRY org.eclipse.cdt.core 4 0 2026-02-26 11:42:06.626
!MESSAGE Error

!ENTRY org.eclipse.cdt.core 4 0 2026-02-26 11:42:06.626
!MESSAGE Error

!ENTRY org.eclipse.cdt.core 4 0 2026-02-26 11:42:06.626
!MESSAGE Error

!ENTRY org.eclipse.cdt.core 4 0 2026-02-26 11:42:06.627
!MESSAGE Error

!ENTRY org.eclipse.cdt.core 4 0 2026-02-26 11:42:06.627
!MESSAGE Error

!ENTRY org.eclipse.cdt.core 4 0 2026-02-26 11:42:06.627
!MESSAGE Error

!ENTRY org.eclipse.cdt.core 4 0 2026-02-26 11:42:06.628
!MESSAGE Error

!ENTRY org.eclipse.cdt.core 4 0 2026-02-26 11:42:06.628
!MESSAGE Error

!ENTRY org.eclipse.cdt.core 4 0 2026-02-26 11:42:06.628
!MESSAGE Error

!ENTRY org.eclipse.cdt.core 4 0 2026-02-26 11:42:06.628
!MESSAGE Error

!ENTRY org.eclipse.cdt.core 4 0 2026-02-26 11:42:06.628
!MESSAGE Error

!ENTRY org.eclipse.cdt.core 4 0 2026-02-26 11:42:06.628
!MESSAGE Error

!ENTRY org.eclipse.cdt.core 4 0 2026-02-26 11:42:06.629
!MESSAGE Error

!ENTRY org.eclipse.cdt.core 4 0 2026-02-26 11:42:06.629
!MESSAGE Error

!ENTRY org.eclipse.cdt.core 4 0 2026-02-26 11:42:06.629
!MESSAGE Error

!ENTRY org.eclipse.cdt.core 4 0 2026-02-26 11:42:06.629
!MESSAGE Error

!ENTRY org.eclipse.cdt.core 4 0 2026-02-26 11:42:06.629
!MESSAGE Error

!ENTRY org.eclipse.cdt.core 4 0 2026-02-26 11:42:06.629
!MESSAGE Error

!ENTRY org.eclipse.cdt.core 4 0 2026-02-26 11:42:06.630
!MESSAGE Error

!ENTRY org.eclipse.cdt.core 4 0 2026-02-26 11:42:06.630
!MESSAGE Error

!ENTRY org.eclipse.cdt.core 4 0 2026-02-26 11:42:06.630
!MESSAGE Error

!ENTRY org.eclipse.cdt.core 4 0 2026-02-26 11:42:06.630
!MESSAGE Error

!ENTRY org.eclipse.cdt.core 4 0 2026-02-26 11:42:09.166
!MESSAGE Error

!ENTRY org.eclipse.cdt.core 4 0 2026-02-26 11:42:09.172
!MESSAGE Error

!ENTRY org.eclipse.cdt.core 4 0 2026-02-26 11:42:09.174
!MESSAGE Error

!ENTRY org.eclipse.cdt.core 4 0 2026-02-26 11:42:09.174
!MESSAGE Error

!ENTRY org.eclipse.cdt.core 4 0 2026-02-26 11:42:09.174
!MESSAGE Error

!ENTRY org.eclipse.cdt.core 4 0 2026-02-26 11:42:09.174
!MESSAGE Error

!ENTRY org.eclipse.cdt.core 4 0 2026-02-26 11:42:09.175
!MESSAGE Error

!ENTRY org.eclipse.cdt.core 4 0 2026-02-26 11:42:09.175
!MESSAGE Error

!ENTRY org.eclipse.cdt.core 4 0 2026-02-26 11:42:09.175
!MESSAGE Error

!ENTRY org.eclipse.cdt.core 4 0 2026-02-26 11:42:09.176
!MESSAGE Error

!ENTRY org.eclipse.cdt.core 4 0 2026-02-26 11:42:09.176
!MESSAGE Error

!ENTRY org.eclipse.cdt.core 4 0 2026-02-26 11:42:09.177
!MESSAGE Error

!ENTRY org.eclipse.cdt.core 4 0 2026-02-26 11:42:09.177
!MESSAGE Error

!ENTRY org.eclipse.cdt.core 4 0 2026-02-26 11:42:09.178
!MESSAGE Error

!ENTRY org.eclipse.cdt.core 4 0 2026-02-26 11:42:09.178
!MESSAGE Error

!ENTRY org.eclipse.cdt.core 4 0 2026-02-26 11:42:09.179
!MESSAGE Error

!ENTRY org.eclipse.cdt.core 4 0 2026-02-26 11:42:09.179
!MESSAGE Error

!ENTRY org.eclipse.cdt.core 4 0 2026-02-26 11:42:09.179
!MESSAGE Error

!ENTRY org.eclipse.cdt.core 4 0 2026-02-26 11:42:09.180
!MESSAGE Error

!ENTRY org.eclipse.cdt.core 4 0 2026-02-26 11:42:09.180
!MESSAGE Error

!ENTRY org.eclipse.cdt.core 4 0 2026-02-26 11:42:09.181
!MESSAGE Error

!ENTRY org.eclipse.cdt.core 4 0 2026-02-26 11:42:09.181
!MESSAGE Error

!ENTRY org.eclipse.cdt.core 4 0 2026-02-26 11:42:09.181
!MESSAGE Error

!ENTRY org.eclipse.cdt.core 4 0 2026-02-26 11:42:09.181
!MESSAGE Error

!ENTRY org.eclipse.cdt.core 4 0 2026-02-26 11:42:09.181
!MESSAGE Error

!ENTRY org.eclipse.cdt.core 4 0 2026-02-26 11:42:09.181
!MESSAGE Error

!ENTRY org.eclipse.cdt.core 4 0 2026-02-26 11:42:09.181
!MESSAGE Error

!ENTRY org.eclipse.cdt.core 4 0 2026-02-26 11:42:09.182
!MESSAGE Error

!ENTRY org.eclipse.cdt.core 4 0 2026-02-26 11:42:09.182
!MESSAGE Error

!ENTRY org.eclipse.cdt.core 4 0 2026-02-26 11:42:09.182
!MESSAGE Error

!ENTRY org.eclipse.cdt.core 4 0 2026-02-26 11:42:09.182
!MESSAGE Error

!ENTRY org.eclipse.cdt.core 4 0 2026-02-26 11:42:09.182
!MESSAGE Error

!ENTRY org.eclipse.cdt.core 4 0 2026-02-26 11:42:09.182
!MESSAGE Error

!ENTRY org.eclipse.cdt.core 4 0 2026-02-26 11:42:09.183
!MESSAGE Error

!ENTRY org.eclipse.cdt.core 4 0 2026-02-26 11:42:09.183
!MESSAGE Error

!ENTRY org.eclipse.cdt.core 4 0 2026-02-26 11:42:09.183
!MESSAGE Error

!ENTRY org.eclipse.cdt.core 4 0 2026-02-26 11:42:09.183
!MESSAGE Error

!ENTRY org.eclipse.cdt.core 4 0 2026-02-26 11:42:09.183
!MESSAGE Error

!ENTRY org.eclipse.cdt.core 4 0 2026-02-26 11:42:09.183
!MESSAGE Error

!ENTRY org.eclipse.cdt.core 4 0 2026-02-26 11:42:09.184
!MESSAGE Error

!ENTRY org.eclipse.cdt.core 4 0 2026-02-26 11:42:09.184
!MESSAGE Error

!ENTRY org.eclipse.cdt.core 4 0 2026-02-26 11:42:09.184
!MESSAGE Error

!ENTRY org.eclipse.cdt.core 4 0 2026-02-26 11:42:09.185
!MESSAGE Error

!ENTRY org.eclipse.cdt.core 4 0 2026-02-26 11:42:09.185
!MESSAGE Error

!ENTRY org.eclipse.cdt.core 4 0 2026-02-26 11:42:09.185
!MESSAGE Error

!ENTRY org.eclipse.cdt.core 4 0 2026-02-26 11:42:09.185
!MESSAGE Error

!ENTRY org.eclipse.cdt.core 4 0 2026-02-26 11:42:09.185
!MESSAGE Error

!ENTRY org.eclipse.cdt.core 4 0 2026-02-26 11:42:09.185
!MESSAGE Error

!ENTRY org.eclipse.cdt.core 4 0 2026-02-26 11:42:09.186
!MESSAGE Error

!ENTRY org.eclipse.cdt.core 4 0 2026-02-26 11:42:09.186
!MESSAGE Error

!ENTRY org.eclipse.cdt.core 4 0 2026-02-26 11:42:09.186
!MESSAGE Error

!ENTRY org.eclipse.cdt.core 4 0 2026-02-26 11:42:09.186
!MESSAGE Error

!ENTRY org.eclipse.cdt.core 4 0 2026-02-26 11:42:09.186
!MESSAGE Error

!ENTRY org.eclipse.cdt.core 4 0 2026-02-26 11:42:09.186
!MESSAGE Error

!ENTRY org.eclipse.cdt.core 4 0 2026-02-26 11:42:09.186
!MESSAGE Error

!ENTRY org.eclipse.cdt.core 4 0 2026-02-26 11:42:09.187
!MESSAGE Error

!ENTRY org.eclipse.cdt.core 4 0 2026-02-26 11:42:09.187
!MESSAGE Error

!ENTRY org.eclipse.cdt.core 4 0 2026-02-26 11:42:09.187
!MESSAGE Error

!ENTRY org.eclipse.cdt.core 4 0 2026-02-26 11:42:09.187
!MESSAGE Error

!ENTRY org.eclipse.cdt.core 4 0 2026-02-26 11:42:09.187
!MESSAGE Error

!ENTRY org.eclipse.cdt.core 4 0 2026-02-26 11:42:09.188
!MESSAGE Error

!ENTRY org.eclipse.cdt.core 4 0 2026-02-26 11:42:09.188
!MESSAGE Error

!ENTRY org.eclipse.cdt.core 4 0 2026-02-26 11:42:09.188
!MESSAGE Error

!ENTRY org.eclipse.cdt.core 4 0 2026-02-26 11:42:09.188
!MESSAGE Error

!ENTRY org.eclipse.cdt.core 4 0 2026-02-26 11:42:09.188
!MESSAGE Error

!ENTRY org.eclipse.cdt.core 4 0 2026-02-26 11:42:09.188
!MESSAGE Error

!ENTRY org.eclipse.cdt.core 4 0 2026-02-26 11:42:09.188
!MESSAGE Error

!ENTRY org.eclipse.cdt.core 4 0 2026-02-26 11:42:09.188
!MESSAGE Error

!ENTRY org.eclipse.cdt.core 4 0 2026-02-26 11:42:09.188
!MESSAGE Error

!ENTRY org.eclipse.cdt.core 4 0 2026-02-26 11:42:09.189
!MESSAGE Error

!ENTRY org.eclipse.cdt.core 4 0 2026-02-26 11:42:13.237
!MESSAGE Error

!ENTRY org.eclipse.cdt.core 4 0 2026-02-26 11:42:13.241
!MESSAGE Error

!ENTRY org.eclipse.cdt.core 4 0 2026-02-26 11:42:13.243
!MESSAGE Error

!ENTRY org.eclipse.cdt.core 4 0 2026-02-26 11:42:13.243
!MESSAGE Error

!ENTRY org.eclipse.cdt.core 4 0 2026-02-26 11:42:13.243
!MESSAGE Error

!ENTRY org.eclipse.cdt.core 4 0 2026-02-26 11:42:13.244
!MESSAGE Error

!ENTRY org.eclipse.cdt.core 4 0 2026-02-26 11:42:13.244
!MESSAGE Error

!ENTRY org.eclipse.cdt.core 4 0 2026-02-26 11:42:13.245
!MESSAGE Error

!ENTRY org.eclipse.cdt.core 4 0 2026-02-26 11:42:13.245
!MESSAGE Error

!ENTRY org.eclipse.cdt.core 4 0 2026-02-26 11:42:13.245
!MESSAGE Error

!ENTRY org.eclipse.cdt.core 4 0 2026-02-26 11:42:13.246
!MESSAGE Error

!ENTRY org.eclipse.cdt.core 4 0 2026-02-26 11:42:13.246
!MESSAGE Error

!ENTRY org.eclipse.cdt.core 4 0 2026-02-26 11:42:13.247
!MESSAGE Error

!ENTRY org.eclipse.cdt.core 4 0 2026-02-26 11:42:13.247
!MESSAGE Error

!ENTRY org.eclipse.cdt.core 4 0 2026-02-26 11:42:13.247
!MESSAGE Error

!ENTRY org.eclipse.cdt.core 4 0 2026-02-26 11:42:13.248
!MESSAGE Error

!ENTRY org.eclipse.cdt.core 4 0 2026-02-26 11:42:13.249
!MESSAGE Error

!ENTRY org.eclipse.cdt.core 4 0 2026-02-26 11:42:13.249
!MESSAGE Error

!ENTRY org.eclipse.cdt.core 4 0 2026-02-26 11:42:13.249
!MESSAGE Error

!ENTRY org.eclipse.cdt.core 4 0 2026-02-26 11:42:13.249
!MESSAGE Error

!ENTRY org.eclipse.cdt.core 4 0 2026-02-26 11:42:13.249
!MESSAGE Error

!ENTRY org.eclipse.cdt.core 4 0 2026-02-26 11:42:13.250
!MESSAGE Error

!ENTRY org.eclipse.cdt.core 4 0 2026-02-26 11:42:13.250
!MESSAGE Error

!ENTRY org.eclipse.cdt.core 4 0 2026-02-26 11:42:13.250
!MESSAGE Error

!ENTRY org.eclipse.cdt.core 4 0 2026-02-26 11:42:13.250
!MESSAGE Error

!ENTRY org.eclipse.cdt.core 4 0 2026-02-26 11:42:13.250
!MESSAGE Error

!ENTRY org.eclipse.cdt.core 4 0 2026-02-26 11:42:13.250
!MESSAGE Error

!ENTRY org.eclipse.cdt.core 4 0 2026-02-26 11:42:13.250
!MESSAGE Error

!ENTRY org.eclipse.cdt.core 4 0 2026-02-26 11:42:13.251
!MESSAGE Error

!ENTRY org.eclipse.cdt.core 4 0 2026-02-26 11:42:13.251
!MESSAGE Error

!ENTRY org.eclipse.cdt.core 4 0 2026-02-26 11:42:13.251
!MESSAGE Error

!ENTRY org.eclipse.cdt.core 4 0 2026-02-26 11:42:13.251
!MESSAGE Error

!ENTRY org.eclipse.cdt.core 4 0 2026-02-26 11:42:13.251
!MESSAGE Error

!ENTRY org.eclipse.cdt.core 4 0 2026-02-26 11:42:13.252
!MESSAGE Error

!ENTRY org.eclipse.cdt.core 4 0 2026-02-26 11:42:13.252
!MESSAGE Error

!ENTRY org.eclipse.cdt.core 4 0 2026-02-26 11:42:13.252
!MESSAGE Error

!ENTRY org.eclipse.cdt.core 4 0 2026-02-26 11:42:13.252
!MESSAGE Error

!ENTRY org.eclipse.cdt.core 4 0 2026-02-26 11:42:13.252
!MESSAGE Error

!ENTRY org.eclipse.cdt.core 4 0 2026-02-26 11:42:13.253
!MESSAGE Error

!ENTRY org.eclipse.cdt.core 4 0 2026-02-26 11:42:13.253
!MESSAGE Error

!ENTRY org.eclipse.cdt.core 4 0 2026-02-26 11:42:13.253
!MESSAGE Error

!ENTRY org.eclipse.cdt.core 4 0 2026-02-26 11:42:13.253
!MESSAGE Error

!ENTRY org.eclipse.cdt.core 4 0 2026-02-26 11:42:13.253
!MESSAGE Error

!ENTRY org.eclipse.cdt.core 4 0 2026-02-26 11:42:13.254
!MESSAGE Error

!ENTRY org.eclipse.cdt.core 4 0 2026-02-26 11:42:13.254
!MESSAGE Error

!ENTRY org.eclipse.cdt.core 4 0 2026-02-26 11:42:13.254
!MESSAGE Error

!ENTRY org.eclipse.cdt.core 4 0 2026-02-26 11:42:13.254
!MESSAGE Error

!ENTRY org.eclipse.cdt.core 4 0 2026-02-26 11:42:13.254
!MESSAGE Error

!ENTRY org.eclipse.cdt.core 4 0 2026-02-26 11:42:13.254
!MESSAGE Error

!ENTRY org.eclipse.cdt.core 4 0 2026-02-26 11:42:13.254
!MESSAGE Error

!ENTRY org.eclipse.cdt.core 4 0 2026-02-26 11:42:13.255
!MESSAGE Error

!ENTRY org.eclipse.cdt.core 4 0 2026-02-26 11:42:13.255
!MESSAGE Error

!ENTRY org.eclipse.cdt.core 4 0 2026-02-26 11:42:13.255
!MESSAGE Error

!ENTRY org.eclipse.cdt.core 4 0 2026-02-26 11:42:13.255
!MESSAGE Error

!ENTRY org.eclipse.cdt.core 4 0 2026-02-26 11:42:13.255
!MESSAGE Error

!ENTRY org.eclipse.cdt.core 4 0 2026-02-26 11:42:13.255
!MESSAGE Error

!ENTRY org.eclipse.cdt.core 4 0 2026-02-26 11:42:13.256
!MESSAGE Error

!ENTRY org.eclipse.cdt.core 4 0 2026-02-26 11:42:13.256
!MESSAGE Error

!ENTRY org.eclipse.cdt.core 4 0 2026-02-26 11:42:13.256
!MESSAGE Error

!ENTRY org.eclipse.cdt.core 4 0 2026-02-26 11:42:13.256
!MESSAGE Error

!ENTRY org.eclipse.cdt.core 4 0 2026-02-26 11:42:13.256
!MESSAGE Error

!ENTRY org.eclipse.cdt.core 4 0 2026-02-26 11:42:13.256
!MESSAGE Error

!ENTRY org.eclipse.cdt.core 4 0 2026-02-26 11:42:13.257
!MESSAGE Error

!ENTRY org.eclipse.cdt.core 4 0 2026-02-26 11:42:13.257
!MESSAGE Error

!ENTRY org.eclipse.cdt.core 4 0 2026-02-26 11:42:13.257
!MESSAGE Error

!ENTRY org.eclipse.cdt.core 4 0 2026-02-26 11:42:13.257
!MESSAGE Error

!ENTRY org.eclipse.cdt.core 4 0 2026-02-26 11:42:13.257
!MESSAGE Error

!ENTRY org.eclipse.cdt.core 4 0 2026-02-26 11:42:13.257
!MESSAGE Error

!ENTRY org.eclipse.cdt.core 4 0 2026-02-26 11:42:13.258
!MESSAGE Error

!ENTRY org.eclipse.cdt.core 4 0 2026-02-26 11:42:13.258
!MESSAGE Error

!ENTRY org.eclipse.cdt.core 4 0 2026-02-26 11:42:14.779
!MESSAGE Error

!ENTRY org.eclipse.cdt.core 4 0 2026-02-26 11:42:14.784
!MESSAGE Error

!ENTRY org.eclipse.cdt.core 4 0 2026-02-26 11:42:14.785
!MESSAGE Error

!ENTRY org.eclipse.cdt.core 4 0 2026-02-26 11:42:14.786
!MESSAGE Error

!ENTRY org.eclipse.cdt.core 4 0 2026-02-26 11:42:14.786
!MESSAGE Error

!ENTRY org.eclipse.cdt.core 4 0 2026-02-26 11:42:14.787
!MESSAGE Error

!ENTRY org.eclipse.cdt.core 4 0 2026-02-26 11:42:14.787
!MESSAGE Error

!ENTRY org.eclipse.cdt.core 4 0 2026-02-26 11:42:14.787
!MESSAGE Error

!ENTRY org.eclipse.cdt.core 4 0 2026-02-26 11:42:14.788
!MESSAGE Error

!ENTRY org.eclipse.cdt.core 4 0 2026-02-26 11:42:14.789
!MESSAGE Error

!ENTRY org.eclipse.cdt.core 4 0 2026-02-26 11:42:14.789
!MESSAGE Error

!ENTRY org.eclipse.cdt.core 4 0 2026-02-26 11:42:14.789
!MESSAGE Error

!ENTRY org.eclipse.cdt.core 4 0 2026-02-26 11:42:14.790
!MESSAGE Error

!ENTRY org.eclipse.cdt.core 4 0 2026-02-26 11:42:14.790
!MESSAGE Error

!ENTRY org.eclipse.cdt.core 4 0 2026-02-26 11:42:14.791
!MESSAGE Error

!ENTRY org.eclipse.cdt.core 4 0 2026-02-26 11:42:14.791
!MESSAGE Error

!ENTRY org.eclipse.cdt.core 4 0 2026-02-26 11:42:14.791
!MESSAGE Error

!ENTRY org.eclipse.cdt.core 4 0 2026-02-26 11:42:14.792
!MESSAGE Error

!ENTRY org.eclipse.cdt.core 4 0 2026-02-26 11:42:14.792
!MESSAGE Error

!ENTRY org.eclipse.cdt.core 4 0 2026-02-26 11:42:14.793
!MESSAGE Error

!ENTRY org.eclipse.cdt.core 4 0 2026-02-26 11:42:14.793
!MESSAGE Error

!ENTRY org.eclipse.cdt.core 4 0 2026-02-26 11:42:14.793
!MESSAGE Error

!ENTRY org.eclipse.cdt.core 4 0 2026-02-26 11:42:14.794
!MESSAGE Error

!ENTRY org.eclipse.cdt.core 4 0 2026-02-26 11:42:14.794
!MESSAGE Error

!ENTRY org.eclipse.cdt.core 4 0 2026-02-26 11:42:14.794
!MESSAGE Error

!ENTRY org.eclipse.cdt.core 4 0 2026-02-26 11:42:14.794
!MESSAGE Error

!ENTRY org.eclipse.cdt.core 4 0 2026-02-26 11:42:14.795
!MESSAGE Error

!ENTRY org.eclipse.cdt.core 4 0 2026-02-26 11:42:14.796
!MESSAGE Error

!ENTRY org.eclipse.cdt.core 4 0 2026-02-26 11:42:14.796
!MESSAGE Error

!ENTRY org.eclipse.cdt.core 4 0 2026-02-26 11:42:14.796
!MESSAGE Error

!ENTRY org.eclipse.cdt.core 4 0 2026-02-26 11:42:14.796
!MESSAGE Error

!ENTRY org.eclipse.cdt.core 4 0 2026-02-26 11:42:14.797
!MESSAGE Error

!ENTRY org.eclipse.cdt.core 4 0 2026-02-26 11:42:14.797
!MESSAGE Error

!ENTRY org.eclipse.cdt.core 4 0 2026-02-26 11:42:14.797
!MESSAGE Error

!ENTRY org.eclipse.cdt.core 4 0 2026-02-26 11:42:14.797
!MESSAGE Error

!ENTRY org.eclipse.cdt.core 4 0 2026-02-26 11:42:14.797
!MESSAGE Error

!ENTRY org.eclipse.cdt.core 4 0 2026-02-26 11:42:14.797
!MESSAGE Error

!ENTRY org.eclipse.cdt.core 4 0 2026-02-26 11:42:14.798
!MESSAGE Error

!ENTRY org.eclipse.cdt.core 4 0 2026-02-26 11:42:14.798
!MESSAGE Error

!ENTRY org.eclipse.cdt.core 4 0 2026-02-26 11:42:14.798
!MESSAGE Error

!ENTRY org.eclipse.cdt.core 4 0 2026-02-26 11:42:14.798
!MESSAGE Error

!ENTRY org.eclipse.cdt.core 4 0 2026-02-26 11:42:14.798
!MESSAGE Error

!ENTRY org.eclipse.cdt.core 4 0 2026-02-26 11:42:14.798
!MESSAGE Error

!ENTRY org.eclipse.cdt.core 4 0 2026-02-26 11:42:14.798
!MESSAGE Error

!ENTRY org.eclipse.cdt.core 4 0 2026-02-26 11:42:14.799
!MESSAGE Error

!ENTRY org.eclipse.cdt.core 4 0 2026-02-26 11:42:14.799
!MESSAGE Error

!ENTRY org.eclipse.cdt.core 4 0 2026-02-26 11:42:14.799
!MESSAGE Error

!ENTRY org.eclipse.cdt.core 4 0 2026-02-26 11:42:14.799
!MESSAGE Error

!ENTRY org.eclipse.cdt.core 4 0 2026-02-26 11:42:14.799
!MESSAGE Error

!ENTRY org.eclipse.cdt.core 4 0 2026-02-26 11:42:14.799
!MESSAGE Error

!ENTRY org.eclipse.cdt.core 4 0 2026-02-26 11:42:14.799
!MESSAGE Error

!ENTRY org.eclipse.cdt.core 4 0 2026-02-26 11:42:14.799
!MESSAGE Error

!ENTRY org.eclipse.cdt.core 4 0 2026-02-26 11:42:14.799
!MESSAGE Error

!ENTRY org.eclipse.cdt.core 4 0 2026-02-26 11:42:14.799
!MESSAGE Error

!ENTRY org.eclipse.cdt.core 4 0 2026-02-26 11:42:14.799
!MESSAGE Error

!ENTRY org.eclipse.cdt.core 4 0 2026-02-26 11:42:14.800
!MESSAGE Error

!ENTRY org.eclipse.cdt.core 4 0 2026-02-26 11:42:14.800
!MESSAGE Error

!ENTRY org.eclipse.cdt.core 4 0 2026-02-26 11:42:14.800
!MESSAGE Error

!ENTRY org.eclipse.cdt.core 4 0 2026-02-26 11:42:14.800
!MESSAGE Error

!ENTRY org.eclipse.cdt.core 4 0 2026-02-26 11:42:14.800
!MESSAGE Error

!ENTRY org.eclipse.cdt.core 4 0 2026-02-26 11:42:14.800
!MESSAGE Error

!ENTRY org.eclipse.cdt.core 4 0 2026-02-26 11:42:14.801
!MESSAGE Error

!ENTRY org.eclipse.cdt.core 4 0 2026-02-26 11:42:14.801
!MESSAGE Error

!ENTRY org.eclipse.cdt.core 4 0 2026-02-26 11:42:14.801
!MESSAGE Error

!ENTRY org.eclipse.cdt.core 4 0 2026-02-26 11:42:14.801
!MESSAGE Error

!ENTRY org.eclipse.cdt.core 4 0 2026-02-26 11:42:14.801
!MESSAGE Error

!ENTRY org.eclipse.cdt.core 4 0 2026-02-26 11:42:14.801
!MESSAGE Error

!ENTRY org.eclipse.cdt.core 4 0 2026-02-26 11:42:14.802
!MESSAGE Error

!ENTRY org.eclipse.cdt.core 4 0 2026-02-26 11:42:14.802
!MESSAGE Error

!ENTRY org.eclipse.cdt.core 4 0 2026-02-26 11:42:14.802
!MESSAGE Error

!ENTRY org.eclipse.cdt.core 4 0 2026-02-26 11:42:19.865
!MESSAGE Error

!ENTRY org.eclipse.cdt.core 4 0 2026-02-26 11:42:19.871
!MESSAGE Error

!ENTRY org.eclipse.cdt.core 4 0 2026-02-26 11:42:19.873
!MESSAGE Error

!ENTRY org.eclipse.cdt.core 4 0 2026-02-26 11:42:19.873
!MESSAGE Error

!ENTRY org.eclipse.cdt.core 4 0 2026-02-26 11:42:19.874
!MESSAGE Error

!ENTRY org.eclipse.cdt.core 4 0 2026-02-26 11:42:19.874
!MESSAGE Error

!ENTRY org.eclipse.cdt.core 4 0 2026-02-26 11:42:19.875
!MESSAGE Error

!ENTRY org.eclipse.cdt.core 4 0 2026-02-26 11:42:19.875
!MESSAGE Error

!ENTRY org.eclipse.cdt.core 4 0 2026-02-26 11:42:19.875
!MESSAGE Error

!ENTRY org.eclipse.cdt.core 4 0 2026-02-26 11:42:19.876
!MESSAGE Error

!ENTRY org.eclipse.cdt.core 4 0 2026-02-26 11:42:19.876
!MESSAGE Error

!ENTRY org.eclipse.cdt.core 4 0 2026-02-26 11:42:19.876
!MESSAGE Error

!ENTRY org.eclipse.cdt.core 4 0 2026-02-26 11:42:19.877
!MESSAGE Error

!ENTRY org.eclipse.cdt.core 4 0 2026-02-26 11:42:19.877
!MESSAGE Error

!ENTRY org.eclipse.cdt.core 4 0 2026-02-26 11:42:19.878
!MESSAGE Error

!ENTRY org.eclipse.cdt.core 4 0 2026-02-26 11:42:19.878
!MESSAGE Error

!ENTRY org.eclipse.cdt.core 4 0 2026-02-26 11:42:19.878
!MESSAGE Error

!ENTRY org.eclipse.cdt.core 4 0 2026-02-26 11:42:19.880
!MESSAGE Error

!ENTRY org.eclipse.cdt.core 4 0 2026-02-26 11:42:19.880
!MESSAGE Error

!ENTRY org.eclipse.cdt.core 4 0 2026-02-26 11:42:19.881
!MESSAGE Error

!ENTRY org.eclipse.cdt.core 4 0 2026-02-26 11:42:19.881
!MESSAGE Error

!ENTRY org.eclipse.cdt.core 4 0 2026-02-26 11:42:19.881
!MESSAGE Error

!ENTRY org.eclipse.cdt.core 4 0 2026-02-26 11:42:19.882
!MESSAGE Error

!ENTRY org.eclipse.cdt.core 4 0 2026-02-26 11:42:19.882
!MESSAGE Error

!ENTRY org.eclipse.cdt.core 4 0 2026-02-26 11:42:19.883
!MESSAGE Error

!ENTRY org.eclipse.cdt.core 4 0 2026-02-26 11:42:19.883
!MESSAGE Error

!ENTRY org.eclipse.cdt.core 4 0 2026-02-26 11:42:19.883
!MESSAGE Error

!ENTRY org.eclipse.cdt.core 4 0 2026-02-26 11:42:19.883
!MESSAGE Error

!ENTRY org.eclipse.cdt.core 4 0 2026-02-26 11:42:19.883
!MESSAGE Error

!ENTRY org.eclipse.cdt.core 4 0 2026-02-26 11:42:19.883
!MESSAGE Error

!ENTRY org.eclipse.cdt.core 4 0 2026-02-26 11:42:19.883
!MESSAGE Error

!ENTRY org.eclipse.cdt.core 4 0 2026-02-26 11:42:19.884
!MESSAGE Error

!ENTRY org.eclipse.cdt.core 4 0 2026-02-26 11:42:19.884
!MESSAGE Error

!ENTRY org.eclipse.cdt.core 4 0 2026-02-26 11:42:19.884
!MESSAGE Error

!ENTRY org.eclipse.cdt.core 4 0 2026-02-26 11:42:19.884
!MESSAGE Error

!ENTRY org.eclipse.cdt.core 4 0 2026-02-26 11:42:19.884
!MESSAGE Error

!ENTRY org.eclipse.cdt.core 4 0 2026-02-26 11:42:19.884
!MESSAGE Error

!ENTRY org.eclipse.cdt.core 4 0 2026-02-26 11:42:19.885
!MESSAGE Error

!ENTRY org.eclipse.cdt.core 4 0 2026-02-26 11:42:19.885
!MESSAGE Error

!ENTRY org.eclipse.cdt.core 4 0 2026-02-26 11:42:19.885
!MESSAGE Error

!ENTRY org.eclipse.cdt.core 4 0 2026-02-26 11:42:19.885
!MESSAGE Error

!ENTRY org.eclipse.cdt.core 4 0 2026-02-26 11:42:19.885
!MESSAGE Error

!ENTRY org.eclipse.cdt.core 4 0 2026-02-26 11:42:19.885
!MESSAGE Error

!ENTRY org.eclipse.cdt.core 4 0 2026-02-26 11:42:19.886
!MESSAGE Error

!ENTRY org.eclipse.cdt.core 4 0 2026-02-26 11:42:19.886
!MESSAGE Error

!ENTRY org.eclipse.cdt.core 4 0 2026-02-26 11:42:19.886
!MESSAGE Error

!ENTRY org.eclipse.cdt.core 4 0 2026-02-26 11:42:19.886
!MESSAGE Error

!ENTRY org.eclipse.cdt.core 4 0 2026-02-26 11:42:19.886
!MESSAGE Error

!ENTRY org.eclipse.cdt.core 4 0 2026-02-26 11:42:19.886
!MESSAGE Error

!ENTRY org.eclipse.cdt.core 4 0 2026-02-26 11:42:19.886
!MESSAGE Error

!ENTRY org.eclipse.cdt.core 4 0 2026-02-26 11:42:19.887
!MESSAGE Error

!ENTRY org.eclipse.cdt.core 4 0 2026-02-26 11:42:19.887
!MESSAGE Error

!ENTRY org.eclipse.cdt.core 4 0 2026-02-26 11:42:19.887
!MESSAGE Error

!ENTRY org.eclipse.cdt.core 4 0 2026-02-26 11:42:19.887
!MESSAGE Error

!ENTRY org.eclipse.cdt.core 4 0 2026-02-26 11:42:19.887
!MESSAGE Error

!ENTRY org.eclipse.cdt.core 4 0 2026-02-26 11:42:19.887
!MESSAGE Error

!ENTRY org.eclipse.cdt.core 4 0 2026-02-26 11:42:19.888
!MESSAGE Error

!ENTRY org.eclipse.cdt.core 4 0 2026-02-26 11:42:19.888
!MESSAGE Error

!ENTRY org.eclipse.cdt.core 4 0 2026-02-26 11:42:19.888
!MESSAGE Error

!ENTRY org.eclipse.cdt.core 4 0 2026-02-26 11:42:19.888
!MESSAGE Error

!ENTRY org.eclipse.cdt.core 4 0 2026-02-26 11:42:19.888
!MESSAGE Error

!ENTRY org.eclipse.cdt.core 4 0 2026-02-26 11:42:19.888
!MESSAGE Error

!ENTRY org.eclipse.cdt.core 4 0 2026-02-26 11:42:19.889
!MESSAGE Error

!ENTRY org.eclipse.cdt.core 4 0 2026-02-26 11:42:19.889
!MESSAGE Error

!ENTRY org.eclipse.cdt.core 4 0 2026-02-26 11:42:19.889
!MESSAGE Error

!ENTRY org.eclipse.cdt.core 4 0 2026-02-26 11:42:19.889
!MESSAGE Error

!ENTRY org.eclipse.cdt.core 4 0 2026-02-26 11:42:19.889
!MESSAGE Error

!ENTRY org.eclipse.cdt.core 4 0 2026-02-26 11:42:19.889
!MESSAGE Error

!ENTRY org.eclipse.cdt.core 4 0 2026-02-26 11:42:19.889
!MESSAGE Error

!ENTRY org.eclipse.cdt.core 4 0 2026-02-26 11:42:19.890
!MESSAGE Error

!ENTRY org.eclipse.cdt.core 4 0 2026-02-26 11:42:20.905
!MESSAGE Error

!ENTRY org.eclipse.cdt.core 4 0 2026-02-26 11:42:20.910
!MESSAGE Error

!ENTRY org.eclipse.cdt.core 4 0 2026-02-26 11:42:20.912
!MESSAGE Error

!ENTRY org.eclipse.cdt.core 4 0 2026-02-26 11:42:20.912
!MESSAGE Error

!ENTRY org.eclipse.cdt.core 4 0 2026-02-26 11:42:20.913
!MESSAGE Error

!ENTRY org.eclipse.cdt.core 4 0 2026-02-26 11:42:20.913
!MESSAGE Error

!ENTRY org.eclipse.cdt.core 4 0 2026-02-26 11:42:20.914
!MESSAGE Error

!ENTRY org.eclipse.cdt.core 4 0 2026-02-26 11:42:20.914
!MESSAGE Error

!ENTRY org.eclipse.cdt.core 4 0 2026-02-26 11:42:20.914
!MESSAGE Error

!ENTRY org.eclipse.cdt.core 4 0 2026-02-26 11:42:20.915
!MESSAGE Error

!ENTRY org.eclipse.cdt.core 4 0 2026-02-26 11:42:20.915
!MESSAGE Error

!ENTRY org.eclipse.cdt.core 4 0 2026-02-26 11:42:20.916
!MESSAGE Error

!ENTRY org.eclipse.cdt.core 4 0 2026-02-26 11:42:20.916
!MESSAGE Error

!ENTRY org.eclipse.cdt.core 4 0 2026-02-26 11:42:20.916
!MESSAGE Error

!ENTRY org.eclipse.cdt.core 4 0 2026-02-26 11:42:20.917
!MESSAGE Error

!ENTRY org.eclipse.cdt.core 4 0 2026-02-26 11:42:20.917
!MESSAGE Error

!ENTRY org.eclipse.cdt.core 4 0 2026-02-26 11:42:20.917
!MESSAGE Error

!ENTRY org.eclipse.cdt.core 4 0 2026-02-26 11:42:20.917
!MESSAGE Error

!ENTRY org.eclipse.cdt.core 4 0 2026-02-26 11:42:20.917
!MESSAGE Error

!ENTRY org.eclipse.cdt.core 4 0 2026-02-26 11:42:20.918
!MESSAGE Error

!ENTRY org.eclipse.cdt.core 4 0 2026-02-26 11:42:20.918
!MESSAGE Error

!ENTRY org.eclipse.cdt.core 4 0 2026-02-26 11:42:20.918
!MESSAGE Error

!ENTRY org.eclipse.cdt.core 4 0 2026-02-26 11:42:20.918
!MESSAGE Error

!ENTRY org.eclipse.cdt.core 4 0 2026-02-26 11:42:20.918
!MESSAGE Error

!ENTRY org.eclipse.cdt.core 4 0 2026-02-26 11:42:20.918
!MESSAGE Error

!ENTRY org.eclipse.cdt.core 4 0 2026-02-26 11:42:20.918
!MESSAGE Error

!ENTRY org.eclipse.cdt.core 4 0 2026-02-26 11:42:20.919
!MESSAGE Error

!ENTRY org.eclipse.cdt.core 4 0 2026-02-26 11:42:20.919
!MESSAGE Error

!ENTRY org.eclipse.cdt.core 4 0 2026-02-26 11:42:20.919
!MESSAGE Error

!ENTRY org.eclipse.cdt.core 4 0 2026-02-26 11:42:20.919
!MESSAGE Error

!ENTRY org.eclipse.cdt.core 4 0 2026-02-26 11:42:20.919
!MESSAGE Error

!ENTRY org.eclipse.cdt.core 4 0 2026-02-26 11:42:20.919
!MESSAGE Error

!ENTRY org.eclipse.cdt.core 4 0 2026-02-26 11:42:20.920
!MESSAGE Error

!ENTRY org.eclipse.cdt.core 4 0 2026-02-26 11:42:20.920
!MESSAGE Error

!ENTRY org.eclipse.cdt.core 4 0 2026-02-26 11:42:20.920
!MESSAGE Error

!ENTRY org.eclipse.cdt.core 4 0 2026-02-26 11:42:20.920
!MESSAGE Error

!ENTRY org.eclipse.cdt.core 4 0 2026-02-26 11:42:20.920
!MESSAGE Error

!ENTRY org.eclipse.cdt.core 4 0 2026-02-26 11:42:20.920
!MESSAGE Error

!ENTRY org.eclipse.cdt.core 4 0 2026-02-26 11:42:20.921
!MESSAGE Error

!ENTRY org.eclipse.cdt.core 4 0 2026-02-26 11:42:20.921
!MESSAGE Error

!ENTRY org.eclipse.cdt.core 4 0 2026-02-26 11:42:20.921
!MESSAGE Error

!ENTRY org.eclipse.cdt.core 4 0 2026-02-26 11:42:20.921
!MESSAGE Error

!ENTRY org.eclipse.cdt.core 4 0 2026-02-26 11:42:20.921
!MESSAGE Error

!ENTRY org.eclipse.cdt.core 4 0 2026-02-26 11:42:20.921
!MESSAGE Error

!ENTRY org.eclipse.cdt.core 4 0 2026-02-26 11:42:20.922
!MESSAGE Error

!ENTRY org.eclipse.cdt.core 4 0 2026-02-26 11:42:20.922
!MESSAGE Error

!ENTRY org.eclipse.cdt.core 4 0 2026-02-26 11:42:20.922
!MESSAGE Error

!ENTRY org.eclipse.cdt.core 4 0 2026-02-26 11:42:20.922
!MESSAGE Error

!ENTRY org.eclipse.cdt.core 4 0 2026-02-26 11:42:20.922
!MESSAGE Error

!ENTRY org.eclipse.cdt.core 4 0 2026-02-26 11:42:20.922
!MESSAGE Error

!ENTRY org.eclipse.cdt.core 4 0 2026-02-26 11:42:20.923
!MESSAGE Error

!ENTRY org.eclipse.cdt.core 4 0 2026-02-26 11:42:20.923
!MESSAGE Error

!ENTRY org.eclipse.cdt.core 4 0 2026-02-26 11:42:20.923
!MESSAGE Error

!ENTRY org.eclipse.cdt.core 4 0 2026-02-26 11:42:20.923
!MESSAGE Error

!ENTRY org.eclipse.cdt.core 4 0 2026-02-26 11:42:20.923
!MESSAGE Error

!ENTRY org.eclipse.cdt.core 4 0 2026-02-26 11:42:20.923
!MESSAGE Error

!ENTRY org.eclipse.cdt.core 4 0 2026-02-26 11:42:20.923
!MESSAGE Error

!ENTRY org.eclipse.cdt.core 4 0 2026-02-26 11:42:20.924
!MESSAGE Error

!ENTRY org.eclipse.cdt.core 4 0 2026-02-26 11:42:20.924
!MESSAGE Error

!ENTRY org.eclipse.cdt.core 4 0 2026-02-26 11:42:20.924
!MESSAGE Error

!ENTRY org.eclipse.cdt.core 4 0 2026-02-26 11:42:20.924
!MESSAGE Error

!ENTRY org.eclipse.cdt.core 4 0 2026-02-26 11:42:20.924
!MESSAGE Error

!ENTRY org.eclipse.cdt.core 4 0 2026-02-26 11:42:20.925
!MESSAGE Error

!ENTRY org.eclipse.cdt.core 4 0 2026-02-26 11:42:20.925
!MESSAGE Error

!ENTRY org.eclipse.cdt.core 4 0 2026-02-26 11:42:20.925
!MESSAGE Error

!ENTRY org.eclipse.cdt.core 4 0 2026-02-26 11:42:20.925
!MESSAGE Error

!ENTRY org.eclipse.cdt.core 4 0 2026-02-26 11:42:20.925
!MESSAGE Error

!ENTRY org.eclipse.cdt.core 4 0 2026-02-26 11:42:20.925
!MESSAGE Error

!ENTRY org.eclipse.cdt.core 4 0 2026-02-26 11:42:20.925
!MESSAGE Error

!ENTRY org.eclipse.cdt.core 4 0 2026-02-26 11:42:20.926
!MESSAGE Error

!ENTRY org.eclipse.cdt.core 4 0 2026-02-26 11:42:28.494
!MESSAGE Error

!ENTRY org.eclipse.cdt.core 4 0 2026-02-26 11:42:28.498
!MESSAGE Error

!ENTRY org.eclipse.cdt.core 4 0 2026-02-26 11:42:28.500
!MESSAGE Error

!ENTRY org.eclipse.cdt.core 4 0 2026-02-26 11:42:28.500
!MESSAGE Error

!ENTRY org.eclipse.cdt.core 4 0 2026-02-26 11:42:28.501
!MESSAGE Error

!ENTRY org.eclipse.cdt.core 4 0 2026-02-26 11:42:28.502
!MESSAGE Error

!ENTRY org.eclipse.cdt.core 4 0 2026-02-26 11:42:28.502
!MESSAGE Error

!ENTRY org.eclipse.cdt.core 4 0 2026-02-26 11:42:28.502
!MESSAGE Error

!ENTRY org.eclipse.cdt.core 4 0 2026-02-26 11:42:28.503
!MESSAGE Error

!ENTRY org.eclipse.cdt.core 4 0 2026-02-26 11:42:28.503
!MESSAGE Error

!ENTRY org.eclipse.cdt.core 4 0 2026-02-26 11:42:28.503
!MESSAGE Error

!ENTRY org.eclipse.cdt.core 4 0 2026-02-26 11:42:28.504
!MESSAGE Error

!ENTRY org.eclipse.cdt.core 4 0 2026-02-26 11:42:28.504
!MESSAGE Error

!ENTRY org.eclipse.cdt.core 4 0 2026-02-26 11:42:28.504
!MESSAGE Error

!ENTRY org.eclipse.cdt.core 4 0 2026-02-26 11:42:28.505
!MESSAGE Error

!ENTRY org.eclipse.cdt.core 4 0 2026-02-26 11:42:28.505
!MESSAGE Error

!ENTRY org.eclipse.cdt.core 4 0 2026-02-26 11:42:28.505
!MESSAGE Error

!ENTRY org.eclipse.cdt.core 4 0 2026-02-26 11:42:28.506
!MESSAGE Error

!ENTRY org.eclipse.cdt.core 4 0 2026-02-26 11:42:28.506
!MESSAGE Error

!ENTRY org.eclipse.cdt.core 4 0 2026-02-26 11:42:28.506
!MESSAGE Error

!ENTRY org.eclipse.cdt.core 4 0 2026-02-26 11:42:28.507
!MESSAGE Error

!ENTRY org.eclipse.cdt.core 4 0 2026-02-26 11:42:28.507
!MESSAGE Error

!ENTRY org.eclipse.cdt.core 4 0 2026-02-26 11:42:28.507
!MESSAGE Error

!ENTRY org.eclipse.cdt.core 4 0 2026-02-26 11:42:28.507
!MESSAGE Error

!ENTRY org.eclipse.cdt.core 4 0 2026-02-26 11:42:28.507
!MESSAGE Error

!ENTRY org.eclipse.cdt.core 4 0 2026-02-26 11:42:28.507
!MESSAGE Error

!ENTRY org.eclipse.cdt.core 4 0 2026-02-26 11:42:28.507
!MESSAGE Error

!ENTRY org.eclipse.cdt.core 4 0 2026-02-26 11:42:28.507
!MESSAGE Error

!ENTRY org.eclipse.cdt.core 4 0 2026-02-26 11:42:28.508
!MESSAGE Error

!ENTRY org.eclipse.cdt.core 4 0 2026-02-26 11:42:28.508
!MESSAGE Error

!ENTRY org.eclipse.cdt.core 4 0 2026-02-26 11:42:28.508
!MESSAGE Error

!ENTRY org.eclipse.cdt.core 4 0 2026-02-26 11:42:28.508
!MESSAGE Error

!ENTRY org.eclipse.cdt.core 4 0 2026-02-26 11:42:28.508
!MESSAGE Error

!ENTRY org.eclipse.cdt.core 4 0 2026-02-26 11:42:28.508
!MESSAGE Error

!ENTRY org.eclipse.cdt.core 4 0 2026-02-26 11:42:28.508
!MESSAGE Error

!ENTRY org.eclipse.cdt.core 4 0 2026-02-26 11:42:28.509
!MESSAGE Error

!ENTRY org.eclipse.cdt.core 4 0 2026-02-26 11:42:28.509
!MESSAGE Error

!ENTRY org.eclipse.cdt.core 4 0 2026-02-26 11:42:28.509
!MESSAGE Error

!ENTRY org.eclipse.cdt.core 4 0 2026-02-26 11:42:28.509
!MESSAGE Error

!ENTRY org.eclipse.cdt.core 4 0 2026-02-26 11:42:28.509
!MESSAGE Error

!ENTRY org.eclipse.cdt.core 4 0 2026-02-26 11:42:28.510
!MESSAGE Error

!ENTRY org.eclipse.cdt.core 4 0 2026-02-26 11:42:28.510
!MESSAGE Error

!ENTRY org.eclipse.cdt.core 4 0 2026-02-26 11:42:28.510
!MESSAGE Error

!ENTRY org.eclipse.cdt.core 4 0 2026-02-26 11:42:28.510
!MESSAGE Error

!ENTRY org.eclipse.cdt.core 4 0 2026-02-26 11:42:28.510
!MESSAGE Error

!ENTRY org.eclipse.cdt.core 4 0 2026-02-26 11:42:28.510
!MESSAGE Error

!ENTRY org.eclipse.cdt.core 4 0 2026-02-26 11:42:28.510
!MESSAGE Error

!ENTRY org.eclipse.cdt.core 4 0 2026-02-26 11:42:28.510
!MESSAGE Error

!ENTRY org.eclipse.cdt.core 4 0 2026-02-26 11:42:28.510
!MESSAGE Error

!ENTRY org.eclipse.cdt.core 4 0 2026-02-26 11:42:28.510
!MESSAGE Error

!ENTRY org.eclipse.cdt.core 4 0 2026-02-26 11:42:28.511
!MESSAGE Error

!ENTRY org.eclipse.cdt.core 4 0 2026-02-26 11:42:28.511
!MESSAGE Error

!ENTRY org.eclipse.cdt.core 4 0 2026-02-26 11:42:28.511
!MESSAGE Error

!ENTRY org.eclipse.cdt.core 4 0 2026-02-26 11:42:28.511
!MESSAGE Error

!ENTRY org.eclipse.cdt.core 4 0 2026-02-26 11:42:28.511
!MESSAGE Error

!ENTRY org.eclipse.cdt.core 4 0 2026-02-26 11:42:28.511
!MESSAGE Error

!ENTRY org.eclipse.cdt.core 4 0 2026-02-26 11:42:28.512
!MESSAGE Error

!ENTRY org.eclipse.cdt.core 4 0 2026-02-26 11:42:28.512
!MESSAGE Error

!ENTRY org.eclipse.cdt.core 4 0 2026-02-26 11:42:28.512
!MESSAGE Error

!ENTRY org.eclipse.cdt.core 4 0 2026-02-26 11:42:28.512
!MESSAGE Error

!ENTRY org.eclipse.cdt.core 4 0 2026-02-26 11:42:28.512
!MESSAGE Error

!ENTRY org.eclipse.cdt.core 4 0 2026-02-26 11:42:28.513
!MESSAGE Error

!ENTRY org.eclipse.cdt.core 4 0 2026-02-26 11:42:28.513
!MESSAGE Error

!ENTRY org.eclipse.cdt.core 4 0 2026-02-26 11:42:28.513
!MESSAGE Error

!ENTRY org.eclipse.cdt.core 4 0 2026-02-26 11:42:28.513
!MESSAGE Error

!ENTRY org.eclipse.cdt.core 4 0 2026-02-26 11:42:28.513
!MESSAGE Error

!ENTRY org.eclipse.cdt.core 4 0 2026-02-26 11:42:28.513
!MESSAGE Error

!ENTRY org.eclipse.cdt.core 4 0 2026-02-26 11:42:28.513
!MESSAGE Error

!ENTRY org.eclipse.cdt.core 4 0 2026-02-26 11:42:28.514
!MESSAGE Error

!ENTRY org.eclipse.cdt.core 4 0 2026-02-26 11:42:28.514
!MESSAGE Error

!ENTRY org.eclipse.cdt.core 4 0 2026-02-26 11:43:02.330
!MESSAGE Error

!ENTRY org.eclipse.cdt.core 4 0 2026-02-26 11:43:02.334
!MESSAGE Error

!ENTRY org.eclipse.cdt.core 4 0 2026-02-26 11:43:02.337
!MESSAGE Error

!ENTRY org.eclipse.cdt.core 4 0 2026-02-26 11:43:02.337
!MESSAGE Error

!ENTRY org.eclipse.cdt.core 4 0 2026-02-26 11:43:02.337
!MESSAGE Error

!ENTRY org.eclipse.cdt.core 4 0 2026-02-26 11:43:02.338
!MESSAGE Error

!ENTRY org.eclipse.cdt.core 4 0 2026-02-26 11:43:02.338
!MESSAGE Error

!ENTRY org.eclipse.cdt.core 4 0 2026-02-26 11:43:02.338
!MESSAGE Error

!ENTRY org.eclipse.cdt.core 4 0 2026-02-26 11:43:02.338
!MESSAGE Error

!ENTRY org.eclipse.cdt.core 4 0 2026-02-26 11:43:02.339
!MESSAGE Error

!ENTRY org.eclipse.cdt.core 4 0 2026-02-26 11:43:02.339
!MESSAGE Error

!ENTRY org.eclipse.cdt.core 4 0 2026-02-26 11:43:02.340
!MESSAGE Error

!ENTRY org.eclipse.cdt.core 4 0 2026-02-26 11:43:02.340
!MESSAGE Error

!ENTRY org.eclipse.cdt.core 4 0 2026-02-26 11:43:02.340
!MESSAGE Error

!ENTRY org.eclipse.cdt.core 4 0 2026-02-26 11:43:02.341
!MESSAGE Error

!ENTRY org.eclipse.cdt.core 4 0 2026-02-26 11:43:02.341
!MESSAGE Error

!ENTRY org.eclipse.cdt.core 4 0 2026-02-26 11:43:02.341
!MESSAGE Error

!ENTRY org.eclipse.cdt.core 4 0 2026-02-26 11:43:02.342
!MESSAGE Error

!ENTRY org.eclipse.cdt.core 4 0 2026-02-26 11:43:02.342
!MESSAGE Error

!ENTRY org.eclipse.cdt.core 4 0 2026-02-26 11:43:02.342
!MESSAGE Error

!ENTRY org.eclipse.cdt.core 4 0 2026-02-26 11:43:02.342
!MESSAGE Error

!ENTRY org.eclipse.cdt.core 4 0 2026-02-26 11:43:02.343
!MESSAGE Error

!ENTRY org.eclipse.cdt.core 4 0 2026-02-26 11:43:02.343
!MESSAGE Error

!ENTRY org.eclipse.cdt.core 4 0 2026-02-26 11:43:02.344
!MESSAGE Error

!ENTRY org.eclipse.cdt.core 4 0 2026-02-26 11:43:02.344
!MESSAGE Error

!ENTRY org.eclipse.cdt.core 4 0 2026-02-26 11:43:02.344
!MESSAGE Error

!ENTRY org.eclipse.cdt.core 4 0 2026-02-26 11:43:02.345
!MESSAGE Error

!ENTRY org.eclipse.cdt.core 4 0 2026-02-26 11:43:02.345
!MESSAGE Error

!ENTRY org.eclipse.cdt.core 4 0 2026-02-26 11:43:02.345
!MESSAGE Error

!ENTRY org.eclipse.cdt.core 4 0 2026-02-26 11:43:02.346
!MESSAGE Error

!ENTRY org.eclipse.cdt.core 4 0 2026-02-26 11:43:02.347
!MESSAGE Error

!ENTRY org.eclipse.cdt.core 4 0 2026-02-26 11:43:02.347
!MESSAGE Error

!ENTRY org.eclipse.cdt.core 4 0 2026-02-26 11:43:02.347
!MESSAGE Error

!ENTRY org.eclipse.cdt.core 4 0 2026-02-26 11:43:02.348
!MESSAGE Error

!ENTRY org.eclipse.cdt.core 4 0 2026-02-26 11:43:02.348
!MESSAGE Error

!ENTRY org.eclipse.cdt.core 4 0 2026-02-26 11:43:02.348
!MESSAGE Error

!ENTRY org.eclipse.cdt.core 4 0 2026-02-26 11:43:02.349
!MESSAGE Error

!ENTRY org.eclipse.cdt.core 4 0 2026-02-26 11:43:02.349
!MESSAGE Error

!ENTRY org.eclipse.cdt.core 4 0 2026-02-26 11:43:02.349
!MESSAGE Error

!ENTRY org.eclipse.cdt.core 4 0 2026-02-26 11:43:02.349
!MESSAGE Error

!ENTRY org.eclipse.cdt.core 4 0 2026-02-26 11:43:02.349
!MESSAGE Error

!ENTRY org.eclipse.cdt.core 4 0 2026-02-26 11:43:02.350
!MESSAGE Error

!ENTRY org.eclipse.cdt.core 4 0 2026-02-26 11:43:02.350
!MESSAGE Error

!ENTRY org.eclipse.cdt.core 4 0 2026-02-26 11:43:02.351
!MESSAGE Error

!ENTRY org.eclipse.cdt.core 4 0 2026-02-26 11:43:02.351
!MESSAGE Error

!ENTRY org.eclipse.cdt.core 4 0 2026-02-26 11:43:02.351
!MESSAGE Error

!ENTRY org.eclipse.cdt.core 4 0 2026-02-26 11:43:02.352
!MESSAGE Error

!ENTRY org.eclipse.cdt.core 4 0 2026-02-26 11:43:02.352
!MESSAGE Error

!ENTRY org.eclipse.cdt.core 4 0 2026-02-26 11:43:02.352
!MESSAGE Error

!ENTRY org.eclipse.cdt.core 4 0 2026-02-26 11:43:02.353
!MESSAGE Error

!ENTRY org.eclipse.cdt.core 4 0 2026-02-26 11:43:02.353
!MESSAGE Error

!ENTRY org.eclipse.cdt.core 4 0 2026-02-26 11:43:02.353
!MESSAGE Error

!ENTRY org.eclipse.cdt.core 4 0 2026-02-26 11:43:02.354
!MESSAGE Error

!ENTRY org.eclipse.cdt.core 4 0 2026-02-26 11:43:02.354
!MESSAGE Error

!ENTRY org.eclipse.cdt.core 4 0 2026-02-26 11:43:02.354
!MESSAGE Error

!ENTRY org.eclipse.cdt.core 4 0 2026-02-26 11:43:02.354
!MESSAGE Error

!ENTRY org.eclipse.cdt.core 4 0 2026-02-26 11:43:02.355
!MESSAGE Error

!ENTRY org.eclipse.cdt.core 4 0 2026-02-26 11:43:02.355
!MESSAGE Error

!ENTRY org.eclipse.cdt.core 4 0 2026-02-26 11:43:02.355
!MESSAGE Error

!ENTRY org.eclipse.cdt.core 4 0 2026-02-26 11:43:02.356
!MESSAGE Error

!ENTRY org.eclipse.cdt.core 4 0 2026-02-26 11:43:02.356
!MESSAGE Error

!ENTRY org.eclipse.cdt.core 4 0 2026-02-26 11:43:02.356
!MESSAGE Error

!ENTRY org.eclipse.cdt.core 4 0 2026-02-26 11:43:02.357
!MESSAGE Error

!ENTRY org.eclipse.cdt.core 4 0 2026-02-26 11:43:02.358
!MESSAGE Error

!ENTRY org.eclipse.cdt.core 4 0 2026-02-26 11:43:02.358
!MESSAGE Error

!ENTRY org.eclipse.cdt.core 4 0 2026-02-26 11:43:02.358
!MESSAGE Error

!ENTRY org.eclipse.cdt.core 4 0 2026-02-26 11:43:02.359
!MESSAGE Error

!ENTRY org.eclipse.cdt.core 4 0 2026-02-26 11:43:02.359
!MESSAGE Error

!ENTRY org.eclipse.cdt.core 4 0 2026-02-26 11:43:02.359
!MESSAGE Error

!ENTRY org.eclipse.cdt.core 4 0 2026-02-26 11:43:02.360
!MESSAGE Error

!ENTRY org.eclipse.cdt.core 4 0 2026-02-26 11:43:21.542
!MESSAGE Error

!ENTRY org.eclipse.cdt.core 4 0 2026-02-26 11:43:21.547
!MESSAGE Error

!ENTRY org.eclipse.cdt.core 4 0 2026-02-26 11:43:21.553
!MESSAGE Error

!ENTRY org.eclipse.cdt.core 4 0 2026-02-26 11:43:21.554
!MESSAGE Error

!ENTRY org.eclipse.cdt.core 4 0 2026-02-26 11:43:21.554
!MESSAGE Error

!ENTRY org.eclipse.cdt.core 4 0 2026-02-26 11:43:21.555
!MESSAGE Error

!ENTRY org.eclipse.cdt.core 4 0 2026-02-26 11:43:21.555
!MESSAGE Error

!ENTRY org.eclipse.cdt.core 4 0 2026-02-26 11:43:21.555
!MESSAGE Error

!ENTRY org.eclipse.cdt.core 4 0 2026-02-26 11:43:21.556
!MESSAGE Error

!ENTRY org.eclipse.cdt.core 4 0 2026-02-26 11:43:21.556
!MESSAGE Error

!ENTRY org.eclipse.cdt.core 4 0 2026-02-26 11:43:21.556
!MESSAGE Error

!ENTRY org.eclipse.cdt.core 4 0 2026-02-26 11:43:21.557
!MESSAGE Error

!ENTRY org.eclipse.cdt.core 4 0 2026-02-26 11:43:21.557
!MESSAGE Error

!ENTRY org.eclipse.cdt.core 4 0 2026-02-26 11:43:21.558
!MESSAGE Error

!ENTRY org.eclipse.cdt.core 4 0 2026-02-26 11:43:21.558
!MESSAGE Error

!ENTRY org.eclipse.cdt.core 4 0 2026-02-26 11:43:21.558
!MESSAGE Error

!ENTRY org.eclipse.cdt.core 4 0 2026-02-26 11:43:21.559
!MESSAGE Error

!ENTRY org.eclipse.cdt.core 4 0 2026-02-26 11:43:21.559
!MESSAGE Error

!ENTRY org.eclipse.cdt.core 4 0 2026-02-26 11:43:21.560
!MESSAGE Error

!ENTRY org.eclipse.cdt.core 4 0 2026-02-26 11:43:21.560
!MESSAGE Error

!ENTRY org.eclipse.cdt.core 4 0 2026-02-26 11:43:21.560
!MESSAGE Error

!ENTRY org.eclipse.cdt.core 4 0 2026-02-26 11:43:21.561
!MESSAGE Error

!ENTRY org.eclipse.cdt.core 4 0 2026-02-26 11:43:21.561
!MESSAGE Error

!ENTRY org.eclipse.cdt.core 4 0 2026-02-26 11:43:21.561
!MESSAGE Error

!ENTRY org.eclipse.cdt.core 4 0 2026-02-26 11:43:21.562
!MESSAGE Error

!ENTRY org.eclipse.cdt.core 4 0 2026-02-26 11:43:21.562
!MESSAGE Error

!ENTRY org.eclipse.cdt.core 4 0 2026-02-26 11:43:21.562
!MESSAGE Error

!ENTRY org.eclipse.cdt.core 4 0 2026-02-26 11:43:21.563
!MESSAGE Error

!ENTRY org.eclipse.cdt.core 4 0 2026-02-26 11:43:21.563
!MESSAGE Error

!ENTRY org.eclipse.cdt.core 4 0 2026-02-26 11:43:21.564
!MESSAGE Error

!ENTRY org.eclipse.cdt.core 4 0 2026-02-26 11:43:21.564
!MESSAGE Error

!ENTRY org.eclipse.cdt.core 4 0 2026-02-26 11:43:21.564
!MESSAGE Error

!ENTRY org.eclipse.cdt.core 4 0 2026-02-26 11:43:21.564
!MESSAGE Error

!ENTRY org.eclipse.cdt.core 4 0 2026-02-26 11:43:21.565
!MESSAGE Error

!ENTRY org.eclipse.cdt.core 4 0 2026-02-26 11:43:21.565
!MESSAGE Error

!ENTRY org.eclipse.cdt.core 4 0 2026-02-26 11:43:21.565
!MESSAGE Error

!ENTRY org.eclipse.cdt.core 4 0 2026-02-26 11:43:21.566
!MESSAGE Error

!ENTRY org.eclipse.cdt.core 4 0 2026-02-26 11:43:21.566
!MESSAGE Error

!ENTRY org.eclipse.cdt.core 4 0 2026-02-26 11:43:21.566
!MESSAGE Error

!ENTRY org.eclipse.cdt.core 4 0 2026-02-26 11:43:21.567
!MESSAGE Error

!ENTRY org.eclipse.cdt.core 4 0 2026-02-26 11:43:21.567
!MESSAGE Error

!ENTRY org.eclipse.cdt.core 4 0 2026-02-26 11:43:21.567
!MESSAGE Error

!ENTRY org.eclipse.cdt.core 4 0 2026-02-26 11:43:21.568
!MESSAGE Error

!ENTRY org.eclipse.cdt.core 4 0 2026-02-26 11:43:21.568
!MESSAGE Error

!ENTRY org.eclipse.cdt.core 4 0 2026-02-26 11:43:21.568
!MESSAGE Error

!ENTRY org.eclipse.cdt.core 4 0 2026-02-26 11:43:21.569
!MESSAGE Error

!ENTRY org.eclipse.cdt.core 4 0 2026-02-26 11:43:21.569
!MESSAGE Error

!ENTRY org.eclipse.cdt.core 4 0 2026-02-26 11:43:21.569
!MESSAGE Error

!ENTRY org.eclipse.cdt.core 4 0 2026-02-26 11:43:21.570
!MESSAGE Error

!ENTRY org.eclipse.cdt.core 4 0 2026-02-26 11:43:21.570
!MESSAGE Error

!ENTRY org.eclipse.cdt.core 4 0 2026-02-26 11:43:21.570
!MESSAGE Error

!ENTRY org.eclipse.cdt.core 4 0 2026-02-26 11:43:21.571
!MESSAGE Error

!ENTRY org.eclipse.cdt.core 4 0 2026-02-26 11:43:21.571
!MESSAGE Error

!ENTRY org.eclipse.cdt.core 4 0 2026-02-26 11:43:21.571
!MESSAGE Error

!ENTRY org.eclipse.cdt.core 4 0 2026-02-26 11:43:21.572
!MESSAGE Error

!ENTRY org.eclipse.cdt.core 4 0 2026-02-26 11:43:21.572
!MESSAGE Error

!ENTRY org.eclipse.cdt.core 4 0 2026-02-26 11:43:21.573
!MESSAGE Error

!ENTRY org.eclipse.cdt.core 4 0 2026-02-26 11:43:21.574
!MESSAGE Error

!ENTRY org.eclipse.cdt.core 4 0 2026-02-26 11:43:21.574
!MESSAGE Error

!ENTRY org.eclipse.cdt.core 4 0 2026-02-26 11:43:21.574
!MESSAGE Error

!ENTRY org.eclipse.cdt.core 4 0 2026-02-26 11:43:21.575
!MESSAGE Error

!ENTRY org.eclipse.cdt.core 4 0 2026-02-26 11:43:21.575
!MESSAGE Error

!ENTRY org.eclipse.cdt.core 4 0 2026-02-26 11:43:21.575
!MESSAGE Error

!ENTRY org.eclipse.cdt.core 4 0 2026-02-26 11:43:21.576
!MESSAGE Error

!ENTRY org.eclipse.cdt.core 4 0 2026-02-26 11:43:21.576
!MESSAGE Error

!ENTRY org.eclipse.cdt.core 4 0 2026-02-26 11:43:21.576
!MESSAGE Error

!ENTRY org.eclipse.cdt.core 4 0 2026-02-26 11:43:21.577
!MESSAGE Error

!ENTRY org.eclipse.cdt.core 4 0 2026-02-26 11:43:21.577
!MESSAGE Error

!ENTRY org.eclipse.cdt.core 4 0 2026-02-26 11:43:21.577
!MESSAGE Error

!ENTRY org.eclipse.cdt.core 4 0 2026-02-26 11:43:21.578
!MESSAGE Error

!ENTRY org.eclipse.cdt.core 4 0 2026-02-26 11:44:12.033
!MESSAGE Error

!ENTRY org.eclipse.cdt.core 4 0 2026-02-26 11:44:12.039
!MESSAGE Error

!ENTRY org.eclipse.cdt.core 4 0 2026-02-26 11:44:12.040
!MESSAGE Error

!ENTRY org.eclipse.cdt.core 4 0 2026-02-26 11:44:12.041
!MESSAGE Error

!ENTRY org.eclipse.cdt.core 4 0 2026-02-26 11:44:12.041
!MESSAGE Error

!ENTRY org.eclipse.cdt.core 4 0 2026-02-26 11:44:12.042
!MESSAGE Error

!ENTRY org.eclipse.cdt.core 4 0 2026-02-26 11:44:12.042
!MESSAGE Error

!ENTRY org.eclipse.cdt.core 4 0 2026-02-26 11:44:12.042
!MESSAGE Error

!ENTRY org.eclipse.cdt.core 4 0 2026-02-26 11:44:12.043
!MESSAGE Error

!ENTRY org.eclipse.cdt.core 4 0 2026-02-26 11:44:12.043
!MESSAGE Error

!ENTRY org.eclipse.cdt.core 4 0 2026-02-26 11:44:12.043
!MESSAGE Error

!ENTRY org.eclipse.cdt.core 4 0 2026-02-26 11:44:12.044
!MESSAGE Error

!ENTRY org.eclipse.cdt.core 4 0 2026-02-26 11:44:12.044
!MESSAGE Error

!ENTRY org.eclipse.cdt.core 4 0 2026-02-26 11:44:12.044
!MESSAGE Error

!ENTRY org.eclipse.cdt.core 4 0 2026-02-26 11:44:12.045
!MESSAGE Error

!ENTRY org.eclipse.cdt.core 4 0 2026-02-26 11:44:12.045
!MESSAGE Error

!ENTRY org.eclipse.cdt.core 4 0 2026-02-26 11:44:12.045
!MESSAGE Error

!ENTRY org.eclipse.cdt.core 4 0 2026-02-26 11:44:12.046
!MESSAGE Error

!ENTRY org.eclipse.cdt.core 4 0 2026-02-26 11:44:12.046
!MESSAGE Error

!ENTRY org.eclipse.cdt.core 4 0 2026-02-26 11:44:12.046
!MESSAGE Error

!ENTRY org.eclipse.cdt.core 4 0 2026-02-26 11:44:12.046
!MESSAGE Error

!ENTRY org.eclipse.cdt.core 4 0 2026-02-26 11:44:12.046
!MESSAGE Error

!ENTRY org.eclipse.cdt.core 4 0 2026-02-26 11:44:12.047
!MESSAGE Error

!ENTRY org.eclipse.cdt.core 4 0 2026-02-26 11:44:12.047
!MESSAGE Error

!ENTRY org.eclipse.cdt.core 4 0 2026-02-26 11:44:12.047
!MESSAGE Error

!ENTRY org.eclipse.cdt.core 4 0 2026-02-26 11:44:12.048
!MESSAGE Error

!ENTRY org.eclipse.cdt.core 4 0 2026-02-26 11:44:12.048
!MESSAGE Error

!ENTRY org.eclipse.cdt.core 4 0 2026-02-26 11:44:12.049
!MESSAGE Error

!ENTRY org.eclipse.cdt.core 4 0 2026-02-26 11:44:12.049
!MESSAGE Error

!ENTRY org.eclipse.cdt.core 4 0 2026-02-26 11:44:12.049
!MESSAGE Error

!ENTRY org.eclipse.cdt.core 4 0 2026-02-26 11:44:12.050
!MESSAGE Error

!ENTRY org.eclipse.cdt.core 4 0 2026-02-26 11:44:12.051
!MESSAGE Error

!ENTRY org.eclipse.cdt.core 4 0 2026-02-26 11:44:12.051
!MESSAGE Error

!ENTRY org.eclipse.cdt.core 4 0 2026-02-26 11:44:12.051
!MESSAGE Error

!ENTRY org.eclipse.cdt.core 4 0 2026-02-26 11:44:12.052
!MESSAGE Error

!ENTRY org.eclipse.cdt.core 4 0 2026-02-26 11:44:12.052
!MESSAGE Error

!ENTRY org.eclipse.cdt.core 4 0 2026-02-26 11:44:12.052
!MESSAGE Error

!ENTRY org.eclipse.cdt.core 4 0 2026-02-26 11:44:12.053
!MESSAGE Error

!ENTRY org.eclipse.cdt.core 4 0 2026-02-26 11:44:12.053
!MESSAGE Error

!ENTRY org.eclipse.cdt.core 4 0 2026-02-26 11:44:12.053
!MESSAGE Error

!ENTRY org.eclipse.cdt.core 4 0 2026-02-26 11:44:12.054
!MESSAGE Error

!ENTRY org.eclipse.cdt.core 4 0 2026-02-26 11:44:12.054
!MESSAGE Error

!ENTRY org.eclipse.cdt.core 4 0 2026-02-26 11:44:12.054
!MESSAGE Error

!ENTRY org.eclipse.cdt.core 4 0 2026-02-26 11:44:12.054
!MESSAGE Error

!ENTRY org.eclipse.cdt.core 4 0 2026-02-26 11:44:12.054
!MESSAGE Error

!ENTRY org.eclipse.cdt.core 4 0 2026-02-26 11:44:12.055
!MESSAGE Error

!ENTRY org.eclipse.cdt.core 4 0 2026-02-26 11:44:12.055
!MESSAGE Error

!ENTRY org.eclipse.cdt.core 4 0 2026-02-26 11:44:12.056
!MESSAGE Error

!ENTRY org.eclipse.cdt.core 4 0 2026-02-26 11:44:12.056
!MESSAGE Error

!ENTRY org.eclipse.cdt.core 4 0 2026-02-26 11:44:12.056
!MESSAGE Error

!ENTRY org.eclipse.cdt.core 4 0 2026-02-26 11:44:12.056
!MESSAGE Error

!ENTRY org.eclipse.cdt.core 4 0 2026-02-26 11:44:12.057
!MESSAGE Error

!ENTRY org.eclipse.cdt.core 4 0 2026-02-26 11:44:12.058
!MESSAGE Error

!ENTRY org.eclipse.cdt.core 4 0 2026-02-26 11:44:12.058
!MESSAGE Error

!ENTRY org.eclipse.cdt.core 4 0 2026-02-26 11:44:12.058
!MESSAGE Error

!ENTRY org.eclipse.cdt.core 4 0 2026-02-26 11:44:12.059
!MESSAGE Error

!ENTRY org.eclipse.cdt.core 4 0 2026-02-26 11:44:12.059
!MESSAGE Error

!ENTRY org.eclipse.cdt.core 4 0 2026-02-26 11:44:12.059
!MESSAGE Error

!ENTRY org.eclipse.cdt.core 4 0 2026-02-26 11:44:12.060
!MESSAGE Error

!ENTRY org.eclipse.cdt.core 4 0 2026-02-26 11:44:12.060
!MESSAGE Error

!ENTRY org.eclipse.cdt.core 4 0 2026-02-26 11:44:12.060
!MESSAGE Error

!ENTRY org.eclipse.cdt.core 4 0 2026-02-26 11:44:12.061
!MESSAGE Error

!ENTRY org.eclipse.cdt.core 4 0 2026-02-26 11:44:12.061
!MESSAGE Error

!ENTRY org.eclipse.cdt.core 4 0 2026-02-26 11:44:12.061
!MESSAGE Error

!ENTRY org.eclipse.cdt.core 4 0 2026-02-26 11:44:12.061
!MESSAGE Error

!ENTRY org.eclipse.cdt.core 4 0 2026-02-26 11:44:12.061
!MESSAGE Error

!ENTRY org.eclipse.cdt.core 4 0 2026-02-26 11:44:12.062
!MESSAGE Error

!ENTRY org.eclipse.cdt.core 4 0 2026-02-26 11:44:12.062
!MESSAGE Error

!ENTRY org.eclipse.cdt.core 4 0 2026-02-26 11:44:12.062
!MESSAGE Error

!ENTRY org.eclipse.cdt.core 4 0 2026-02-26 11:44:12.063
!MESSAGE Error

!ENTRY org.eclipse.cdt.core 4 0 2026-02-26 11:46:42.468
!MESSAGE Error

!ENTRY org.eclipse.cdt.core 4 0 2026-02-26 11:46:42.474
!MESSAGE Error

!ENTRY org.eclipse.cdt.core 4 0 2026-02-26 11:46:43.454
!MESSAGE Error

!ENTRY org.eclipse.cdt.core 4 0 2026-02-26 11:46:43.459
!MESSAGE Error

!ENTRY org.eclipse.cdt.core 4 0 2026-02-26 11:46:43.461
!MESSAGE Error

!ENTRY org.eclipse.cdt.core 4 0 2026-02-26 11:46:43.461
!MESSAGE Error

!ENTRY org.eclipse.cdt.core 4 0 2026-02-26 11:46:43.462
!MESSAGE Error

!ENTRY org.eclipse.cdt.core 4 0 2026-02-26 11:46:43.463
!MESSAGE Error

!ENTRY org.eclipse.cdt.core 4 0 2026-02-26 11:46:43.463
!MESSAGE Error

!ENTRY org.eclipse.cdt.core 4 0 2026-02-26 11:46:43.463
!MESSAGE Error

!ENTRY org.eclipse.cdt.core 4 0 2026-02-26 11:46:43.464
!MESSAGE Error

!ENTRY org.eclipse.cdt.core 4 0 2026-02-26 11:46:43.465
!MESSAGE Error

!ENTRY org.eclipse.cdt.core 4 0 2026-02-26 11:46:43.465
!MESSAGE Error

!ENTRY org.eclipse.cdt.core 4 0 2026-02-26 11:46:43.465
!MESSAGE Error

!ENTRY org.eclipse.cdt.core 4 0 2026-02-26 11:46:43.466
!MESSAGE Error

!ENTRY org.eclipse.cdt.core 4 0 2026-02-26 11:46:43.466
!MESSAGE Error

!ENTRY org.eclipse.cdt.core 4 0 2026-02-26 11:46:43.467
!MESSAGE Error

!ENTRY org.eclipse.cdt.core 4 0 2026-02-26 11:46:43.467
!MESSAGE Error

!ENTRY org.eclipse.cdt.core 4 0 2026-02-26 11:46:43.467
!MESSAGE Error

!ENTRY org.eclipse.cdt.core 4 0 2026-02-26 11:46:43.468
!MESSAGE Error

!ENTRY org.eclipse.cdt.core 4 0 2026-02-26 11:46:43.468
!MESSAGE Error

!ENTRY org.eclipse.cdt.core 4 0 2026-02-26 11:46:43.468
!MESSAGE Error

!ENTRY org.eclipse.cdt.core 4 0 2026-02-26 11:46:43.468
!MESSAGE Error

!ENTRY org.eclipse.cdt.core 4 0 2026-02-26 11:46:43.469
!MESSAGE Error

!ENTRY org.eclipse.cdt.core 4 0 2026-02-26 11:46:43.469
!MESSAGE Error

!ENTRY org.eclipse.cdt.core 4 0 2026-02-26 11:46:43.469
!MESSAGE Error

!ENTRY org.eclipse.cdt.core 4 0 2026-02-26 11:46:43.470
!MESSAGE Error

!ENTRY org.eclipse.cdt.core 4 0 2026-02-26 11:46:43.470
!MESSAGE Error

!ENTRY org.eclipse.cdt.core 4 0 2026-02-26 11:46:43.472
!MESSAGE Error

!ENTRY org.eclipse.cdt.core 4 0 2026-02-26 11:46:43.472
!MESSAGE Error

!ENTRY org.eclipse.cdt.core 4 0 2026-02-26 11:46:43.472
!MESSAGE Error

!ENTRY org.eclipse.cdt.core 4 0 2026-02-26 11:46:43.473
!MESSAGE Error

!ENTRY org.eclipse.cdt.core 4 0 2026-02-26 11:46:43.473
!MESSAGE Error

!ENTRY org.eclipse.cdt.core 4 0 2026-02-26 11:46:43.473
!MESSAGE Error

!ENTRY org.eclipse.cdt.core 4 0 2026-02-26 11:46:43.474
!MESSAGE Error

!ENTRY org.eclipse.cdt.core 4 0 2026-02-26 11:46:43.474
!MESSAGE Error

!ENTRY org.eclipse.cdt.core 4 0 2026-02-26 11:46:43.474
!MESSAGE Error

!ENTRY org.eclipse.cdt.core 4 0 2026-02-26 11:46:43.475
!MESSAGE Error

!ENTRY org.eclipse.cdt.core 4 0 2026-02-26 11:46:43.475
!MESSAGE Error

!ENTRY org.eclipse.cdt.core 4 0 2026-02-26 11:46:43.475
!MESSAGE Error

!ENTRY org.eclipse.cdt.core 4 0 2026-02-26 11:46:43.476
!MESSAGE Error

!ENTRY org.eclipse.cdt.core 4 0 2026-02-26 11:46:43.476
!MESSAGE Error

!ENTRY org.eclipse.cdt.core 4 0 2026-02-26 11:46:43.477
!MESSAGE Error

!ENTRY org.eclipse.cdt.core 4 0 2026-02-26 11:46:43.477
!MESSAGE Error

!ENTRY org.eclipse.cdt.core 4 0 2026-02-26 11:46:43.477
!MESSAGE Error

!ENTRY org.eclipse.cdt.core 4 0 2026-02-26 11:46:43.477
!MESSAGE Error

!ENTRY org.eclipse.cdt.core 4 0 2026-02-26 11:46:43.477
!MESSAGE Error

!ENTRY org.eclipse.cdt.core 4 0 2026-02-26 11:46:43.478
!MESSAGE Error

!ENTRY org.eclipse.cdt.core 4 0 2026-02-26 11:46:43.478
!MESSAGE Error

!ENTRY org.eclipse.cdt.core 4 0 2026-02-26 11:46:43.478
!MESSAGE Error

!ENTRY org.eclipse.cdt.core 4 0 2026-02-26 11:46:43.478
!MESSAGE Error

!ENTRY org.eclipse.cdt.core 4 0 2026-02-26 11:46:43.478
!MESSAGE Error

!ENTRY org.eclipse.cdt.core 4 0 2026-02-26 11:46:43.478
!MESSAGE Error

!ENTRY org.eclipse.cdt.core 4 0 2026-02-26 11:46:43.478
!MESSAGE Error

!ENTRY org.eclipse.cdt.core 4 0 2026-02-26 11:46:43.478
!MESSAGE Error

!ENTRY org.eclipse.cdt.core 4 0 2026-02-26 11:46:43.478
!MESSAGE Error

!ENTRY org.eclipse.cdt.core 4 0 2026-02-26 11:46:43.478
!MESSAGE Error

!ENTRY org.eclipse.cdt.core 4 0 2026-02-26 11:46:43.478
!MESSAGE Error

!ENTRY org.eclipse.cdt.core 4 0 2026-02-26 11:46:43.479
!MESSAGE Error

!ENTRY org.eclipse.cdt.core 4 0 2026-02-26 11:46:43.479
!MESSAGE Error

!ENTRY org.eclipse.cdt.core 4 0 2026-02-26 11:46:43.480
!MESSAGE Error

!ENTRY org.eclipse.cdt.core 4 0 2026-02-26 11:46:43.480
!MESSAGE Error

!ENTRY org.eclipse.cdt.core 4 0 2026-02-26 11:46:43.480
!MESSAGE Error

!ENTRY org.eclipse.cdt.core 4 0 2026-02-26 11:46:43.480
!MESSAGE Error

!ENTRY org.eclipse.cdt.core 4 0 2026-02-26 11:46:43.480
!MESSAGE Error

!ENTRY org.eclipse.cdt.core 4 0 2026-02-26 11:46:43.480
!MESSAGE Error

!ENTRY org.eclipse.cdt.core 4 0 2026-02-26 11:46:43.480
!MESSAGE Error

!ENTRY org.eclipse.cdt.core 4 0 2026-02-26 11:46:43.481
!MESSAGE Error

!ENTRY org.eclipse.cdt.core 4 0 2026-02-26 11:46:43.481
!MESSAGE Error

!ENTRY org.eclipse.cdt.core 4 0 2026-02-26 11:46:43.481
!MESSAGE Error

!ENTRY org.eclipse.cdt.core 4 0 2026-02-26 11:46:43.481
!MESSAGE Error

!ENTRY org.eclipse.cdt.core 4 0 2026-02-26 11:46:43.481
!MESSAGE Error

!ENTRY org.eclipse.cdt.core 4 0 2026-02-26 11:49:05.703
!MESSAGE Error

!ENTRY org.eclipse.cdt.core 4 0 2026-02-26 11:49:05.708
!MESSAGE Error

!ENTRY org.eclipse.cdt.core 4 0 2026-02-26 11:49:05.709
!MESSAGE Error

!ENTRY org.eclipse.cdt.core 4 0 2026-02-26 11:49:05.710
!MESSAGE Error

!ENTRY org.eclipse.cdt.core 4 0 2026-02-26 11:49:05.710
!MESSAGE Error

!ENTRY org.eclipse.cdt.core 4 0 2026-02-26 11:49:05.710
!MESSAGE Error

!ENTRY org.eclipse.cdt.core 4 0 2026-02-26 11:49:05.710
!MESSAGE Error

!ENTRY org.eclipse.cdt.core 4 0 2026-02-26 11:49:05.710
!MESSAGE Error

!ENTRY org.eclipse.cdt.core 4 0 2026-02-26 11:49:05.711
!MESSAGE Error

!ENTRY org.eclipse.cdt.core 4 0 2026-02-26 11:49:05.711
!MESSAGE Error

!ENTRY org.eclipse.cdt.core 4 0 2026-02-26 11:49:05.711
!MESSAGE Error

!ENTRY org.eclipse.cdt.core 4 0 2026-02-26 11:49:05.711
!MESSAGE Error

!ENTRY org.eclipse.cdt.core 4 0 2026-02-26 11:49:05.711
!MESSAGE Error

!ENTRY org.eclipse.cdt.core 4 0 2026-02-26 11:49:05.711
!MESSAGE Error

!ENTRY org.eclipse.cdt.core 4 0 2026-02-26 11:49:05.712
!MESSAGE Error

!ENTRY org.eclipse.cdt.core 4 0 2026-02-26 11:49:05.712
!MESSAGE Error

!ENTRY org.eclipse.cdt.core 4 0 2026-02-26 11:49:05.712
!MESSAGE Error

!ENTRY org.eclipse.cdt.core 4 0 2026-02-26 11:49:05.712
!MESSAGE Error

!ENTRY org.eclipse.cdt.core 4 0 2026-02-26 11:49:05.712
!MESSAGE Error

!ENTRY org.eclipse.cdt.core 4 0 2026-02-26 11:49:05.713
!MESSAGE Error

!ENTRY org.eclipse.cdt.core 4 0 2026-02-26 11:49:05.713
!MESSAGE Error

!ENTRY org.eclipse.cdt.core 4 0 2026-02-26 11:49:05.713
!MESSAGE Error

!ENTRY org.eclipse.cdt.core 4 0 2026-02-26 11:49:05.714
!MESSAGE Error

!ENTRY org.eclipse.cdt.core 4 0 2026-02-26 11:49:05.714
!MESSAGE Error

!ENTRY org.eclipse.cdt.core 4 0 2026-02-26 11:49:05.714
!MESSAGE Error

!ENTRY org.eclipse.cdt.core 4 0 2026-02-26 11:49:05.714
!MESSAGE Error

!ENTRY org.eclipse.cdt.core 4 0 2026-02-26 11:49:05.714
!MESSAGE Error

!ENTRY org.eclipse.cdt.core 4 0 2026-02-26 11:49:05.714
!MESSAGE Error

!ENTRY org.eclipse.cdt.core 4 0 2026-02-26 11:49:05.715
!MESSAGE Error

!ENTRY org.eclipse.cdt.core 4 0 2026-02-26 11:49:05.715
!MESSAGE Error

!ENTRY org.eclipse.cdt.core 4 0 2026-02-26 11:49:05.715
!MESSAGE Error

!ENTRY org.eclipse.cdt.core 4 0 2026-02-26 11:49:05.715
!MESSAGE Error

!ENTRY org.eclipse.cdt.core 4 0 2026-02-26 11:49:05.715
!MESSAGE Error

!ENTRY org.eclipse.cdt.core 4 0 2026-02-26 11:49:05.715
!MESSAGE Error

!ENTRY org.eclipse.cdt.core 4 0 2026-02-26 11:49:05.715
!MESSAGE Error

!ENTRY org.eclipse.cdt.core 4 0 2026-02-26 11:49:05.716
!MESSAGE Error

!ENTRY org.eclipse.cdt.core 4 0 2026-02-26 11:49:05.716
!MESSAGE Error

!ENTRY org.eclipse.cdt.core 4 0 2026-02-26 11:49:05.716
!MESSAGE Error

!ENTRY org.eclipse.cdt.core 4 0 2026-02-26 11:49:05.716
!MESSAGE Error

!ENTRY org.eclipse.cdt.core 4 0 2026-02-26 11:49:05.716
!MESSAGE Error

!ENTRY org.eclipse.cdt.core 4 0 2026-02-26 11:49:05.716
!MESSAGE Error

!ENTRY org.eclipse.cdt.core 4 0 2026-02-26 11:49:05.717
!MESSAGE Error

!ENTRY org.eclipse.cdt.core 4 0 2026-02-26 11:49:05.717
!MESSAGE Error

!ENTRY org.eclipse.cdt.core 4 0 2026-02-26 11:49:05.717
!MESSAGE Error

!ENTRY org.eclipse.cdt.core 4 0 2026-02-26 11:49:05.717
!MESSAGE Error

!ENTRY org.eclipse.cdt.core 4 0 2026-02-26 11:49:05.717
!MESSAGE Error

!ENTRY org.eclipse.cdt.core 4 0 2026-02-26 11:49:05.717
!MESSAGE Error

!ENTRY org.eclipse.cdt.core 4 0 2026-02-26 11:49:05.717
!MESSAGE Error

!ENTRY org.eclipse.cdt.core 4 0 2026-02-26 11:49:05.717
!MESSAGE Error

!ENTRY org.eclipse.cdt.core 4 0 2026-02-26 11:49:05.717
!MESSAGE Error

!ENTRY org.eclipse.cdt.core 4 0 2026-02-26 11:49:05.717
!MESSAGE Error

!ENTRY org.eclipse.cdt.core 4 0 2026-02-26 11:49:05.718
!MESSAGE Error

!ENTRY org.eclipse.cdt.core 4 0 2026-02-26 11:49:05.718
!MESSAGE Error

!ENTRY org.eclipse.cdt.core 4 0 2026-02-26 11:49:05.718
!MESSAGE Error

!ENTRY org.eclipse.cdt.core 4 0 2026-02-26 11:49:05.719
!MESSAGE Error

!ENTRY org.eclipse.cdt.core 4 0 2026-02-26 11:49:05.719
!MESSAGE Error

!ENTRY org.eclipse.cdt.core 4 0 2026-02-26 11:49:05.719
!MESSAGE Error

!ENTRY org.eclipse.cdt.core 4 0 2026-02-26 11:49:05.719
!MESSAGE Error

!ENTRY org.eclipse.cdt.core 4 0 2026-02-26 11:49:05.719
!MESSAGE Error

!ENTRY org.eclipse.cdt.core 4 0 2026-02-26 11:49:05.719
!MESSAGE Error

!ENTRY org.eclipse.cdt.core 4 0 2026-02-26 11:49:05.720
!MESSAGE Error

!ENTRY org.eclipse.cdt.core 4 0 2026-02-26 11:49:05.720
!MESSAGE Error

!ENTRY org.eclipse.cdt.core 4 0 2026-02-26 11:49:05.720
!MESSAGE Error

!ENTRY org.eclipse.cdt.core 4 0 2026-02-26 11:49:05.720
!MESSAGE Error

!ENTRY org.eclipse.cdt.core 4 0 2026-02-26 11:49:05.720
!MESSAGE Error

!ENTRY org.eclipse.cdt.core 4 0 2026-02-26 11:49:05.720
!MESSAGE Error

!ENTRY org.eclipse.cdt.core 4 0 2026-02-26 11:49:05.721
!MESSAGE Error

!ENTRY org.eclipse.cdt.core 4 0 2026-02-26 11:49:05.721
!MESSAGE Error

!ENTRY org.eclipse.cdt.core 4 0 2026-02-26 11:49:05.721
!MESSAGE Error

!ENTRY org.eclipse.cdt.core 4 0 2026-02-26 11:49:05.721
!MESSAGE Error

!ENTRY org.eclipse.cdt.core 4 0 2026-02-26 11:49:06.729
!MESSAGE Error

!ENTRY org.eclipse.cdt.core 4 0 2026-02-26 11:49:06.732
!MESSAGE Error

!ENTRY org.eclipse.cdt.core 4 0 2026-02-26 11:49:06.733
!MESSAGE Error

!ENTRY org.eclipse.cdt.core 4 0 2026-02-26 11:49:06.733
!MESSAGE Error

!ENTRY org.eclipse.cdt.core 4 0 2026-02-26 11:49:06.733
!MESSAGE Error

!ENTRY org.eclipse.cdt.core 4 0 2026-02-26 11:49:06.734
!MESSAGE Error

!ENTRY org.eclipse.cdt.core 4 0 2026-02-26 11:49:06.734
!MESSAGE Error

!ENTRY org.eclipse.cdt.core 4 0 2026-02-26 11:49:06.734
!MESSAGE Error

!ENTRY org.eclipse.cdt.core 4 0 2026-02-26 11:49:06.734
!MESSAGE Error

!ENTRY org.eclipse.cdt.core 4 0 2026-02-26 11:49:06.735
!MESSAGE Error

!ENTRY org.eclipse.cdt.core 4 0 2026-02-26 11:49:06.735
!MESSAGE Error

!ENTRY org.eclipse.cdt.core 4 0 2026-02-26 11:49:06.735
!MESSAGE Error

!ENTRY org.eclipse.cdt.core 4 0 2026-02-26 11:49:06.736
!MESSAGE Error

!ENTRY org.eclipse.cdt.core 4 0 2026-02-26 11:49:06.736
!MESSAGE Error

!ENTRY org.eclipse.cdt.core 4 0 2026-02-26 11:49:06.736
!MESSAGE Error

!ENTRY org.eclipse.cdt.core 4 0 2026-02-26 11:49:06.737
!MESSAGE Error

!ENTRY org.eclipse.cdt.core 4 0 2026-02-26 11:49:06.737
!MESSAGE Error

!ENTRY org.eclipse.cdt.core 4 0 2026-02-26 11:49:06.737
!MESSAGE Error

!ENTRY org.eclipse.cdt.core 4 0 2026-02-26 11:49:06.738
!MESSAGE Error

!ENTRY org.eclipse.cdt.core 4 0 2026-02-26 11:49:06.738
!MESSAGE Error

!ENTRY org.eclipse.cdt.core 4 0 2026-02-26 11:49:06.739
!MESSAGE Error

!ENTRY org.eclipse.cdt.core 4 0 2026-02-26 11:49:06.739
!MESSAGE Error

!ENTRY org.eclipse.cdt.core 4 0 2026-02-26 11:49:06.740
!MESSAGE Error

!ENTRY org.eclipse.cdt.core 4 0 2026-02-26 11:49:06.740
!MESSAGE Error

!ENTRY org.eclipse.cdt.core 4 0 2026-02-26 11:49:06.741
!MESSAGE Error

!ENTRY org.eclipse.cdt.core 4 0 2026-02-26 11:49:06.742
!MESSAGE Error

!ENTRY org.eclipse.cdt.core 4 0 2026-02-26 11:49:06.742
!MESSAGE Error

!ENTRY org.eclipse.cdt.core 4 0 2026-02-26 11:49:06.742
!MESSAGE Error

!ENTRY org.eclipse.cdt.core 4 0 2026-02-26 11:49:06.742
!MESSAGE Error

!ENTRY org.eclipse.cdt.core 4 0 2026-02-26 11:49:06.743
!MESSAGE Error

!ENTRY org.eclipse.cdt.core 4 0 2026-02-26 11:49:06.743
!MESSAGE Error

!ENTRY org.eclipse.cdt.core 4 0 2026-02-26 11:49:06.743
!MESSAGE Error

!ENTRY org.eclipse.cdt.core 4 0 2026-02-26 11:49:06.744
!MESSAGE Error

!ENTRY org.eclipse.cdt.core 4 0 2026-02-26 11:49:06.744
!MESSAGE Error

!ENTRY org.eclipse.cdt.core 4 0 2026-02-26 11:49:06.745
!MESSAGE Error

!ENTRY org.eclipse.cdt.core 4 0 2026-02-26 11:49:06.745
!MESSAGE Error

!ENTRY org.eclipse.cdt.core 4 0 2026-02-26 11:49:06.746
!MESSAGE Error

!ENTRY org.eclipse.cdt.core 4 0 2026-02-26 11:49:06.747
!MESSAGE Error

!ENTRY org.eclipse.cdt.core 4 0 2026-02-26 11:49:06.747
!MESSAGE Error

!ENTRY org.eclipse.cdt.core 4 0 2026-02-26 11:49:06.748
!MESSAGE Error

!ENTRY org.eclipse.cdt.core 4 0 2026-02-26 11:49:06.748
!MESSAGE Error

!ENTRY org.eclipse.cdt.core 4 0 2026-02-26 11:49:06.748
!MESSAGE Error

!ENTRY org.eclipse.cdt.core 4 0 2026-02-26 11:49:06.749
!MESSAGE Error

!ENTRY org.eclipse.cdt.core 4 0 2026-02-26 11:49:06.749
!MESSAGE Error

!ENTRY org.eclipse.cdt.core 4 0 2026-02-26 11:49:06.749
!MESSAGE Error

!ENTRY org.eclipse.cdt.core 4 0 2026-02-26 11:49:06.750
!MESSAGE Error

!ENTRY org.eclipse.cdt.core 4 0 2026-02-26 11:49:06.751
!MESSAGE Error

!ENTRY org.eclipse.cdt.core 4 0 2026-02-26 11:49:06.752
!MESSAGE Error

!ENTRY org.eclipse.cdt.core 4 0 2026-02-26 11:49:06.753
!MESSAGE Error

!ENTRY org.eclipse.cdt.core 4 0 2026-02-26 11:49:06.754
!MESSAGE Error

!ENTRY org.eclipse.cdt.core 4 0 2026-02-26 11:49:06.754
!MESSAGE Error

!ENTRY org.eclipse.cdt.core 4 0 2026-02-26 11:49:06.755
!MESSAGE Error

!ENTRY org.eclipse.cdt.core 4 0 2026-02-26 11:49:06.755
!MESSAGE Error

!ENTRY org.eclipse.cdt.core 4 0 2026-02-26 11:49:06.755
!MESSAGE Error

!ENTRY org.eclipse.cdt.core 4 0 2026-02-26 11:49:06.756
!MESSAGE Error

!ENTRY org.eclipse.cdt.core 4 0 2026-02-26 11:49:06.756
!MESSAGE Error

!ENTRY org.eclipse.cdt.core 4 0 2026-02-26 11:49:06.757
!MESSAGE Error

!ENTRY org.eclipse.cdt.core 4 0 2026-02-26 11:49:06.757
!MESSAGE Error

!ENTRY org.eclipse.cdt.core 4 0 2026-02-26 11:49:06.757
!MESSAGE Error

!ENTRY org.eclipse.cdt.core 4 0 2026-02-26 11:49:06.758
!MESSAGE Error

!ENTRY org.eclipse.cdt.core 4 0 2026-02-26 11:49:06.758
!MESSAGE Error

!ENTRY org.eclipse.cdt.core 4 0 2026-02-26 11:49:06.759
!MESSAGE Error

!ENTRY org.eclipse.cdt.core 4 0 2026-02-26 11:49:06.759
!MESSAGE Error

!ENTRY org.eclipse.cdt.core 4 0 2026-02-26 11:49:06.760
!MESSAGE Error

!ENTRY org.eclipse.cdt.core 4 0 2026-02-26 11:49:06.760
!MESSAGE Error

!ENTRY org.eclipse.cdt.core 4 0 2026-02-26 11:49:06.760
!MESSAGE Error

!ENTRY org.eclipse.cdt.core 4 0 2026-02-26 11:49:06.761
!MESSAGE Error

!ENTRY org.eclipse.cdt.core 4 0 2026-02-26 11:49:06.761
!MESSAGE Error

!ENTRY org.eclipse.cdt.core 4 0 2026-02-26 11:49:06.762
!MESSAGE Error

!ENTRY org.eclipse.cdt.core 4 0 2026-02-26 11:49:06.763
!MESSAGE Error

!ENTRY org.eclipse.cdt.core 4 0 2026-02-26 11:49:14.340
!MESSAGE Error

!ENTRY org.eclipse.cdt.core 4 0 2026-02-26 11:49:14.345
!MESSAGE Error

!ENTRY org.eclipse.cdt.core 4 0 2026-02-26 11:49:14.347
!MESSAGE Error

!ENTRY org.eclipse.cdt.core 4 0 2026-02-26 11:49:14.348
!MESSAGE Error

!ENTRY org.eclipse.cdt.core 4 0 2026-02-26 11:49:14.348
!MESSAGE Error

!ENTRY org.eclipse.cdt.core 4 0 2026-02-26 11:49:14.348
!MESSAGE Error

!ENTRY org.eclipse.cdt.core 4 0 2026-02-26 11:49:14.349
!MESSAGE Error

!ENTRY org.eclipse.cdt.core 4 0 2026-02-26 11:49:14.349
!MESSAGE Error

!ENTRY org.eclipse.cdt.core 4 0 2026-02-26 11:49:14.349
!MESSAGE Error

!ENTRY org.eclipse.cdt.core 4 0 2026-02-26 11:49:14.350
!MESSAGE Error

!ENTRY org.eclipse.cdt.core 4 0 2026-02-26 11:49:14.350
!MESSAGE Error

!ENTRY org.eclipse.cdt.core 4 0 2026-02-26 11:49:14.350
!MESSAGE Error

!ENTRY org.eclipse.cdt.core 4 0 2026-02-26 11:49:14.351
!MESSAGE Error

!ENTRY org.eclipse.cdt.core 4 0 2026-02-26 11:49:14.351
!MESSAGE Error

!ENTRY org.eclipse.cdt.core 4 0 2026-02-26 11:49:14.351
!MESSAGE Error

!ENTRY org.eclipse.cdt.core 4 0 2026-02-26 11:49:14.352
!MESSAGE Error

!ENTRY org.eclipse.cdt.core 4 0 2026-02-26 11:49:14.352
!MESSAGE Error

!ENTRY org.eclipse.cdt.core 4 0 2026-02-26 11:49:14.352
!MESSAGE Error

!ENTRY org.eclipse.cdt.core 4 0 2026-02-26 11:49:14.353
!MESSAGE Error

!ENTRY org.eclipse.cdt.core 4 0 2026-02-26 11:49:14.354
!MESSAGE Error

!ENTRY org.eclipse.cdt.core 4 0 2026-02-26 11:49:14.354
!MESSAGE Error

!ENTRY org.eclipse.cdt.core 4 0 2026-02-26 11:49:14.354
!MESSAGE Error

!ENTRY org.eclipse.cdt.core 4 0 2026-02-26 11:49:14.355
!MESSAGE Error

!ENTRY org.eclipse.cdt.core 4 0 2026-02-26 11:49:14.355
!MESSAGE Error

!ENTRY org.eclipse.cdt.core 4 0 2026-02-26 11:49:14.355
!MESSAGE Error

!ENTRY org.eclipse.cdt.core 4 0 2026-02-26 11:49:14.355
!MESSAGE Error

!ENTRY org.eclipse.cdt.core 4 0 2026-02-26 11:49:14.355
!MESSAGE Error

!ENTRY org.eclipse.cdt.core 4 0 2026-02-26 11:49:14.355
!MESSAGE Error

!ENTRY org.eclipse.cdt.core 4 0 2026-02-26 11:49:14.355
!MESSAGE Error

!ENTRY org.eclipse.cdt.core 4 0 2026-02-26 11:49:14.356
!MESSAGE Error

!ENTRY org.eclipse.cdt.core 4 0 2026-02-26 11:49:14.356
!MESSAGE Error

!ENTRY org.eclipse.cdt.core 4 0 2026-02-26 11:49:14.356
!MESSAGE Error

!ENTRY org.eclipse.cdt.core 4 0 2026-02-26 11:49:14.356
!MESSAGE Error

!ENTRY org.eclipse.cdt.core 4 0 2026-02-26 11:49:14.356
!MESSAGE Error

!ENTRY org.eclipse.cdt.core 4 0 2026-02-26 11:49:14.356
!MESSAGE Error

!ENTRY org.eclipse.cdt.core 4 0 2026-02-26 11:49:14.357
!MESSAGE Error

!ENTRY org.eclipse.cdt.core 4 0 2026-02-26 11:49:14.357
!MESSAGE Error

!ENTRY org.eclipse.cdt.core 4 0 2026-02-26 11:49:14.357
!MESSAGE Error

!ENTRY org.eclipse.cdt.core 4 0 2026-02-26 11:49:14.357
!MESSAGE Error

!ENTRY org.eclipse.cdt.core 4 0 2026-02-26 11:49:14.357
!MESSAGE Error

!ENTRY org.eclipse.cdt.core 4 0 2026-02-26 11:49:14.357
!MESSAGE Error

!ENTRY org.eclipse.cdt.core 4 0 2026-02-26 11:49:14.357
!MESSAGE Error

!ENTRY org.eclipse.cdt.core 4 0 2026-02-26 11:49:14.357
!MESSAGE Error

!ENTRY org.eclipse.cdt.core 4 0 2026-02-26 11:49:14.357
!MESSAGE Error

!ENTRY org.eclipse.cdt.core 4 0 2026-02-26 11:49:14.358
!MESSAGE Error

!ENTRY org.eclipse.cdt.core 4 0 2026-02-26 11:49:14.358
!MESSAGE Error

!ENTRY org.eclipse.cdt.core 4 0 2026-02-26 11:49:14.358
!MESSAGE Error

!ENTRY org.eclipse.cdt.core 4 0 2026-02-26 11:49:14.358
!MESSAGE Error

!ENTRY org.eclipse.cdt.core 4 0 2026-02-26 11:49:14.358
!MESSAGE Error

!ENTRY org.eclipse.cdt.core 4 0 2026-02-26 11:49:14.358
!MESSAGE Error

!ENTRY org.eclipse.cdt.core 4 0 2026-02-26 11:49:14.359
!MESSAGE Error

!ENTRY org.eclipse.cdt.core 4 0 2026-02-26 11:49:14.359
!MESSAGE Error

!ENTRY org.eclipse.cdt.core 4 0 2026-02-26 11:49:14.359
!MESSAGE Error

!ENTRY org.eclipse.cdt.core 4 0 2026-02-26 11:49:14.359
!MESSAGE Error

!ENTRY org.eclipse.cdt.core 4 0 2026-02-26 11:49:14.359
!MESSAGE Error

!ENTRY org.eclipse.cdt.core 4 0 2026-02-26 11:49:14.359
!MESSAGE Error

!ENTRY org.eclipse.cdt.core 4 0 2026-02-26 11:49:14.359
!MESSAGE Error

!ENTRY org.eclipse.cdt.core 4 0 2026-02-26 11:49:14.360
!MESSAGE Error

!ENTRY org.eclipse.cdt.core 4 0 2026-02-26 11:49:14.360
!MESSAGE Error

!ENTRY org.eclipse.cdt.core 4 0 2026-02-26 11:49:14.360
!MESSAGE Error

!ENTRY org.eclipse.cdt.core 4 0 2026-02-26 11:49:14.361
!MESSAGE Error

!ENTRY org.eclipse.cdt.core 4 0 2026-02-26 11:49:14.361
!MESSAGE Error

!ENTRY org.eclipse.cdt.core 4 0 2026-02-26 11:49:14.361
!MESSAGE Error

!ENTRY org.eclipse.cdt.core 4 0 2026-02-26 11:49:14.361
!MESSAGE Error

!ENTRY org.eclipse.cdt.core 4 0 2026-02-26 11:49:14.361
!MESSAGE Error

!ENTRY org.eclipse.cdt.core 4 0 2026-02-26 11:49:14.361
!MESSAGE Error

!ENTRY org.eclipse.cdt.core 4 0 2026-02-26 11:49:14.362
!MESSAGE Error

!ENTRY org.eclipse.cdt.core 4 0 2026-02-26 11:49:14.362
!MESSAGE Error

!ENTRY org.eclipse.cdt.core 4 0 2026-02-26 11:49:14.362
!MESSAGE Error

!ENTRY org.eclipse.cdt.core 4 0 2026-02-26 11:49:14.362
!MESSAGE Error

!ENTRY org.eclipse.cdt.core 4 0 2026-02-26 11:49:15.380
!MESSAGE Error

!ENTRY org.eclipse.cdt.core 4 0 2026-02-26 11:49:15.386
!MESSAGE Error

!ENTRY org.eclipse.cdt.core 4 0 2026-02-26 11:49:15.387
!MESSAGE Error

!ENTRY org.eclipse.cdt.core 4 0 2026-02-26 11:49:15.388
!MESSAGE Error

!ENTRY org.eclipse.cdt.core 4 0 2026-02-26 11:49:15.388
!MESSAGE Error

!ENTRY org.eclipse.cdt.core 4 0 2026-02-26 11:49:15.389
!MESSAGE Error

!ENTRY org.eclipse.cdt.core 4 0 2026-02-26 11:49:15.389
!MESSAGE Error

!ENTRY org.eclipse.cdt.core 4 0 2026-02-26 11:49:15.389
!MESSAGE Error

!ENTRY org.eclipse.cdt.core 4 0 2026-02-26 11:49:15.390
!MESSAGE Error

!ENTRY org.eclipse.cdt.core 4 0 2026-02-26 11:49:15.390
!MESSAGE Error

!ENTRY org.eclipse.cdt.core 4 0 2026-02-26 11:49:15.391
!MESSAGE Error

!ENTRY org.eclipse.cdt.core 4 0 2026-02-26 11:49:15.391
!MESSAGE Error

!ENTRY org.eclipse.cdt.core 4 0 2026-02-26 11:49:15.391
!MESSAGE Error

!ENTRY org.eclipse.cdt.core 4 0 2026-02-26 11:49:15.392
!MESSAGE Error

!ENTRY org.eclipse.cdt.core 4 0 2026-02-26 11:49:15.392
!MESSAGE Error

!ENTRY org.eclipse.cdt.core 4 0 2026-02-26 11:49:15.392
!MESSAGE Error

!ENTRY org.eclipse.cdt.core 4 0 2026-02-26 11:49:15.393
!MESSAGE Error

!ENTRY org.eclipse.cdt.core 4 0 2026-02-26 11:49:15.393
!MESSAGE Error

!ENTRY org.eclipse.cdt.core 4 0 2026-02-26 11:49:15.393
!MESSAGE Error

!ENTRY org.eclipse.cdt.core 4 0 2026-02-26 11:49:15.394
!MESSAGE Error

!ENTRY org.eclipse.cdt.core 4 0 2026-02-26 11:49:15.394
!MESSAGE Error

!ENTRY org.eclipse.cdt.core 4 0 2026-02-26 11:49:15.394
!MESSAGE Error

!ENTRY org.eclipse.cdt.core 4 0 2026-02-26 11:49:15.395
!MESSAGE Error

!ENTRY org.eclipse.cdt.core 4 0 2026-02-26 11:49:15.395
!MESSAGE Error

!ENTRY org.eclipse.cdt.core 4 0 2026-02-26 11:49:15.395
!MESSAGE Error

!ENTRY org.eclipse.cdt.core 4 0 2026-02-26 11:49:15.395
!MESSAGE Error

!ENTRY org.eclipse.cdt.core 4 0 2026-02-26 11:49:15.396
!MESSAGE Error

!ENTRY org.eclipse.cdt.core 4 0 2026-02-26 11:49:15.396
!MESSAGE Error

!ENTRY org.eclipse.cdt.core 4 0 2026-02-26 11:49:15.396
!MESSAGE Error

!ENTRY org.eclipse.cdt.core 4 0 2026-02-26 11:49:15.396
!MESSAGE Error

!ENTRY org.eclipse.cdt.core 4 0 2026-02-26 11:49:15.397
!MESSAGE Error

!ENTRY org.eclipse.cdt.core 4 0 2026-02-26 11:49:15.397
!MESSAGE Error

!ENTRY org.eclipse.cdt.core 4 0 2026-02-26 11:49:15.397
!MESSAGE Error

!ENTRY org.eclipse.cdt.core 4 0 2026-02-26 11:49:15.397
!MESSAGE Error

!ENTRY org.eclipse.cdt.core 4 0 2026-02-26 11:49:15.397
!MESSAGE Error

!ENTRY org.eclipse.cdt.core 4 0 2026-02-26 11:49:15.397
!MESSAGE Error

!ENTRY org.eclipse.cdt.core 4 0 2026-02-26 11:49:15.397
!MESSAGE Error

!ENTRY org.eclipse.cdt.core 4 0 2026-02-26 11:49:15.398
!MESSAGE Error

!ENTRY org.eclipse.cdt.core 4 0 2026-02-26 11:49:15.398
!MESSAGE Error

!ENTRY org.eclipse.cdt.core 4 0 2026-02-26 11:49:15.398
!MESSAGE Error

!ENTRY org.eclipse.cdt.core 4 0 2026-02-26 11:49:15.398
!MESSAGE Error

!ENTRY org.eclipse.cdt.core 4 0 2026-02-26 11:49:15.398
!MESSAGE Error

!ENTRY org.eclipse.cdt.core 4 0 2026-02-26 11:49:15.398
!MESSAGE Error

!ENTRY org.eclipse.cdt.core 4 0 2026-02-26 11:49:15.399
!MESSAGE Error

!ENTRY org.eclipse.cdt.core 4 0 2026-02-26 11:49:15.399
!MESSAGE Error

!ENTRY org.eclipse.cdt.core 4 0 2026-02-26 11:49:15.399
!MESSAGE Error

!ENTRY org.eclipse.cdt.core 4 0 2026-02-26 11:49:15.399
!MESSAGE Error

!ENTRY org.eclipse.cdt.core 4 0 2026-02-26 11:49:15.399
!MESSAGE Error

!ENTRY org.eclipse.cdt.core 4 0 2026-02-26 11:49:15.399
!MESSAGE Error

!ENTRY org.eclipse.cdt.core 4 0 2026-02-26 11:49:15.399
!MESSAGE Error

!ENTRY org.eclipse.cdt.core 4 0 2026-02-26 11:49:15.400
!MESSAGE Error

!ENTRY org.eclipse.cdt.core 4 0 2026-02-26 11:49:15.400
!MESSAGE Error

!ENTRY org.eclipse.cdt.core 4 0 2026-02-26 11:49:15.400
!MESSAGE Error

!ENTRY org.eclipse.cdt.core 4 0 2026-02-26 11:49:15.400
!MESSAGE Error

!ENTRY org.eclipse.cdt.core 4 0 2026-02-26 11:49:15.401
!MESSAGE Error

!ENTRY org.eclipse.cdt.core 4 0 2026-02-26 11:49:15.401
!MESSAGE Error

!ENTRY org.eclipse.cdt.core 4 0 2026-02-26 11:49:15.401
!MESSAGE Error

!ENTRY org.eclipse.cdt.core 4 0 2026-02-26 11:49:15.401
!MESSAGE Error

!ENTRY org.eclipse.cdt.core 4 0 2026-02-26 11:49:15.401
!MESSAGE Error

!ENTRY org.eclipse.cdt.core 4 0 2026-02-26 11:49:15.401
!MESSAGE Error

!ENTRY org.eclipse.cdt.core 4 0 2026-02-26 11:49:15.402
!MESSAGE Error

!ENTRY org.eclipse.cdt.core 4 0 2026-02-26 11:49:15.402
!MESSAGE Error

!ENTRY org.eclipse.cdt.core 4 0 2026-02-26 11:49:15.402
!MESSAGE Error

!ENTRY org.eclipse.cdt.core 4 0 2026-02-26 11:49:15.402
!MESSAGE Error

!ENTRY org.eclipse.cdt.core 4 0 2026-02-26 11:49:15.402
!MESSAGE Error

!ENTRY org.eclipse.cdt.core 4 0 2026-02-26 11:49:15.402
!MESSAGE Error

!ENTRY org.eclipse.cdt.core 4 0 2026-02-26 11:49:15.403
!MESSAGE Error

!ENTRY org.eclipse.cdt.core 4 0 2026-02-26 11:49:15.403
!MESSAGE Error

!ENTRY org.eclipse.cdt.core 4 0 2026-02-26 11:49:15.403
!MESSAGE Error

!ENTRY org.eclipse.cdt.core 4 0 2026-02-26 11:49:15.403
!MESSAGE Error

!ENTRY org.eclipse.cdt.core 4 0 2026-02-26 11:49:15.425
!MESSAGE Error

!ENTRY org.eclipse.cdt.core 4 0 2026-02-26 11:49:15.428
!MESSAGE Error

!ENTRY org.eclipse.cdt.core 4 0 2026-02-26 11:49:21.962
!MESSAGE Error

!ENTRY org.eclipse.cdt.core 4 0 2026-02-26 11:49:21.965
!MESSAGE Error

!ENTRY org.eclipse.cdt.core 4 0 2026-02-26 11:49:21.966
!MESSAGE Error

!ENTRY org.eclipse.cdt.core 4 0 2026-02-26 11:49:21.967
!MESSAGE Error

!ENTRY org.eclipse.cdt.core 4 0 2026-02-26 11:49:21.967
!MESSAGE Error

!ENTRY org.eclipse.cdt.core 4 0 2026-02-26 11:49:21.967
!MESSAGE Error

!ENTRY org.eclipse.cdt.core 4 0 2026-02-26 11:49:21.967
!MESSAGE Error

!ENTRY org.eclipse.cdt.core 4 0 2026-02-26 11:49:21.967
!MESSAGE Error

!ENTRY org.eclipse.cdt.core 4 0 2026-02-26 11:49:21.967
!MESSAGE Error

!ENTRY org.eclipse.cdt.core 4 0 2026-02-26 11:49:21.968
!MESSAGE Error

!ENTRY org.eclipse.cdt.core 4 0 2026-02-26 11:49:21.968
!MESSAGE Error

!ENTRY org.eclipse.cdt.core 4 0 2026-02-26 11:49:21.968
!MESSAGE Error

!ENTRY org.eclipse.cdt.core 4 0 2026-02-26 11:49:21.968
!MESSAGE Error

!ENTRY org.eclipse.cdt.core 4 0 2026-02-26 11:49:21.968
!MESSAGE Error

!ENTRY org.eclipse.cdt.core 4 0 2026-02-26 11:49:21.968
!MESSAGE Error

!ENTRY org.eclipse.cdt.core 4 0 2026-02-26 11:49:21.969
!MESSAGE Error

!ENTRY org.eclipse.cdt.core 4 0 2026-02-26 11:49:21.969
!MESSAGE Error

!ENTRY org.eclipse.cdt.core 4 0 2026-02-26 11:49:21.969
!MESSAGE Error

!ENTRY org.eclipse.cdt.core 4 0 2026-02-26 11:49:21.969
!MESSAGE Error

!ENTRY org.eclipse.cdt.core 4 0 2026-02-26 11:49:21.969
!MESSAGE Error

!ENTRY org.eclipse.cdt.core 4 0 2026-02-26 11:49:21.969
!MESSAGE Error

!ENTRY org.eclipse.cdt.core 4 0 2026-02-26 11:49:21.969
!MESSAGE Error

!ENTRY org.eclipse.cdt.core 4 0 2026-02-26 11:49:21.970
!MESSAGE Error

!ENTRY org.eclipse.cdt.core 4 0 2026-02-26 11:49:21.970
!MESSAGE Error

!ENTRY org.eclipse.cdt.core 4 0 2026-02-26 11:49:21.970
!MESSAGE Error

!ENTRY org.eclipse.cdt.core 4 0 2026-02-26 11:49:21.970
!MESSAGE Error

!ENTRY org.eclipse.cdt.core 4 0 2026-02-26 11:49:21.970
!MESSAGE Error

!ENTRY org.eclipse.cdt.core 4 0 2026-02-26 11:49:21.970
!MESSAGE Error

!ENTRY org.eclipse.cdt.core 4 0 2026-02-26 11:49:21.970
!MESSAGE Error

!ENTRY org.eclipse.cdt.core 4 0 2026-02-26 11:49:21.971
!MESSAGE Error

!ENTRY org.eclipse.cdt.core 4 0 2026-02-26 11:49:21.971
!MESSAGE Error

!ENTRY org.eclipse.cdt.core 4 0 2026-02-26 11:49:21.971
!MESSAGE Error

!ENTRY org.eclipse.cdt.core 4 0 2026-02-26 11:49:21.972
!MESSAGE Error

!ENTRY org.eclipse.cdt.core 4 0 2026-02-26 11:49:21.972
!MESSAGE Error

!ENTRY org.eclipse.cdt.core 4 0 2026-02-26 11:49:21.972
!MESSAGE Error

!ENTRY org.eclipse.cdt.core 4 0 2026-02-26 11:49:21.972
!MESSAGE Error

!ENTRY org.eclipse.cdt.core 4 0 2026-02-26 11:49:21.972
!MESSAGE Error

!ENTRY org.eclipse.cdt.core 4 0 2026-02-26 11:49:21.972
!MESSAGE Error

!ENTRY org.eclipse.cdt.core 4 0 2026-02-26 11:49:21.972
!MESSAGE Error

!ENTRY org.eclipse.cdt.core 4 0 2026-02-26 11:49:21.973
!MESSAGE Error

!ENTRY org.eclipse.cdt.core 4 0 2026-02-26 11:49:21.973
!MESSAGE Error

!ENTRY org.eclipse.cdt.core 4 0 2026-02-26 11:49:21.973
!MESSAGE Error

!ENTRY org.eclipse.cdt.core 4 0 2026-02-26 11:49:21.974
!MESSAGE Error

!ENTRY org.eclipse.cdt.core 4 0 2026-02-26 11:49:21.974
!MESSAGE Error

!ENTRY org.eclipse.cdt.core 4 0 2026-02-26 11:49:21.974
!MESSAGE Error

!ENTRY org.eclipse.cdt.core 4 0 2026-02-26 11:49:21.975
!MESSAGE Error

!ENTRY org.eclipse.cdt.core 4 0 2026-02-26 11:49:21.975
!MESSAGE Error

!ENTRY org.eclipse.cdt.core 4 0 2026-02-26 11:49:21.976
!MESSAGE Error

!ENTRY org.eclipse.cdt.core 4 0 2026-02-26 11:49:21.976
!MESSAGE Error

!ENTRY org.eclipse.cdt.core 4 0 2026-02-26 11:49:21.976
!MESSAGE Error

!ENTRY org.eclipse.cdt.core 4 0 2026-02-26 11:49:21.977
!MESSAGE Error

!ENTRY org.eclipse.cdt.core 4 0 2026-02-26 11:49:21.977
!MESSAGE Error

!ENTRY org.eclipse.cdt.core 4 0 2026-02-26 11:49:21.977
!MESSAGE Error

!ENTRY org.eclipse.cdt.core 4 0 2026-02-26 11:49:21.977
!MESSAGE Error

!ENTRY org.eclipse.cdt.core 4 0 2026-02-26 11:49:21.978
!MESSAGE Error

!ENTRY org.eclipse.cdt.core 4 0 2026-02-26 11:49:21.978
!MESSAGE Error

!ENTRY org.eclipse.cdt.core 4 0 2026-02-26 11:49:21.978
!MESSAGE Error

!ENTRY org.eclipse.cdt.core 4 0 2026-02-26 11:49:21.979
!MESSAGE Error

!ENTRY org.eclipse.cdt.core 4 0 2026-02-26 11:49:21.979
!MESSAGE Error

!ENTRY org.eclipse.cdt.core 4 0 2026-02-26 11:49:21.979
!MESSAGE Error

!ENTRY org.eclipse.cdt.core 4 0 2026-02-26 11:49:21.980
!MESSAGE Error

!ENTRY org.eclipse.cdt.core 4 0 2026-02-26 11:49:21.981
!MESSAGE Error

!ENTRY org.eclipse.cdt.core 4 0 2026-02-26 11:49:21.981
!MESSAGE Error

!ENTRY org.eclipse.cdt.core 4 0 2026-02-26 11:49:21.981
!MESSAGE Error

!ENTRY org.eclipse.cdt.core 4 0 2026-02-26 11:49:21.982
!MESSAGE Error

!ENTRY org.eclipse.cdt.core 4 0 2026-02-26 11:49:21.982
!MESSAGE Error

!ENTRY org.eclipse.cdt.core 4 0 2026-02-26 11:49:21.982
!MESSAGE Error

!ENTRY org.eclipse.cdt.core 4 0 2026-02-26 11:49:21.982
!MESSAGE Error

!ENTRY org.eclipse.cdt.core 4 0 2026-02-26 11:49:21.982
!MESSAGE Error

!ENTRY org.eclipse.cdt.core 4 0 2026-02-26 11:49:21.983
!MESSAGE Error

!ENTRY org.eclipse.cdt.core 4 0 2026-02-26 11:49:22.999
!MESSAGE Error

!ENTRY org.eclipse.cdt.core 4 0 2026-02-26 11:49:23.002
!MESSAGE Error

!ENTRY org.eclipse.cdt.core 4 0 2026-02-26 11:49:23.004
!MESSAGE Error

!ENTRY org.eclipse.cdt.core 4 0 2026-02-26 11:49:23.004
!MESSAGE Error

!ENTRY org.eclipse.cdt.core 4 0 2026-02-26 11:49:23.004
!MESSAGE Error

!ENTRY org.eclipse.cdt.core 4 0 2026-02-26 11:49:23.004
!MESSAGE Error

!ENTRY org.eclipse.cdt.core 4 0 2026-02-26 11:49:23.005
!MESSAGE Error

!ENTRY org.eclipse.cdt.core 4 0 2026-02-26 11:49:23.005
!MESSAGE Error

!ENTRY org.eclipse.cdt.core 4 0 2026-02-26 11:49:23.005
!MESSAGE Error

!ENTRY org.eclipse.cdt.core 4 0 2026-02-26 11:49:23.005
!MESSAGE Error

!ENTRY org.eclipse.cdt.core 4 0 2026-02-26 11:49:23.005
!MESSAGE Error

!ENTRY org.eclipse.cdt.core 4 0 2026-02-26 11:49:23.005
!MESSAGE Error

!ENTRY org.eclipse.cdt.core 4 0 2026-02-26 11:49:23.006
!MESSAGE Error

!ENTRY org.eclipse.cdt.core 4 0 2026-02-26 11:49:23.006
!MESSAGE Error

!ENTRY org.eclipse.cdt.core 4 0 2026-02-26 11:49:23.006
!MESSAGE Error

!ENTRY org.eclipse.cdt.core 4 0 2026-02-26 11:49:23.006
!MESSAGE Error

!ENTRY org.eclipse.cdt.core 4 0 2026-02-26 11:49:23.006
!MESSAGE Error

!ENTRY org.eclipse.cdt.core 4 0 2026-02-26 11:49:23.007
!MESSAGE Error

!ENTRY org.eclipse.cdt.core 4 0 2026-02-26 11:49:23.007
!MESSAGE Error

!ENTRY org.eclipse.cdt.core 4 0 2026-02-26 11:49:23.007
!MESSAGE Error

!ENTRY org.eclipse.cdt.core 4 0 2026-02-26 11:49:23.007
!MESSAGE Error

!ENTRY org.eclipse.cdt.core 4 0 2026-02-26 11:49:23.007
!MESSAGE Error

!ENTRY org.eclipse.cdt.core 4 0 2026-02-26 11:49:23.008
!MESSAGE Error

!ENTRY org.eclipse.cdt.core 4 0 2026-02-26 11:49:23.008
!MESSAGE Error

!ENTRY org.eclipse.cdt.core 4 0 2026-02-26 11:49:23.008
!MESSAGE Error

!ENTRY org.eclipse.cdt.core 4 0 2026-02-26 11:49:23.008
!MESSAGE Error

!ENTRY org.eclipse.cdt.core 4 0 2026-02-26 11:49:23.008
!MESSAGE Error

!ENTRY org.eclipse.cdt.core 4 0 2026-02-26 11:49:23.008
!MESSAGE Error

!ENTRY org.eclipse.cdt.core 4 0 2026-02-26 11:49:23.009
!MESSAGE Error

!ENTRY org.eclipse.cdt.core 4 0 2026-02-26 11:49:23.009
!MESSAGE Error

!ENTRY org.eclipse.cdt.core 4 0 2026-02-26 11:49:23.009
!MESSAGE Error

!ENTRY org.eclipse.cdt.core 4 0 2026-02-26 11:49:23.009
!MESSAGE Error

!ENTRY org.eclipse.cdt.core 4 0 2026-02-26 11:49:23.009
!MESSAGE Error

!ENTRY org.eclipse.cdt.core 4 0 2026-02-26 11:49:23.009
!MESSAGE Error

!ENTRY org.eclipse.cdt.core 4 0 2026-02-26 11:49:23.009
!MESSAGE Error

!ENTRY org.eclipse.cdt.core 4 0 2026-02-26 11:49:23.010
!MESSAGE Error

!ENTRY org.eclipse.cdt.core 4 0 2026-02-26 11:49:23.010
!MESSAGE Error

!ENTRY org.eclipse.cdt.core 4 0 2026-02-26 11:49:23.010
!MESSAGE Error

!ENTRY org.eclipse.cdt.core 4 0 2026-02-26 11:49:23.010
!MESSAGE Error

!ENTRY org.eclipse.cdt.core 4 0 2026-02-26 11:49:23.010
!MESSAGE Error

!ENTRY org.eclipse.cdt.core 4 0 2026-02-26 11:49:23.010
!MESSAGE Error

!ENTRY org.eclipse.cdt.core 4 0 2026-02-26 11:49:23.010
!MESSAGE Error

!ENTRY org.eclipse.cdt.core 4 0 2026-02-26 11:49:23.010
!MESSAGE Error

!ENTRY org.eclipse.cdt.core 4 0 2026-02-26 11:49:23.010
!MESSAGE Error

!ENTRY org.eclipse.cdt.core 4 0 2026-02-26 11:49:23.010
!MESSAGE Error

!ENTRY org.eclipse.cdt.core 4 0 2026-02-26 11:49:23.011
!MESSAGE Error

!ENTRY org.eclipse.cdt.core 4 0 2026-02-26 11:49:23.011
!MESSAGE Error

!ENTRY org.eclipse.cdt.core 4 0 2026-02-26 11:49:23.011
!MESSAGE Error

!ENTRY org.eclipse.cdt.core 4 0 2026-02-26 11:49:23.011
!MESSAGE Error

!ENTRY org.eclipse.cdt.core 4 0 2026-02-26 11:49:23.011
!MESSAGE Error

!ENTRY org.eclipse.cdt.core 4 0 2026-02-26 11:49:23.011
!MESSAGE Error

!ENTRY org.eclipse.cdt.core 4 0 2026-02-26 11:49:23.012
!MESSAGE Error

!ENTRY org.eclipse.cdt.core 4 0 2026-02-26 11:49:23.012
!MESSAGE Error

!ENTRY org.eclipse.cdt.core 4 0 2026-02-26 11:49:23.012
!MESSAGE Error

!ENTRY org.eclipse.cdt.core 4 0 2026-02-26 11:49:23.012
!MESSAGE Error

!ENTRY org.eclipse.cdt.core 4 0 2026-02-26 11:49:23.012
!MESSAGE Error

!ENTRY org.eclipse.cdt.core 4 0 2026-02-26 11:49:23.013
!MESSAGE Error

!ENTRY org.eclipse.cdt.core 4 0 2026-02-26 11:49:23.013
!MESSAGE Error

!ENTRY org.eclipse.cdt.core 4 0 2026-02-26 11:49:23.013
!MESSAGE Error

!ENTRY org.eclipse.cdt.core 4 0 2026-02-26 11:49:23.014
!MESSAGE Error

!ENTRY org.eclipse.cdt.core 4 0 2026-02-26 11:49:23.014
!MESSAGE Error

!ENTRY org.eclipse.cdt.core 4 0 2026-02-26 11:49:23.014
!MESSAGE Error

!ENTRY org.eclipse.cdt.core 4 0 2026-02-26 11:49:23.014
!MESSAGE Error

!ENTRY org.eclipse.cdt.core 4 0 2026-02-26 11:49:23.014
!MESSAGE Error

!ENTRY org.eclipse.cdt.core 4 0 2026-02-26 11:49:23.014
!MESSAGE Error

!ENTRY org.eclipse.cdt.core 4 0 2026-02-26 11:49:23.014
!MESSAGE Error

!ENTRY org.eclipse.cdt.core 4 0 2026-02-26 11:49:23.015
!MESSAGE Error

!ENTRY org.eclipse.cdt.core 4 0 2026-02-26 11:49:23.015
!MESSAGE Error

!ENTRY org.eclipse.cdt.core 4 0 2026-02-26 11:49:23.015
!MESSAGE Error

!ENTRY org.eclipse.cdt.core 4 0 2026-02-26 11:49:23.015
!MESSAGE Error

!ENTRY org.eclipse.cdt.core 4 0 2026-02-26 11:49:24.026
!MESSAGE Error

!ENTRY org.eclipse.cdt.core 4 0 2026-02-26 11:49:24.031
!MESSAGE Error

!ENTRY org.eclipse.cdt.core 4 0 2026-02-26 11:49:24.034
!MESSAGE Error

!ENTRY org.eclipse.cdt.core 4 0 2026-02-26 11:49:24.035
!MESSAGE Error

!ENTRY org.eclipse.cdt.core 4 0 2026-02-26 11:49:24.035
!MESSAGE Error

!ENTRY org.eclipse.cdt.core 4 0 2026-02-26 11:49:24.035
!MESSAGE Error

!ENTRY org.eclipse.cdt.core 4 0 2026-02-26 11:49:24.036
!MESSAGE Error

!ENTRY org.eclipse.cdt.core 4 0 2026-02-26 11:49:24.036
!MESSAGE Error

!ENTRY org.eclipse.cdt.core 4 0 2026-02-26 11:49:24.036
!MESSAGE Error

!ENTRY org.eclipse.cdt.core 4 0 2026-02-26 11:49:24.036
!MESSAGE Error

!ENTRY org.eclipse.cdt.core 4 0 2026-02-26 11:49:24.036
!MESSAGE Error

!ENTRY org.eclipse.cdt.core 4 0 2026-02-26 11:49:24.036
!MESSAGE Error

!ENTRY org.eclipse.cdt.core 4 0 2026-02-26 11:49:24.037
!MESSAGE Error

!ENTRY org.eclipse.cdt.core 4 0 2026-02-26 11:49:24.037
!MESSAGE Error

!ENTRY org.eclipse.cdt.core 4 0 2026-02-26 11:49:24.037
!MESSAGE Error

!ENTRY org.eclipse.cdt.core 4 0 2026-02-26 11:49:24.037
!MESSAGE Error

!ENTRY org.eclipse.cdt.core 4 0 2026-02-26 11:49:24.037
!MESSAGE Error

!ENTRY org.eclipse.cdt.core 4 0 2026-02-26 11:49:24.037
!MESSAGE Error

!ENTRY org.eclipse.cdt.core 4 0 2026-02-26 11:49:24.038
!MESSAGE Error

!ENTRY org.eclipse.cdt.core 4 0 2026-02-26 11:49:24.038
!MESSAGE Error

!ENTRY org.eclipse.cdt.core 4 0 2026-02-26 11:49:24.038
!MESSAGE Error

!ENTRY org.eclipse.cdt.core 4 0 2026-02-26 11:49:24.038
!MESSAGE Error

!ENTRY org.eclipse.cdt.core 4 0 2026-02-26 11:49:24.038
!MESSAGE Error

!ENTRY org.eclipse.cdt.core 4 0 2026-02-26 11:49:24.038
!MESSAGE Error

!ENTRY org.eclipse.cdt.core 4 0 2026-02-26 11:49:24.039
!MESSAGE Error

!ENTRY org.eclipse.cdt.core 4 0 2026-02-26 11:49:24.039
!MESSAGE Error

!ENTRY org.eclipse.cdt.core 4 0 2026-02-26 11:49:24.039
!MESSAGE Error

!ENTRY org.eclipse.cdt.core 4 0 2026-02-26 11:49:24.039
!MESSAGE Error

!ENTRY org.eclipse.cdt.core 4 0 2026-02-26 11:49:24.039
!MESSAGE Error

!ENTRY org.eclipse.cdt.core 4 0 2026-02-26 11:49:24.039
!MESSAGE Error

!ENTRY org.eclipse.cdt.core 4 0 2026-02-26 11:49:24.039
!MESSAGE Error

!ENTRY org.eclipse.cdt.core 4 0 2026-02-26 11:49:24.039
!MESSAGE Error

!ENTRY org.eclipse.cdt.core 4 0 2026-02-26 11:49:24.039
!MESSAGE Error

!ENTRY org.eclipse.cdt.core 4 0 2026-02-26 11:49:24.039
!MESSAGE Error

!ENTRY org.eclipse.cdt.core 4 0 2026-02-26 11:49:24.040
!MESSAGE Error

!ENTRY org.eclipse.cdt.core 4 0 2026-02-26 11:49:24.040
!MESSAGE Error

!ENTRY org.eclipse.cdt.core 4 0 2026-02-26 11:49:24.040
!MESSAGE Error

!ENTRY org.eclipse.cdt.core 4 0 2026-02-26 11:49:24.041
!MESSAGE Error

!ENTRY org.eclipse.cdt.core 4 0 2026-02-26 11:49:24.041
!MESSAGE Error

!ENTRY org.eclipse.cdt.core 4 0 2026-02-26 11:49:24.041
!MESSAGE Error

!ENTRY org.eclipse.cdt.core 4 0 2026-02-26 11:49:24.041
!MESSAGE Error

!ENTRY org.eclipse.cdt.core 4 0 2026-02-26 11:49:24.041
!MESSAGE Error

!ENTRY org.eclipse.cdt.core 4 0 2026-02-26 11:49:24.042
!MESSAGE Error

!ENTRY org.eclipse.cdt.core 4 0 2026-02-26 11:49:24.042
!MESSAGE Error

!ENTRY org.eclipse.cdt.core 4 0 2026-02-26 11:49:24.042
!MESSAGE Error

!ENTRY org.eclipse.cdt.core 4 0 2026-02-26 11:49:24.042
!MESSAGE Error

!ENTRY org.eclipse.cdt.core 4 0 2026-02-26 11:49:24.043
!MESSAGE Error

!ENTRY org.eclipse.cdt.core 4 0 2026-02-26 11:49:24.043
!MESSAGE Error

!ENTRY org.eclipse.cdt.core 4 0 2026-02-26 11:49:24.043
!MESSAGE Error

!ENTRY org.eclipse.cdt.core 4 0 2026-02-26 11:49:24.043
!MESSAGE Error

!ENTRY org.eclipse.cdt.core 4 0 2026-02-26 11:49:24.043
!MESSAGE Error

!ENTRY org.eclipse.cdt.core 4 0 2026-02-26 11:49:24.043
!MESSAGE Error

!ENTRY org.eclipse.cdt.core 4 0 2026-02-26 11:49:24.044
!MESSAGE Error

!ENTRY org.eclipse.cdt.core 4 0 2026-02-26 11:49:24.044
!MESSAGE Error

!ENTRY org.eclipse.cdt.core 4 0 2026-02-26 11:49:24.044
!MESSAGE Error

!ENTRY org.eclipse.cdt.core 4 0 2026-02-26 11:49:24.044
!MESSAGE Error

!ENTRY org.eclipse.cdt.core 4 0 2026-02-26 11:49:24.044
!MESSAGE Error

!ENTRY org.eclipse.cdt.core 4 0 2026-02-26 11:49:24.044
!MESSAGE Error

!ENTRY org.eclipse.cdt.core 4 0 2026-02-26 11:49:24.045
!MESSAGE Error

!ENTRY org.eclipse.cdt.core 4 0 2026-02-26 11:49:24.045
!MESSAGE Error

!ENTRY org.eclipse.cdt.core 4 0 2026-02-26 11:49:24.045
!MESSAGE Error

!ENTRY org.eclipse.cdt.core 4 0 2026-02-26 11:49:24.045
!MESSAGE Error

!ENTRY org.eclipse.cdt.core 4 0 2026-02-26 11:49:24.045
!MESSAGE Error

!ENTRY org.eclipse.cdt.core 4 0 2026-02-26 11:49:24.045
!MESSAGE Error

!ENTRY org.eclipse.cdt.core 4 0 2026-02-26 11:49:24.045
!MESSAGE Error

!ENTRY org.eclipse.cdt.core 4 0 2026-02-26 11:49:24.046
!MESSAGE Error

!ENTRY org.eclipse.cdt.core 4 0 2026-02-26 11:49:24.046
!MESSAGE Error

!ENTRY org.eclipse.cdt.core 4 0 2026-02-26 11:49:24.046
!MESSAGE Error

!ENTRY org.eclipse.cdt.core 4 0 2026-02-26 11:49:24.046
!MESSAGE Error

!ENTRY org.eclipse.cdt.core 4 0 2026-02-26 11:49:24.046
!MESSAGE Error

!ENTRY org.eclipse.cdt.core 4 0 2026-02-26 11:49:25.566
!MESSAGE Error

!ENTRY org.eclipse.cdt.core 4 0 2026-02-26 11:49:25.571
!MESSAGE Error

!ENTRY org.eclipse.cdt.core 4 0 2026-02-26 11:49:25.573
!MESSAGE Error

!ENTRY org.eclipse.cdt.core 4 0 2026-02-26 11:49:25.574
!MESSAGE Error

!ENTRY org.eclipse.cdt.core 4 0 2026-02-26 11:49:25.574
!MESSAGE Error

!ENTRY org.eclipse.cdt.core 4 0 2026-02-26 11:49:25.574
!MESSAGE Error

!ENTRY org.eclipse.cdt.core 4 0 2026-02-26 11:49:25.575
!MESSAGE Error

!ENTRY org.eclipse.cdt.core 4 0 2026-02-26 11:49:25.576
!MESSAGE Error

!ENTRY org.eclipse.cdt.core 4 0 2026-02-26 11:49:25.576
!MESSAGE Error

!ENTRY org.eclipse.cdt.core 4 0 2026-02-26 11:49:25.576
!MESSAGE Error

!ENTRY org.eclipse.cdt.core 4 0 2026-02-26 11:49:25.576
!MESSAGE Error

!ENTRY org.eclipse.cdt.core 4 0 2026-02-26 11:49:25.577
!MESSAGE Error

!ENTRY org.eclipse.cdt.core 4 0 2026-02-26 11:49:25.577
!MESSAGE Error

!ENTRY org.eclipse.cdt.core 4 0 2026-02-26 11:49:25.577
!MESSAGE Error

!ENTRY org.eclipse.cdt.core 4 0 2026-02-26 11:49:25.578
!MESSAGE Error

!ENTRY org.eclipse.cdt.core 4 0 2026-02-26 11:49:25.578
!MESSAGE Error

!ENTRY org.eclipse.cdt.core 4 0 2026-02-26 11:49:25.579
!MESSAGE Error

!ENTRY org.eclipse.cdt.core 4 0 2026-02-26 11:49:25.579
!MESSAGE Error

!ENTRY org.eclipse.cdt.core 4 0 2026-02-26 11:49:25.580
!MESSAGE Error

!ENTRY org.eclipse.cdt.core 4 0 2026-02-26 11:49:25.580
!MESSAGE Error

!ENTRY org.eclipse.cdt.core 4 0 2026-02-26 11:49:25.580
!MESSAGE Error

!ENTRY org.eclipse.cdt.core 4 0 2026-02-26 11:49:25.581
!MESSAGE Error

!ENTRY org.eclipse.cdt.core 4 0 2026-02-26 11:49:25.582
!MESSAGE Error

!ENTRY org.eclipse.cdt.core 4 0 2026-02-26 11:49:25.582
!MESSAGE Error

!ENTRY org.eclipse.cdt.core 4 0 2026-02-26 11:49:25.582
!MESSAGE Error

!ENTRY org.eclipse.cdt.core 4 0 2026-02-26 11:49:25.582
!MESSAGE Error

!ENTRY org.eclipse.cdt.core 4 0 2026-02-26 11:49:25.582
!MESSAGE Error

!ENTRY org.eclipse.cdt.core 4 0 2026-02-26 11:49:25.582
!MESSAGE Error

!ENTRY org.eclipse.cdt.core 4 0 2026-02-26 11:49:25.583
!MESSAGE Error

!ENTRY org.eclipse.cdt.core 4 0 2026-02-26 11:49:25.583
!MESSAGE Error

!ENTRY org.eclipse.cdt.core 4 0 2026-02-26 11:49:25.583
!MESSAGE Error

!ENTRY org.eclipse.cdt.core 4 0 2026-02-26 11:49:25.583
!MESSAGE Error

!ENTRY org.eclipse.cdt.core 4 0 2026-02-26 11:49:25.583
!MESSAGE Error

!ENTRY org.eclipse.cdt.core 4 0 2026-02-26 11:49:25.583
!MESSAGE Error

!ENTRY org.eclipse.cdt.core 4 0 2026-02-26 11:49:25.583
!MESSAGE Error

!ENTRY org.eclipse.cdt.core 4 0 2026-02-26 11:49:25.584
!MESSAGE Error

!ENTRY org.eclipse.cdt.core 4 0 2026-02-26 11:49:25.584
!MESSAGE Error

!ENTRY org.eclipse.cdt.core 4 0 2026-02-26 11:49:25.584
!MESSAGE Error

!ENTRY org.eclipse.cdt.core 4 0 2026-02-26 11:49:25.584
!MESSAGE Error

!ENTRY org.eclipse.cdt.core 4 0 2026-02-26 11:49:25.584
!MESSAGE Error

!ENTRY org.eclipse.cdt.core 4 0 2026-02-26 11:49:25.584
!MESSAGE Error

!ENTRY org.eclipse.cdt.core 4 0 2026-02-26 11:49:25.584
!MESSAGE Error

!ENTRY org.eclipse.cdt.core 4 0 2026-02-26 11:49:25.585
!MESSAGE Error

!ENTRY org.eclipse.cdt.core 4 0 2026-02-26 11:49:25.585
!MESSAGE Error

!ENTRY org.eclipse.cdt.core 4 0 2026-02-26 11:49:25.585
!MESSAGE Error

!ENTRY org.eclipse.cdt.core 4 0 2026-02-26 11:49:25.585
!MESSAGE Error

!ENTRY org.eclipse.cdt.core 4 0 2026-02-26 11:49:25.586
!MESSAGE Error

!ENTRY org.eclipse.cdt.core 4 0 2026-02-26 11:49:25.586
!MESSAGE Error

!ENTRY org.eclipse.cdt.core 4 0 2026-02-26 11:49:25.586
!MESSAGE Error

!ENTRY org.eclipse.cdt.core 4 0 2026-02-26 11:49:25.586
!MESSAGE Error

!ENTRY org.eclipse.cdt.core 4 0 2026-02-26 11:49:25.586
!MESSAGE Error

!ENTRY org.eclipse.cdt.core 4 0 2026-02-26 11:49:25.586
!MESSAGE Error

!ENTRY org.eclipse.cdt.core 4 0 2026-02-26 11:49:25.587
!MESSAGE Error

!ENTRY org.eclipse.cdt.core 4 0 2026-02-26 11:49:25.587
!MESSAGE Error

!ENTRY org.eclipse.cdt.core 4 0 2026-02-26 11:49:25.587
!MESSAGE Error

!ENTRY org.eclipse.cdt.core 4 0 2026-02-26 11:49:25.587
!MESSAGE Error

!ENTRY org.eclipse.cdt.core 4 0 2026-02-26 11:49:25.587
!MESSAGE Error

!ENTRY org.eclipse.cdt.core 4 0 2026-02-26 11:49:25.587
!MESSAGE Error

!ENTRY org.eclipse.cdt.core 4 0 2026-02-26 11:49:25.587
!MESSAGE Error

!ENTRY org.eclipse.cdt.core 4 0 2026-02-26 11:49:25.588
!MESSAGE Error

!ENTRY org.eclipse.cdt.core 4 0 2026-02-26 11:49:25.588
!MESSAGE Error

!ENTRY org.eclipse.cdt.core 4 0 2026-02-26 11:49:25.588
!MESSAGE Error

!ENTRY org.eclipse.cdt.core 4 0 2026-02-26 11:49:25.588
!MESSAGE Error

!ENTRY org.eclipse.cdt.core 4 0 2026-02-26 11:49:25.588
!MESSAGE Error

!ENTRY org.eclipse.cdt.core 4 0 2026-02-26 11:49:25.588
!MESSAGE Error

!ENTRY org.eclipse.cdt.core 4 0 2026-02-26 11:49:25.588
!MESSAGE Error

!ENTRY org.eclipse.cdt.core 4 0 2026-02-26 11:49:25.589
!MESSAGE Error

!ENTRY org.eclipse.cdt.core 4 0 2026-02-26 11:49:25.589
!MESSAGE Error

!ENTRY org.eclipse.cdt.core 4 0 2026-02-26 11:49:25.589
!MESSAGE Error

!ENTRY org.eclipse.cdt.core 4 0 2026-02-26 11:49:25.589
!MESSAGE Error

!ENTRY org.eclipse.cdt.core 4 0 2026-02-26 11:49:26.600
!MESSAGE Error

!ENTRY org.eclipse.cdt.core 4 0 2026-02-26 11:49:26.605
!MESSAGE Error

!ENTRY org.eclipse.cdt.core 4 0 2026-02-26 11:49:26.608
!MESSAGE Error

!ENTRY org.eclipse.cdt.core 4 0 2026-02-26 11:49:26.609
!MESSAGE Error

!ENTRY org.eclipse.cdt.core 4 0 2026-02-26 11:49:26.609
!MESSAGE Error

!ENTRY org.eclipse.cdt.core 4 0 2026-02-26 11:49:26.609
!MESSAGE Error

!ENTRY org.eclipse.cdt.core 4 0 2026-02-26 11:49:26.610
!MESSAGE Error

!ENTRY org.eclipse.cdt.core 4 0 2026-02-26 11:49:26.610
!MESSAGE Error

!ENTRY org.eclipse.cdt.core 4 0 2026-02-26 11:49:26.610
!MESSAGE Error

!ENTRY org.eclipse.cdt.core 4 0 2026-02-26 11:49:26.611
!MESSAGE Error

!ENTRY org.eclipse.cdt.core 4 0 2026-02-26 11:49:26.611
!MESSAGE Error

!ENTRY org.eclipse.cdt.core 4 0 2026-02-26 11:49:26.612
!MESSAGE Error

!ENTRY org.eclipse.cdt.core 4 0 2026-02-26 11:49:26.612
!MESSAGE Error

!ENTRY org.eclipse.cdt.core 4 0 2026-02-26 11:49:26.613
!MESSAGE Error

!ENTRY org.eclipse.cdt.core 4 0 2026-02-26 11:49:26.613
!MESSAGE Error

!ENTRY org.eclipse.cdt.core 4 0 2026-02-26 11:49:26.613
!MESSAGE Error

!ENTRY org.eclipse.cdt.core 4 0 2026-02-26 11:49:26.614
!MESSAGE Error

!ENTRY org.eclipse.cdt.core 4 0 2026-02-26 11:49:26.614
!MESSAGE Error

!ENTRY org.eclipse.cdt.core 4 0 2026-02-26 11:49:26.615
!MESSAGE Error

!ENTRY org.eclipse.cdt.core 4 0 2026-02-26 11:49:26.615
!MESSAGE Error

!ENTRY org.eclipse.cdt.core 4 0 2026-02-26 11:49:26.615
!MESSAGE Error

!ENTRY org.eclipse.cdt.core 4 0 2026-02-26 11:49:26.616
!MESSAGE Error

!ENTRY org.eclipse.cdt.core 4 0 2026-02-26 11:49:26.616
!MESSAGE Error

!ENTRY org.eclipse.cdt.core 4 0 2026-02-26 11:49:26.617
!MESSAGE Error

!ENTRY org.eclipse.cdt.core 4 0 2026-02-26 11:49:26.617
!MESSAGE Error

!ENTRY org.eclipse.cdt.core 4 0 2026-02-26 11:49:26.617
!MESSAGE Error

!ENTRY org.eclipse.cdt.core 4 0 2026-02-26 11:49:26.618
!MESSAGE Error

!ENTRY org.eclipse.cdt.core 4 0 2026-02-26 11:49:26.618
!MESSAGE Error

!ENTRY org.eclipse.cdt.core 4 0 2026-02-26 11:49:26.619
!MESSAGE Error

!ENTRY org.eclipse.cdt.core 4 0 2026-02-26 11:49:26.619
!MESSAGE Error

!ENTRY org.eclipse.cdt.core 4 0 2026-02-26 11:49:26.619
!MESSAGE Error

!ENTRY org.eclipse.cdt.core 4 0 2026-02-26 11:49:26.620
!MESSAGE Error

!ENTRY org.eclipse.cdt.core 4 0 2026-02-26 11:49:26.631
!MESSAGE Error

!ENTRY org.eclipse.cdt.core 4 0 2026-02-26 11:49:26.631
!MESSAGE Error

!ENTRY org.eclipse.cdt.core 4 0 2026-02-26 11:49:26.632
!MESSAGE Error

!ENTRY org.eclipse.cdt.core 4 0 2026-02-26 11:49:26.632
!MESSAGE Error

!ENTRY org.eclipse.cdt.core 4 0 2026-02-26 11:49:26.632
!MESSAGE Error

!ENTRY org.eclipse.cdt.core 4 0 2026-02-26 11:49:26.632
!MESSAGE Error

!ENTRY org.eclipse.cdt.core 4 0 2026-02-26 11:49:26.632
!MESSAGE Error

!ENTRY org.eclipse.cdt.core 4 0 2026-02-26 11:49:26.632
!MESSAGE Error

!ENTRY org.eclipse.cdt.core 4 0 2026-02-26 11:49:26.633
!MESSAGE Error

!ENTRY org.eclipse.cdt.core 4 0 2026-02-26 11:49:26.633
!MESSAGE Error

!ENTRY org.eclipse.cdt.core 4 0 2026-02-26 11:49:26.633
!MESSAGE Error

!ENTRY org.eclipse.cdt.core 4 0 2026-02-26 11:49:26.633
!MESSAGE Error

!ENTRY org.eclipse.cdt.core 4 0 2026-02-26 11:49:26.633
!MESSAGE Error

!ENTRY org.eclipse.cdt.core 4 0 2026-02-26 11:49:26.633
!MESSAGE Error

!ENTRY org.eclipse.cdt.core 4 0 2026-02-26 11:49:26.633
!MESSAGE Error

!ENTRY org.eclipse.cdt.core 4 0 2026-02-26 11:49:26.633
!MESSAGE Error

!ENTRY org.eclipse.cdt.core 4 0 2026-02-26 11:49:26.633
!MESSAGE Error

!ENTRY org.eclipse.cdt.core 4 0 2026-02-26 11:49:26.633
!MESSAGE Error

!ENTRY org.eclipse.cdt.core 4 0 2026-02-26 11:49:26.634
!MESSAGE Error

!ENTRY org.eclipse.cdt.core 4 0 2026-02-26 11:49:26.634
!MESSAGE Error

!ENTRY org.eclipse.cdt.core 4 0 2026-02-26 11:49:26.634
!MESSAGE Error

!ENTRY org.eclipse.cdt.core 4 0 2026-02-26 11:49:26.634
!MESSAGE Error

!ENTRY org.eclipse.cdt.core 4 0 2026-02-26 11:49:26.634
!MESSAGE Error

!ENTRY org.eclipse.cdt.core 4 0 2026-02-26 11:49:26.634
!MESSAGE Error

!ENTRY org.eclipse.cdt.core 4 0 2026-02-26 11:49:26.635
!MESSAGE Error

!ENTRY org.eclipse.cdt.core 4 0 2026-02-26 11:49:26.635
!MESSAGE Error

!ENTRY org.eclipse.cdt.core 4 0 2026-02-26 11:49:26.635
!MESSAGE Error

!ENTRY org.eclipse.cdt.core 4 0 2026-02-26 11:49:26.635
!MESSAGE Error

!ENTRY org.eclipse.cdt.core 4 0 2026-02-26 11:49:26.635
!MESSAGE Error

!ENTRY org.eclipse.cdt.core 4 0 2026-02-26 11:49:26.635
!MESSAGE Error

!ENTRY org.eclipse.cdt.core 4 0 2026-02-26 11:49:26.635
!MESSAGE Error

!ENTRY org.eclipse.cdt.core 4 0 2026-02-26 11:49:26.636
!MESSAGE Error

!ENTRY org.eclipse.cdt.core 4 0 2026-02-26 11:49:26.636
!MESSAGE Error

!ENTRY org.eclipse.cdt.core 4 0 2026-02-26 11:49:26.636
!MESSAGE Error

!ENTRY org.eclipse.cdt.core 4 0 2026-02-26 11:49:26.637
!MESSAGE Error

!ENTRY org.eclipse.cdt.core 4 0 2026-02-26 11:49:26.637
!MESSAGE Error

!ENTRY org.eclipse.cdt.core 4 0 2026-02-26 11:49:26.637
!MESSAGE Error

!ENTRY org.eclipse.cdt.core 4 0 2026-02-26 11:49:26.637
!MESSAGE Error

!ENTRY org.eclipse.cdt.core 4 0 2026-02-26 11:50:57.622
!MESSAGE Error

!ENTRY org.eclipse.cdt.core 4 0 2026-02-26 11:50:57.623
!MESSAGE Error

!ENTRY org.eclipse.cdt.core 4 0 2026-02-26 11:50:58.371
!MESSAGE Error

!ENTRY org.eclipse.cdt.core 4 0 2026-02-26 11:50:58.520
!MESSAGE Error

!ENTRY org.eclipse.cdt.core 4 0 2026-02-26 11:50:58.526
!MESSAGE Error

!ENTRY org.eclipse.cdt.core 4 0 2026-02-26 11:50:58.529
!MESSAGE Error

!ENTRY org.eclipse.cdt.core 4 0 2026-02-26 11:50:58.530
!MESSAGE Error

!ENTRY org.eclipse.cdt.core 4 0 2026-02-26 11:50:58.530
!MESSAGE Error

!ENTRY org.eclipse.cdt.core 4 0 2026-02-26 11:50:58.530
!MESSAGE Error

!ENTRY org.eclipse.cdt.core 4 0 2026-02-26 11:50:58.531
!MESSAGE Error

!ENTRY org.eclipse.cdt.core 4 0 2026-02-26 11:50:58.531
!MESSAGE Error

!ENTRY org.eclipse.cdt.core 4 0 2026-02-26 11:50:58.531
!MESSAGE Error

!ENTRY org.eclipse.cdt.core 4 0 2026-02-26 11:50:58.532
!MESSAGE Error

!ENTRY org.eclipse.cdt.core 4 0 2026-02-26 11:50:58.532
!MESSAGE Error

!ENTRY org.eclipse.cdt.core 4 0 2026-02-26 11:50:58.533
!MESSAGE Error

!ENTRY org.eclipse.cdt.core 4 0 2026-02-26 11:50:58.533
!MESSAGE Error

!ENTRY org.eclipse.cdt.core 4 0 2026-02-26 11:50:58.533
!MESSAGE Error

!ENTRY org.eclipse.cdt.core 4 0 2026-02-26 11:50:58.534
!MESSAGE Error

!ENTRY org.eclipse.cdt.core 4 0 2026-02-26 11:50:58.534
!MESSAGE Error

!ENTRY org.eclipse.cdt.core 4 0 2026-02-26 11:50:58.534
!MESSAGE Error

!ENTRY org.eclipse.cdt.core 4 0 2026-02-26 11:50:58.535
!MESSAGE Error

!ENTRY org.eclipse.cdt.core 4 0 2026-02-26 11:50:58.535
!MESSAGE Error

!ENTRY org.eclipse.cdt.core 4 0 2026-02-26 11:50:58.536
!MESSAGE Error

!ENTRY org.eclipse.cdt.core 4 0 2026-02-26 11:50:58.536
!MESSAGE Error

!ENTRY org.eclipse.cdt.core 4 0 2026-02-26 11:50:58.537
!MESSAGE Error

!ENTRY org.eclipse.cdt.core 4 0 2026-02-26 11:50:58.537
!MESSAGE Error

!ENTRY org.eclipse.cdt.core 4 0 2026-02-26 11:50:58.537
!MESSAGE Error

!ENTRY org.eclipse.cdt.core 4 0 2026-02-26 11:50:58.537
!MESSAGE Error

!ENTRY org.eclipse.cdt.core 4 0 2026-02-26 11:50:58.537
!MESSAGE Error

!ENTRY org.eclipse.cdt.core 4 0 2026-02-26 11:50:58.537
!MESSAGE Error

!ENTRY org.eclipse.cdt.core 4 0 2026-02-26 11:50:58.538
!MESSAGE Error

!ENTRY org.eclipse.cdt.core 4 0 2026-02-26 11:50:58.538
!MESSAGE Error

!ENTRY org.eclipse.cdt.core 4 0 2026-02-26 11:50:58.538
!MESSAGE Error

!ENTRY org.eclipse.cdt.core 4 0 2026-02-26 11:50:58.538
!MESSAGE Error

!ENTRY org.eclipse.cdt.core 4 0 2026-02-26 11:50:58.538
!MESSAGE Error

!ENTRY org.eclipse.cdt.core 4 0 2026-02-26 11:50:58.538
!MESSAGE Error

!ENTRY org.eclipse.cdt.core 4 0 2026-02-26 11:50:58.539
!MESSAGE Error

!ENTRY org.eclipse.cdt.core 4 0 2026-02-26 11:50:58.539
!MESSAGE Error

!ENTRY org.eclipse.cdt.core 4 0 2026-02-26 11:50:58.539
!MESSAGE Error

!ENTRY org.eclipse.cdt.core 4 0 2026-02-26 11:50:58.539
!MESSAGE Error

!ENTRY org.eclipse.cdt.core 4 0 2026-02-26 11:50:58.539
!MESSAGE Error

!ENTRY org.eclipse.cdt.core 4 0 2026-02-26 11:50:58.539
!MESSAGE Error

!ENTRY org.eclipse.cdt.core 4 0 2026-02-26 11:50:58.540
!MESSAGE Error

!ENTRY org.eclipse.cdt.core 4 0 2026-02-26 11:50:58.540
!MESSAGE Error

!ENTRY org.eclipse.cdt.core 4 0 2026-02-26 11:50:58.540
!MESSAGE Error

!ENTRY org.eclipse.cdt.core 4 0 2026-02-26 11:50:58.540
!MESSAGE Error

!ENTRY org.eclipse.cdt.core 4 0 2026-02-26 11:50:58.540
!MESSAGE Error

!ENTRY org.eclipse.cdt.core 4 0 2026-02-26 11:50:58.540
!MESSAGE Error

!ENTRY org.eclipse.cdt.core 4 0 2026-02-26 11:50:58.541
!MESSAGE Error

!ENTRY org.eclipse.cdt.core 4 0 2026-02-26 11:50:58.541
!MESSAGE Error

!ENTRY org.eclipse.cdt.core 4 0 2026-02-26 11:50:58.541
!MESSAGE Error

!ENTRY org.eclipse.cdt.core 4 0 2026-02-26 11:50:58.541
!MESSAGE Error

!ENTRY org.eclipse.cdt.core 4 0 2026-02-26 11:50:58.541
!MESSAGE Error

!ENTRY org.eclipse.cdt.core 4 0 2026-02-26 11:50:58.541
!MESSAGE Error

!ENTRY org.eclipse.cdt.core 4 0 2026-02-26 11:50:58.542
!MESSAGE Error

!ENTRY org.eclipse.cdt.core 4 0 2026-02-26 11:50:58.542
!MESSAGE Error

!ENTRY org.eclipse.cdt.core 4 0 2026-02-26 11:50:58.542
!MESSAGE Error

!ENTRY org.eclipse.cdt.core 4 0 2026-02-26 11:50:58.542
!MESSAGE Error

!ENTRY org.eclipse.cdt.core 4 0 2026-02-26 11:50:58.542
!MESSAGE Error

!ENTRY org.eclipse.cdt.core 4 0 2026-02-26 11:50:58.542
!MESSAGE Error

!ENTRY org.eclipse.cdt.core 4 0 2026-02-26 11:50:58.542
!MESSAGE Error

!ENTRY org.eclipse.cdt.core 4 0 2026-02-26 11:50:58.542
!MESSAGE Error

!ENTRY org.eclipse.cdt.core 4 0 2026-02-26 11:50:58.542
!MESSAGE Error

!ENTRY org.eclipse.cdt.core 4 0 2026-02-26 11:50:58.543
!MESSAGE Error

!ENTRY org.eclipse.cdt.core 4 0 2026-02-26 11:50:58.543
!MESSAGE Error

!ENTRY org.eclipse.cdt.core 4 0 2026-02-26 11:50:58.543
!MESSAGE Error

!ENTRY org.eclipse.cdt.core 4 0 2026-02-26 11:50:58.543
!MESSAGE Error

!ENTRY org.eclipse.cdt.core 4 0 2026-02-26 11:50:58.543
!MESSAGE Error

!ENTRY org.eclipse.cdt.core 4 0 2026-02-26 11:50:58.543
!MESSAGE Error

!ENTRY org.eclipse.cdt.core 4 0 2026-02-26 11:50:58.543
!MESSAGE Error

!ENTRY org.eclipse.cdt.core 4 0 2026-02-26 11:50:58.544
!MESSAGE Error

!ENTRY org.eclipse.cdt.core 4 0 2026-02-26 11:50:58.544
!MESSAGE Error

!ENTRY org.eclipse.cdt.core 4 0 2026-02-26 11:50:58.544
!MESSAGE Error

!ENTRY org.eclipse.cdt.core 4 0 2026-02-26 11:51:11.827
!MESSAGE Error

!ENTRY org.eclipse.cdt.core 4 0 2026-02-26 11:51:11.830
!MESSAGE Error

!ENTRY org.eclipse.cdt.core 4 0 2026-02-26 11:51:14.343
!MESSAGE Error

!ENTRY org.eclipse.cdt.core 4 0 2026-02-26 11:51:28.787
!MESSAGE Error

!ENTRY org.eclipse.cdt.core 4 0 2026-02-26 11:51:50.434
!MESSAGE Error

!ENTRY org.eclipse.cdt.core 4 0 2026-02-26 11:51:50.439
!MESSAGE Error

!ENTRY org.eclipse.cdt.core 4 0 2026-02-26 11:51:50.441
!MESSAGE Error

!ENTRY org.eclipse.cdt.core 4 0 2026-02-26 11:51:50.441
!MESSAGE Error

!ENTRY org.eclipse.cdt.core 4 0 2026-02-26 11:51:50.442
!MESSAGE Error

!ENTRY org.eclipse.cdt.core 4 0 2026-02-26 11:51:50.442
!MESSAGE Error

!ENTRY org.eclipse.cdt.core 4 0 2026-02-26 11:51:50.442
!MESSAGE Error

!ENTRY org.eclipse.cdt.core 4 0 2026-02-26 11:51:50.443
!MESSAGE Error

!ENTRY org.eclipse.cdt.core 4 0 2026-02-26 11:51:50.444
!MESSAGE Error

!ENTRY org.eclipse.cdt.core 4 0 2026-02-26 11:51:50.444
!MESSAGE Error

!ENTRY org.eclipse.cdt.core 4 0 2026-02-26 11:51:50.444
!MESSAGE Error

!ENTRY org.eclipse.cdt.core 4 0 2026-02-26 11:51:50.445
!MESSAGE Error

!ENTRY org.eclipse.cdt.core 4 0 2026-02-26 11:51:50.445
!MESSAGE Error

!ENTRY org.eclipse.cdt.core 4 0 2026-02-26 11:51:50.445
!MESSAGE Error

!ENTRY org.eclipse.cdt.core 4 0 2026-02-26 11:51:50.446
!MESSAGE Error

!ENTRY org.eclipse.cdt.core 4 0 2026-02-26 11:51:50.446
!MESSAGE Error

!ENTRY org.eclipse.cdt.core 4 0 2026-02-26 11:51:50.446
!MESSAGE Error

!ENTRY org.eclipse.cdt.core 4 0 2026-02-26 11:51:50.447
!MESSAGE Error

!ENTRY org.eclipse.cdt.core 4 0 2026-02-26 11:51:50.447
!MESSAGE Error

!ENTRY org.eclipse.cdt.core 4 0 2026-02-26 11:51:50.447
!MESSAGE Error

!ENTRY org.eclipse.cdt.core 4 0 2026-02-26 11:51:50.447
!MESSAGE Error

!ENTRY org.eclipse.cdt.core 4 0 2026-02-26 11:51:50.447
!MESSAGE Error

!ENTRY org.eclipse.cdt.core 4 0 2026-02-26 11:51:50.448
!MESSAGE Error

!ENTRY org.eclipse.cdt.core 4 0 2026-02-26 11:51:50.448
!MESSAGE Error

!ENTRY org.eclipse.cdt.core 4 0 2026-02-26 11:51:50.448
!MESSAGE Error

!ENTRY org.eclipse.cdt.core 4 0 2026-02-26 11:51:50.449
!MESSAGE Error

!ENTRY org.eclipse.cdt.core 4 0 2026-02-26 11:51:50.449
!MESSAGE Error

!ENTRY org.eclipse.cdt.core 4 0 2026-02-26 11:51:50.450
!MESSAGE Error

!ENTRY org.eclipse.cdt.core 4 0 2026-02-26 11:51:50.450
!MESSAGE Error

!ENTRY org.eclipse.cdt.core 4 0 2026-02-26 11:51:50.451
!MESSAGE Error

!ENTRY org.eclipse.cdt.core 4 0 2026-02-26 11:51:50.451
!MESSAGE Error

!ENTRY org.eclipse.cdt.core 4 0 2026-02-26 11:51:50.451
!MESSAGE Error

!ENTRY org.eclipse.cdt.core 4 0 2026-02-26 11:51:50.451
!MESSAGE Error

!ENTRY org.eclipse.cdt.core 4 0 2026-02-26 11:51:50.451
!MESSAGE Error

!ENTRY org.eclipse.cdt.core 4 0 2026-02-26 11:51:50.451
!MESSAGE Error

!ENTRY org.eclipse.cdt.core 4 0 2026-02-26 11:51:50.452
!MESSAGE Error

!ENTRY org.eclipse.cdt.core 4 0 2026-02-26 11:51:50.452
!MESSAGE Error

!ENTRY org.eclipse.cdt.core 4 0 2026-02-26 11:51:50.452
!MESSAGE Error

!ENTRY org.eclipse.cdt.core 4 0 2026-02-26 11:51:50.452
!MESSAGE Error

!ENTRY org.eclipse.cdt.core 4 0 2026-02-26 11:51:50.452
!MESSAGE Error

!ENTRY org.eclipse.cdt.core 4 0 2026-02-26 11:51:50.452
!MESSAGE Error

!ENTRY org.eclipse.cdt.core 4 0 2026-02-26 11:51:50.453
!MESSAGE Error

!ENTRY org.eclipse.cdt.core 4 0 2026-02-26 11:51:50.453
!MESSAGE Error

!ENTRY org.eclipse.cdt.core 4 0 2026-02-26 11:51:50.453
!MESSAGE Error

!ENTRY org.eclipse.cdt.core 4 0 2026-02-26 11:51:50.453
!MESSAGE Error

!ENTRY org.eclipse.cdt.core 4 0 2026-02-26 11:51:50.453
!MESSAGE Error

!ENTRY org.eclipse.cdt.core 4 0 2026-02-26 11:51:50.453
!MESSAGE Error

!ENTRY org.eclipse.cdt.core 4 0 2026-02-26 11:51:50.454
!MESSAGE Error

!ENTRY org.eclipse.cdt.core 4 0 2026-02-26 11:51:50.454
!MESSAGE Error

!ENTRY org.eclipse.cdt.core 4 0 2026-02-26 11:51:50.454
!MESSAGE Error

!ENTRY org.eclipse.cdt.core 4 0 2026-02-26 11:51:50.454
!MESSAGE Error

!ENTRY org.eclipse.cdt.core 4 0 2026-02-26 11:51:50.454
!MESSAGE Error

!ENTRY org.eclipse.cdt.core 4 0 2026-02-26 11:51:50.454
!MESSAGE Error

!ENTRY org.eclipse.cdt.core 4 0 2026-02-26 11:51:50.455
!MESSAGE Error

!ENTRY org.eclipse.cdt.core 4 0 2026-02-26 11:51:50.455
!MESSAGE Error

!ENTRY org.eclipse.cdt.core 4 0 2026-02-26 11:51:50.455
!MESSAGE Error

!ENTRY org.eclipse.cdt.core 4 0 2026-02-26 11:51:50.455
!MESSAGE Error

!ENTRY org.eclipse.cdt.core 4 0 2026-02-26 11:51:50.455
!MESSAGE Error

!ENTRY org.eclipse.cdt.core 4 0 2026-02-26 11:51:50.455
!MESSAGE Error

!ENTRY org.eclipse.cdt.core 4 0 2026-02-26 11:51:50.456
!MESSAGE Error

!ENTRY org.eclipse.cdt.core 4 0 2026-02-26 11:52:01.209
!MESSAGE Error

!ENTRY org.eclipse.cdt.core 4 0 2026-02-26 11:52:01.209
!MESSAGE Error

!ENTRY org.eclipse.cdt.core 4 0 2026-02-26 11:52:01.841
!MESSAGE Error

!ENTRY org.eclipse.cdt.core 4 0 2026-02-26 11:52:18.302
!MESSAGE Error

!ENTRY org.eclipse.cdt.core 4 0 2026-02-26 11:54:29.494
!MESSAGE Error

!ENTRY org.eclipse.cdt.core 4 0 2026-02-26 11:54:29.498
!MESSAGE Error

!ENTRY org.eclipse.cdt.core 4 0 2026-02-26 11:54:30.495
!MESSAGE Error

!ENTRY org.eclipse.cdt.core 4 0 2026-02-26 11:54:30.500
!MESSAGE Error

!ENTRY org.eclipse.cdt.core 4 0 2026-02-26 11:54:30.502
!MESSAGE Error

!ENTRY org.eclipse.cdt.core 4 0 2026-02-26 11:54:30.503
!MESSAGE Error

!ENTRY org.eclipse.cdt.core 4 0 2026-02-26 11:54:30.503
!MESSAGE Error

!ENTRY org.eclipse.cdt.core 4 0 2026-02-26 11:54:30.503
!MESSAGE Error

!ENTRY org.eclipse.cdt.core 4 0 2026-02-26 11:54:30.504
!MESSAGE Error

!ENTRY org.eclipse.cdt.core 4 0 2026-02-26 11:54:30.504
!MESSAGE Error

!ENTRY org.eclipse.cdt.core 4 0 2026-02-26 11:54:30.505
!MESSAGE Error

!ENTRY org.eclipse.cdt.core 4 0 2026-02-26 11:54:30.505
!MESSAGE Error

!ENTRY org.eclipse.cdt.core 4 0 2026-02-26 11:54:30.505
!MESSAGE Error

!ENTRY org.eclipse.cdt.core 4 0 2026-02-26 11:54:30.505
!MESSAGE Error

!ENTRY org.eclipse.cdt.core 4 0 2026-02-26 11:54:30.505
!MESSAGE Error

!ENTRY org.eclipse.cdt.core 4 0 2026-02-26 11:54:30.505
!MESSAGE Error

!ENTRY org.eclipse.cdt.core 4 0 2026-02-26 11:54:30.506
!MESSAGE Error

!ENTRY org.eclipse.cdt.core 4 0 2026-02-26 11:54:30.506
!MESSAGE Error

!ENTRY org.eclipse.cdt.core 4 0 2026-02-26 11:54:30.506
!MESSAGE Error

!ENTRY org.eclipse.cdt.core 4 0 2026-02-26 11:54:30.506
!MESSAGE Error

!ENTRY org.eclipse.cdt.core 4 0 2026-02-26 11:54:30.506
!MESSAGE Error

!ENTRY org.eclipse.cdt.core 4 0 2026-02-26 11:54:30.506
!MESSAGE Error

!ENTRY org.eclipse.cdt.core 4 0 2026-02-26 11:54:30.507
!MESSAGE Error

!ENTRY org.eclipse.cdt.core 4 0 2026-02-26 11:54:30.507
!MESSAGE Error

!ENTRY org.eclipse.cdt.core 4 0 2026-02-26 11:54:30.507
!MESSAGE Error

!ENTRY org.eclipse.cdt.core 4 0 2026-02-26 11:54:30.507
!MESSAGE Error

!ENTRY org.eclipse.cdt.core 4 0 2026-02-26 11:54:30.507
!MESSAGE Error

!ENTRY org.eclipse.cdt.core 4 0 2026-02-26 11:54:30.507
!MESSAGE Error

!ENTRY org.eclipse.cdt.core 4 0 2026-02-26 11:54:30.508
!MESSAGE Error

!ENTRY org.eclipse.cdt.core 4 0 2026-02-26 11:54:30.508
!MESSAGE Error

!ENTRY org.eclipse.cdt.core 4 0 2026-02-26 11:54:30.508
!MESSAGE Error

!ENTRY org.eclipse.cdt.core 4 0 2026-02-26 11:54:30.508
!MESSAGE Error

!ENTRY org.eclipse.cdt.core 4 0 2026-02-26 11:54:30.508
!MESSAGE Error

!ENTRY org.eclipse.cdt.core 4 0 2026-02-26 11:54:30.508
!MESSAGE Error

!ENTRY org.eclipse.cdt.core 4 0 2026-02-26 11:54:30.509
!MESSAGE Error

!ENTRY org.eclipse.cdt.core 4 0 2026-02-26 11:54:30.509
!MESSAGE Error

!ENTRY org.eclipse.cdt.core 4 0 2026-02-26 11:54:30.509
!MESSAGE Error

!ENTRY org.eclipse.cdt.core 4 0 2026-02-26 11:54:30.509
!MESSAGE Error

!ENTRY org.eclipse.cdt.core 4 0 2026-02-26 11:54:30.509
!MESSAGE Error

!ENTRY org.eclipse.cdt.core 4 0 2026-02-26 11:54:30.509
!MESSAGE Error

!ENTRY org.eclipse.cdt.core 4 0 2026-02-26 11:54:30.510
!MESSAGE Error

!ENTRY org.eclipse.cdt.core 4 0 2026-02-26 11:54:30.510
!MESSAGE Error

!ENTRY org.eclipse.cdt.core 4 0 2026-02-26 11:54:30.510
!MESSAGE Error

!ENTRY org.eclipse.cdt.core 4 0 2026-02-26 11:54:30.510
!MESSAGE Error

!ENTRY org.eclipse.cdt.core 4 0 2026-02-26 11:54:30.510
!MESSAGE Error

!ENTRY org.eclipse.cdt.core 4 0 2026-02-26 11:54:30.510
!MESSAGE Error

!ENTRY org.eclipse.cdt.core 4 0 2026-02-26 11:54:30.511
!MESSAGE Error

!ENTRY org.eclipse.cdt.core 4 0 2026-02-26 11:54:30.511
!MESSAGE Error

!ENTRY org.eclipse.cdt.core 4 0 2026-02-26 11:54:30.511
!MESSAGE Error

!ENTRY org.eclipse.cdt.core 4 0 2026-02-26 11:54:30.511
!MESSAGE Error

!ENTRY org.eclipse.cdt.core 4 0 2026-02-26 11:54:30.511
!MESSAGE Error

!ENTRY org.eclipse.cdt.core 4 0 2026-02-26 11:54:30.511
!MESSAGE Error

!ENTRY org.eclipse.cdt.core 4 0 2026-02-26 11:54:30.512
!MESSAGE Error

!ENTRY org.eclipse.cdt.core 4 0 2026-02-26 11:54:30.512
!MESSAGE Error

!ENTRY org.eclipse.cdt.core 4 0 2026-02-26 11:54:30.512
!MESSAGE Error

!ENTRY org.eclipse.cdt.core 4 0 2026-02-26 11:54:30.512
!MESSAGE Error

!ENTRY org.eclipse.cdt.core 4 0 2026-02-26 11:54:30.512
!MESSAGE Error

!ENTRY org.eclipse.cdt.core 4 0 2026-02-26 11:54:30.512
!MESSAGE Error

!ENTRY org.eclipse.cdt.core 4 0 2026-02-26 11:54:30.512
!MESSAGE Error

!ENTRY org.eclipse.cdt.core 4 0 2026-02-26 11:54:30.513
!MESSAGE Error

!ENTRY org.eclipse.cdt.core 4 0 2026-02-26 11:54:30.513
!MESSAGE Error

!ENTRY org.eclipse.cdt.core 4 0 2026-02-26 11:54:30.513
!MESSAGE Error

!ENTRY org.eclipse.cdt.core 4 0 2026-02-26 12:54:45.587
!MESSAGE Error

!ENTRY org.eclipse.cdt.core 4 0 2026-02-26 12:54:45.594
!MESSAGE Error

!ENTRY org.eclipse.cdt.core 4 0 2026-02-26 12:54:45.596
!MESSAGE Error

!ENTRY org.eclipse.cdt.core 4 0 2026-02-26 12:54:45.597
!MESSAGE Error

!ENTRY org.eclipse.cdt.core 4 0 2026-02-26 12:54:45.597
!MESSAGE Error

!ENTRY org.eclipse.cdt.core 4 0 2026-02-26 12:54:45.598
!MESSAGE Error

!ENTRY org.eclipse.cdt.core 4 0 2026-02-26 12:54:45.598
!MESSAGE Error

!ENTRY org.eclipse.cdt.core 4 0 2026-02-26 12:54:45.598
!MESSAGE Error

!ENTRY org.eclipse.cdt.core 4 0 2026-02-26 12:54:45.599
!MESSAGE Error

!ENTRY org.eclipse.cdt.core 4 0 2026-02-26 12:54:45.599
!MESSAGE Error

!ENTRY org.eclipse.cdt.core 4 0 2026-02-26 12:54:45.600
!MESSAGE Error

!ENTRY org.eclipse.cdt.core 4 0 2026-02-26 12:54:45.600
!MESSAGE Error

!ENTRY org.eclipse.cdt.core 4 0 2026-02-26 12:54:45.601
!MESSAGE Error

!ENTRY org.eclipse.cdt.core 4 0 2026-02-26 12:54:45.601
!MESSAGE Error

!ENTRY org.eclipse.cdt.core 4 0 2026-02-26 12:54:45.601
!MESSAGE Error

!ENTRY org.eclipse.cdt.core 4 0 2026-02-26 12:54:45.602
!MESSAGE Error

!ENTRY org.eclipse.cdt.core 4 0 2026-02-26 12:54:45.603
!MESSAGE Error

!ENTRY org.eclipse.cdt.core 4 0 2026-02-26 12:54:45.603
!MESSAGE Error

!ENTRY org.eclipse.cdt.core 4 0 2026-02-26 12:54:45.604
!MESSAGE Error

!ENTRY org.eclipse.cdt.core 4 0 2026-02-26 12:54:45.604
!MESSAGE Error

!ENTRY org.eclipse.cdt.core 4 0 2026-02-26 12:54:45.604
!MESSAGE Error

!ENTRY org.eclipse.cdt.core 4 0 2026-02-26 12:54:45.605
!MESSAGE Error

!ENTRY org.eclipse.cdt.core 4 0 2026-02-26 12:54:45.605
!MESSAGE Error

!ENTRY org.eclipse.cdt.core 4 0 2026-02-26 12:54:45.605
!MESSAGE Error

!ENTRY org.eclipse.cdt.core 4 0 2026-02-26 12:54:45.606
!MESSAGE Error

!ENTRY org.eclipse.cdt.core 4 0 2026-02-26 12:54:45.606
!MESSAGE Error

!ENTRY org.eclipse.cdt.core 4 0 2026-02-26 12:54:45.606
!MESSAGE Error

!ENTRY org.eclipse.cdt.core 4 0 2026-02-26 12:54:45.607
!MESSAGE Error

!ENTRY org.eclipse.cdt.core 4 0 2026-02-26 12:54:45.607
!MESSAGE Error

!ENTRY org.eclipse.cdt.core 4 0 2026-02-26 12:54:45.607
!MESSAGE Error

!ENTRY org.eclipse.cdt.core 4 0 2026-02-26 12:54:45.607
!MESSAGE Error

!ENTRY org.eclipse.cdt.core 4 0 2026-02-26 12:54:45.608
!MESSAGE Error

!ENTRY org.eclipse.cdt.core 4 0 2026-02-26 12:54:45.608
!MESSAGE Error

!ENTRY org.eclipse.cdt.core 4 0 2026-02-26 12:54:45.608
!MESSAGE Error

!ENTRY org.eclipse.cdt.core 4 0 2026-02-26 12:54:45.608
!MESSAGE Error

!ENTRY org.eclipse.cdt.core 4 0 2026-02-26 12:54:45.608
!MESSAGE Error

!ENTRY org.eclipse.cdt.core 4 0 2026-02-26 12:54:45.608
!MESSAGE Error

!ENTRY org.eclipse.cdt.core 4 0 2026-02-26 12:54:45.608
!MESSAGE Error

!ENTRY org.eclipse.cdt.core 4 0 2026-02-26 12:54:45.609
!MESSAGE Error

!ENTRY org.eclipse.cdt.core 4 0 2026-02-26 12:54:45.609
!MESSAGE Error

!ENTRY org.eclipse.cdt.core 4 0 2026-02-26 12:54:45.609
!MESSAGE Error

!ENTRY org.eclipse.cdt.core 4 0 2026-02-26 12:54:45.609
!MESSAGE Error

!ENTRY org.eclipse.cdt.core 4 0 2026-02-26 12:54:45.609
!MESSAGE Error

!ENTRY org.eclipse.cdt.core 4 0 2026-02-26 12:54:45.610
!MESSAGE Error

!ENTRY org.eclipse.cdt.core 4 0 2026-02-26 12:54:45.610
!MESSAGE Error

!ENTRY org.eclipse.cdt.core 4 0 2026-02-26 12:54:45.610
!MESSAGE Error

!ENTRY org.eclipse.cdt.core 4 0 2026-02-26 12:54:45.610
!MESSAGE Error

!ENTRY org.eclipse.cdt.core 4 0 2026-02-26 12:54:45.610
!MESSAGE Error

!ENTRY org.eclipse.cdt.core 4 0 2026-02-26 12:54:45.610
!MESSAGE Error

!ENTRY org.eclipse.cdt.core 4 0 2026-02-26 12:54:45.611
!MESSAGE Error

!ENTRY org.eclipse.cdt.core 4 0 2026-02-26 12:54:45.611
!MESSAGE Error

!ENTRY org.eclipse.cdt.core 4 0 2026-02-26 12:54:45.611
!MESSAGE Error

!ENTRY org.eclipse.cdt.core 4 0 2026-02-26 12:54:45.611
!MESSAGE Error

!ENTRY org.eclipse.cdt.core 4 0 2026-02-26 12:54:45.611
!MESSAGE Error

!ENTRY org.eclipse.cdt.core 4 0 2026-02-26 12:54:45.611
!MESSAGE Error

!ENTRY org.eclipse.cdt.core 4 0 2026-02-26 12:54:45.612
!MESSAGE Error

!ENTRY org.eclipse.cdt.core 4 0 2026-02-26 12:54:45.612
!MESSAGE Error

!ENTRY org.eclipse.cdt.core 4 0 2026-02-26 12:54:45.612
!MESSAGE Error

!ENTRY org.eclipse.cdt.core 4 0 2026-02-26 12:54:45.612
!MESSAGE Error

!ENTRY org.eclipse.cdt.core 4 0 2026-02-26 12:54:45.612
!MESSAGE Error

!ENTRY org.eclipse.cdt.core 4 0 2026-02-26 12:54:45.647
!MESSAGE Error

!ENTRY org.eclipse.cdt.core 4 0 2026-02-26 12:54:45.651
!MESSAGE Error

!ENTRY org.eclipse.cdt.core 4 0 2026-02-26 12:54:47.129
!MESSAGE Error

!ENTRY org.eclipse.cdt.core 4 0 2026-02-26 12:54:47.135
!MESSAGE Error

!ENTRY org.eclipse.cdt.core 4 0 2026-02-26 12:54:47.136
!MESSAGE Error

!ENTRY org.eclipse.cdt.core 4 0 2026-02-26 12:54:47.137
!MESSAGE Error

!ENTRY org.eclipse.cdt.core 4 0 2026-02-26 12:54:47.138
!MESSAGE Error

!ENTRY org.eclipse.cdt.core 4 0 2026-02-26 12:54:47.138
!MESSAGE Error

!ENTRY org.eclipse.cdt.core 4 0 2026-02-26 12:54:47.139
!MESSAGE Error

!ENTRY org.eclipse.cdt.core 4 0 2026-02-26 12:54:47.139
!MESSAGE Error

!ENTRY org.eclipse.cdt.core 4 0 2026-02-26 12:54:47.139
!MESSAGE Error

!ENTRY org.eclipse.cdt.core 4 0 2026-02-26 12:54:47.140
!MESSAGE Error

!ENTRY org.eclipse.cdt.core 4 0 2026-02-26 12:54:47.140
!MESSAGE Error

!ENTRY org.eclipse.cdt.core 4 0 2026-02-26 12:54:47.141
!MESSAGE Error

!ENTRY org.eclipse.cdt.core 4 0 2026-02-26 12:54:47.141
!MESSAGE Error

!ENTRY org.eclipse.cdt.core 4 0 2026-02-26 12:54:47.141
!MESSAGE Error

!ENTRY org.eclipse.cdt.core 4 0 2026-02-26 12:54:47.141
!MESSAGE Error

!ENTRY org.eclipse.cdt.core 4 0 2026-02-26 12:54:47.142
!MESSAGE Error

!ENTRY org.eclipse.cdt.core 4 0 2026-02-26 12:54:47.142
!MESSAGE Error

!ENTRY org.eclipse.cdt.core 4 0 2026-02-26 12:54:47.142
!MESSAGE Error

!ENTRY org.eclipse.cdt.core 4 0 2026-02-26 12:54:47.143
!MESSAGE Error

!ENTRY org.eclipse.cdt.core 4 0 2026-02-26 12:54:47.143
!MESSAGE Error

!ENTRY org.eclipse.cdt.core 4 0 2026-02-26 12:54:47.144
!MESSAGE Error

!ENTRY org.eclipse.cdt.core 4 0 2026-02-26 12:54:47.145
!MESSAGE Error

!ENTRY org.eclipse.cdt.core 4 0 2026-02-26 12:54:47.145
!MESSAGE Error

!ENTRY org.eclipse.cdt.core 4 0 2026-02-26 12:54:47.145
!MESSAGE Error

!ENTRY org.eclipse.cdt.core 4 0 2026-02-26 12:54:47.146
!MESSAGE Error

!ENTRY org.eclipse.cdt.core 4 0 2026-02-26 12:54:47.146
!MESSAGE Error

!ENTRY org.eclipse.cdt.core 4 0 2026-02-26 12:54:47.147
!MESSAGE Error

!ENTRY org.eclipse.cdt.core 4 0 2026-02-26 12:54:47.147
!MESSAGE Error

!ENTRY org.eclipse.cdt.core 4 0 2026-02-26 12:54:47.147
!MESSAGE Error

!ENTRY org.eclipse.cdt.core 4 0 2026-02-26 12:54:47.148
!MESSAGE Error

!ENTRY org.eclipse.cdt.core 4 0 2026-02-26 12:54:47.148
!MESSAGE Error

!ENTRY org.eclipse.cdt.core 4 0 2026-02-26 12:54:47.148
!MESSAGE Error

!ENTRY org.eclipse.cdt.core 4 0 2026-02-26 12:54:47.148
!MESSAGE Error

!ENTRY org.eclipse.cdt.core 4 0 2026-02-26 12:54:47.149
!MESSAGE Error

!ENTRY org.eclipse.cdt.core 4 0 2026-02-26 12:54:47.150
!MESSAGE Error

!ENTRY org.eclipse.cdt.core 4 0 2026-02-26 12:54:47.150
!MESSAGE Error

!ENTRY org.eclipse.cdt.core 4 0 2026-02-26 12:54:47.150
!MESSAGE Error

!ENTRY org.eclipse.cdt.core 4 0 2026-02-26 12:54:47.150
!MESSAGE Error

!ENTRY org.eclipse.cdt.core 4 0 2026-02-26 12:54:47.150
!MESSAGE Error

!ENTRY org.eclipse.cdt.core 4 0 2026-02-26 12:54:47.151
!MESSAGE Error

!ENTRY org.eclipse.cdt.core 4 0 2026-02-26 12:54:47.151
!MESSAGE Error

!ENTRY org.eclipse.cdt.core 4 0 2026-02-26 12:54:47.151
!MESSAGE Error

!ENTRY org.eclipse.cdt.core 4 0 2026-02-26 12:54:47.151
!MESSAGE Error

!ENTRY org.eclipse.cdt.core 4 0 2026-02-26 12:54:47.151
!MESSAGE Error

!ENTRY org.eclipse.cdt.core 4 0 2026-02-26 12:54:47.152
!MESSAGE Error

!ENTRY org.eclipse.cdt.core 4 0 2026-02-26 12:54:47.152
!MESSAGE Error

!ENTRY org.eclipse.cdt.core 4 0 2026-02-26 12:54:47.152
!MESSAGE Error

!ENTRY org.eclipse.cdt.core 4 0 2026-02-26 12:54:47.152
!MESSAGE Error

!ENTRY org.eclipse.cdt.core 4 0 2026-02-26 12:54:47.152
!MESSAGE Error

!ENTRY org.eclipse.cdt.core 4 0 2026-02-26 12:54:47.153
!MESSAGE Error

!ENTRY org.eclipse.cdt.core 4 0 2026-02-26 12:54:47.153
!MESSAGE Error

!ENTRY org.eclipse.cdt.core 4 0 2026-02-26 12:54:47.153
!MESSAGE Error

!ENTRY org.eclipse.cdt.core 4 0 2026-02-26 12:54:47.153
!MESSAGE Error

!ENTRY org.eclipse.cdt.core 4 0 2026-02-26 12:54:47.153
!MESSAGE Error

!ENTRY org.eclipse.cdt.core 4 0 2026-02-26 12:54:47.153
!MESSAGE Error

!ENTRY org.eclipse.cdt.core 4 0 2026-02-26 12:54:47.153
!MESSAGE Error

!ENTRY org.eclipse.cdt.core 4 0 2026-02-26 12:54:47.154
!MESSAGE Error

!ENTRY org.eclipse.cdt.core 4 0 2026-02-26 12:54:47.154
!MESSAGE Error

!ENTRY org.eclipse.cdt.core 4 0 2026-02-26 12:54:47.154
!MESSAGE Error

!ENTRY org.eclipse.cdt.core 4 0 2026-02-26 12:54:47.154
!MESSAGE Error

!ENTRY org.eclipse.cdt.core 4 0 2026-02-26 12:55:01.428
!MESSAGE Error

!ENTRY org.eclipse.cdt.core 4 0 2026-02-26 12:55:01.433
!MESSAGE Error

!ENTRY org.eclipse.cdt.core 4 0 2026-02-26 12:55:01.435
!MESSAGE Error

!ENTRY org.eclipse.cdt.core 4 0 2026-02-26 12:55:01.436
!MESSAGE Error

!ENTRY org.eclipse.cdt.core 4 0 2026-02-26 12:55:01.436
!MESSAGE Error

!ENTRY org.eclipse.cdt.core 4 0 2026-02-26 12:55:01.437
!MESSAGE Error

!ENTRY org.eclipse.cdt.core 4 0 2026-02-26 12:55:01.437
!MESSAGE Error

!ENTRY org.eclipse.cdt.core 4 0 2026-02-26 12:55:01.437
!MESSAGE Error

!ENTRY org.eclipse.cdt.core 4 0 2026-02-26 12:55:01.437
!MESSAGE Error

!ENTRY org.eclipse.cdt.core 4 0 2026-02-26 12:55:01.438
!MESSAGE Error

!ENTRY org.eclipse.cdt.core 4 0 2026-02-26 12:55:01.438
!MESSAGE Error

!ENTRY org.eclipse.cdt.core 4 0 2026-02-26 12:55:01.439
!MESSAGE Error

!ENTRY org.eclipse.cdt.core 4 0 2026-02-26 12:55:01.439
!MESSAGE Error

!ENTRY org.eclipse.cdt.core 4 0 2026-02-26 12:55:01.439
!MESSAGE Error

!ENTRY org.eclipse.cdt.core 4 0 2026-02-26 12:55:01.440
!MESSAGE Error

!ENTRY org.eclipse.cdt.core 4 0 2026-02-26 12:55:01.441
!MESSAGE Error

!ENTRY org.eclipse.cdt.core 4 0 2026-02-26 12:55:01.441
!MESSAGE Error

!ENTRY org.eclipse.cdt.core 4 0 2026-02-26 12:55:01.441
!MESSAGE Error

!ENTRY org.eclipse.cdt.core 4 0 2026-02-26 12:55:01.442
!MESSAGE Error

!ENTRY org.eclipse.cdt.core 4 0 2026-02-26 12:55:01.442
!MESSAGE Error

!ENTRY org.eclipse.cdt.core 4 0 2026-02-26 12:55:01.442
!MESSAGE Error

!ENTRY org.eclipse.cdt.core 4 0 2026-02-26 12:55:01.443
!MESSAGE Error

!ENTRY org.eclipse.cdt.core 4 0 2026-02-26 12:55:01.443
!MESSAGE Error

!ENTRY org.eclipse.cdt.core 4 0 2026-02-26 12:55:01.444
!MESSAGE Error

!ENTRY org.eclipse.cdt.core 4 0 2026-02-26 12:55:01.444
!MESSAGE Error

!ENTRY org.eclipse.cdt.core 4 0 2026-02-26 12:55:01.444
!MESSAGE Error

!ENTRY org.eclipse.cdt.core 4 0 2026-02-26 12:55:01.445
!MESSAGE Error

!ENTRY org.eclipse.cdt.core 4 0 2026-02-26 12:55:01.445
!MESSAGE Error

!ENTRY org.eclipse.cdt.core 4 0 2026-02-26 12:55:01.446
!MESSAGE Error

!ENTRY org.eclipse.cdt.core 4 0 2026-02-26 12:55:01.446
!MESSAGE Error

!ENTRY org.eclipse.cdt.core 4 0 2026-02-26 12:55:01.446
!MESSAGE Error

!ENTRY org.eclipse.cdt.core 4 0 2026-02-26 12:55:01.446
!MESSAGE Error

!ENTRY org.eclipse.cdt.core 4 0 2026-02-26 12:55:01.446
!MESSAGE Error

!ENTRY org.eclipse.cdt.core 4 0 2026-02-26 12:55:01.447
!MESSAGE Error

!ENTRY org.eclipse.cdt.core 4 0 2026-02-26 12:55:01.447
!MESSAGE Error

!ENTRY org.eclipse.cdt.core 4 0 2026-02-26 12:55:01.447
!MESSAGE Error

!ENTRY org.eclipse.cdt.core 4 0 2026-02-26 12:55:01.447
!MESSAGE Error

!ENTRY org.eclipse.cdt.core 4 0 2026-02-26 12:55:01.447
!MESSAGE Error

!ENTRY org.eclipse.cdt.core 4 0 2026-02-26 12:55:01.447
!MESSAGE Error

!ENTRY org.eclipse.cdt.core 4 0 2026-02-26 12:55:01.447
!MESSAGE Error

!ENTRY org.eclipse.cdt.core 4 0 2026-02-26 12:55:01.447
!MESSAGE Error

!ENTRY org.eclipse.cdt.core 4 0 2026-02-26 12:55:01.448
!MESSAGE Error

!ENTRY org.eclipse.cdt.core 4 0 2026-02-26 12:55:01.448
!MESSAGE Error

!ENTRY org.eclipse.cdt.core 4 0 2026-02-26 12:55:01.448
!MESSAGE Error

!ENTRY org.eclipse.cdt.core 4 0 2026-02-26 12:55:01.448
!MESSAGE Error

!ENTRY org.eclipse.cdt.core 4 0 2026-02-26 12:55:01.448
!MESSAGE Error

!ENTRY org.eclipse.cdt.core 4 0 2026-02-26 12:55:01.448
!MESSAGE Error

!ENTRY org.eclipse.cdt.core 4 0 2026-02-26 12:55:01.449
!MESSAGE Error

!ENTRY org.eclipse.cdt.core 4 0 2026-02-26 12:55:01.449
!MESSAGE Error

!ENTRY org.eclipse.cdt.core 4 0 2026-02-26 12:55:01.449
!MESSAGE Error

!ENTRY org.eclipse.cdt.core 4 0 2026-02-26 12:55:01.449
!MESSAGE Error

!ENTRY org.eclipse.cdt.core 4 0 2026-02-26 12:55:01.449
!MESSAGE Error

!ENTRY org.eclipse.cdt.core 4 0 2026-02-26 12:55:01.449
!MESSAGE Error

!ENTRY org.eclipse.cdt.core 4 0 2026-02-26 12:55:01.450
!MESSAGE Error

!ENTRY org.eclipse.cdt.core 4 0 2026-02-26 12:55:01.450
!MESSAGE Error

!ENTRY org.eclipse.cdt.core 4 0 2026-02-26 12:55:01.450
!MESSAGE Error

!ENTRY org.eclipse.cdt.core 4 0 2026-02-26 12:55:01.451
!MESSAGE Error

!ENTRY org.eclipse.cdt.core 4 0 2026-02-26 12:55:01.451
!MESSAGE Error

!ENTRY org.eclipse.cdt.core 4 0 2026-02-26 12:55:01.451
!MESSAGE Error

!ENTRY org.eclipse.cdt.core 4 0 2026-02-26 12:55:01.451
!MESSAGE Error

!ENTRY org.eclipse.cdt.core 4 0 2026-02-26 12:55:01.473
!MESSAGE Error

!ENTRY org.eclipse.cdt.core 4 0 2026-02-26 12:55:01.476
!MESSAGE Error

!ENTRY org.eclipse.cdt.core 4 0 2026-02-26 12:55:02.470
!MESSAGE Error

!ENTRY org.eclipse.cdt.core 4 0 2026-02-26 12:55:02.476
!MESSAGE Error

!ENTRY org.eclipse.cdt.core 4 0 2026-02-26 12:55:02.478
!MESSAGE Error

!ENTRY org.eclipse.cdt.core 4 0 2026-02-26 12:55:02.479
!MESSAGE Error

!ENTRY org.eclipse.cdt.core 4 0 2026-02-26 12:55:02.479
!MESSAGE Error

!ENTRY org.eclipse.cdt.core 4 0 2026-02-26 12:55:02.479
!MESSAGE Error

!ENTRY org.eclipse.cdt.core 4 0 2026-02-26 12:55:02.479
!MESSAGE Error

!ENTRY org.eclipse.cdt.core 4 0 2026-02-26 12:55:02.486
!MESSAGE Error

!ENTRY org.eclipse.cdt.core 4 0 2026-02-26 12:55:02.487
!MESSAGE Error

!ENTRY org.eclipse.cdt.core 4 0 2026-02-26 12:55:02.488
!MESSAGE Error

!ENTRY org.eclipse.cdt.core 4 0 2026-02-26 12:55:02.488
!MESSAGE Error

!ENTRY org.eclipse.cdt.core 4 0 2026-02-26 12:55:02.488
!MESSAGE Error

!ENTRY org.eclipse.cdt.core 4 0 2026-02-26 12:55:02.489
!MESSAGE Error

!ENTRY org.eclipse.cdt.core 4 0 2026-02-26 12:55:02.489
!MESSAGE Error

!ENTRY org.eclipse.cdt.core 4 0 2026-02-26 12:55:02.489
!MESSAGE Error

!ENTRY org.eclipse.cdt.core 4 0 2026-02-26 12:55:02.490
!MESSAGE Error

!ENTRY org.eclipse.cdt.core 4 0 2026-02-26 12:55:02.490
!MESSAGE Error

!ENTRY org.eclipse.cdt.core 4 0 2026-02-26 12:55:02.490
!MESSAGE Error

!ENTRY org.eclipse.cdt.core 4 0 2026-02-26 12:55:02.491
!MESSAGE Error

!ENTRY org.eclipse.cdt.core 4 0 2026-02-26 12:55:02.491
!MESSAGE Error

!ENTRY org.eclipse.cdt.core 4 0 2026-02-26 12:55:02.492
!MESSAGE Error

!ENTRY org.eclipse.cdt.core 4 0 2026-02-26 12:55:02.492
!MESSAGE Error

!ENTRY org.eclipse.cdt.core 4 0 2026-02-26 12:55:02.493
!MESSAGE Error

!ENTRY org.eclipse.cdt.core 4 0 2026-02-26 12:55:02.493
!MESSAGE Error

!ENTRY org.eclipse.cdt.core 4 0 2026-02-26 12:55:02.494
!MESSAGE Error

!ENTRY org.eclipse.cdt.core 4 0 2026-02-26 12:55:02.494
!MESSAGE Error

!ENTRY org.eclipse.cdt.core 4 0 2026-02-26 12:55:02.494
!MESSAGE Error

!ENTRY org.eclipse.cdt.core 4 0 2026-02-26 12:55:02.495
!MESSAGE Error

!ENTRY org.eclipse.cdt.core 4 0 2026-02-26 12:55:02.495
!MESSAGE Error

!ENTRY org.eclipse.cdt.core 4 0 2026-02-26 12:55:02.496
!MESSAGE Error

!ENTRY org.eclipse.cdt.core 4 0 2026-02-26 12:55:02.496
!MESSAGE Error

!ENTRY org.eclipse.cdt.core 4 0 2026-02-26 12:55:02.496
!MESSAGE Error

!ENTRY org.eclipse.cdt.core 4 0 2026-02-26 12:55:02.496
!MESSAGE Error

!ENTRY org.eclipse.cdt.core 4 0 2026-02-26 12:55:02.496
!MESSAGE Error

!ENTRY org.eclipse.cdt.core 4 0 2026-02-26 12:55:02.496
!MESSAGE Error

!ENTRY org.eclipse.cdt.core 4 0 2026-02-26 12:55:02.497
!MESSAGE Error

!ENTRY org.eclipse.cdt.core 4 0 2026-02-26 12:55:02.497
!MESSAGE Error

!ENTRY org.eclipse.cdt.core 4 0 2026-02-26 12:55:02.497
!MESSAGE Error

!ENTRY org.eclipse.cdt.core 4 0 2026-02-26 12:55:02.497
!MESSAGE Error

!ENTRY org.eclipse.cdt.core 4 0 2026-02-26 12:55:02.497
!MESSAGE Error

!ENTRY org.eclipse.cdt.core 4 0 2026-02-26 12:55:02.498
!MESSAGE Error

!ENTRY org.eclipse.cdt.core 4 0 2026-02-26 12:55:02.498
!MESSAGE Error

!ENTRY org.eclipse.cdt.core 4 0 2026-02-26 12:55:02.498
!MESSAGE Error

!ENTRY org.eclipse.cdt.core 4 0 2026-02-26 12:55:02.498
!MESSAGE Error

!ENTRY org.eclipse.cdt.core 4 0 2026-02-26 12:55:02.498
!MESSAGE Error

!ENTRY org.eclipse.cdt.core 4 0 2026-02-26 12:55:02.498
!MESSAGE Error

!ENTRY org.eclipse.cdt.core 4 0 2026-02-26 12:55:02.499
!MESSAGE Error

!ENTRY org.eclipse.cdt.core 4 0 2026-02-26 12:55:02.499
!MESSAGE Error

!ENTRY org.eclipse.cdt.core 4 0 2026-02-26 12:55:02.500
!MESSAGE Error

!ENTRY org.eclipse.cdt.core 4 0 2026-02-26 12:55:02.500
!MESSAGE Error

!ENTRY org.eclipse.cdt.core 4 0 2026-02-26 12:55:02.500
!MESSAGE Error

!ENTRY org.eclipse.cdt.core 4 0 2026-02-26 12:55:02.500
!MESSAGE Error

!ENTRY org.eclipse.cdt.core 4 0 2026-02-26 12:55:02.500
!MESSAGE Error

!ENTRY org.eclipse.cdt.core 4 0 2026-02-26 12:55:02.500
!MESSAGE Error

!ENTRY org.eclipse.cdt.core 4 0 2026-02-26 12:55:02.500
!MESSAGE Error

!ENTRY org.eclipse.cdt.core 4 0 2026-02-26 12:55:02.501
!MESSAGE Error

!ENTRY org.eclipse.cdt.core 4 0 2026-02-26 12:55:02.501
!MESSAGE Error

!ENTRY org.eclipse.cdt.core 4 0 2026-02-26 12:55:02.501
!MESSAGE Error

!ENTRY org.eclipse.cdt.core 4 0 2026-02-26 12:55:02.501
!MESSAGE Error

!ENTRY org.eclipse.cdt.core 4 0 2026-02-26 12:55:02.501
!MESSAGE Error

!ENTRY org.eclipse.cdt.core 4 0 2026-02-26 12:55:05.576
!MESSAGE Error

!ENTRY org.eclipse.cdt.core 4 0 2026-02-26 12:55:05.583
!MESSAGE Error

!ENTRY org.eclipse.cdt.core 4 0 2026-02-26 12:55:05.585
!MESSAGE Error

!ENTRY org.eclipse.cdt.core 4 0 2026-02-26 12:55:05.585
!MESSAGE Error

!ENTRY org.eclipse.cdt.core 4 0 2026-02-26 12:55:05.586
!MESSAGE Error

!ENTRY org.eclipse.cdt.core 4 0 2026-02-26 12:55:05.586
!MESSAGE Error

!ENTRY org.eclipse.cdt.core 4 0 2026-02-26 12:55:05.587
!MESSAGE Error

!ENTRY org.eclipse.cdt.core 4 0 2026-02-26 12:55:05.587
!MESSAGE Error

!ENTRY org.eclipse.cdt.core 4 0 2026-02-26 12:55:05.587
!MESSAGE Error

!ENTRY org.eclipse.cdt.core 4 0 2026-02-26 12:55:05.588
!MESSAGE Error

!ENTRY org.eclipse.cdt.core 4 0 2026-02-26 12:55:05.588
!MESSAGE Error

!ENTRY org.eclipse.cdt.core 4 0 2026-02-26 12:55:05.588
!MESSAGE Error

!ENTRY org.eclipse.cdt.core 4 0 2026-02-26 12:55:05.589
!MESSAGE Error

!ENTRY org.eclipse.cdt.core 4 0 2026-02-26 12:55:05.589
!MESSAGE Error

!ENTRY org.eclipse.cdt.core 4 0 2026-02-26 12:55:05.590
!MESSAGE Error

!ENTRY org.eclipse.cdt.core 4 0 2026-02-26 12:55:05.590
!MESSAGE Error

!ENTRY org.eclipse.cdt.core 4 0 2026-02-26 12:55:05.590
!MESSAGE Error

!ENTRY org.eclipse.cdt.core 4 0 2026-02-26 12:55:05.590
!MESSAGE Error

!ENTRY org.eclipse.cdt.core 4 0 2026-02-26 12:55:05.591
!MESSAGE Error

!ENTRY org.eclipse.cdt.core 4 0 2026-02-26 12:55:05.591
!MESSAGE Error

!ENTRY org.eclipse.cdt.core 4 0 2026-02-26 12:55:05.592
!MESSAGE Error

!ENTRY org.eclipse.cdt.core 4 0 2026-02-26 12:55:05.592
!MESSAGE Error

!ENTRY org.eclipse.cdt.core 4 0 2026-02-26 12:55:05.593
!MESSAGE Error

!ENTRY org.eclipse.cdt.core 4 0 2026-02-26 12:55:05.593
!MESSAGE Error

!ENTRY org.eclipse.cdt.core 4 0 2026-02-26 12:55:05.594
!MESSAGE Error

!ENTRY org.eclipse.cdt.core 4 0 2026-02-26 12:55:05.594
!MESSAGE Error

!ENTRY org.eclipse.cdt.core 4 0 2026-02-26 12:55:05.594
!MESSAGE Error

!ENTRY org.eclipse.cdt.core 4 0 2026-02-26 12:55:05.595
!MESSAGE Error

!ENTRY org.eclipse.cdt.core 4 0 2026-02-26 12:55:05.595
!MESSAGE Error

!ENTRY org.eclipse.cdt.core 4 0 2026-02-26 12:55:05.596
!MESSAGE Error

!ENTRY org.eclipse.cdt.core 4 0 2026-02-26 12:55:05.596
!MESSAGE Error

!ENTRY org.eclipse.cdt.core 4 0 2026-02-26 12:55:05.596
!MESSAGE Error

!ENTRY org.eclipse.cdt.core 4 0 2026-02-26 12:55:05.597
!MESSAGE Error

!ENTRY org.eclipse.cdt.core 4 0 2026-02-26 12:55:05.597
!MESSAGE Error

!ENTRY org.eclipse.cdt.core 4 0 2026-02-26 12:55:05.598
!MESSAGE Error

!ENTRY org.eclipse.cdt.core 4 0 2026-02-26 12:55:05.598
!MESSAGE Error

!ENTRY org.eclipse.cdt.core 4 0 2026-02-26 12:55:05.598
!MESSAGE Error

!ENTRY org.eclipse.cdt.core 4 0 2026-02-26 12:55:05.599
!MESSAGE Error

!ENTRY org.eclipse.cdt.core 4 0 2026-02-26 12:55:05.599
!MESSAGE Error

!ENTRY org.eclipse.cdt.core 4 0 2026-02-26 12:55:05.599
!MESSAGE Error

!ENTRY org.eclipse.cdt.core 4 0 2026-02-26 12:55:05.600
!MESSAGE Error

!ENTRY org.eclipse.cdt.core 4 0 2026-02-26 12:55:05.600
!MESSAGE Error

!ENTRY org.eclipse.cdt.core 4 0 2026-02-26 12:55:05.600
!MESSAGE Error

!ENTRY org.eclipse.cdt.core 4 0 2026-02-26 12:55:05.601
!MESSAGE Error

!ENTRY org.eclipse.cdt.core 4 0 2026-02-26 12:55:05.601
!MESSAGE Error

!ENTRY org.eclipse.cdt.core 4 0 2026-02-26 12:55:05.601
!MESSAGE Error

!ENTRY org.eclipse.cdt.core 4 0 2026-02-26 12:55:05.601
!MESSAGE Error

!ENTRY org.eclipse.cdt.core 4 0 2026-02-26 12:55:05.601
!MESSAGE Error

!ENTRY org.eclipse.cdt.core 4 0 2026-02-26 12:55:05.602
!MESSAGE Error

!ENTRY org.eclipse.cdt.core 4 0 2026-02-26 12:55:05.602
!MESSAGE Error

!ENTRY org.eclipse.cdt.core 4 0 2026-02-26 12:55:05.602
!MESSAGE Error

!ENTRY org.eclipse.cdt.core 4 0 2026-02-26 12:55:05.602
!MESSAGE Error

!ENTRY org.eclipse.cdt.core 4 0 2026-02-26 12:55:05.602
!MESSAGE Error

!ENTRY org.eclipse.cdt.core 4 0 2026-02-26 12:55:05.602
!MESSAGE Error

!ENTRY org.eclipse.cdt.core 4 0 2026-02-26 12:55:05.602
!MESSAGE Error

!ENTRY org.eclipse.cdt.core 4 0 2026-02-26 12:55:05.602
!MESSAGE Error

!ENTRY org.eclipse.cdt.core 4 0 2026-02-26 12:55:05.603
!MESSAGE Error

!ENTRY org.eclipse.cdt.core 4 0 2026-02-26 12:55:05.603
!MESSAGE Error

!ENTRY org.eclipse.cdt.core 4 0 2026-02-26 12:55:05.603
!MESSAGE Error

!ENTRY org.eclipse.cdt.core 4 0 2026-02-26 12:55:05.603
!MESSAGE Error

!ENTRY org.eclipse.cdt.core 4 0 2026-02-26 12:55:09.670
!MESSAGE Error

!ENTRY org.eclipse.cdt.core 4 0 2026-02-26 12:55:09.676
!MESSAGE Error

!ENTRY org.eclipse.cdt.core 4 0 2026-02-26 12:55:09.678
!MESSAGE Error

!ENTRY org.eclipse.cdt.core 4 0 2026-02-26 12:55:09.679
!MESSAGE Error

!ENTRY org.eclipse.cdt.core 4 0 2026-02-26 12:55:09.679
!MESSAGE Error

!ENTRY org.eclipse.cdt.core 4 0 2026-02-26 12:55:09.679
!MESSAGE Error

!ENTRY org.eclipse.cdt.core 4 0 2026-02-26 12:55:09.680
!MESSAGE Error

!ENTRY org.eclipse.cdt.core 4 0 2026-02-26 12:55:09.680
!MESSAGE Error

!ENTRY org.eclipse.cdt.core 4 0 2026-02-26 12:55:09.681
!MESSAGE Error

!ENTRY org.eclipse.cdt.core 4 0 2026-02-26 12:55:09.681
!MESSAGE Error

!ENTRY org.eclipse.cdt.core 4 0 2026-02-26 12:55:09.682
!MESSAGE Error

!ENTRY org.eclipse.cdt.core 4 0 2026-02-26 12:55:09.682
!MESSAGE Error

!ENTRY org.eclipse.cdt.core 4 0 2026-02-26 12:55:09.683
!MESSAGE Error

!ENTRY org.eclipse.cdt.core 4 0 2026-02-26 12:55:09.683
!MESSAGE Error

!ENTRY org.eclipse.cdt.core 4 0 2026-02-26 12:55:09.683
!MESSAGE Error

!ENTRY org.eclipse.cdt.core 4 0 2026-02-26 12:55:09.683
!MESSAGE Error

!ENTRY org.eclipse.cdt.core 4 0 2026-02-26 12:55:09.683
!MESSAGE Error

!ENTRY org.eclipse.cdt.core 4 0 2026-02-26 12:55:09.684
!MESSAGE Error

!ENTRY org.eclipse.cdt.core 4 0 2026-02-26 12:55:09.685
!MESSAGE Error

!ENTRY org.eclipse.cdt.core 4 0 2026-02-26 12:55:09.685
!MESSAGE Error

!ENTRY org.eclipse.cdt.core 4 0 2026-02-26 12:55:09.685
!MESSAGE Error

!ENTRY org.eclipse.cdt.core 4 0 2026-02-26 12:55:09.686
!MESSAGE Error

!ENTRY org.eclipse.cdt.core 4 0 2026-02-26 12:55:09.686
!MESSAGE Error

!ENTRY org.eclipse.cdt.core 4 0 2026-02-26 12:55:09.687
!MESSAGE Error

!ENTRY org.eclipse.cdt.core 4 0 2026-02-26 12:55:09.687
!MESSAGE Error

!ENTRY org.eclipse.cdt.core 4 0 2026-02-26 12:55:09.687
!MESSAGE Error

!ENTRY org.eclipse.cdt.core 4 0 2026-02-26 12:55:09.688
!MESSAGE Error

!ENTRY org.eclipse.cdt.core 4 0 2026-02-26 12:55:09.688
!MESSAGE Error

!ENTRY org.eclipse.cdt.core 4 0 2026-02-26 12:55:09.688
!MESSAGE Error

!ENTRY org.eclipse.cdt.core 4 0 2026-02-26 12:55:09.688
!MESSAGE Error

!ENTRY org.eclipse.cdt.core 4 0 2026-02-26 12:55:09.689
!MESSAGE Error

!ENTRY org.eclipse.cdt.core 4 0 2026-02-26 12:55:09.689
!MESSAGE Error

!ENTRY org.eclipse.cdt.core 4 0 2026-02-26 12:55:09.689
!MESSAGE Error

!ENTRY org.eclipse.cdt.core 4 0 2026-02-26 12:55:09.690
!MESSAGE Error

!ENTRY org.eclipse.cdt.core 4 0 2026-02-26 12:55:09.690
!MESSAGE Error

!ENTRY org.eclipse.cdt.core 4 0 2026-02-26 12:55:09.690
!MESSAGE Error

!ENTRY org.eclipse.cdt.core 4 0 2026-02-26 12:55:09.691
!MESSAGE Error

!ENTRY org.eclipse.cdt.core 4 0 2026-02-26 12:55:09.691
!MESSAGE Error

!ENTRY org.eclipse.cdt.core 4 0 2026-02-26 12:55:09.691
!MESSAGE Error

!ENTRY org.eclipse.cdt.core 4 0 2026-02-26 12:55:09.692
!MESSAGE Error

!ENTRY org.eclipse.cdt.core 4 0 2026-02-26 12:55:09.692
!MESSAGE Error

!ENTRY org.eclipse.cdt.core 4 0 2026-02-26 12:55:09.693
!MESSAGE Error

!ENTRY org.eclipse.cdt.core 4 0 2026-02-26 12:55:09.693
!MESSAGE Error

!ENTRY org.eclipse.cdt.core 4 0 2026-02-26 12:55:09.693
!MESSAGE Error

!ENTRY org.eclipse.cdt.core 4 0 2026-02-26 12:55:09.694
!MESSAGE Error

!ENTRY org.eclipse.cdt.core 4 0 2026-02-26 12:55:09.694
!MESSAGE Error

!ENTRY org.eclipse.cdt.core 4 0 2026-02-26 12:55:09.695
!MESSAGE Error

!ENTRY org.eclipse.cdt.core 4 0 2026-02-26 12:55:09.695
!MESSAGE Error

!ENTRY org.eclipse.cdt.core 4 0 2026-02-26 12:55:09.696
!MESSAGE Error

!ENTRY org.eclipse.cdt.core 4 0 2026-02-26 12:55:09.696
!MESSAGE Error

!ENTRY org.eclipse.cdt.core 4 0 2026-02-26 12:55:09.696
!MESSAGE Error

!ENTRY org.eclipse.cdt.core 4 0 2026-02-26 12:55:09.696
!MESSAGE Error

!ENTRY org.eclipse.cdt.core 4 0 2026-02-26 12:55:09.696
!MESSAGE Error

!ENTRY org.eclipse.cdt.core 4 0 2026-02-26 12:55:09.696
!MESSAGE Error

!ENTRY org.eclipse.cdt.core 4 0 2026-02-26 12:55:09.697
!MESSAGE Error

!ENTRY org.eclipse.cdt.core 4 0 2026-02-26 12:55:09.697
!MESSAGE Error

!ENTRY org.eclipse.cdt.core 4 0 2026-02-26 12:55:09.697
!MESSAGE Error

!ENTRY org.eclipse.cdt.core 4 0 2026-02-26 12:55:09.697
!MESSAGE Error

!ENTRY org.eclipse.cdt.core 4 0 2026-02-26 12:55:09.697
!MESSAGE Error

!ENTRY org.eclipse.cdt.core 4 0 2026-02-26 12:55:09.697
!MESSAGE Error

!ENTRY org.eclipse.cdt.core 4 0 2026-02-26 12:55:11.218
!MESSAGE Error

!ENTRY org.eclipse.cdt.core 4 0 2026-02-26 12:55:11.223
!MESSAGE Error

!ENTRY org.eclipse.cdt.core 4 0 2026-02-26 12:55:11.225
!MESSAGE Error

!ENTRY org.eclipse.cdt.core 4 0 2026-02-26 12:55:11.225
!MESSAGE Error

!ENTRY org.eclipse.cdt.core 4 0 2026-02-26 12:55:11.225
!MESSAGE Error

!ENTRY org.eclipse.cdt.core 4 0 2026-02-26 12:55:11.226
!MESSAGE Error

!ENTRY org.eclipse.cdt.core 4 0 2026-02-26 12:55:11.227
!MESSAGE Error

!ENTRY org.eclipse.cdt.core 4 0 2026-02-26 12:55:11.227
!MESSAGE Error

!ENTRY org.eclipse.cdt.core 4 0 2026-02-26 12:55:11.227
!MESSAGE Error

!ENTRY org.eclipse.cdt.core 4 0 2026-02-26 12:55:11.227
!MESSAGE Error

!ENTRY org.eclipse.cdt.core 4 0 2026-02-26 12:55:11.228
!MESSAGE Error

!ENTRY org.eclipse.cdt.core 4 0 2026-02-26 12:55:11.228
!MESSAGE Error

!ENTRY org.eclipse.cdt.core 4 0 2026-02-26 12:55:11.228
!MESSAGE Error

!ENTRY org.eclipse.cdt.core 4 0 2026-02-26 12:55:11.229
!MESSAGE Error

!ENTRY org.eclipse.cdt.core 4 0 2026-02-26 12:55:11.229
!MESSAGE Error

!ENTRY org.eclipse.cdt.core 4 0 2026-02-26 12:55:11.229
!MESSAGE Error

!ENTRY org.eclipse.cdt.core 4 0 2026-02-26 12:55:11.230
!MESSAGE Error

!ENTRY org.eclipse.cdt.core 4 0 2026-02-26 12:55:11.230
!MESSAGE Error

!ENTRY org.eclipse.cdt.core 4 0 2026-02-26 12:55:11.231
!MESSAGE Error

!ENTRY org.eclipse.cdt.core 4 0 2026-02-26 12:55:11.231
!MESSAGE Error

!ENTRY org.eclipse.cdt.core 4 0 2026-02-26 12:55:11.231
!MESSAGE Error

!ENTRY org.eclipse.cdt.core 4 0 2026-02-26 12:55:11.232
!MESSAGE Error

!ENTRY org.eclipse.cdt.core 4 0 2026-02-26 12:55:11.232
!MESSAGE Error

!ENTRY org.eclipse.cdt.core 4 0 2026-02-26 12:55:11.232
!MESSAGE Error

!ENTRY org.eclipse.cdt.core 4 0 2026-02-26 12:55:11.232
!MESSAGE Error

!ENTRY org.eclipse.cdt.core 4 0 2026-02-26 12:55:11.234
!MESSAGE Error

!ENTRY org.eclipse.cdt.core 4 0 2026-02-26 12:55:11.234
!MESSAGE Error

!ENTRY org.eclipse.cdt.core 4 0 2026-02-26 12:55:11.234
!MESSAGE Error

!ENTRY org.eclipse.cdt.core 4 0 2026-02-26 12:55:11.235
!MESSAGE Error

!ENTRY org.eclipse.cdt.core 4 0 2026-02-26 12:55:11.235
!MESSAGE Error

!ENTRY org.eclipse.cdt.core 4 0 2026-02-26 12:55:11.235
!MESSAGE Error

!ENTRY org.eclipse.cdt.core 4 0 2026-02-26 12:55:11.236
!MESSAGE Error

!ENTRY org.eclipse.cdt.core 4 0 2026-02-26 12:55:11.236
!MESSAGE Error

!ENTRY org.eclipse.cdt.core 4 0 2026-02-26 12:55:11.236
!MESSAGE Error

!ENTRY org.eclipse.cdt.core 4 0 2026-02-26 12:55:11.237
!MESSAGE Error

!ENTRY org.eclipse.cdt.core 4 0 2026-02-26 12:55:11.237
!MESSAGE Error

!ENTRY org.eclipse.cdt.core 4 0 2026-02-26 12:55:11.237
!MESSAGE Error

!ENTRY org.eclipse.cdt.core 4 0 2026-02-26 12:55:11.238
!MESSAGE Error

!ENTRY org.eclipse.cdt.core 4 0 2026-02-26 12:55:11.238
!MESSAGE Error

!ENTRY org.eclipse.cdt.core 4 0 2026-02-26 12:55:11.238
!MESSAGE Error

!ENTRY org.eclipse.cdt.core 4 0 2026-02-26 12:55:11.239
!MESSAGE Error

!ENTRY org.eclipse.cdt.core 4 0 2026-02-26 12:55:11.239
!MESSAGE Error

!ENTRY org.eclipse.cdt.core 4 0 2026-02-26 12:55:11.239
!MESSAGE Error

!ENTRY org.eclipse.cdt.core 4 0 2026-02-26 12:55:11.240
!MESSAGE Error

!ENTRY org.eclipse.cdt.core 4 0 2026-02-26 12:55:11.240
!MESSAGE Error

!ENTRY org.eclipse.cdt.core 4 0 2026-02-26 12:55:11.241
!MESSAGE Error

!ENTRY org.eclipse.cdt.core 4 0 2026-02-26 12:55:11.241
!MESSAGE Error

!ENTRY org.eclipse.cdt.core 4 0 2026-02-26 12:55:11.241
!MESSAGE Error

!ENTRY org.eclipse.cdt.core 4 0 2026-02-26 12:55:11.241
!MESSAGE Error

!ENTRY org.eclipse.cdt.core 4 0 2026-02-26 12:55:11.241
!MESSAGE Error

!ENTRY org.eclipse.cdt.core 4 0 2026-02-26 12:55:11.242
!MESSAGE Error

!ENTRY org.eclipse.cdt.core 4 0 2026-02-26 12:55:11.242
!MESSAGE Error

!ENTRY org.eclipse.cdt.core 4 0 2026-02-26 12:55:11.242
!MESSAGE Error

!ENTRY org.eclipse.cdt.core 4 0 2026-02-26 12:55:11.242
!MESSAGE Error

!ENTRY org.eclipse.cdt.core 4 0 2026-02-26 12:55:11.242
!MESSAGE Error

!ENTRY org.eclipse.cdt.core 4 0 2026-02-26 12:55:11.242
!MESSAGE Error

!ENTRY org.eclipse.cdt.core 4 0 2026-02-26 12:55:11.243
!MESSAGE Error

!ENTRY org.eclipse.cdt.core 4 0 2026-02-26 12:55:11.243
!MESSAGE Error

!ENTRY org.eclipse.cdt.core 4 0 2026-02-26 12:55:11.243
!MESSAGE Error

!ENTRY org.eclipse.cdt.core 4 0 2026-02-26 12:55:11.243
!MESSAGE Error

!ENTRY org.eclipse.cdt.core 4 0 2026-02-26 12:55:17.367
!MESSAGE Error

!ENTRY org.eclipse.cdt.core 4 0 2026-02-26 12:55:17.373
!MESSAGE Error

!ENTRY org.eclipse.cdt.core 4 0 2026-02-26 12:55:17.374
!MESSAGE Error

!ENTRY org.eclipse.cdt.core 4 0 2026-02-26 12:55:17.375
!MESSAGE Error

!ENTRY org.eclipse.cdt.core 4 0 2026-02-26 12:55:17.375
!MESSAGE Error

!ENTRY org.eclipse.cdt.core 4 0 2026-02-26 12:55:17.376
!MESSAGE Error

!ENTRY org.eclipse.cdt.core 4 0 2026-02-26 12:55:17.376
!MESSAGE Error

!ENTRY org.eclipse.cdt.core 4 0 2026-02-26 12:55:17.376
!MESSAGE Error

!ENTRY org.eclipse.cdt.core 4 0 2026-02-26 12:55:17.377
!MESSAGE Error

!ENTRY org.eclipse.cdt.core 4 0 2026-02-26 12:55:17.377
!MESSAGE Error

!ENTRY org.eclipse.cdt.core 4 0 2026-02-26 12:55:17.377
!MESSAGE Error

!ENTRY org.eclipse.cdt.core 4 0 2026-02-26 12:55:17.378
!MESSAGE Error

!ENTRY org.eclipse.cdt.core 4 0 2026-02-26 12:55:17.378
!MESSAGE Error

!ENTRY org.eclipse.cdt.core 4 0 2026-02-26 12:55:17.379
!MESSAGE Error

!ENTRY org.eclipse.cdt.core 4 0 2026-02-26 12:55:17.379
!MESSAGE Error

!ENTRY org.eclipse.cdt.core 4 0 2026-02-26 12:55:17.379
!MESSAGE Error

!ENTRY org.eclipse.cdt.core 4 0 2026-02-26 12:55:17.380
!MESSAGE Error

!ENTRY org.eclipse.cdt.core 4 0 2026-02-26 12:55:17.380
!MESSAGE Error

!ENTRY org.eclipse.cdt.core 4 0 2026-02-26 12:55:17.380
!MESSAGE Error

!ENTRY org.eclipse.cdt.core 4 0 2026-02-26 12:55:17.381
!MESSAGE Error

!ENTRY org.eclipse.cdt.core 4 0 2026-02-26 12:55:17.381
!MESSAGE Error

!ENTRY org.eclipse.cdt.core 4 0 2026-02-26 12:55:17.381
!MESSAGE Error

!ENTRY org.eclipse.cdt.core 4 0 2026-02-26 12:55:17.381
!MESSAGE Error

!ENTRY org.eclipse.cdt.core 4 0 2026-02-26 12:55:17.382
!MESSAGE Error

!ENTRY org.eclipse.cdt.core 4 0 2026-02-26 12:55:17.382
!MESSAGE Error

!ENTRY org.eclipse.cdt.core 4 0 2026-02-26 12:55:17.382
!MESSAGE Error

!ENTRY org.eclipse.cdt.core 4 0 2026-02-26 12:55:17.383
!MESSAGE Error

!ENTRY org.eclipse.cdt.core 4 0 2026-02-26 12:55:17.383
!MESSAGE Error

!ENTRY org.eclipse.cdt.core 4 0 2026-02-26 12:55:17.384
!MESSAGE Error

!ENTRY org.eclipse.cdt.core 4 0 2026-02-26 12:55:17.384
!MESSAGE Error

!ENTRY org.eclipse.cdt.core 4 0 2026-02-26 12:55:17.384
!MESSAGE Error

!ENTRY org.eclipse.cdt.core 4 0 2026-02-26 12:55:17.385
!MESSAGE Error

!ENTRY org.eclipse.cdt.core 4 0 2026-02-26 12:55:17.385
!MESSAGE Error

!ENTRY org.eclipse.cdt.core 4 0 2026-02-26 12:55:17.386
!MESSAGE Error

!ENTRY org.eclipse.cdt.core 4 0 2026-02-26 12:55:17.386
!MESSAGE Error

!ENTRY org.eclipse.cdt.core 4 0 2026-02-26 12:55:17.386
!MESSAGE Error

!ENTRY org.eclipse.cdt.core 4 0 2026-02-26 12:55:17.386
!MESSAGE Error

!ENTRY org.eclipse.cdt.core 4 0 2026-02-26 12:55:17.387
!MESSAGE Error

!ENTRY org.eclipse.cdt.core 4 0 2026-02-26 12:55:17.387
!MESSAGE Error

!ENTRY org.eclipse.cdt.core 4 0 2026-02-26 12:55:17.387
!MESSAGE Error

!ENTRY org.eclipse.cdt.core 4 0 2026-02-26 12:55:17.388
!MESSAGE Error

!ENTRY org.eclipse.cdt.core 4 0 2026-02-26 12:55:17.388
!MESSAGE Error

!ENTRY org.eclipse.cdt.core 4 0 2026-02-26 12:55:17.389
!MESSAGE Error

!ENTRY org.eclipse.cdt.core 4 0 2026-02-26 12:55:17.389
!MESSAGE Error

!ENTRY org.eclipse.cdt.core 4 0 2026-02-26 12:55:17.390
!MESSAGE Error

!ENTRY org.eclipse.cdt.core 4 0 2026-02-26 12:55:17.390
!MESSAGE Error

!ENTRY org.eclipse.cdt.core 4 0 2026-02-26 12:55:17.390
!MESSAGE Error

!ENTRY org.eclipse.cdt.core 4 0 2026-02-26 12:55:17.391
!MESSAGE Error

!ENTRY org.eclipse.cdt.core 4 0 2026-02-26 12:55:17.391
!MESSAGE Error

!ENTRY org.eclipse.cdt.core 4 0 2026-02-26 12:55:17.391
!MESSAGE Error

!ENTRY org.eclipse.cdt.core 4 0 2026-02-26 12:55:17.391
!MESSAGE Error

!ENTRY org.eclipse.cdt.core 4 0 2026-02-26 12:55:17.392
!MESSAGE Error

!ENTRY org.eclipse.cdt.core 4 0 2026-02-26 12:55:17.392
!MESSAGE Error

!ENTRY org.eclipse.cdt.core 4 0 2026-02-26 12:55:17.392
!MESSAGE Error

!ENTRY org.eclipse.cdt.core 4 0 2026-02-26 12:55:17.392
!MESSAGE Error

!ENTRY org.eclipse.cdt.core 4 0 2026-02-26 12:55:17.392
!MESSAGE Error

!ENTRY org.eclipse.cdt.core 4 0 2026-02-26 12:55:17.393
!MESSAGE Error

!ENTRY org.eclipse.cdt.core 4 0 2026-02-26 12:55:17.393
!MESSAGE Error

!ENTRY org.eclipse.cdt.core 4 0 2026-02-26 12:55:17.393
!MESSAGE Error

!ENTRY org.eclipse.cdt.core 4 0 2026-02-26 12:55:17.393
!MESSAGE Error

!ENTRY org.eclipse.cdt.core 4 0 2026-02-26 12:55:25.038
!MESSAGE Error

!ENTRY org.eclipse.cdt.core 4 0 2026-02-26 12:55:25.043
!MESSAGE Error

!ENTRY org.eclipse.cdt.core 4 0 2026-02-26 12:55:25.045
!MESSAGE Error

!ENTRY org.eclipse.cdt.core 4 0 2026-02-26 12:55:25.045
!MESSAGE Error

!ENTRY org.eclipse.cdt.core 4 0 2026-02-26 12:55:25.046
!MESSAGE Error

!ENTRY org.eclipse.cdt.core 4 0 2026-02-26 12:55:25.046
!MESSAGE Error

!ENTRY org.eclipse.cdt.core 4 0 2026-02-26 12:55:25.046
!MESSAGE Error

!ENTRY org.eclipse.cdt.core 4 0 2026-02-26 12:55:25.047
!MESSAGE Error

!ENTRY org.eclipse.cdt.core 4 0 2026-02-26 12:55:25.047
!MESSAGE Error

!ENTRY org.eclipse.cdt.core 4 0 2026-02-26 12:55:25.048
!MESSAGE Error

!ENTRY org.eclipse.cdt.core 4 0 2026-02-26 12:55:25.048
!MESSAGE Error

!ENTRY org.eclipse.cdt.core 4 0 2026-02-26 12:55:25.048
!MESSAGE Error

!ENTRY org.eclipse.cdt.core 4 0 2026-02-26 12:55:25.049
!MESSAGE Error

!ENTRY org.eclipse.cdt.core 4 0 2026-02-26 12:55:25.049
!MESSAGE Error

!ENTRY org.eclipse.cdt.core 4 0 2026-02-26 12:55:25.049
!MESSAGE Error

!ENTRY org.eclipse.cdt.core 4 0 2026-02-26 12:55:25.050
!MESSAGE Error

!ENTRY org.eclipse.cdt.core 4 0 2026-02-26 12:55:25.050
!MESSAGE Error

!ENTRY org.eclipse.cdt.core 4 0 2026-02-26 12:55:25.050
!MESSAGE Error

!ENTRY org.eclipse.cdt.core 4 0 2026-02-26 12:55:25.050
!MESSAGE Error

!ENTRY org.eclipse.cdt.core 4 0 2026-02-26 12:55:25.051
!MESSAGE Error

!ENTRY org.eclipse.cdt.core 4 0 2026-02-26 12:55:25.051
!MESSAGE Error

!ENTRY org.eclipse.cdt.core 4 0 2026-02-26 12:55:25.051
!MESSAGE Error

!ENTRY org.eclipse.cdt.core 4 0 2026-02-26 12:55:25.051
!MESSAGE Error

!ENTRY org.eclipse.cdt.core 4 0 2026-02-26 12:55:25.052
!MESSAGE Error

!ENTRY org.eclipse.cdt.core 4 0 2026-02-26 12:55:25.052
!MESSAGE Error

!ENTRY org.eclipse.cdt.core 4 0 2026-02-26 12:55:25.052
!MESSAGE Error

!ENTRY org.eclipse.cdt.core 4 0 2026-02-26 12:55:25.053
!MESSAGE Error

!ENTRY org.eclipse.cdt.core 4 0 2026-02-26 12:55:25.053
!MESSAGE Error

!ENTRY org.eclipse.cdt.core 4 0 2026-02-26 12:55:25.054
!MESSAGE Error

!ENTRY org.eclipse.cdt.core 4 0 2026-02-26 12:55:25.054
!MESSAGE Error

!ENTRY org.eclipse.cdt.core 4 0 2026-02-26 12:55:25.054
!MESSAGE Error

!ENTRY org.eclipse.cdt.core 4 0 2026-02-26 12:55:25.055
!MESSAGE Error

!ENTRY org.eclipse.cdt.core 4 0 2026-02-26 12:55:25.056
!MESSAGE Error

!ENTRY org.eclipse.cdt.core 4 0 2026-02-26 12:55:25.056
!MESSAGE Error

!ENTRY org.eclipse.cdt.core 4 0 2026-02-26 12:55:25.056
!MESSAGE Error

!ENTRY org.eclipse.cdt.core 4 0 2026-02-26 12:55:25.057
!MESSAGE Error

!ENTRY org.eclipse.cdt.core 4 0 2026-02-26 12:55:25.057
!MESSAGE Error

!ENTRY org.eclipse.cdt.core 4 0 2026-02-26 12:55:25.057
!MESSAGE Error

!ENTRY org.eclipse.cdt.core 4 0 2026-02-26 12:55:25.057
!MESSAGE Error

!ENTRY org.eclipse.cdt.core 4 0 2026-02-26 12:55:25.058
!MESSAGE Error

!ENTRY org.eclipse.cdt.core 4 0 2026-02-26 12:55:25.058
!MESSAGE Error

!ENTRY org.eclipse.cdt.core 4 0 2026-02-26 12:55:25.058
!MESSAGE Error

!ENTRY org.eclipse.cdt.core 4 0 2026-02-26 12:55:25.058
!MESSAGE Error

!ENTRY org.eclipse.cdt.core 4 0 2026-02-26 12:55:25.058
!MESSAGE Error

!ENTRY org.eclipse.cdt.core 4 0 2026-02-26 12:55:25.058
!MESSAGE Error

!ENTRY org.eclipse.cdt.core 4 0 2026-02-26 12:55:25.059
!MESSAGE Error

!ENTRY org.eclipse.cdt.core 4 0 2026-02-26 12:55:25.059
!MESSAGE Error

!ENTRY org.eclipse.cdt.core 4 0 2026-02-26 12:55:25.059
!MESSAGE Error

!ENTRY org.eclipse.cdt.core 4 0 2026-02-26 12:55:25.059
!MESSAGE Error

!ENTRY org.eclipse.cdt.core 4 0 2026-02-26 12:55:25.059
!MESSAGE Error

!ENTRY org.eclipse.cdt.core 4 0 2026-02-26 12:55:25.059
!MESSAGE Error

!ENTRY org.eclipse.cdt.core 4 0 2026-02-26 12:55:25.059
!MESSAGE Error

!ENTRY org.eclipse.cdt.core 4 0 2026-02-26 12:55:25.059
!MESSAGE Error

!ENTRY org.eclipse.cdt.core 4 0 2026-02-26 12:55:25.059
!MESSAGE Error

!ENTRY org.eclipse.cdt.core 4 0 2026-02-26 12:55:25.059
!MESSAGE Error

!ENTRY org.eclipse.cdt.core 4 0 2026-02-26 12:55:25.060
!MESSAGE Error

!ENTRY org.eclipse.cdt.core 4 0 2026-02-26 12:55:25.060
!MESSAGE Error

!ENTRY org.eclipse.cdt.core 4 0 2026-02-26 12:55:25.060
!MESSAGE Error

!ENTRY org.eclipse.cdt.core 4 0 2026-02-26 12:55:25.060
!MESSAGE Error

!ENTRY org.eclipse.cdt.core 4 0 2026-02-26 12:55:25.060
!MESSAGE Error

!ENTRY org.eclipse.cdt.core 4 0 2026-02-26 12:55:35.789
!MESSAGE Error

!ENTRY org.eclipse.cdt.core 4 0 2026-02-26 12:55:35.793
!MESSAGE Error

!ENTRY org.eclipse.cdt.core 4 0 2026-02-26 12:55:35.794
!MESSAGE Error

!ENTRY org.eclipse.cdt.core 4 0 2026-02-26 12:55:35.795
!MESSAGE Error

!ENTRY org.eclipse.cdt.core 4 0 2026-02-26 12:55:35.795
!MESSAGE Error

!ENTRY org.eclipse.cdt.core 4 0 2026-02-26 12:55:35.796
!MESSAGE Error

!ENTRY org.eclipse.cdt.core 4 0 2026-02-26 12:55:35.796
!MESSAGE Error

!ENTRY org.eclipse.cdt.core 4 0 2026-02-26 12:55:35.796
!MESSAGE Error

!ENTRY org.eclipse.cdt.core 4 0 2026-02-26 12:55:35.796
!MESSAGE Error

!ENTRY org.eclipse.cdt.core 4 0 2026-02-26 12:55:35.796
!MESSAGE Error

!ENTRY org.eclipse.cdt.core 4 0 2026-02-26 12:55:35.796
!MESSAGE Error

!ENTRY org.eclipse.cdt.core 4 0 2026-02-26 12:55:35.796
!MESSAGE Error

!ENTRY org.eclipse.cdt.core 4 0 2026-02-26 12:55:35.796
!MESSAGE Error

!ENTRY org.eclipse.cdt.core 4 0 2026-02-26 12:55:35.797
!MESSAGE Error

!ENTRY org.eclipse.cdt.core 4 0 2026-02-26 12:55:35.797
!MESSAGE Error

!ENTRY org.eclipse.cdt.core 4 0 2026-02-26 12:55:35.797
!MESSAGE Error

!ENTRY org.eclipse.cdt.core 4 0 2026-02-26 12:55:35.797
!MESSAGE Error

!ENTRY org.eclipse.cdt.core 4 0 2026-02-26 12:55:35.797
!MESSAGE Error

!ENTRY org.eclipse.cdt.core 4 0 2026-02-26 12:55:35.797
!MESSAGE Error

!ENTRY org.eclipse.cdt.core 4 0 2026-02-26 12:55:35.798
!MESSAGE Error

!ENTRY org.eclipse.cdt.core 4 0 2026-02-26 12:55:35.798
!MESSAGE Error

!ENTRY org.eclipse.cdt.core 4 0 2026-02-26 12:55:35.798
!MESSAGE Error

!ENTRY org.eclipse.cdt.core 4 0 2026-02-26 12:55:35.798
!MESSAGE Error

!ENTRY org.eclipse.cdt.core 4 0 2026-02-26 12:55:35.798
!MESSAGE Error

!ENTRY org.eclipse.cdt.core 4 0 2026-02-26 12:55:35.798
!MESSAGE Error

!ENTRY org.eclipse.cdt.core 4 0 2026-02-26 12:55:35.798
!MESSAGE Error

!ENTRY org.eclipse.cdt.core 4 0 2026-02-26 12:55:35.799
!MESSAGE Error

!ENTRY org.eclipse.cdt.core 4 0 2026-02-26 12:55:35.799
!MESSAGE Error

!ENTRY org.eclipse.cdt.core 4 0 2026-02-26 12:55:35.799
!MESSAGE Error

!ENTRY org.eclipse.cdt.core 4 0 2026-02-26 12:55:35.800
!MESSAGE Error

!ENTRY org.eclipse.cdt.core 4 0 2026-02-26 12:55:35.800
!MESSAGE Error

!ENTRY org.eclipse.cdt.core 4 0 2026-02-26 12:55:35.800
!MESSAGE Error

!ENTRY org.eclipse.cdt.core 4 0 2026-02-26 12:55:35.800
!MESSAGE Error

!ENTRY org.eclipse.cdt.core 4 0 2026-02-26 12:55:35.800
!MESSAGE Error

!ENTRY org.eclipse.cdt.core 4 0 2026-02-26 12:55:35.800
!MESSAGE Error

!ENTRY org.eclipse.cdt.core 4 0 2026-02-26 12:55:35.801
!MESSAGE Error

!ENTRY org.eclipse.cdt.core 4 0 2026-02-26 12:55:35.801
!MESSAGE Error

!ENTRY org.eclipse.cdt.core 4 0 2026-02-26 12:55:35.801
!MESSAGE Error

!ENTRY org.eclipse.cdt.core 4 0 2026-02-26 12:55:35.801
!MESSAGE Error

!ENTRY org.eclipse.cdt.core 4 0 2026-02-26 12:55:35.801
!MESSAGE Error

!ENTRY org.eclipse.cdt.core 4 0 2026-02-26 12:55:35.801
!MESSAGE Error

!ENTRY org.eclipse.cdt.core 4 0 2026-02-26 12:55:35.802
!MESSAGE Error

!ENTRY org.eclipse.cdt.core 4 0 2026-02-26 12:55:35.802
!MESSAGE Error

!ENTRY org.eclipse.cdt.core 4 0 2026-02-26 12:55:35.802
!MESSAGE Error

!ENTRY org.eclipse.cdt.core 4 0 2026-02-26 12:55:35.802
!MESSAGE Error

!ENTRY org.eclipse.cdt.core 4 0 2026-02-26 12:55:35.802
!MESSAGE Error

!ENTRY org.eclipse.cdt.core 4 0 2026-02-26 12:55:35.802
!MESSAGE Error

!ENTRY org.eclipse.cdt.core 4 0 2026-02-26 12:55:35.803
!MESSAGE Error

!ENTRY org.eclipse.cdt.core 4 0 2026-02-26 12:55:35.803
!MESSAGE Error

!ENTRY org.eclipse.cdt.core 4 0 2026-02-26 12:55:35.803
!MESSAGE Error

!ENTRY org.eclipse.cdt.core 4 0 2026-02-26 12:55:35.803
!MESSAGE Error

!ENTRY org.eclipse.cdt.core 4 0 2026-02-26 12:55:35.803
!MESSAGE Error

!ENTRY org.eclipse.cdt.core 4 0 2026-02-26 12:55:35.803
!MESSAGE Error

!ENTRY org.eclipse.cdt.core 4 0 2026-02-26 12:55:35.803
!MESSAGE Error

!ENTRY org.eclipse.cdt.core 4 0 2026-02-26 12:55:35.803
!MESSAGE Error

!ENTRY org.eclipse.cdt.core 4 0 2026-02-26 12:55:35.803
!MESSAGE Error

!ENTRY org.eclipse.cdt.core 4 0 2026-02-26 12:55:35.803
!MESSAGE Error

!ENTRY org.eclipse.cdt.core 4 0 2026-02-26 12:55:35.804
!MESSAGE Error

!ENTRY org.eclipse.cdt.core 4 0 2026-02-26 12:55:35.804
!MESSAGE Error

!ENTRY org.eclipse.cdt.core 4 0 2026-02-26 12:55:35.804
!MESSAGE Error

!ENTRY org.eclipse.cdt.core 4 0 2026-02-26 12:55:35.805
!MESSAGE Error

!ENTRY org.eclipse.cdt.core 4 0 2026-02-26 12:55:35.808
!MESSAGE Error

!ENTRY org.eclipse.cdt.core 4 0 2026-02-26 12:55:39.374
!MESSAGE Error

!ENTRY org.eclipse.cdt.core 4 0 2026-02-26 12:55:39.380
!MESSAGE Error

!ENTRY org.eclipse.cdt.core 4 0 2026-02-26 12:55:39.381
!MESSAGE Error

!ENTRY org.eclipse.cdt.core 4 0 2026-02-26 12:55:39.381
!MESSAGE Error

!ENTRY org.eclipse.cdt.core 4 0 2026-02-26 12:55:39.382
!MESSAGE Error

!ENTRY org.eclipse.cdt.core 4 0 2026-02-26 12:55:39.383
!MESSAGE Error

!ENTRY org.eclipse.cdt.core 4 0 2026-02-26 12:55:39.383
!MESSAGE Error

!ENTRY org.eclipse.cdt.core 4 0 2026-02-26 12:55:39.383
!MESSAGE Error

!ENTRY org.eclipse.cdt.core 4 0 2026-02-26 12:55:39.383
!MESSAGE Error

!ENTRY org.eclipse.cdt.core 4 0 2026-02-26 12:55:39.384
!MESSAGE Error

!ENTRY org.eclipse.cdt.core 4 0 2026-02-26 12:55:39.384
!MESSAGE Error

!ENTRY org.eclipse.cdt.core 4 0 2026-02-26 12:55:39.384
!MESSAGE Error

!ENTRY org.eclipse.cdt.core 4 0 2026-02-26 12:55:39.384
!MESSAGE Error

!ENTRY org.eclipse.cdt.core 4 0 2026-02-26 12:55:39.384
!MESSAGE Error

!ENTRY org.eclipse.cdt.core 4 0 2026-02-26 12:55:39.384
!MESSAGE Error

!ENTRY org.eclipse.cdt.core 4 0 2026-02-26 12:55:39.385
!MESSAGE Error

!ENTRY org.eclipse.cdt.core 4 0 2026-02-26 12:55:39.385
!MESSAGE Error

!ENTRY org.eclipse.cdt.core 4 0 2026-02-26 12:55:39.385
!MESSAGE Error

!ENTRY org.eclipse.cdt.core 4 0 2026-02-26 12:55:39.385
!MESSAGE Error

!ENTRY org.eclipse.cdt.core 4 0 2026-02-26 12:55:39.385
!MESSAGE Error

!ENTRY org.eclipse.cdt.core 4 0 2026-02-26 12:55:39.385
!MESSAGE Error

!ENTRY org.eclipse.cdt.core 4 0 2026-02-26 12:55:39.385
!MESSAGE Error

!ENTRY org.eclipse.cdt.core 4 0 2026-02-26 12:55:39.385
!MESSAGE Error

!ENTRY org.eclipse.cdt.core 4 0 2026-02-26 12:55:39.386
!MESSAGE Error

!ENTRY org.eclipse.cdt.core 4 0 2026-02-26 12:55:39.386
!MESSAGE Error

!ENTRY org.eclipse.cdt.core 4 0 2026-02-26 12:55:39.386
!MESSAGE Error

!ENTRY org.eclipse.cdt.core 4 0 2026-02-26 12:55:39.386
!MESSAGE Error

!ENTRY org.eclipse.cdt.core 4 0 2026-02-26 12:55:39.386
!MESSAGE Error

!ENTRY org.eclipse.cdt.core 4 0 2026-02-26 12:55:39.386
!MESSAGE Error

!ENTRY org.eclipse.cdt.core 4 0 2026-02-26 12:55:39.387
!MESSAGE Error

!ENTRY org.eclipse.cdt.core 4 0 2026-02-26 12:55:39.387
!MESSAGE Error

!ENTRY org.eclipse.cdt.core 4 0 2026-02-26 12:55:39.387
!MESSAGE Error

!ENTRY org.eclipse.cdt.core 4 0 2026-02-26 12:55:39.387
!MESSAGE Error

!ENTRY org.eclipse.cdt.core 4 0 2026-02-26 12:55:39.387
!MESSAGE Error

!ENTRY org.eclipse.cdt.core 4 0 2026-02-26 12:55:39.387
!MESSAGE Error

!ENTRY org.eclipse.cdt.core 4 0 2026-02-26 12:55:39.388
!MESSAGE Error

!ENTRY org.eclipse.cdt.core 4 0 2026-02-26 12:55:39.388
!MESSAGE Error

!ENTRY org.eclipse.cdt.core 4 0 2026-02-26 12:55:39.388
!MESSAGE Error

!ENTRY org.eclipse.cdt.core 4 0 2026-02-26 12:55:39.389
!MESSAGE Error

!ENTRY org.eclipse.cdt.core 4 0 2026-02-26 12:55:39.390
!MESSAGE Error

!ENTRY org.eclipse.cdt.core 4 0 2026-02-26 12:55:39.390
!MESSAGE Error

!ENTRY org.eclipse.cdt.core 4 0 2026-02-26 12:55:39.390
!MESSAGE Error

!ENTRY org.eclipse.cdt.core 4 0 2026-02-26 12:55:39.390
!MESSAGE Error

!ENTRY org.eclipse.cdt.core 4 0 2026-02-26 12:55:39.390
!MESSAGE Error

!ENTRY org.eclipse.cdt.core 4 0 2026-02-26 12:55:39.391
!MESSAGE Error

!ENTRY org.eclipse.cdt.core 4 0 2026-02-26 12:55:39.391
!MESSAGE Error

!ENTRY org.eclipse.cdt.core 4 0 2026-02-26 12:55:39.392
!MESSAGE Error

!ENTRY org.eclipse.cdt.core 4 0 2026-02-26 12:55:39.392
!MESSAGE Error

!ENTRY org.eclipse.cdt.core 4 0 2026-02-26 12:55:39.392
!MESSAGE Error

!ENTRY org.eclipse.cdt.core 4 0 2026-02-26 12:55:39.393
!MESSAGE Error

!ENTRY org.eclipse.cdt.core 4 0 2026-02-26 12:55:39.393
!MESSAGE Error

!ENTRY org.eclipse.cdt.core 4 0 2026-02-26 12:55:39.393
!MESSAGE Error

!ENTRY org.eclipse.cdt.core 4 0 2026-02-26 12:55:39.394
!MESSAGE Error

!ENTRY org.eclipse.cdt.core 4 0 2026-02-26 12:55:39.394
!MESSAGE Error

!ENTRY org.eclipse.cdt.core 4 0 2026-02-26 12:55:39.394
!MESSAGE Error

!ENTRY org.eclipse.cdt.core 4 0 2026-02-26 12:55:39.395
!MESSAGE Error

!ENTRY org.eclipse.cdt.core 4 0 2026-02-26 12:55:39.395
!MESSAGE Error

!ENTRY org.eclipse.cdt.core 4 0 2026-02-26 12:55:39.395
!MESSAGE Error

!ENTRY org.eclipse.cdt.core 4 0 2026-02-26 12:55:39.395
!MESSAGE Error

!ENTRY org.eclipse.cdt.core 4 0 2026-02-26 12:55:39.396
!MESSAGE Error

!ENTRY org.eclipse.cdt.core 4 0 2026-02-26 12:55:40.912
!MESSAGE Error

!ENTRY org.eclipse.cdt.core 4 0 2026-02-26 12:55:40.915
!MESSAGE Error

!ENTRY org.eclipse.cdt.core 4 0 2026-02-26 12:55:40.916
!MESSAGE Error

!ENTRY org.eclipse.cdt.core 4 0 2026-02-26 12:55:40.916
!MESSAGE Error

!ENTRY org.eclipse.cdt.core 4 0 2026-02-26 12:55:40.917
!MESSAGE Error

!ENTRY org.eclipse.cdt.core 4 0 2026-02-26 12:55:40.917
!MESSAGE Error

!ENTRY org.eclipse.cdt.core 4 0 2026-02-26 12:55:40.917
!MESSAGE Error

!ENTRY org.eclipse.cdt.core 4 0 2026-02-26 12:55:40.917
!MESSAGE Error

!ENTRY org.eclipse.cdt.core 4 0 2026-02-26 12:55:40.918
!MESSAGE Error

!ENTRY org.eclipse.cdt.core 4 0 2026-02-26 12:55:40.918
!MESSAGE Error

!ENTRY org.eclipse.cdt.core 4 0 2026-02-26 12:55:40.918
!MESSAGE Error

!ENTRY org.eclipse.cdt.core 4 0 2026-02-26 12:55:40.918
!MESSAGE Error

!ENTRY org.eclipse.cdt.core 4 0 2026-02-26 12:55:40.918
!MESSAGE Error

!ENTRY org.eclipse.cdt.core 4 0 2026-02-26 12:55:40.918
!MESSAGE Error

!ENTRY org.eclipse.cdt.core 4 0 2026-02-26 12:55:40.919
!MESSAGE Error

!ENTRY org.eclipse.cdt.core 4 0 2026-02-26 12:55:40.919
!MESSAGE Error

!ENTRY org.eclipse.cdt.core 4 0 2026-02-26 12:55:40.919
!MESSAGE Error

!ENTRY org.eclipse.cdt.core 4 0 2026-02-26 12:55:40.919
!MESSAGE Error

!ENTRY org.eclipse.cdt.core 4 0 2026-02-26 12:55:40.919
!MESSAGE Error

!ENTRY org.eclipse.cdt.core 4 0 2026-02-26 12:55:40.919
!MESSAGE Error

!ENTRY org.eclipse.cdt.core 4 0 2026-02-26 12:55:40.920
!MESSAGE Error

!ENTRY org.eclipse.cdt.core 4 0 2026-02-26 12:55:40.920
!MESSAGE Error

!ENTRY org.eclipse.cdt.core 4 0 2026-02-26 12:55:40.920
!MESSAGE Error

!ENTRY org.eclipse.cdt.core 4 0 2026-02-26 12:55:40.920
!MESSAGE Error

!ENTRY org.eclipse.cdt.core 4 0 2026-02-26 12:55:40.920
!MESSAGE Error

!ENTRY org.eclipse.cdt.core 4 0 2026-02-26 12:55:40.920
!MESSAGE Error

!ENTRY org.eclipse.cdt.core 4 0 2026-02-26 12:55:40.921
!MESSAGE Error

!ENTRY org.eclipse.cdt.core 4 0 2026-02-26 12:55:40.921
!MESSAGE Error

!ENTRY org.eclipse.cdt.core 4 0 2026-02-26 12:55:40.921
!MESSAGE Error

!ENTRY org.eclipse.cdt.core 4 0 2026-02-26 12:55:40.921
!MESSAGE Error

!ENTRY org.eclipse.cdt.core 4 0 2026-02-26 12:55:40.921
!MESSAGE Error

!ENTRY org.eclipse.cdt.core 4 0 2026-02-26 12:55:40.921
!MESSAGE Error

!ENTRY org.eclipse.cdt.core 4 0 2026-02-26 12:55:40.921
!MESSAGE Error

!ENTRY org.eclipse.cdt.core 4 0 2026-02-26 12:55:40.922
!MESSAGE Error

!ENTRY org.eclipse.cdt.core 4 0 2026-02-26 12:55:40.922
!MESSAGE Error

!ENTRY org.eclipse.cdt.core 4 0 2026-02-26 12:55:40.922
!MESSAGE Error

!ENTRY org.eclipse.cdt.core 4 0 2026-02-26 12:55:40.922
!MESSAGE Error

!ENTRY org.eclipse.cdt.core 4 0 2026-02-26 12:55:40.922
!MESSAGE Error

!ENTRY org.eclipse.cdt.core 4 0 2026-02-26 12:55:40.922
!MESSAGE Error

!ENTRY org.eclipse.cdt.core 4 0 2026-02-26 12:55:40.922
!MESSAGE Error

!ENTRY org.eclipse.cdt.core 4 0 2026-02-26 12:55:40.922
!MESSAGE Error

!ENTRY org.eclipse.cdt.core 4 0 2026-02-26 12:55:40.922
!MESSAGE Error

!ENTRY org.eclipse.cdt.core 4 0 2026-02-26 12:55:40.923
!MESSAGE Error

!ENTRY org.eclipse.cdt.core 4 0 2026-02-26 12:55:40.923
!MESSAGE Error

!ENTRY org.eclipse.cdt.core 4 0 2026-02-26 12:55:40.923
!MESSAGE Error

!ENTRY org.eclipse.cdt.core 4 0 2026-02-26 12:55:40.923
!MESSAGE Error

!ENTRY org.eclipse.cdt.core 4 0 2026-02-26 12:55:40.923
!MESSAGE Error

!ENTRY org.eclipse.cdt.core 4 0 2026-02-26 12:55:40.923
!MESSAGE Error

!ENTRY org.eclipse.cdt.core 4 0 2026-02-26 12:55:40.923
!MESSAGE Error

!ENTRY org.eclipse.cdt.core 4 0 2026-02-26 12:55:40.924
!MESSAGE Error

!ENTRY org.eclipse.cdt.core 4 0 2026-02-26 12:55:40.924
!MESSAGE Error

!ENTRY org.eclipse.cdt.core 4 0 2026-02-26 12:55:40.924
!MESSAGE Error

!ENTRY org.eclipse.cdt.core 4 0 2026-02-26 12:55:40.924
!MESSAGE Error

!ENTRY org.eclipse.cdt.core 4 0 2026-02-26 12:55:40.924
!MESSAGE Error

!ENTRY org.eclipse.cdt.core 4 0 2026-02-26 12:55:40.924
!MESSAGE Error

!ENTRY org.eclipse.cdt.core 4 0 2026-02-26 12:55:40.925
!MESSAGE Error

!ENTRY org.eclipse.cdt.core 4 0 2026-02-26 12:55:40.925
!MESSAGE Error

!ENTRY org.eclipse.cdt.core 4 0 2026-02-26 12:55:40.925
!MESSAGE Error

!ENTRY org.eclipse.cdt.core 4 0 2026-02-26 12:55:40.925
!MESSAGE Error

!ENTRY org.eclipse.cdt.core 4 0 2026-02-26 12:55:40.925
!MESSAGE Error

!ENTRY org.eclipse.cdt.core 4 0 2026-02-26 12:55:40.987
!MESSAGE Error

!ENTRY org.eclipse.cdt.core 4 0 2026-02-26 12:55:40.990
!MESSAGE Error

!ENTRY org.eclipse.cdt.core 4 0 2026-02-26 12:55:43.481
!MESSAGE Error

!ENTRY org.eclipse.cdt.core 4 0 2026-02-26 12:55:43.486
!MESSAGE Error

!ENTRY org.eclipse.cdt.core 4 0 2026-02-26 12:55:43.488
!MESSAGE Error

!ENTRY org.eclipse.cdt.core 4 0 2026-02-26 12:55:43.488
!MESSAGE Error

!ENTRY org.eclipse.cdt.core 4 0 2026-02-26 12:55:43.488
!MESSAGE Error

!ENTRY org.eclipse.cdt.core 4 0 2026-02-26 12:55:43.489
!MESSAGE Error

!ENTRY org.eclipse.cdt.core 4 0 2026-02-26 12:55:43.490
!MESSAGE Error

!ENTRY org.eclipse.cdt.core 4 0 2026-02-26 12:55:43.490
!MESSAGE Error

!ENTRY org.eclipse.cdt.core 4 0 2026-02-26 12:55:43.490
!MESSAGE Error

!ENTRY org.eclipse.cdt.core 4 0 2026-02-26 12:55:43.491
!MESSAGE Error

!ENTRY org.eclipse.cdt.core 4 0 2026-02-26 12:55:43.491
!MESSAGE Error

!ENTRY org.eclipse.cdt.core 4 0 2026-02-26 12:55:43.491
!MESSAGE Error

!ENTRY org.eclipse.cdt.core 4 0 2026-02-26 12:55:43.492
!MESSAGE Error

!ENTRY org.eclipse.cdt.core 4 0 2026-02-26 12:55:43.492
!MESSAGE Error

!ENTRY org.eclipse.cdt.core 4 0 2026-02-26 12:55:43.493
!MESSAGE Error

!ENTRY org.eclipse.cdt.core 4 0 2026-02-26 12:55:43.493
!MESSAGE Error

!ENTRY org.eclipse.cdt.core 4 0 2026-02-26 12:55:43.493
!MESSAGE Error

!ENTRY org.eclipse.cdt.core 4 0 2026-02-26 12:55:43.494
!MESSAGE Error

!ENTRY org.eclipse.cdt.core 4 0 2026-02-26 12:55:43.494
!MESSAGE Error

!ENTRY org.eclipse.cdt.core 4 0 2026-02-26 12:55:43.494
!MESSAGE Error

!ENTRY org.eclipse.cdt.core 4 0 2026-02-26 12:55:43.495
!MESSAGE Error

!ENTRY org.eclipse.cdt.core 4 0 2026-02-26 12:55:43.495
!MESSAGE Error

!ENTRY org.eclipse.cdt.core 4 0 2026-02-26 12:55:43.495
!MESSAGE Error

!ENTRY org.eclipse.cdt.core 4 0 2026-02-26 12:55:43.495
!MESSAGE Error

!ENTRY org.eclipse.cdt.core 4 0 2026-02-26 12:55:43.496
!MESSAGE Error

!ENTRY org.eclipse.cdt.core 4 0 2026-02-26 12:55:43.497
!MESSAGE Error

!ENTRY org.eclipse.cdt.core 4 0 2026-02-26 12:55:43.497
!MESSAGE Error

!ENTRY org.eclipse.cdt.core 4 0 2026-02-26 12:55:43.497
!MESSAGE Error

!ENTRY org.eclipse.cdt.core 4 0 2026-02-26 12:55:43.498
!MESSAGE Error

!ENTRY org.eclipse.cdt.core 4 0 2026-02-26 12:55:43.498
!MESSAGE Error

!ENTRY org.eclipse.cdt.core 4 0 2026-02-26 12:55:43.498
!MESSAGE Error

!ENTRY org.eclipse.cdt.core 4 0 2026-02-26 12:55:43.499
!MESSAGE Error

!ENTRY org.eclipse.cdt.core 4 0 2026-02-26 12:55:43.499
!MESSAGE Error

!ENTRY org.eclipse.cdt.core 4 0 2026-02-26 12:55:43.499
!MESSAGE Error

!ENTRY org.eclipse.cdt.core 4 0 2026-02-26 12:55:43.500
!MESSAGE Error

!ENTRY org.eclipse.cdt.core 4 0 2026-02-26 12:55:43.500
!MESSAGE Error

!ENTRY org.eclipse.cdt.core 4 0 2026-02-26 12:55:43.500
!MESSAGE Error

!ENTRY org.eclipse.cdt.core 4 0 2026-02-26 12:55:43.500
!MESSAGE Error

!ENTRY org.eclipse.cdt.core 4 0 2026-02-26 12:55:43.501
!MESSAGE Error

!ENTRY org.eclipse.cdt.core 4 0 2026-02-26 12:55:43.501
!MESSAGE Error

!ENTRY org.eclipse.cdt.core 4 0 2026-02-26 12:55:43.501
!MESSAGE Error

!ENTRY org.eclipse.cdt.core 4 0 2026-02-26 12:55:43.502
!MESSAGE Error

!ENTRY org.eclipse.cdt.core 4 0 2026-02-26 12:55:43.502
!MESSAGE Error

!ENTRY org.eclipse.cdt.core 4 0 2026-02-26 12:55:43.503
!MESSAGE Error

!ENTRY org.eclipse.cdt.core 4 0 2026-02-26 12:55:43.503
!MESSAGE Error

!ENTRY org.eclipse.cdt.core 4 0 2026-02-26 12:55:43.504
!MESSAGE Error

!ENTRY org.eclipse.cdt.core 4 0 2026-02-26 12:55:43.504
!MESSAGE Error

!ENTRY org.eclipse.cdt.core 4 0 2026-02-26 12:55:43.504
!MESSAGE Error

!ENTRY org.eclipse.cdt.core 4 0 2026-02-26 12:55:43.505
!MESSAGE Error

!ENTRY org.eclipse.cdt.core 4 0 2026-02-26 12:55:43.505
!MESSAGE Error

!ENTRY org.eclipse.cdt.core 4 0 2026-02-26 12:55:43.506
!MESSAGE Error

!ENTRY org.eclipse.cdt.core 4 0 2026-02-26 12:55:43.506
!MESSAGE Error

!ENTRY org.eclipse.cdt.core 4 0 2026-02-26 12:55:43.506
!MESSAGE Error

!ENTRY org.eclipse.cdt.core 4 0 2026-02-26 12:55:43.507
!MESSAGE Error

!ENTRY org.eclipse.cdt.core 4 0 2026-02-26 12:55:43.507
!MESSAGE Error

!ENTRY org.eclipse.cdt.core 4 0 2026-02-26 12:55:43.507
!MESSAGE Error

!ENTRY org.eclipse.cdt.core 4 0 2026-02-26 12:55:43.507
!MESSAGE Error

!ENTRY org.eclipse.cdt.core 4 0 2026-02-26 12:55:43.507
!MESSAGE Error

!ENTRY org.eclipse.cdt.core 4 0 2026-02-26 12:55:43.507
!MESSAGE Error

!ENTRY org.eclipse.cdt.core 4 0 2026-02-26 12:55:43.507
!MESSAGE Error

!ENTRY org.eclipse.cdt.core 4 0 2026-02-26 12:55:43.708
!MESSAGE Error

!ENTRY org.eclipse.cdt.core 4 0 2026-02-26 12:55:43.713
!MESSAGE Error

!ENTRY org.eclipse.cdt.core 4 0 2026-02-26 12:55:48.094
!MESSAGE Error

!ENTRY org.eclipse.cdt.core 4 0 2026-02-26 12:55:48.099
!MESSAGE Error

!ENTRY org.eclipse.cdt.core 4 0 2026-02-26 12:55:48.100
!MESSAGE Error

!ENTRY org.eclipse.cdt.core 4 0 2026-02-26 12:55:48.100
!MESSAGE Error

!ENTRY org.eclipse.cdt.core 4 0 2026-02-26 12:55:48.100
!MESSAGE Error

!ENTRY org.eclipse.cdt.core 4 0 2026-02-26 12:55:48.101
!MESSAGE Error

!ENTRY org.eclipse.cdt.core 4 0 2026-02-26 12:55:48.101
!MESSAGE Error

!ENTRY org.eclipse.cdt.core 4 0 2026-02-26 12:55:48.101
!MESSAGE Error

!ENTRY org.eclipse.cdt.core 4 0 2026-02-26 12:55:48.101
!MESSAGE Error

!ENTRY org.eclipse.cdt.core 4 0 2026-02-26 12:55:48.101
!MESSAGE Error

!ENTRY org.eclipse.cdt.core 4 0 2026-02-26 12:55:48.101
!MESSAGE Error

!ENTRY org.eclipse.cdt.core 4 0 2026-02-26 12:55:48.102
!MESSAGE Error

!ENTRY org.eclipse.cdt.core 4 0 2026-02-26 12:55:48.102
!MESSAGE Error

!ENTRY org.eclipse.cdt.core 4 0 2026-02-26 12:55:48.102
!MESSAGE Error

!ENTRY org.eclipse.cdt.core 4 0 2026-02-26 12:55:48.103
!MESSAGE Error

!ENTRY org.eclipse.cdt.core 4 0 2026-02-26 12:55:48.103
!MESSAGE Error

!ENTRY org.eclipse.cdt.core 4 0 2026-02-26 12:55:48.104
!MESSAGE Error

!ENTRY org.eclipse.cdt.core 4 0 2026-02-26 12:55:48.104
!MESSAGE Error

!ENTRY org.eclipse.cdt.core 4 0 2026-02-26 12:55:48.104
!MESSAGE Error

!ENTRY org.eclipse.cdt.core 4 0 2026-02-26 12:55:48.105
!MESSAGE Error

!ENTRY org.eclipse.cdt.core 4 0 2026-02-26 12:55:48.105
!MESSAGE Error

!ENTRY org.eclipse.cdt.core 4 0 2026-02-26 12:55:48.105
!MESSAGE Error

!ENTRY org.eclipse.cdt.core 4 0 2026-02-26 12:55:48.106
!MESSAGE Error

!ENTRY org.eclipse.cdt.core 4 0 2026-02-26 12:55:48.106
!MESSAGE Error

!ENTRY org.eclipse.cdt.core 4 0 2026-02-26 12:55:48.106
!MESSAGE Error

!ENTRY org.eclipse.cdt.core 4 0 2026-02-26 12:55:48.106
!MESSAGE Error

!ENTRY org.eclipse.cdt.core 4 0 2026-02-26 12:55:48.107
!MESSAGE Error

!ENTRY org.eclipse.cdt.core 4 0 2026-02-26 12:55:48.108
!MESSAGE Error

!ENTRY org.eclipse.cdt.core 4 0 2026-02-26 12:55:48.108
!MESSAGE Error

!ENTRY org.eclipse.cdt.core 4 0 2026-02-26 12:55:48.108
!MESSAGE Error

!ENTRY org.eclipse.cdt.core 4 0 2026-02-26 12:55:48.109
!MESSAGE Error

!ENTRY org.eclipse.cdt.core 4 0 2026-02-26 12:55:48.109
!MESSAGE Error

!ENTRY org.eclipse.cdt.core 4 0 2026-02-26 12:55:48.109
!MESSAGE Error

!ENTRY org.eclipse.cdt.core 4 0 2026-02-26 12:55:48.110
!MESSAGE Error

!ENTRY org.eclipse.cdt.core 4 0 2026-02-26 12:55:48.110
!MESSAGE Error

!ENTRY org.eclipse.cdt.core 4 0 2026-02-26 12:55:48.110
!MESSAGE Error

!ENTRY org.eclipse.cdt.core 4 0 2026-02-26 12:55:48.111
!MESSAGE Error

!ENTRY org.eclipse.cdt.core 4 0 2026-02-26 12:55:48.111
!MESSAGE Error

!ENTRY org.eclipse.cdt.core 4 0 2026-02-26 12:55:48.111
!MESSAGE Error

!ENTRY org.eclipse.cdt.core 4 0 2026-02-26 12:55:48.112
!MESSAGE Error

!ENTRY org.eclipse.cdt.core 4 0 2026-02-26 12:55:48.112
!MESSAGE Error

!ENTRY org.eclipse.cdt.core 4 0 2026-02-26 12:55:48.112
!MESSAGE Error

!ENTRY org.eclipse.cdt.core 4 0 2026-02-26 12:55:48.113
!MESSAGE Error

!ENTRY org.eclipse.cdt.core 4 0 2026-02-26 12:55:48.113
!MESSAGE Error

!ENTRY org.eclipse.cdt.core 4 0 2026-02-26 12:55:48.113
!MESSAGE Error

!ENTRY org.eclipse.cdt.core 4 0 2026-02-26 12:55:48.113
!MESSAGE Error

!ENTRY org.eclipse.cdt.core 4 0 2026-02-26 12:55:48.113
!MESSAGE Error

!ENTRY org.eclipse.cdt.core 4 0 2026-02-26 12:55:48.114
!MESSAGE Error

!ENTRY org.eclipse.cdt.core 4 0 2026-02-26 12:55:48.114
!MESSAGE Error

!ENTRY org.eclipse.cdt.core 4 0 2026-02-26 12:55:48.114
!MESSAGE Error

!ENTRY org.eclipse.cdt.core 4 0 2026-02-26 12:55:48.115
!MESSAGE Error

!ENTRY org.eclipse.cdt.core 4 0 2026-02-26 12:55:48.115
!MESSAGE Error

!ENTRY org.eclipse.cdt.core 4 0 2026-02-26 12:55:48.115
!MESSAGE Error

!ENTRY org.eclipse.cdt.core 4 0 2026-02-26 12:55:48.115
!MESSAGE Error

!ENTRY org.eclipse.cdt.core 4 0 2026-02-26 12:55:48.115
!MESSAGE Error

!ENTRY org.eclipse.cdt.core 4 0 2026-02-26 12:55:48.117
!MESSAGE Error

!ENTRY org.eclipse.cdt.core 4 0 2026-02-26 12:55:48.117
!MESSAGE Error

!ENTRY org.eclipse.cdt.core 4 0 2026-02-26 12:55:48.117
!MESSAGE Error

!ENTRY org.eclipse.cdt.core 4 0 2026-02-26 12:55:48.118
!MESSAGE Error

!ENTRY org.eclipse.cdt.core 4 0 2026-02-26 12:55:48.118
!MESSAGE Error

!ENTRY org.eclipse.cdt.core 4 0 2026-02-26 12:55:51.165
!MESSAGE Error

!ENTRY org.eclipse.cdt.core 4 0 2026-02-26 12:55:51.168
!MESSAGE Error

!ENTRY org.eclipse.cdt.core 4 0 2026-02-26 12:55:51.169
!MESSAGE Error

!ENTRY org.eclipse.cdt.core 4 0 2026-02-26 12:55:51.170
!MESSAGE Error

!ENTRY org.eclipse.cdt.core 4 0 2026-02-26 12:55:51.170
!MESSAGE Error

!ENTRY org.eclipse.cdt.core 4 0 2026-02-26 12:55:51.170
!MESSAGE Error

!ENTRY org.eclipse.cdt.core 4 0 2026-02-26 12:55:51.170
!MESSAGE Error

!ENTRY org.eclipse.cdt.core 4 0 2026-02-26 12:55:51.170
!MESSAGE Error

!ENTRY org.eclipse.cdt.core 4 0 2026-02-26 12:55:51.170
!MESSAGE Error

!ENTRY org.eclipse.cdt.core 4 0 2026-02-26 12:55:51.171
!MESSAGE Error

!ENTRY org.eclipse.cdt.core 4 0 2026-02-26 12:55:51.171
!MESSAGE Error

!ENTRY org.eclipse.cdt.core 4 0 2026-02-26 12:55:51.171
!MESSAGE Error

!ENTRY org.eclipse.cdt.core 4 0 2026-02-26 12:55:51.171
!MESSAGE Error

!ENTRY org.eclipse.cdt.core 4 0 2026-02-26 12:55:51.171
!MESSAGE Error

!ENTRY org.eclipse.cdt.core 4 0 2026-02-26 12:55:51.171
!MESSAGE Error

!ENTRY org.eclipse.cdt.core 4 0 2026-02-26 12:55:51.172
!MESSAGE Error

!ENTRY org.eclipse.cdt.core 4 0 2026-02-26 12:55:51.172
!MESSAGE Error

!ENTRY org.eclipse.cdt.core 4 0 2026-02-26 12:55:51.172
!MESSAGE Error

!ENTRY org.eclipse.cdt.core 4 0 2026-02-26 12:55:51.172
!MESSAGE Error

!ENTRY org.eclipse.cdt.core 4 0 2026-02-26 12:55:51.172
!MESSAGE Error

!ENTRY org.eclipse.cdt.core 4 0 2026-02-26 12:55:51.172
!MESSAGE Error

!ENTRY org.eclipse.cdt.core 4 0 2026-02-26 12:55:51.172
!MESSAGE Error

!ENTRY org.eclipse.cdt.core 4 0 2026-02-26 12:55:51.173
!MESSAGE Error

!ENTRY org.eclipse.cdt.core 4 0 2026-02-26 12:55:51.173
!MESSAGE Error

!ENTRY org.eclipse.cdt.core 4 0 2026-02-26 12:55:51.173
!MESSAGE Error

!ENTRY org.eclipse.cdt.core 4 0 2026-02-26 12:55:51.173
!MESSAGE Error

!ENTRY org.eclipse.cdt.core 4 0 2026-02-26 12:55:51.173
!MESSAGE Error

!ENTRY org.eclipse.cdt.core 4 0 2026-02-26 12:55:51.173
!MESSAGE Error

!ENTRY org.eclipse.cdt.core 4 0 2026-02-26 12:55:51.173
!MESSAGE Error

!ENTRY org.eclipse.cdt.core 4 0 2026-02-26 12:55:51.173
!MESSAGE Error

!ENTRY org.eclipse.cdt.core 4 0 2026-02-26 12:55:51.173
!MESSAGE Error

!ENTRY org.eclipse.cdt.core 4 0 2026-02-26 12:55:51.173
!MESSAGE Error

!ENTRY org.eclipse.cdt.core 4 0 2026-02-26 12:55:51.174
!MESSAGE Error

!ENTRY org.eclipse.cdt.core 4 0 2026-02-26 12:55:51.174
!MESSAGE Error

!ENTRY org.eclipse.cdt.core 4 0 2026-02-26 12:55:51.174
!MESSAGE Error

!ENTRY org.eclipse.cdt.core 4 0 2026-02-26 12:55:51.174
!MESSAGE Error

!ENTRY org.eclipse.cdt.core 4 0 2026-02-26 12:55:51.174
!MESSAGE Error

!ENTRY org.eclipse.cdt.core 4 0 2026-02-26 12:55:51.175
!MESSAGE Error

!ENTRY org.eclipse.cdt.core 4 0 2026-02-26 12:55:51.175
!MESSAGE Error

!ENTRY org.eclipse.cdt.core 4 0 2026-02-26 12:55:51.175
!MESSAGE Error

!ENTRY org.eclipse.cdt.core 4 0 2026-02-26 12:55:51.175
!MESSAGE Error

!ENTRY org.eclipse.cdt.core 4 0 2026-02-26 12:55:51.175
!MESSAGE Error

!ENTRY org.eclipse.cdt.core 4 0 2026-02-26 12:55:51.175
!MESSAGE Error

!ENTRY org.eclipse.cdt.core 4 0 2026-02-26 12:55:51.175
!MESSAGE Error

!ENTRY org.eclipse.cdt.core 4 0 2026-02-26 12:55:51.176
!MESSAGE Error

!ENTRY org.eclipse.cdt.core 4 0 2026-02-26 12:55:51.176
!MESSAGE Error

!ENTRY org.eclipse.cdt.core 4 0 2026-02-26 12:55:51.176
!MESSAGE Error

!ENTRY org.eclipse.cdt.core 4 0 2026-02-26 12:55:51.176
!MESSAGE Error

!ENTRY org.eclipse.cdt.core 4 0 2026-02-26 12:55:51.177
!MESSAGE Error

!ENTRY org.eclipse.cdt.core 4 0 2026-02-26 12:55:51.177
!MESSAGE Error

!ENTRY org.eclipse.cdt.core 4 0 2026-02-26 12:55:51.177
!MESSAGE Error

!ENTRY org.eclipse.cdt.core 4 0 2026-02-26 12:55:51.177
!MESSAGE Error

!ENTRY org.eclipse.cdt.core 4 0 2026-02-26 12:55:51.177
!MESSAGE Error

!ENTRY org.eclipse.cdt.core 4 0 2026-02-26 12:55:51.177
!MESSAGE Error

!ENTRY org.eclipse.cdt.core 4 0 2026-02-26 12:55:51.177
!MESSAGE Error

!ENTRY org.eclipse.cdt.core 4 0 2026-02-26 12:55:51.178
!MESSAGE Error

!ENTRY org.eclipse.cdt.core 4 0 2026-02-26 12:55:51.178
!MESSAGE Error

!ENTRY org.eclipse.cdt.core 4 0 2026-02-26 12:55:51.178
!MESSAGE Error

!ENTRY org.eclipse.cdt.core 4 0 2026-02-26 12:55:51.178
!MESSAGE Error

!ENTRY org.eclipse.cdt.core 4 0 2026-02-26 12:55:51.178
!MESSAGE Error

!ENTRY org.eclipse.cdt.core 4 0 2026-02-26 12:55:53.220
!MESSAGE Error

!ENTRY org.eclipse.cdt.core 4 0 2026-02-26 12:55:53.226
!MESSAGE Error

!ENTRY org.eclipse.cdt.core 4 0 2026-02-26 12:55:53.228
!MESSAGE Error

!ENTRY org.eclipse.cdt.core 4 0 2026-02-26 12:55:53.228
!MESSAGE Error

!ENTRY org.eclipse.cdt.core 4 0 2026-02-26 12:55:53.228
!MESSAGE Error

!ENTRY org.eclipse.cdt.core 4 0 2026-02-26 12:55:53.228
!MESSAGE Error

!ENTRY org.eclipse.cdt.core 4 0 2026-02-26 12:55:53.229
!MESSAGE Error

!ENTRY org.eclipse.cdt.core 4 0 2026-02-26 12:55:53.229
!MESSAGE Error

!ENTRY org.eclipse.cdt.core 4 0 2026-02-26 12:55:53.230
!MESSAGE Error

!ENTRY org.eclipse.cdt.core 4 0 2026-02-26 12:55:53.230
!MESSAGE Error

!ENTRY org.eclipse.cdt.core 4 0 2026-02-26 12:55:53.230
!MESSAGE Error

!ENTRY org.eclipse.cdt.core 4 0 2026-02-26 12:55:53.231
!MESSAGE Error

!ENTRY org.eclipse.cdt.core 4 0 2026-02-26 12:55:53.231
!MESSAGE Error

!ENTRY org.eclipse.cdt.core 4 0 2026-02-26 12:55:53.231
!MESSAGE Error

!ENTRY org.eclipse.cdt.core 4 0 2026-02-26 12:55:53.232
!MESSAGE Error

!ENTRY org.eclipse.cdt.core 4 0 2026-02-26 12:55:53.232
!MESSAGE Error

!ENTRY org.eclipse.cdt.core 4 0 2026-02-26 12:55:53.232
!MESSAGE Error

!ENTRY org.eclipse.cdt.core 4 0 2026-02-26 12:55:53.233
!MESSAGE Error

!ENTRY org.eclipse.cdt.core 4 0 2026-02-26 12:55:53.234
!MESSAGE Error

!ENTRY org.eclipse.cdt.core 4 0 2026-02-26 12:55:53.234
!MESSAGE Error

!ENTRY org.eclipse.cdt.core 4 0 2026-02-26 12:55:53.234
!MESSAGE Error

!ENTRY org.eclipse.cdt.core 4 0 2026-02-26 12:55:53.235
!MESSAGE Error

!ENTRY org.eclipse.cdt.core 4 0 2026-02-26 12:55:53.235
!MESSAGE Error

!ENTRY org.eclipse.cdt.core 4 0 2026-02-26 12:55:53.235
!MESSAGE Error

!ENTRY org.eclipse.cdt.core 4 0 2026-02-26 12:55:53.235
!MESSAGE Error

!ENTRY org.eclipse.cdt.core 4 0 2026-02-26 12:55:53.236
!MESSAGE Error

!ENTRY org.eclipse.cdt.core 4 0 2026-02-26 12:55:53.236
!MESSAGE Error

!ENTRY org.eclipse.cdt.core 4 0 2026-02-26 12:55:53.237
!MESSAGE Error

!ENTRY org.eclipse.cdt.core 4 0 2026-02-26 12:55:53.237
!MESSAGE Error

!ENTRY org.eclipse.cdt.core 4 0 2026-02-26 12:55:53.237
!MESSAGE Error

!ENTRY org.eclipse.cdt.core 4 0 2026-02-26 12:55:53.238
!MESSAGE Error

!ENTRY org.eclipse.cdt.core 4 0 2026-02-26 12:55:53.238
!MESSAGE Error

!ENTRY org.eclipse.cdt.core 4 0 2026-02-26 12:55:53.238
!MESSAGE Error

!ENTRY org.eclipse.cdt.core 4 0 2026-02-26 12:55:53.239
!MESSAGE Error

!ENTRY org.eclipse.cdt.core 4 0 2026-02-26 12:55:53.239
!MESSAGE Error

!ENTRY org.eclipse.cdt.core 4 0 2026-02-26 12:55:53.239
!MESSAGE Error

!ENTRY org.eclipse.cdt.core 4 0 2026-02-26 12:55:53.239
!MESSAGE Error

!ENTRY org.eclipse.cdt.core 4 0 2026-02-26 12:55:53.239
!MESSAGE Error

!ENTRY org.eclipse.cdt.core 4 0 2026-02-26 12:55:53.240
!MESSAGE Error

!ENTRY org.eclipse.cdt.core 4 0 2026-02-26 12:55:53.240
!MESSAGE Error

!ENTRY org.eclipse.cdt.core 4 0 2026-02-26 12:55:53.240
!MESSAGE Error

!ENTRY org.eclipse.cdt.core 4 0 2026-02-26 12:55:53.241
!MESSAGE Error

!ENTRY org.eclipse.cdt.core 4 0 2026-02-26 12:55:53.241
!MESSAGE Error

!ENTRY org.eclipse.cdt.core 4 0 2026-02-26 12:55:53.241
!MESSAGE Error

!ENTRY org.eclipse.cdt.core 4 0 2026-02-26 12:55:53.241
!MESSAGE Error

!ENTRY org.eclipse.cdt.core 4 0 2026-02-26 12:55:53.242
!MESSAGE Error

!ENTRY org.eclipse.cdt.core 4 0 2026-02-26 12:55:53.242
!MESSAGE Error

!ENTRY org.eclipse.cdt.core 4 0 2026-02-26 12:55:53.242
!MESSAGE Error

!ENTRY org.eclipse.cdt.core 4 0 2026-02-26 12:55:53.243
!MESSAGE Error

!ENTRY org.eclipse.cdt.core 4 0 2026-02-26 12:55:53.243
!MESSAGE Error

!ENTRY org.eclipse.cdt.core 4 0 2026-02-26 12:55:53.243
!MESSAGE Error

!ENTRY org.eclipse.cdt.core 4 0 2026-02-26 12:55:53.243
!MESSAGE Error

!ENTRY org.eclipse.cdt.core 4 0 2026-02-26 12:55:53.243
!MESSAGE Error

!ENTRY org.eclipse.cdt.core 4 0 2026-02-26 12:55:53.243
!MESSAGE Error

!ENTRY org.eclipse.cdt.core 4 0 2026-02-26 12:55:53.243
!MESSAGE Error

!ENTRY org.eclipse.cdt.core 4 0 2026-02-26 12:55:53.244
!MESSAGE Error

!ENTRY org.eclipse.cdt.core 4 0 2026-02-26 12:55:53.244
!MESSAGE Error

!ENTRY org.eclipse.cdt.core 4 0 2026-02-26 12:55:53.244
!MESSAGE Error

!ENTRY org.eclipse.cdt.core 4 0 2026-02-26 12:55:53.244
!MESSAGE Error

!ENTRY org.eclipse.cdt.core 4 0 2026-02-26 12:55:53.244
!MESSAGE Error

!ENTRY org.eclipse.cdt.core 4 0 2026-02-26 12:55:57.315
!MESSAGE Error

!ENTRY org.eclipse.cdt.core 4 0 2026-02-26 12:55:57.319
!MESSAGE Error

!ENTRY org.eclipse.cdt.core 4 0 2026-02-26 12:55:57.322
!MESSAGE Error

!ENTRY org.eclipse.cdt.core 4 0 2026-02-26 12:55:57.322
!MESSAGE Error

!ENTRY org.eclipse.cdt.core 4 0 2026-02-26 12:55:57.323
!MESSAGE Error

!ENTRY org.eclipse.cdt.core 4 0 2026-02-26 12:55:57.323
!MESSAGE Error

!ENTRY org.eclipse.cdt.core 4 0 2026-02-26 12:55:57.323
!MESSAGE Error

!ENTRY org.eclipse.cdt.core 4 0 2026-02-26 12:55:57.323
!MESSAGE Error

!ENTRY org.eclipse.cdt.core 4 0 2026-02-26 12:55:57.324
!MESSAGE Error

!ENTRY org.eclipse.cdt.core 4 0 2026-02-26 12:55:57.324
!MESSAGE Error

!ENTRY org.eclipse.cdt.core 4 0 2026-02-26 12:55:57.324
!MESSAGE Error

!ENTRY org.eclipse.cdt.core 4 0 2026-02-26 12:55:57.324
!MESSAGE Error

!ENTRY org.eclipse.cdt.core 4 0 2026-02-26 12:55:57.325
!MESSAGE Error

!ENTRY org.eclipse.cdt.core 4 0 2026-02-26 12:55:57.325
!MESSAGE Error

!ENTRY org.eclipse.cdt.core 4 0 2026-02-26 12:55:57.325
!MESSAGE Error

!ENTRY org.eclipse.cdt.core 4 0 2026-02-26 12:55:57.326
!MESSAGE Error

!ENTRY org.eclipse.cdt.core 4 0 2026-02-26 12:55:57.326
!MESSAGE Error

!ENTRY org.eclipse.cdt.core 4 0 2026-02-26 12:55:57.326
!MESSAGE Error

!ENTRY org.eclipse.cdt.core 4 0 2026-02-26 12:55:57.326
!MESSAGE Error

!ENTRY org.eclipse.cdt.core 4 0 2026-02-26 12:55:57.326
!MESSAGE Error

!ENTRY org.eclipse.cdt.core 4 0 2026-02-26 12:55:57.326
!MESSAGE Error

!ENTRY org.eclipse.cdt.core 4 0 2026-02-26 12:55:57.326
!MESSAGE Error

!ENTRY org.eclipse.cdt.core 4 0 2026-02-26 12:55:57.327
!MESSAGE Error

!ENTRY org.eclipse.cdt.core 4 0 2026-02-26 12:55:57.327
!MESSAGE Error

!ENTRY org.eclipse.cdt.core 4 0 2026-02-26 12:55:57.327
!MESSAGE Error

!ENTRY org.eclipse.cdt.core 4 0 2026-02-26 12:55:57.327
!MESSAGE Error

!ENTRY org.eclipse.cdt.core 4 0 2026-02-26 12:55:57.327
!MESSAGE Error

!ENTRY org.eclipse.cdt.core 4 0 2026-02-26 12:55:57.327
!MESSAGE Error

!ENTRY org.eclipse.cdt.core 4 0 2026-02-26 12:55:57.327
!MESSAGE Error

!ENTRY org.eclipse.cdt.core 4 0 2026-02-26 12:55:57.328
!MESSAGE Error

!ENTRY org.eclipse.cdt.core 4 0 2026-02-26 12:55:57.328
!MESSAGE Error

!ENTRY org.eclipse.cdt.core 4 0 2026-02-26 12:55:57.328
!MESSAGE Error

!ENTRY org.eclipse.cdt.core 4 0 2026-02-26 12:55:57.328
!MESSAGE Error

!ENTRY org.eclipse.cdt.core 4 0 2026-02-26 12:55:57.328
!MESSAGE Error

!ENTRY org.eclipse.cdt.core 4 0 2026-02-26 12:55:57.328
!MESSAGE Error

!ENTRY org.eclipse.cdt.core 4 0 2026-02-26 12:55:57.328
!MESSAGE Error

!ENTRY org.eclipse.cdt.core 4 0 2026-02-26 12:55:57.329
!MESSAGE Error

!ENTRY org.eclipse.cdt.core 4 0 2026-02-26 12:55:57.329
!MESSAGE Error

!ENTRY org.eclipse.cdt.core 4 0 2026-02-26 12:55:57.329
!MESSAGE Error

!ENTRY org.eclipse.cdt.core 4 0 2026-02-26 12:55:57.329
!MESSAGE Error

!ENTRY org.eclipse.cdt.core 4 0 2026-02-26 12:55:57.329
!MESSAGE Error

!ENTRY org.eclipse.cdt.core 4 0 2026-02-26 12:55:57.329
!MESSAGE Error

!ENTRY org.eclipse.cdt.core 4 0 2026-02-26 12:55:57.329
!MESSAGE Error

!ENTRY org.eclipse.cdt.core 4 0 2026-02-26 12:55:57.329
!MESSAGE Error

!ENTRY org.eclipse.cdt.core 4 0 2026-02-26 12:55:57.329
!MESSAGE Error

!ENTRY org.eclipse.cdt.core 4 0 2026-02-26 12:55:57.329
!MESSAGE Error

!ENTRY org.eclipse.cdt.core 4 0 2026-02-26 12:55:57.330
!MESSAGE Error

!ENTRY org.eclipse.cdt.core 4 0 2026-02-26 12:55:57.330
!MESSAGE Error

!ENTRY org.eclipse.cdt.core 4 0 2026-02-26 12:55:57.330
!MESSAGE Error

!ENTRY org.eclipse.cdt.core 4 0 2026-02-26 12:55:57.330
!MESSAGE Error

!ENTRY org.eclipse.cdt.core 4 0 2026-02-26 12:55:57.330
!MESSAGE Error

!ENTRY org.eclipse.cdt.core 4 0 2026-02-26 12:55:57.331
!MESSAGE Error

!ENTRY org.eclipse.cdt.core 4 0 2026-02-26 12:55:57.331
!MESSAGE Error

!ENTRY org.eclipse.cdt.core 4 0 2026-02-26 12:55:57.331
!MESSAGE Error

!ENTRY org.eclipse.cdt.core 4 0 2026-02-26 12:55:57.331
!MESSAGE Error

!ENTRY org.eclipse.cdt.core 4 0 2026-02-26 12:55:57.331
!MESSAGE Error

!ENTRY org.eclipse.cdt.core 4 0 2026-02-26 12:55:57.331
!MESSAGE Error

!ENTRY org.eclipse.cdt.core 4 0 2026-02-26 12:55:57.331
!MESSAGE Error

!ENTRY org.eclipse.cdt.core 4 0 2026-02-26 12:55:57.332
!MESSAGE Error

!ENTRY org.eclipse.cdt.core 4 0 2026-02-26 12:55:57.332
!MESSAGE Error

!ENTRY org.eclipse.cdt.core 4 0 2026-02-26 12:55:57.361
!MESSAGE Error

!ENTRY org.eclipse.cdt.core 4 0 2026-02-26 12:55:57.364
!MESSAGE Error

!ENTRY org.eclipse.cdt.core 4 0 2026-02-26 12:56:00.412
!MESSAGE Error

!ENTRY org.eclipse.cdt.core 4 0 2026-02-26 12:56:00.417
!MESSAGE Error

!ENTRY org.eclipse.cdt.core 4 0 2026-02-26 12:56:00.419
!MESSAGE Error

!ENTRY org.eclipse.cdt.core 4 0 2026-02-26 12:56:00.419
!MESSAGE Error

!ENTRY org.eclipse.cdt.core 4 0 2026-02-26 12:56:00.419
!MESSAGE Error

!ENTRY org.eclipse.cdt.core 4 0 2026-02-26 12:56:00.420
!MESSAGE Error

!ENTRY org.eclipse.cdt.core 4 0 2026-02-26 12:56:00.420
!MESSAGE Error

!ENTRY org.eclipse.cdt.core 4 0 2026-02-26 12:56:00.421
!MESSAGE Error

!ENTRY org.eclipse.cdt.core 4 0 2026-02-26 12:56:00.421
!MESSAGE Error

!ENTRY org.eclipse.cdt.core 4 0 2026-02-26 12:56:00.421
!MESSAGE Error

!ENTRY org.eclipse.cdt.core 4 0 2026-02-26 12:56:00.422
!MESSAGE Error

!ENTRY org.eclipse.cdt.core 4 0 2026-02-26 12:56:00.422
!MESSAGE Error

!ENTRY org.eclipse.cdt.core 4 0 2026-02-26 12:56:00.422
!MESSAGE Error

!ENTRY org.eclipse.cdt.core 4 0 2026-02-26 12:56:00.423
!MESSAGE Error

!ENTRY org.eclipse.cdt.core 4 0 2026-02-26 12:56:00.423
!MESSAGE Error

!ENTRY org.eclipse.cdt.core 4 0 2026-02-26 12:56:00.423
!MESSAGE Error

!ENTRY org.eclipse.cdt.core 4 0 2026-02-26 12:56:00.424
!MESSAGE Error

!ENTRY org.eclipse.cdt.core 4 0 2026-02-26 12:56:00.424
!MESSAGE Error

!ENTRY org.eclipse.cdt.core 4 0 2026-02-26 12:56:00.424
!MESSAGE Error

!ENTRY org.eclipse.cdt.core 4 0 2026-02-26 12:56:00.425
!MESSAGE Error

!ENTRY org.eclipse.cdt.core 4 0 2026-02-26 12:56:00.425
!MESSAGE Error

!ENTRY org.eclipse.cdt.core 4 0 2026-02-26 12:56:00.425
!MESSAGE Error

!ENTRY org.eclipse.cdt.core 4 0 2026-02-26 12:56:00.426
!MESSAGE Error

!ENTRY org.eclipse.cdt.core 4 0 2026-02-26 12:56:00.426
!MESSAGE Error

!ENTRY org.eclipse.cdt.core 4 0 2026-02-26 12:56:00.426
!MESSAGE Error

!ENTRY org.eclipse.cdt.core 4 0 2026-02-26 12:56:00.426
!MESSAGE Error

!ENTRY org.eclipse.cdt.core 4 0 2026-02-26 12:56:00.426
!MESSAGE Error

!ENTRY org.eclipse.cdt.core 4 0 2026-02-26 12:56:00.427
!MESSAGE Error

!ENTRY org.eclipse.cdt.core 4 0 2026-02-26 12:56:00.427
!MESSAGE Error

!ENTRY org.eclipse.cdt.core 4 0 2026-02-26 12:56:00.427
!MESSAGE Error

!ENTRY org.eclipse.cdt.core 4 0 2026-02-26 12:56:00.427
!MESSAGE Error

!ENTRY org.eclipse.cdt.core 4 0 2026-02-26 12:56:00.427
!MESSAGE Error

!ENTRY org.eclipse.cdt.core 4 0 2026-02-26 12:56:00.427
!MESSAGE Error

!ENTRY org.eclipse.cdt.core 4 0 2026-02-26 12:56:00.427
!MESSAGE Error

!ENTRY org.eclipse.cdt.core 4 0 2026-02-26 12:56:00.428
!MESSAGE Error

!ENTRY org.eclipse.cdt.core 4 0 2026-02-26 12:56:00.428
!MESSAGE Error

!ENTRY org.eclipse.cdt.core 4 0 2026-02-26 12:56:00.428
!MESSAGE Error

!ENTRY org.eclipse.cdt.core 4 0 2026-02-26 12:56:00.428
!MESSAGE Error

!ENTRY org.eclipse.cdt.core 4 0 2026-02-26 12:56:00.429
!MESSAGE Error

!ENTRY org.eclipse.cdt.core 4 0 2026-02-26 12:56:00.429
!MESSAGE Error

!ENTRY org.eclipse.cdt.core 4 0 2026-02-26 12:56:00.429
!MESSAGE Error

!ENTRY org.eclipse.cdt.core 4 0 2026-02-26 12:56:00.429
!MESSAGE Error

!ENTRY org.eclipse.cdt.core 4 0 2026-02-26 12:56:00.429
!MESSAGE Error

!ENTRY org.eclipse.cdt.core 4 0 2026-02-26 12:56:00.429
!MESSAGE Error

!ENTRY org.eclipse.cdt.core 4 0 2026-02-26 12:56:00.429
!MESSAGE Error

!ENTRY org.eclipse.cdt.core 4 0 2026-02-26 12:56:00.429
!MESSAGE Error

!ENTRY org.eclipse.cdt.core 4 0 2026-02-26 12:56:00.429
!MESSAGE Error

!ENTRY org.eclipse.cdt.core 4 0 2026-02-26 12:56:00.429
!MESSAGE Error

!ENTRY org.eclipse.cdt.core 4 0 2026-02-26 12:56:00.430
!MESSAGE Error

!ENTRY org.eclipse.cdt.core 4 0 2026-02-26 12:56:00.430
!MESSAGE Error

!ENTRY org.eclipse.cdt.core 4 0 2026-02-26 12:56:00.430
!MESSAGE Error

!ENTRY org.eclipse.cdt.core 4 0 2026-02-26 12:56:00.430
!MESSAGE Error

!ENTRY org.eclipse.cdt.core 4 0 2026-02-26 12:56:00.430
!MESSAGE Error

!ENTRY org.eclipse.cdt.core 4 0 2026-02-26 12:56:00.430
!MESSAGE Error

!ENTRY org.eclipse.cdt.core 4 0 2026-02-26 12:56:00.431
!MESSAGE Error

!ENTRY org.eclipse.cdt.core 4 0 2026-02-26 12:56:00.431
!MESSAGE Error

!ENTRY org.eclipse.cdt.core 4 0 2026-02-26 12:56:00.431
!MESSAGE Error

!ENTRY org.eclipse.cdt.core 4 0 2026-02-26 12:56:00.431
!MESSAGE Error

!ENTRY org.eclipse.cdt.core 4 0 2026-02-26 12:56:00.431
!MESSAGE Error

!ENTRY org.eclipse.cdt.core 4 0 2026-02-26 12:56:00.431
!MESSAGE Error

!ENTRY org.eclipse.cdt.core 4 0 2026-02-26 12:56:04.006
!MESSAGE Error

!ENTRY org.eclipse.cdt.core 4 0 2026-02-26 12:56:04.012
!MESSAGE Error

!ENTRY org.eclipse.cdt.core 4 0 2026-02-26 12:56:04.013
!MESSAGE Error

!ENTRY org.eclipse.cdt.core 4 0 2026-02-26 12:56:04.014
!MESSAGE Error

!ENTRY org.eclipse.cdt.core 4 0 2026-02-26 12:56:04.014
!MESSAGE Error

!ENTRY org.eclipse.cdt.core 4 0 2026-02-26 12:56:04.015
!MESSAGE Error

!ENTRY org.eclipse.cdt.core 4 0 2026-02-26 12:56:04.015
!MESSAGE Error

!ENTRY org.eclipse.cdt.core 4 0 2026-02-26 12:56:04.015
!MESSAGE Error

!ENTRY org.eclipse.cdt.core 4 0 2026-02-26 12:56:04.016
!MESSAGE Error

!ENTRY org.eclipse.cdt.core 4 0 2026-02-26 12:56:04.016
!MESSAGE Error

!ENTRY org.eclipse.cdt.core 4 0 2026-02-26 12:56:04.016
!MESSAGE Error

!ENTRY org.eclipse.cdt.core 4 0 2026-02-26 12:56:04.017
!MESSAGE Error

!ENTRY org.eclipse.cdt.core 4 0 2026-02-26 12:56:04.017
!MESSAGE Error

!ENTRY org.eclipse.cdt.core 4 0 2026-02-26 12:56:04.017
!MESSAGE Error

!ENTRY org.eclipse.cdt.core 4 0 2026-02-26 12:56:04.018
!MESSAGE Error

!ENTRY org.eclipse.cdt.core 4 0 2026-02-26 12:56:04.018
!MESSAGE Error

!ENTRY org.eclipse.cdt.core 4 0 2026-02-26 12:56:04.019
!MESSAGE Error

!ENTRY org.eclipse.cdt.core 4 0 2026-02-26 12:56:04.019
!MESSAGE Error

!ENTRY org.eclipse.cdt.core 4 0 2026-02-26 12:56:04.020
!MESSAGE Error

!ENTRY org.eclipse.cdt.core 4 0 2026-02-26 12:56:04.020
!MESSAGE Error

!ENTRY org.eclipse.cdt.core 4 0 2026-02-26 12:56:04.020
!MESSAGE Error

!ENTRY org.eclipse.cdt.core 4 0 2026-02-26 12:56:04.020
!MESSAGE Error

!ENTRY org.eclipse.cdt.core 4 0 2026-02-26 12:56:04.021
!MESSAGE Error

!ENTRY org.eclipse.cdt.core 4 0 2026-02-26 12:56:04.021
!MESSAGE Error

!ENTRY org.eclipse.cdt.core 4 0 2026-02-26 12:56:04.021
!MESSAGE Error

!ENTRY org.eclipse.cdt.core 4 0 2026-02-26 12:56:04.022
!MESSAGE Error

!ENTRY org.eclipse.cdt.core 4 0 2026-02-26 12:56:04.022
!MESSAGE Error

!ENTRY org.eclipse.cdt.core 4 0 2026-02-26 12:56:04.022
!MESSAGE Error

!ENTRY org.eclipse.cdt.core 4 0 2026-02-26 12:56:04.023
!MESSAGE Error

!ENTRY org.eclipse.cdt.core 4 0 2026-02-26 12:56:04.023
!MESSAGE Error

!ENTRY org.eclipse.cdt.core 4 0 2026-02-26 12:56:04.024
!MESSAGE Error

!ENTRY org.eclipse.cdt.core 4 0 2026-02-26 12:56:04.024
!MESSAGE Error

!ENTRY org.eclipse.cdt.core 4 0 2026-02-26 12:56:04.024
!MESSAGE Error

!ENTRY org.eclipse.cdt.core 4 0 2026-02-26 12:56:04.024
!MESSAGE Error

!ENTRY org.eclipse.cdt.core 4 0 2026-02-26 12:56:04.025
!MESSAGE Error

!ENTRY org.eclipse.cdt.core 4 0 2026-02-26 12:56:04.025
!MESSAGE Error

!ENTRY org.eclipse.cdt.core 4 0 2026-02-26 12:56:04.025
!MESSAGE Error

!ENTRY org.eclipse.cdt.core 4 0 2026-02-26 12:56:04.026
!MESSAGE Error

!ENTRY org.eclipse.cdt.core 4 0 2026-02-26 12:56:04.026
!MESSAGE Error

!ENTRY org.eclipse.cdt.core 4 0 2026-02-26 12:56:04.027
!MESSAGE Error

!ENTRY org.eclipse.cdt.core 4 0 2026-02-26 12:56:04.027
!MESSAGE Error

!ENTRY org.eclipse.cdt.core 4 0 2026-02-26 12:56:04.027
!MESSAGE Error

!ENTRY org.eclipse.cdt.core 4 0 2026-02-26 12:56:04.027
!MESSAGE Error

!ENTRY org.eclipse.cdt.core 4 0 2026-02-26 12:56:04.027
!MESSAGE Error

!ENTRY org.eclipse.cdt.core 4 0 2026-02-26 12:56:04.028
!MESSAGE Error

!ENTRY org.eclipse.cdt.core 4 0 2026-02-26 12:56:04.028
!MESSAGE Error

!ENTRY org.eclipse.cdt.core 4 0 2026-02-26 12:56:04.028
!MESSAGE Error

!ENTRY org.eclipse.cdt.core 4 0 2026-02-26 12:56:04.029
!MESSAGE Error

!ENTRY org.eclipse.cdt.core 4 0 2026-02-26 12:56:04.029
!MESSAGE Error

!ENTRY org.eclipse.cdt.core 4 0 2026-02-26 12:56:04.030
!MESSAGE Error

!ENTRY org.eclipse.cdt.core 4 0 2026-02-26 12:56:04.030
!MESSAGE Error

!ENTRY org.eclipse.cdt.core 4 0 2026-02-26 12:56:04.030
!MESSAGE Error

!ENTRY org.eclipse.cdt.core 4 0 2026-02-26 12:56:04.031
!MESSAGE Error

!ENTRY org.eclipse.cdt.core 4 0 2026-02-26 12:56:04.031
!MESSAGE Error

!ENTRY org.eclipse.cdt.core 4 0 2026-02-26 12:56:04.031
!MESSAGE Error

!ENTRY org.eclipse.cdt.core 4 0 2026-02-26 12:56:04.032
!MESSAGE Error

!ENTRY org.eclipse.cdt.core 4 0 2026-02-26 12:56:04.032
!MESSAGE Error

!ENTRY org.eclipse.cdt.core 4 0 2026-02-26 12:56:04.032
!MESSAGE Error

!ENTRY org.eclipse.cdt.core 4 0 2026-02-26 12:56:04.033
!MESSAGE Error

!ENTRY org.eclipse.cdt.core 4 0 2026-02-26 12:56:04.033
!MESSAGE Error

!ENTRY org.eclipse.cdt.core 4 0 2026-02-26 12:56:04.036
!MESSAGE Error

!ENTRY org.eclipse.cdt.core 4 0 2026-02-26 12:56:04.040
!MESSAGE Error

!ENTRY org.eclipse.cdt.core 4 0 2026-02-26 12:56:05.050
!MESSAGE Error

!ENTRY org.eclipse.cdt.core 4 0 2026-02-26 12:56:05.055
!MESSAGE Error

!ENTRY org.eclipse.cdt.core 4 0 2026-02-26 12:56:05.057
!MESSAGE Error

!ENTRY org.eclipse.cdt.core 4 0 2026-02-26 12:56:05.057
!MESSAGE Error

!ENTRY org.eclipse.cdt.core 4 0 2026-02-26 12:56:05.057
!MESSAGE Error

!ENTRY org.eclipse.cdt.core 4 0 2026-02-26 12:56:05.058
!MESSAGE Error

!ENTRY org.eclipse.cdt.core 4 0 2026-02-26 12:56:05.058
!MESSAGE Error

!ENTRY org.eclipse.cdt.core 4 0 2026-02-26 12:56:05.058
!MESSAGE Error

!ENTRY org.eclipse.cdt.core 4 0 2026-02-26 12:56:05.058
!MESSAGE Error

!ENTRY org.eclipse.cdt.core 4 0 2026-02-26 12:56:05.058
!MESSAGE Error

!ENTRY org.eclipse.cdt.core 4 0 2026-02-26 12:56:05.059
!MESSAGE Error

!ENTRY org.eclipse.cdt.core 4 0 2026-02-26 12:56:05.059
!MESSAGE Error

!ENTRY org.eclipse.cdt.core 4 0 2026-02-26 12:56:05.059
!MESSAGE Error

!ENTRY org.eclipse.cdt.core 4 0 2026-02-26 12:56:05.060
!MESSAGE Error

!ENTRY org.eclipse.cdt.core 4 0 2026-02-26 12:56:05.060
!MESSAGE Error

!ENTRY org.eclipse.cdt.core 4 0 2026-02-26 12:56:05.060
!MESSAGE Error

!ENTRY org.eclipse.cdt.core 4 0 2026-02-26 12:56:05.061
!MESSAGE Error

!ENTRY org.eclipse.cdt.core 4 0 2026-02-26 12:56:05.061
!MESSAGE Error

!ENTRY org.eclipse.cdt.core 4 0 2026-02-26 12:56:05.061
!MESSAGE Error

!ENTRY org.eclipse.cdt.core 4 0 2026-02-26 12:56:05.062
!MESSAGE Error

!ENTRY org.eclipse.cdt.core 4 0 2026-02-26 12:56:05.062
!MESSAGE Error

!ENTRY org.eclipse.cdt.core 4 0 2026-02-26 12:56:05.062
!MESSAGE Error

!ENTRY org.eclipse.cdt.core 4 0 2026-02-26 12:56:05.063
!MESSAGE Error

!ENTRY org.eclipse.cdt.core 4 0 2026-02-26 12:56:05.064
!MESSAGE Error

!ENTRY org.eclipse.cdt.core 4 0 2026-02-26 12:56:05.064
!MESSAGE Error

!ENTRY org.eclipse.cdt.core 4 0 2026-02-26 12:56:05.064
!MESSAGE Error

!ENTRY org.eclipse.cdt.core 4 0 2026-02-26 12:56:05.065
!MESSAGE Error

!ENTRY org.eclipse.cdt.core 4 0 2026-02-26 12:56:05.065
!MESSAGE Error

!ENTRY org.eclipse.cdt.core 4 0 2026-02-26 12:56:05.065
!MESSAGE Error

!ENTRY org.eclipse.cdt.core 4 0 2026-02-26 12:56:05.065
!MESSAGE Error

!ENTRY org.eclipse.cdt.core 4 0 2026-02-26 12:56:05.065
!MESSAGE Error

!ENTRY org.eclipse.cdt.core 4 0 2026-02-26 12:56:05.065
!MESSAGE Error

!ENTRY org.eclipse.cdt.core 4 0 2026-02-26 12:56:05.066
!MESSAGE Error

!ENTRY org.eclipse.cdt.core 4 0 2026-02-26 12:56:05.066
!MESSAGE Error

!ENTRY org.eclipse.cdt.core 4 0 2026-02-26 12:56:05.066
!MESSAGE Error

!ENTRY org.eclipse.cdt.core 4 0 2026-02-26 12:56:05.066
!MESSAGE Error

!ENTRY org.eclipse.cdt.core 4 0 2026-02-26 12:56:05.066
!MESSAGE Error

!ENTRY org.eclipse.cdt.core 4 0 2026-02-26 12:56:05.066
!MESSAGE Error

!ENTRY org.eclipse.cdt.core 4 0 2026-02-26 12:56:05.066
!MESSAGE Error

!ENTRY org.eclipse.cdt.core 4 0 2026-02-26 12:56:05.067
!MESSAGE Error

!ENTRY org.eclipse.cdt.core 4 0 2026-02-26 12:56:05.067
!MESSAGE Error

!ENTRY org.eclipse.cdt.core 4 0 2026-02-26 12:56:05.067
!MESSAGE Error

!ENTRY org.eclipse.cdt.core 4 0 2026-02-26 12:56:05.067
!MESSAGE Error

!ENTRY org.eclipse.cdt.core 4 0 2026-02-26 12:56:05.067
!MESSAGE Error

!ENTRY org.eclipse.cdt.core 4 0 2026-02-26 12:56:05.067
!MESSAGE Error

!ENTRY org.eclipse.cdt.core 4 0 2026-02-26 12:56:05.067
!MESSAGE Error

!ENTRY org.eclipse.cdt.core 4 0 2026-02-26 12:56:05.068
!MESSAGE Error

!ENTRY org.eclipse.cdt.core 4 0 2026-02-26 12:56:05.068
!MESSAGE Error

!ENTRY org.eclipse.cdt.core 4 0 2026-02-26 12:56:05.068
!MESSAGE Error

!ENTRY org.eclipse.cdt.core 4 0 2026-02-26 12:56:05.068
!MESSAGE Error

!ENTRY org.eclipse.cdt.core 4 0 2026-02-26 12:56:05.068
!MESSAGE Error

!ENTRY org.eclipse.cdt.core 4 0 2026-02-26 12:56:05.068
!MESSAGE Error

!ENTRY org.eclipse.cdt.core 4 0 2026-02-26 12:56:05.068
!MESSAGE Error

!ENTRY org.eclipse.cdt.core 4 0 2026-02-26 12:56:05.069
!MESSAGE Error

!ENTRY org.eclipse.cdt.core 4 0 2026-02-26 12:56:05.069
!MESSAGE Error

!ENTRY org.eclipse.cdt.core 4 0 2026-02-26 12:56:05.069
!MESSAGE Error

!ENTRY org.eclipse.cdt.core 4 0 2026-02-26 12:56:05.069
!MESSAGE Error

!ENTRY org.eclipse.cdt.core 4 0 2026-02-26 12:56:05.069
!MESSAGE Error

!ENTRY org.eclipse.cdt.core 4 0 2026-02-26 12:56:05.069
!MESSAGE Error

!ENTRY org.eclipse.cdt.core 4 0 2026-02-26 12:56:05.069
!MESSAGE Error

!ENTRY org.eclipse.cdt.core 4 0 2026-02-26 12:56:08.144
!MESSAGE Error

!ENTRY org.eclipse.cdt.core 4 0 2026-02-26 12:56:08.148
!MESSAGE Error

!ENTRY org.eclipse.cdt.core 4 0 2026-02-26 12:56:08.150
!MESSAGE Error

!ENTRY org.eclipse.cdt.core 4 0 2026-02-26 12:56:08.150
!MESSAGE Error

!ENTRY org.eclipse.cdt.core 4 0 2026-02-26 12:56:08.150
!MESSAGE Error

!ENTRY org.eclipse.cdt.core 4 0 2026-02-26 12:56:08.151
!MESSAGE Error

!ENTRY org.eclipse.cdt.core 4 0 2026-02-26 12:56:08.151
!MESSAGE Error

!ENTRY org.eclipse.cdt.core 4 0 2026-02-26 12:56:08.152
!MESSAGE Error

!ENTRY org.eclipse.cdt.core 4 0 2026-02-26 12:56:08.152
!MESSAGE Error

!ENTRY org.eclipse.cdt.core 4 0 2026-02-26 12:56:08.152
!MESSAGE Error

!ENTRY org.eclipse.cdt.core 4 0 2026-02-26 12:56:08.153
!MESSAGE Error

!ENTRY org.eclipse.cdt.core 4 0 2026-02-26 12:56:08.154
!MESSAGE Error

!ENTRY org.eclipse.cdt.core 4 0 2026-02-26 12:56:08.154
!MESSAGE Error

!ENTRY org.eclipse.cdt.core 4 0 2026-02-26 12:56:08.154
!MESSAGE Error

!ENTRY org.eclipse.cdt.core 4 0 2026-02-26 12:56:08.155
!MESSAGE Error

!ENTRY org.eclipse.cdt.core 4 0 2026-02-26 12:56:08.155
!MESSAGE Error

!ENTRY org.eclipse.cdt.core 4 0 2026-02-26 12:56:08.156
!MESSAGE Error

!ENTRY org.eclipse.cdt.core 4 0 2026-02-26 12:56:08.156
!MESSAGE Error

!ENTRY org.eclipse.cdt.core 4 0 2026-02-26 12:56:08.156
!MESSAGE Error

!ENTRY org.eclipse.cdt.core 4 0 2026-02-26 12:56:08.157
!MESSAGE Error

!ENTRY org.eclipse.cdt.core 4 0 2026-02-26 12:56:08.157
!MESSAGE Error

!ENTRY org.eclipse.cdt.core 4 0 2026-02-26 12:56:08.157
!MESSAGE Error

!ENTRY org.eclipse.cdt.core 4 0 2026-02-26 12:56:08.158
!MESSAGE Error

!ENTRY org.eclipse.cdt.core 4 0 2026-02-26 12:56:08.158
!MESSAGE Error

!ENTRY org.eclipse.cdt.core 4 0 2026-02-26 12:56:08.158
!MESSAGE Error

!ENTRY org.eclipse.cdt.core 4 0 2026-02-26 12:56:08.159
!MESSAGE Error

!ENTRY org.eclipse.cdt.core 4 0 2026-02-26 12:56:08.159
!MESSAGE Error

!ENTRY org.eclipse.cdt.core 4 0 2026-02-26 12:56:08.160
!MESSAGE Error

!ENTRY org.eclipse.cdt.core 4 0 2026-02-26 12:56:08.160
!MESSAGE Error

!ENTRY org.eclipse.cdt.core 4 0 2026-02-26 12:56:08.161
!MESSAGE Error

!ENTRY org.eclipse.cdt.core 4 0 2026-02-26 12:56:08.161
!MESSAGE Error

!ENTRY org.eclipse.cdt.core 4 0 2026-02-26 12:56:08.161
!MESSAGE Error

!ENTRY org.eclipse.cdt.core 4 0 2026-02-26 12:56:08.162
!MESSAGE Error

!ENTRY org.eclipse.cdt.core 4 0 2026-02-26 12:56:08.162
!MESSAGE Error

!ENTRY org.eclipse.cdt.core 4 0 2026-02-26 12:56:08.162
!MESSAGE Error

!ENTRY org.eclipse.cdt.core 4 0 2026-02-26 12:56:08.163
!MESSAGE Error

!ENTRY org.eclipse.cdt.core 4 0 2026-02-26 12:56:08.163
!MESSAGE Error

!ENTRY org.eclipse.cdt.core 4 0 2026-02-26 12:56:08.164
!MESSAGE Error

!ENTRY org.eclipse.cdt.core 4 0 2026-02-26 12:56:08.164
!MESSAGE Error

!ENTRY org.eclipse.cdt.core 4 0 2026-02-26 12:56:08.164
!MESSAGE Error

!ENTRY org.eclipse.cdt.core 4 0 2026-02-26 12:56:08.165
!MESSAGE Error

!ENTRY org.eclipse.cdt.core 4 0 2026-02-26 12:56:08.165
!MESSAGE Error

!ENTRY org.eclipse.cdt.core 4 0 2026-02-26 12:56:08.165
!MESSAGE Error

!ENTRY org.eclipse.cdt.core 4 0 2026-02-26 12:56:08.166
!MESSAGE Error

!ENTRY org.eclipse.cdt.core 4 0 2026-02-26 12:56:08.166
!MESSAGE Error

!ENTRY org.eclipse.cdt.core 4 0 2026-02-26 12:56:08.166
!MESSAGE Error

!ENTRY org.eclipse.cdt.core 4 0 2026-02-26 12:56:08.166
!MESSAGE Error

!ENTRY org.eclipse.cdt.core 4 0 2026-02-26 12:56:08.166
!MESSAGE Error

!ENTRY org.eclipse.cdt.core 4 0 2026-02-26 12:56:08.167
!MESSAGE Error

!ENTRY org.eclipse.cdt.core 4 0 2026-02-26 12:56:08.167
!MESSAGE Error

!ENTRY org.eclipse.cdt.core 4 0 2026-02-26 12:56:08.167
!MESSAGE Error

!ENTRY org.eclipse.cdt.core 4 0 2026-02-26 12:56:08.167
!MESSAGE Error

!ENTRY org.eclipse.cdt.core 4 0 2026-02-26 12:56:08.167
!MESSAGE Error

!ENTRY org.eclipse.cdt.core 4 0 2026-02-26 12:56:08.167
!MESSAGE Error

!ENTRY org.eclipse.cdt.core 4 0 2026-02-26 12:56:08.167
!MESSAGE Error

!ENTRY org.eclipse.cdt.core 4 0 2026-02-26 12:56:08.167
!MESSAGE Error

!ENTRY org.eclipse.cdt.core 4 0 2026-02-26 12:56:08.167
!MESSAGE Error

!ENTRY org.eclipse.cdt.core 4 0 2026-02-26 12:56:08.168
!MESSAGE Error

!ENTRY org.eclipse.cdt.core 4 0 2026-02-26 12:56:08.168
!MESSAGE Error

!ENTRY org.eclipse.cdt.core 4 0 2026-02-26 12:56:08.168
!MESSAGE Error

!ENTRY org.eclipse.cdt.core 4 0 2026-02-26 12:56:12.231
!MESSAGE Error

!ENTRY org.eclipse.cdt.core 4 0 2026-02-26 12:56:12.236
!MESSAGE Error

!ENTRY org.eclipse.cdt.core 4 0 2026-02-26 12:56:12.238
!MESSAGE Error

!ENTRY org.eclipse.cdt.core 4 0 2026-02-26 12:56:12.238
!MESSAGE Error

!ENTRY org.eclipse.cdt.core 4 0 2026-02-26 12:56:12.238
!MESSAGE Error

!ENTRY org.eclipse.cdt.core 4 0 2026-02-26 12:56:12.239
!MESSAGE Error

!ENTRY org.eclipse.cdt.core 4 0 2026-02-26 12:56:12.239
!MESSAGE Error

!ENTRY org.eclipse.cdt.core 4 0 2026-02-26 12:56:12.239
!MESSAGE Error

!ENTRY org.eclipse.cdt.core 4 0 2026-02-26 12:56:12.240
!MESSAGE Error

!ENTRY org.eclipse.cdt.core 4 0 2026-02-26 12:56:12.240
!MESSAGE Error

!ENTRY org.eclipse.cdt.core 4 0 2026-02-26 12:56:12.240
!MESSAGE Error

!ENTRY org.eclipse.cdt.core 4 0 2026-02-26 12:56:12.241
!MESSAGE Error

!ENTRY org.eclipse.cdt.core 4 0 2026-02-26 12:56:12.241
!MESSAGE Error

!ENTRY org.eclipse.cdt.core 4 0 2026-02-26 12:56:12.242
!MESSAGE Error

!ENTRY org.eclipse.cdt.core 4 0 2026-02-26 12:56:12.242
!MESSAGE Error

!ENTRY org.eclipse.cdt.core 4 0 2026-02-26 12:56:12.243
!MESSAGE Error

!ENTRY org.eclipse.cdt.core 4 0 2026-02-26 12:56:12.243
!MESSAGE Error

!ENTRY org.eclipse.cdt.core 4 0 2026-02-26 12:56:12.243
!MESSAGE Error

!ENTRY org.eclipse.cdt.core 4 0 2026-02-26 12:56:12.244
!MESSAGE Error

!ENTRY org.eclipse.cdt.core 4 0 2026-02-26 12:56:12.244
!MESSAGE Error

!ENTRY org.eclipse.cdt.core 4 0 2026-02-26 12:56:12.244
!MESSAGE Error

!ENTRY org.eclipse.cdt.core 4 0 2026-02-26 12:56:12.245
!MESSAGE Error

!ENTRY org.eclipse.cdt.core 4 0 2026-02-26 12:56:12.245
!MESSAGE Error

!ENTRY org.eclipse.cdt.core 4 0 2026-02-26 12:56:12.245
!MESSAGE Error

!ENTRY org.eclipse.cdt.core 4 0 2026-02-26 12:56:12.246
!MESSAGE Error

!ENTRY org.eclipse.cdt.core 4 0 2026-02-26 12:56:12.246
!MESSAGE Error

!ENTRY org.eclipse.cdt.core 4 0 2026-02-26 12:56:12.246
!MESSAGE Error

!ENTRY org.eclipse.cdt.core 4 0 2026-02-26 12:56:12.247
!MESSAGE Error

!ENTRY org.eclipse.cdt.core 4 0 2026-02-26 12:56:12.247
!MESSAGE Error

!ENTRY org.eclipse.cdt.core 4 0 2026-02-26 12:56:12.247
!MESSAGE Error

!ENTRY org.eclipse.cdt.core 4 0 2026-02-26 12:56:12.247
!MESSAGE Error

!ENTRY org.eclipse.cdt.core 4 0 2026-02-26 12:56:12.247
!MESSAGE Error

!ENTRY org.eclipse.cdt.core 4 0 2026-02-26 12:56:12.247
!MESSAGE Error

!ENTRY org.eclipse.cdt.core 4 0 2026-02-26 12:56:12.248
!MESSAGE Error

!ENTRY org.eclipse.cdt.core 4 0 2026-02-26 12:56:12.248
!MESSAGE Error

!ENTRY org.eclipse.cdt.core 4 0 2026-02-26 12:56:12.248
!MESSAGE Error

!ENTRY org.eclipse.cdt.core 4 0 2026-02-26 12:56:12.248
!MESSAGE Error

!ENTRY org.eclipse.cdt.core 4 0 2026-02-26 12:56:12.248
!MESSAGE Error

!ENTRY org.eclipse.cdt.core 4 0 2026-02-26 12:56:12.248
!MESSAGE Error

!ENTRY org.eclipse.cdt.core 4 0 2026-02-26 12:56:12.249
!MESSAGE Error

!ENTRY org.eclipse.cdt.core 4 0 2026-02-26 12:56:12.249
!MESSAGE Error

!ENTRY org.eclipse.cdt.core 4 0 2026-02-26 12:56:12.249
!MESSAGE Error

!ENTRY org.eclipse.cdt.core 4 0 2026-02-26 12:56:12.249
!MESSAGE Error

!ENTRY org.eclipse.cdt.core 4 0 2026-02-26 12:56:12.249
!MESSAGE Error

!ENTRY org.eclipse.cdt.core 4 0 2026-02-26 12:56:12.249
!MESSAGE Error

!ENTRY org.eclipse.cdt.core 4 0 2026-02-26 12:56:12.249
!MESSAGE Error

!ENTRY org.eclipse.cdt.core 4 0 2026-02-26 12:56:12.250
!MESSAGE Error

!ENTRY org.eclipse.cdt.core 4 0 2026-02-26 12:56:12.250
!MESSAGE Error

!ENTRY org.eclipse.cdt.core 4 0 2026-02-26 12:56:12.250
!MESSAGE Error

!ENTRY org.eclipse.cdt.core 4 0 2026-02-26 12:56:12.250
!MESSAGE Error

!ENTRY org.eclipse.cdt.core 4 0 2026-02-26 12:56:12.250
!MESSAGE Error

!ENTRY org.eclipse.cdt.core 4 0 2026-02-26 12:56:12.251
!MESSAGE Error

!ENTRY org.eclipse.cdt.core 4 0 2026-02-26 12:56:12.251
!MESSAGE Error

!ENTRY org.eclipse.cdt.core 4 0 2026-02-26 12:56:12.251
!MESSAGE Error

!ENTRY org.eclipse.cdt.core 4 0 2026-02-26 12:56:12.251
!MESSAGE Error

!ENTRY org.eclipse.cdt.core 4 0 2026-02-26 12:56:12.252
!MESSAGE Error

!ENTRY org.eclipse.cdt.core 4 0 2026-02-26 12:56:12.252
!MESSAGE Error

!ENTRY org.eclipse.cdt.core 4 0 2026-02-26 12:56:12.252
!MESSAGE Error

!ENTRY org.eclipse.cdt.core 4 0 2026-02-26 12:56:12.252
!MESSAGE Error

!ENTRY org.eclipse.cdt.core 4 0 2026-02-26 12:56:12.252
!MESSAGE Error

!ENTRY org.eclipse.cdt.core 4 0 2026-02-26 12:56:14.811
!MESSAGE Error

!ENTRY org.eclipse.cdt.core 4 0 2026-02-26 12:56:14.815
!MESSAGE Error

!ENTRY org.eclipse.cdt.core 4 0 2026-02-26 12:56:14.817
!MESSAGE Error

!ENTRY org.eclipse.cdt.core 4 0 2026-02-26 12:56:14.817
!MESSAGE Error

!ENTRY org.eclipse.cdt.core 4 0 2026-02-26 12:56:14.818
!MESSAGE Error

!ENTRY org.eclipse.cdt.core 4 0 2026-02-26 12:56:14.818
!MESSAGE Error

!ENTRY org.eclipse.cdt.core 4 0 2026-02-26 12:56:14.819
!MESSAGE Error

!ENTRY org.eclipse.cdt.core 4 0 2026-02-26 12:56:14.819
!MESSAGE Error

!ENTRY org.eclipse.cdt.core 4 0 2026-02-26 12:56:14.820
!MESSAGE Error

!ENTRY org.eclipse.cdt.core 4 0 2026-02-26 12:56:14.820
!MESSAGE Error

!ENTRY org.eclipse.cdt.core 4 0 2026-02-26 12:56:14.820
!MESSAGE Error

!ENTRY org.eclipse.cdt.core 4 0 2026-02-26 12:56:14.821
!MESSAGE Error

!ENTRY org.eclipse.cdt.core 4 0 2026-02-26 12:56:14.821
!MESSAGE Error

!ENTRY org.eclipse.cdt.core 4 0 2026-02-26 12:56:14.821
!MESSAGE Error

!ENTRY org.eclipse.cdt.core 4 0 2026-02-26 12:56:14.822
!MESSAGE Error

!ENTRY org.eclipse.cdt.core 4 0 2026-02-26 12:56:14.822
!MESSAGE Error

!ENTRY org.eclipse.cdt.core 4 0 2026-02-26 12:56:14.822
!MESSAGE Error

!ENTRY org.eclipse.cdt.core 4 0 2026-02-26 12:56:14.823
!MESSAGE Error

!ENTRY org.eclipse.cdt.core 4 0 2026-02-26 12:56:14.823
!MESSAGE Error

!ENTRY org.eclipse.cdt.core 4 0 2026-02-26 12:56:14.823
!MESSAGE Error

!ENTRY org.eclipse.cdt.core 4 0 2026-02-26 12:56:14.824
!MESSAGE Error

!ENTRY org.eclipse.cdt.core 4 0 2026-02-26 12:56:14.824
!MESSAGE Error

!ENTRY org.eclipse.cdt.core 4 0 2026-02-26 12:56:14.824
!MESSAGE Error

!ENTRY org.eclipse.cdt.core 4 0 2026-02-26 12:56:14.825
!MESSAGE Error

!ENTRY org.eclipse.cdt.core 4 0 2026-02-26 12:56:14.825
!MESSAGE Error

!ENTRY org.eclipse.cdt.core 4 0 2026-02-26 12:56:14.825
!MESSAGE Error

!ENTRY org.eclipse.cdt.core 4 0 2026-02-26 12:56:14.826
!MESSAGE Error

!ENTRY org.eclipse.cdt.core 4 0 2026-02-26 12:56:14.826
!MESSAGE Error

!ENTRY org.eclipse.cdt.core 4 0 2026-02-26 12:56:14.826
!MESSAGE Error

!ENTRY org.eclipse.cdt.core 4 0 2026-02-26 12:56:14.826
!MESSAGE Error

!ENTRY org.eclipse.cdt.core 4 0 2026-02-26 12:56:14.826
!MESSAGE Error

!ENTRY org.eclipse.cdt.core 4 0 2026-02-26 12:56:14.827
!MESSAGE Error

!ENTRY org.eclipse.cdt.core 4 0 2026-02-26 12:56:14.827
!MESSAGE Error

!ENTRY org.eclipse.cdt.core 4 0 2026-02-26 12:56:14.827
!MESSAGE Error

!ENTRY org.eclipse.cdt.core 4 0 2026-02-26 12:56:14.827
!MESSAGE Error

!ENTRY org.eclipse.cdt.core 4 0 2026-02-26 12:56:14.827
!MESSAGE Error

!ENTRY org.eclipse.cdt.core 4 0 2026-02-26 12:56:14.827
!MESSAGE Error

!ENTRY org.eclipse.cdt.core 4 0 2026-02-26 12:56:14.827
!MESSAGE Error

!ENTRY org.eclipse.cdt.core 4 0 2026-02-26 12:56:14.828
!MESSAGE Error

!ENTRY org.eclipse.cdt.core 4 0 2026-02-26 12:56:14.828
!MESSAGE Error

!ENTRY org.eclipse.cdt.core 4 0 2026-02-26 12:56:14.828
!MESSAGE Error

!ENTRY org.eclipse.cdt.core 4 0 2026-02-26 12:56:14.828
!MESSAGE Error

!ENTRY org.eclipse.cdt.core 4 0 2026-02-26 12:56:14.828
!MESSAGE Error

!ENTRY org.eclipse.cdt.core 4 0 2026-02-26 12:56:14.828
!MESSAGE Error

!ENTRY org.eclipse.cdt.core 4 0 2026-02-26 12:56:14.828
!MESSAGE Error

!ENTRY org.eclipse.cdt.core 4 0 2026-02-26 12:56:14.828
!MESSAGE Error

!ENTRY org.eclipse.cdt.core 4 0 2026-02-26 12:56:14.828
!MESSAGE Error

!ENTRY org.eclipse.cdt.core 4 0 2026-02-26 12:56:14.829
!MESSAGE Error

!ENTRY org.eclipse.cdt.core 4 0 2026-02-26 12:56:14.829
!MESSAGE Error

!ENTRY org.eclipse.cdt.core 4 0 2026-02-26 12:56:14.829
!MESSAGE Error

!ENTRY org.eclipse.cdt.core 4 0 2026-02-26 12:56:14.829
!MESSAGE Error

!ENTRY org.eclipse.cdt.core 4 0 2026-02-26 12:56:14.829
!MESSAGE Error

!ENTRY org.eclipse.cdt.core 4 0 2026-02-26 12:56:14.829
!MESSAGE Error

!ENTRY org.eclipse.cdt.core 4 0 2026-02-26 12:56:14.829
!MESSAGE Error

!ENTRY org.eclipse.cdt.core 4 0 2026-02-26 12:56:14.830
!MESSAGE Error

!ENTRY org.eclipse.cdt.core 4 0 2026-02-26 12:56:14.830
!MESSAGE Error

!ENTRY org.eclipse.cdt.core 4 0 2026-02-26 12:56:14.830
!MESSAGE Error

!ENTRY org.eclipse.cdt.core 4 0 2026-02-26 12:56:14.830
!MESSAGE Error

!ENTRY org.eclipse.cdt.core 4 0 2026-02-26 12:56:14.830
!MESSAGE Error

!ENTRY org.eclipse.cdt.core 4 0 2026-02-26 12:56:14.830
!MESSAGE Error

!ENTRY org.eclipse.cdt.core 4 0 2026-02-26 12:56:22.498
!MESSAGE Error

!ENTRY org.eclipse.cdt.core 4 0 2026-02-26 12:56:22.502
!MESSAGE Error

!ENTRY org.eclipse.cdt.core 4 0 2026-02-26 12:56:22.504
!MESSAGE Error

!ENTRY org.eclipse.cdt.core 4 0 2026-02-26 12:56:22.504
!MESSAGE Error

!ENTRY org.eclipse.cdt.core 4 0 2026-02-26 12:56:22.505
!MESSAGE Error

!ENTRY org.eclipse.cdt.core 4 0 2026-02-26 12:56:22.505
!MESSAGE Error

!ENTRY org.eclipse.cdt.core 4 0 2026-02-26 12:56:22.505
!MESSAGE Error

!ENTRY org.eclipse.cdt.core 4 0 2026-02-26 12:56:22.506
!MESSAGE Error

!ENTRY org.eclipse.cdt.core 4 0 2026-02-26 12:56:22.506
!MESSAGE Error

!ENTRY org.eclipse.cdt.core 4 0 2026-02-26 12:56:22.507
!MESSAGE Error

!ENTRY org.eclipse.cdt.core 4 0 2026-02-26 12:56:22.507
!MESSAGE Error

!ENTRY org.eclipse.cdt.core 4 0 2026-02-26 12:56:22.507
!MESSAGE Error

!ENTRY org.eclipse.cdt.core 4 0 2026-02-26 12:56:22.508
!MESSAGE Error

!ENTRY org.eclipse.cdt.core 4 0 2026-02-26 12:56:22.508
!MESSAGE Error

!ENTRY org.eclipse.cdt.core 4 0 2026-02-26 12:56:22.508
!MESSAGE Error

!ENTRY org.eclipse.cdt.core 4 0 2026-02-26 12:56:22.509
!MESSAGE Error

!ENTRY org.eclipse.cdt.core 4 0 2026-02-26 12:56:22.509
!MESSAGE Error

!ENTRY org.eclipse.cdt.core 4 0 2026-02-26 12:56:22.509
!MESSAGE Error

!ENTRY org.eclipse.cdt.core 4 0 2026-02-26 12:56:22.509
!MESSAGE Error

!ENTRY org.eclipse.cdt.core 4 0 2026-02-26 12:56:22.510
!MESSAGE Error

!ENTRY org.eclipse.cdt.core 4 0 2026-02-26 12:56:22.510
!MESSAGE Error

!ENTRY org.eclipse.cdt.core 4 0 2026-02-26 12:56:22.510
!MESSAGE Error

!ENTRY org.eclipse.cdt.core 4 0 2026-02-26 12:56:22.511
!MESSAGE Error

!ENTRY org.eclipse.cdt.core 4 0 2026-02-26 12:56:22.511
!MESSAGE Error

!ENTRY org.eclipse.cdt.core 4 0 2026-02-26 12:56:22.511
!MESSAGE Error

!ENTRY org.eclipse.cdt.core 4 0 2026-02-26 12:56:22.512
!MESSAGE Error

!ENTRY org.eclipse.cdt.core 4 0 2026-02-26 12:56:22.513
!MESSAGE Error

!ENTRY org.eclipse.cdt.core 4 0 2026-02-26 12:56:22.513
!MESSAGE Error

!ENTRY org.eclipse.cdt.core 4 0 2026-02-26 12:56:22.514
!MESSAGE Error

!ENTRY org.eclipse.cdt.core 4 0 2026-02-26 12:56:22.514
!MESSAGE Error

!ENTRY org.eclipse.cdt.core 4 0 2026-02-26 12:56:22.514
!MESSAGE Error

!ENTRY org.eclipse.cdt.core 4 0 2026-02-26 12:56:22.515
!MESSAGE Error

!ENTRY org.eclipse.cdt.core 4 0 2026-02-26 12:56:22.515
!MESSAGE Error

!ENTRY org.eclipse.cdt.core 4 0 2026-02-26 12:56:22.515
!MESSAGE Error

!ENTRY org.eclipse.cdt.core 4 0 2026-02-26 12:56:22.516
!MESSAGE Error

!ENTRY org.eclipse.cdt.core 4 0 2026-02-26 12:56:22.516
!MESSAGE Error

!ENTRY org.eclipse.cdt.core 4 0 2026-02-26 12:56:22.516
!MESSAGE Error

!ENTRY org.eclipse.cdt.core 4 0 2026-02-26 12:56:22.516
!MESSAGE Error

!ENTRY org.eclipse.cdt.core 4 0 2026-02-26 12:56:22.517
!MESSAGE Error

!ENTRY org.eclipse.cdt.core 4 0 2026-02-26 12:56:22.517
!MESSAGE Error

!ENTRY org.eclipse.cdt.core 4 0 2026-02-26 12:56:22.517
!MESSAGE Error

!ENTRY org.eclipse.cdt.core 4 0 2026-02-26 12:56:22.518
!MESSAGE Error

!ENTRY org.eclipse.cdt.core 4 0 2026-02-26 12:56:22.518
!MESSAGE Error

!ENTRY org.eclipse.cdt.core 4 0 2026-02-26 12:56:22.518
!MESSAGE Error

!ENTRY org.eclipse.cdt.core 4 0 2026-02-26 12:56:22.519
!MESSAGE Error

!ENTRY org.eclipse.cdt.core 4 0 2026-02-26 12:56:22.519
!MESSAGE Error

!ENTRY org.eclipse.cdt.core 4 0 2026-02-26 12:56:22.519
!MESSAGE Error

!ENTRY org.eclipse.cdt.core 4 0 2026-02-26 12:56:22.520
!MESSAGE Error

!ENTRY org.eclipse.cdt.core 4 0 2026-02-26 12:56:22.520
!MESSAGE Error

!ENTRY org.eclipse.cdt.core 4 0 2026-02-26 12:56:22.520
!MESSAGE Error

!ENTRY org.eclipse.cdt.core 4 0 2026-02-26 12:56:22.521
!MESSAGE Error

!ENTRY org.eclipse.cdt.core 4 0 2026-02-26 12:56:22.521
!MESSAGE Error

!ENTRY org.eclipse.cdt.core 4 0 2026-02-26 12:56:22.522
!MESSAGE Error

!ENTRY org.eclipse.cdt.core 4 0 2026-02-26 12:56:22.522
!MESSAGE Error

!ENTRY org.eclipse.cdt.core 4 0 2026-02-26 12:56:22.522
!MESSAGE Error

!ENTRY org.eclipse.cdt.core 4 0 2026-02-26 12:56:22.523
!MESSAGE Error

!ENTRY org.eclipse.cdt.core 4 0 2026-02-26 12:56:22.523
!MESSAGE Error

!ENTRY org.eclipse.cdt.core 4 0 2026-02-26 12:56:22.523
!MESSAGE Error

!ENTRY org.eclipse.cdt.core 4 0 2026-02-26 12:56:22.523
!MESSAGE Error

!ENTRY org.eclipse.cdt.core 4 0 2026-02-26 12:56:22.523
!MESSAGE Error

!ENTRY org.eclipse.cdt.core 4 0 2026-02-26 12:56:27.131
!MESSAGE Error

!ENTRY org.eclipse.cdt.core 4 0 2026-02-26 12:56:27.137
!MESSAGE Error

!ENTRY org.eclipse.cdt.core 4 0 2026-02-26 12:56:27.139
!MESSAGE Error

!ENTRY org.eclipse.cdt.core 4 0 2026-02-26 12:56:27.139
!MESSAGE Error

!ENTRY org.eclipse.cdt.core 4 0 2026-02-26 12:56:27.139
!MESSAGE Error

!ENTRY org.eclipse.cdt.core 4 0 2026-02-26 12:56:27.140
!MESSAGE Error

!ENTRY org.eclipse.cdt.core 4 0 2026-02-26 12:56:27.140
!MESSAGE Error

!ENTRY org.eclipse.cdt.core 4 0 2026-02-26 12:56:27.141
!MESSAGE Error

!ENTRY org.eclipse.cdt.core 4 0 2026-02-26 12:56:27.141
!MESSAGE Error

!ENTRY org.eclipse.cdt.core 4 0 2026-02-26 12:56:27.141
!MESSAGE Error

!ENTRY org.eclipse.cdt.core 4 0 2026-02-26 12:56:27.141
!MESSAGE Error

!ENTRY org.eclipse.cdt.core 4 0 2026-02-26 12:56:27.142
!MESSAGE Error

!ENTRY org.eclipse.cdt.core 4 0 2026-02-26 12:56:27.142
!MESSAGE Error

!ENTRY org.eclipse.cdt.core 4 0 2026-02-26 12:56:27.142
!MESSAGE Error

!ENTRY org.eclipse.cdt.core 4 0 2026-02-26 12:56:27.143
!MESSAGE Error

!ENTRY org.eclipse.cdt.core 4 0 2026-02-26 12:56:27.143
!MESSAGE Error

!ENTRY org.eclipse.cdt.core 4 0 2026-02-26 12:56:27.144
!MESSAGE Error

!ENTRY org.eclipse.cdt.core 4 0 2026-02-26 12:56:27.144
!MESSAGE Error

!ENTRY org.eclipse.cdt.core 4 0 2026-02-26 12:56:27.144
!MESSAGE Error

!ENTRY org.eclipse.cdt.core 4 0 2026-02-26 12:56:27.145
!MESSAGE Error

!ENTRY org.eclipse.cdt.core 4 0 2026-02-26 12:56:27.145
!MESSAGE Error

!ENTRY org.eclipse.cdt.core 4 0 2026-02-26 12:56:27.145
!MESSAGE Error

!ENTRY org.eclipse.cdt.core 4 0 2026-02-26 12:56:27.146
!MESSAGE Error

!ENTRY org.eclipse.cdt.core 4 0 2026-02-26 12:56:27.146
!MESSAGE Error

!ENTRY org.eclipse.cdt.core 4 0 2026-02-26 12:56:27.147
!MESSAGE Error

!ENTRY org.eclipse.cdt.core 4 0 2026-02-26 12:56:27.147
!MESSAGE Error

!ENTRY org.eclipse.cdt.core 4 0 2026-02-26 12:56:27.147
!MESSAGE Error

!ENTRY org.eclipse.cdt.core 4 0 2026-02-26 12:56:27.147
!MESSAGE Error

!ENTRY org.eclipse.cdt.core 4 0 2026-02-26 12:56:27.148
!MESSAGE Error

!ENTRY org.eclipse.cdt.core 4 0 2026-02-26 12:56:27.148
!MESSAGE Error

!ENTRY org.eclipse.cdt.core 4 0 2026-02-26 12:56:27.148
!MESSAGE Error

!ENTRY org.eclipse.cdt.core 4 0 2026-02-26 12:56:27.148
!MESSAGE Error

!ENTRY org.eclipse.cdt.core 4 0 2026-02-26 12:56:27.149
!MESSAGE Error

!ENTRY org.eclipse.cdt.core 4 0 2026-02-26 12:56:27.149
!MESSAGE Error

!ENTRY org.eclipse.cdt.core 4 0 2026-02-26 12:56:27.149
!MESSAGE Error

!ENTRY org.eclipse.cdt.core 4 0 2026-02-26 12:56:27.150
!MESSAGE Error

!ENTRY org.eclipse.cdt.core 4 0 2026-02-26 12:56:27.150
!MESSAGE Error

!ENTRY org.eclipse.cdt.core 4 0 2026-02-26 12:56:27.151
!MESSAGE Error

!ENTRY org.eclipse.cdt.core 4 0 2026-02-26 12:56:27.151
!MESSAGE Error

!ENTRY org.eclipse.cdt.core 4 0 2026-02-26 12:56:27.151
!MESSAGE Error

!ENTRY org.eclipse.cdt.core 4 0 2026-02-26 12:56:27.152
!MESSAGE Error

!ENTRY org.eclipse.cdt.core 4 0 2026-02-26 12:56:27.152
!MESSAGE Error

!ENTRY org.eclipse.cdt.core 4 0 2026-02-26 12:56:27.153
!MESSAGE Error

!ENTRY org.eclipse.cdt.core 4 0 2026-02-26 12:56:27.153
!MESSAGE Error

!ENTRY org.eclipse.cdt.core 4 0 2026-02-26 12:56:27.153
!MESSAGE Error

!ENTRY org.eclipse.cdt.core 4 0 2026-02-26 12:56:27.154
!MESSAGE Error

!ENTRY org.eclipse.cdt.core 4 0 2026-02-26 12:56:27.154
!MESSAGE Error

!ENTRY org.eclipse.cdt.core 4 0 2026-02-26 12:56:27.154
!MESSAGE Error

!ENTRY org.eclipse.cdt.core 4 0 2026-02-26 12:56:27.155
!MESSAGE Error

!ENTRY org.eclipse.cdt.core 4 0 2026-02-26 12:56:27.155
!MESSAGE Error

!ENTRY org.eclipse.cdt.core 4 0 2026-02-26 12:56:27.155
!MESSAGE Error

!ENTRY org.eclipse.cdt.core 4 0 2026-02-26 12:56:27.156
!MESSAGE Error

!ENTRY org.eclipse.cdt.core 4 0 2026-02-26 12:56:27.156
!MESSAGE Error

!ENTRY org.eclipse.cdt.core 4 0 2026-02-26 12:56:27.156
!MESSAGE Error

!ENTRY org.eclipse.cdt.core 4 0 2026-02-26 12:56:27.156
!MESSAGE Error

!ENTRY org.eclipse.cdt.core 4 0 2026-02-26 12:56:27.156
!MESSAGE Error

!ENTRY org.eclipse.cdt.core 4 0 2026-02-26 12:56:27.157
!MESSAGE Error

!ENTRY org.eclipse.cdt.core 4 0 2026-02-26 12:56:27.157
!MESSAGE Error

!ENTRY org.eclipse.cdt.core 4 0 2026-02-26 12:56:27.157
!MESSAGE Error

!ENTRY org.eclipse.cdt.core 4 0 2026-02-26 12:56:27.157
!MESSAGE Error

!ENTRY org.eclipse.cdt.core 4 0 2026-02-26 12:56:30.219
!MESSAGE Error

!ENTRY org.eclipse.cdt.core 4 0 2026-02-26 12:56:30.222
!MESSAGE Error

!ENTRY org.eclipse.cdt.core 4 0 2026-02-26 12:56:30.223
!MESSAGE Error

!ENTRY org.eclipse.cdt.core 4 0 2026-02-26 12:56:30.223
!MESSAGE Error

!ENTRY org.eclipse.cdt.core 4 0 2026-02-26 12:56:30.223
!MESSAGE Error

!ENTRY org.eclipse.cdt.core 4 0 2026-02-26 12:56:30.224
!MESSAGE Error

!ENTRY org.eclipse.cdt.core 4 0 2026-02-26 12:56:30.224
!MESSAGE Error

!ENTRY org.eclipse.cdt.core 4 0 2026-02-26 12:56:30.225
!MESSAGE Error

!ENTRY org.eclipse.cdt.core 4 0 2026-02-26 12:56:30.225
!MESSAGE Error

!ENTRY org.eclipse.cdt.core 4 0 2026-02-26 12:56:30.225
!MESSAGE Error

!ENTRY org.eclipse.cdt.core 4 0 2026-02-26 12:56:30.226
!MESSAGE Error

!ENTRY org.eclipse.cdt.core 4 0 2026-02-26 12:56:30.226
!MESSAGE Error

!ENTRY org.eclipse.cdt.core 4 0 2026-02-26 12:56:30.226
!MESSAGE Error

!ENTRY org.eclipse.cdt.core 4 0 2026-02-26 12:56:30.226
!MESSAGE Error

!ENTRY org.eclipse.cdt.core 4 0 2026-02-26 12:56:30.226
!MESSAGE Error

!ENTRY org.eclipse.cdt.core 4 0 2026-02-26 12:56:30.227
!MESSAGE Error

!ENTRY org.eclipse.cdt.core 4 0 2026-02-26 12:56:30.227
!MESSAGE Error

!ENTRY org.eclipse.cdt.core 4 0 2026-02-26 12:56:30.227
!MESSAGE Error

!ENTRY org.eclipse.cdt.core 4 0 2026-02-26 12:56:30.227
!MESSAGE Error

!ENTRY org.eclipse.cdt.core 4 0 2026-02-26 12:56:30.227
!MESSAGE Error

!ENTRY org.eclipse.cdt.core 4 0 2026-02-26 12:56:30.228
!MESSAGE Error

!ENTRY org.eclipse.cdt.core 4 0 2026-02-26 12:56:30.228
!MESSAGE Error

!ENTRY org.eclipse.cdt.core 4 0 2026-02-26 12:56:30.228
!MESSAGE Error

!ENTRY org.eclipse.cdt.core 4 0 2026-02-26 12:56:30.229
!MESSAGE Error

!ENTRY org.eclipse.cdt.core 4 0 2026-02-26 12:56:30.229
!MESSAGE Error

!ENTRY org.eclipse.cdt.core 4 0 2026-02-26 12:56:30.229
!MESSAGE Error

!ENTRY org.eclipse.cdt.core 4 0 2026-02-26 12:56:30.229
!MESSAGE Error

!ENTRY org.eclipse.cdt.core 4 0 2026-02-26 12:56:30.229
!MESSAGE Error

!ENTRY org.eclipse.cdt.core 4 0 2026-02-26 12:56:30.229
!MESSAGE Error

!ENTRY org.eclipse.cdt.core 4 0 2026-02-26 12:56:30.229
!MESSAGE Error

!ENTRY org.eclipse.cdt.core 4 0 2026-02-26 12:56:30.230
!MESSAGE Error

!ENTRY org.eclipse.cdt.core 4 0 2026-02-26 12:56:30.230
!MESSAGE Error

!ENTRY org.eclipse.cdt.core 4 0 2026-02-26 12:56:30.230
!MESSAGE Error

!ENTRY org.eclipse.cdt.core 4 0 2026-02-26 12:56:30.230
!MESSAGE Error

!ENTRY org.eclipse.cdt.core 4 0 2026-02-26 12:56:30.230
!MESSAGE Error

!ENTRY org.eclipse.cdt.core 4 0 2026-02-26 12:56:30.230
!MESSAGE Error

!ENTRY org.eclipse.cdt.core 4 0 2026-02-26 12:56:30.231
!MESSAGE Error

!ENTRY org.eclipse.cdt.core 4 0 2026-02-26 12:56:30.231
!MESSAGE Error

!ENTRY org.eclipse.cdt.core 4 0 2026-02-26 12:56:30.231
!MESSAGE Error

!ENTRY org.eclipse.cdt.core 4 0 2026-02-26 12:56:30.231
!MESSAGE Error

!ENTRY org.eclipse.cdt.core 4 0 2026-02-26 12:56:30.231
!MESSAGE Error

!ENTRY org.eclipse.cdt.core 4 0 2026-02-26 12:56:30.232
!MESSAGE Error

!ENTRY org.eclipse.cdt.core 4 0 2026-02-26 12:56:30.232
!MESSAGE Error

!ENTRY org.eclipse.cdt.core 4 0 2026-02-26 12:56:30.232
!MESSAGE Error

!ENTRY org.eclipse.cdt.core 4 0 2026-02-26 12:56:30.232
!MESSAGE Error

!ENTRY org.eclipse.cdt.core 4 0 2026-02-26 12:56:30.232
!MESSAGE Error

!ENTRY org.eclipse.cdt.core 4 0 2026-02-26 12:56:30.232
!MESSAGE Error

!ENTRY org.eclipse.cdt.core 4 0 2026-02-26 12:56:30.233
!MESSAGE Error

!ENTRY org.eclipse.cdt.core 4 0 2026-02-26 12:56:30.233
!MESSAGE Error

!ENTRY org.eclipse.cdt.core 4 0 2026-02-26 12:56:30.233
!MESSAGE Error

!ENTRY org.eclipse.cdt.core 4 0 2026-02-26 12:56:30.233
!MESSAGE Error

!ENTRY org.eclipse.cdt.core 4 0 2026-02-26 12:56:30.233
!MESSAGE Error

!ENTRY org.eclipse.cdt.core 4 0 2026-02-26 12:56:30.233
!MESSAGE Error

!ENTRY org.eclipse.cdt.core 4 0 2026-02-26 12:56:30.233
!MESSAGE Error

!ENTRY org.eclipse.cdt.core 4 0 2026-02-26 12:56:30.234
!MESSAGE Error

!ENTRY org.eclipse.cdt.core 4 0 2026-02-26 12:56:30.234
!MESSAGE Error

!ENTRY org.eclipse.cdt.core 4 0 2026-02-26 12:56:30.235
!MESSAGE Error

!ENTRY org.eclipse.cdt.core 4 0 2026-02-26 12:56:30.235
!MESSAGE Error

!ENTRY org.eclipse.cdt.core 4 0 2026-02-26 12:56:30.235
!MESSAGE Error

!ENTRY org.eclipse.cdt.core 4 0 2026-02-26 12:56:30.235
!MESSAGE Error

!ENTRY org.eclipse.cdt.core 4 0 2026-02-26 12:56:31.259
!MESSAGE Error

!ENTRY org.eclipse.cdt.core 4 0 2026-02-26 12:56:31.264
!MESSAGE Error

!ENTRY org.eclipse.cdt.core 4 0 2026-02-26 12:56:31.266
!MESSAGE Error

!ENTRY org.eclipse.cdt.core 4 0 2026-02-26 12:56:31.266
!MESSAGE Error

!ENTRY org.eclipse.cdt.core 4 0 2026-02-26 12:56:31.266
!MESSAGE Error

!ENTRY org.eclipse.cdt.core 4 0 2026-02-26 12:56:31.266
!MESSAGE Error

!ENTRY org.eclipse.cdt.core 4 0 2026-02-26 12:56:31.267
!MESSAGE Error

!ENTRY org.eclipse.cdt.core 4 0 2026-02-26 12:56:31.267
!MESSAGE Error

!ENTRY org.eclipse.cdt.core 4 0 2026-02-26 12:56:31.267
!MESSAGE Error

!ENTRY org.eclipse.cdt.core 4 0 2026-02-26 12:56:31.268
!MESSAGE Error

!ENTRY org.eclipse.cdt.core 4 0 2026-02-26 12:56:31.268
!MESSAGE Error

!ENTRY org.eclipse.cdt.core 4 0 2026-02-26 12:56:31.269
!MESSAGE Error

!ENTRY org.eclipse.cdt.core 4 0 2026-02-26 12:56:31.269
!MESSAGE Error

!ENTRY org.eclipse.cdt.core 4 0 2026-02-26 12:56:31.269
!MESSAGE Error

!ENTRY org.eclipse.cdt.core 4 0 2026-02-26 12:56:31.270
!MESSAGE Error

!ENTRY org.eclipse.cdt.core 4 0 2026-02-26 12:56:31.270
!MESSAGE Error

!ENTRY org.eclipse.cdt.core 4 0 2026-02-26 12:56:31.271
!MESSAGE Error

!ENTRY org.eclipse.cdt.core 4 0 2026-02-26 12:56:31.271
!MESSAGE Error

!ENTRY org.eclipse.cdt.core 4 0 2026-02-26 12:56:31.272
!MESSAGE Error

!ENTRY org.eclipse.cdt.core 4 0 2026-02-26 12:56:31.272
!MESSAGE Error

!ENTRY org.eclipse.cdt.core 4 0 2026-02-26 12:56:31.273
!MESSAGE Error

!ENTRY org.eclipse.cdt.core 4 0 2026-02-26 12:56:31.273
!MESSAGE Error

!ENTRY org.eclipse.cdt.core 4 0 2026-02-26 12:56:31.273
!MESSAGE Error

!ENTRY org.eclipse.cdt.core 4 0 2026-02-26 12:56:31.274
!MESSAGE Error

!ENTRY org.eclipse.cdt.core 4 0 2026-02-26 12:56:31.274
!MESSAGE Error

!ENTRY org.eclipse.cdt.core 4 0 2026-02-26 12:56:31.275
!MESSAGE Error

!ENTRY org.eclipse.cdt.core 4 0 2026-02-26 12:56:31.275
!MESSAGE Error

!ENTRY org.eclipse.cdt.core 4 0 2026-02-26 12:56:31.275
!MESSAGE Error

!ENTRY org.eclipse.cdt.core 4 0 2026-02-26 12:56:31.275
!MESSAGE Error

!ENTRY org.eclipse.cdt.core 4 0 2026-02-26 12:56:31.276
!MESSAGE Error

!ENTRY org.eclipse.cdt.core 4 0 2026-02-26 12:56:31.276
!MESSAGE Error

!ENTRY org.eclipse.cdt.core 4 0 2026-02-26 12:56:31.276
!MESSAGE Error

!ENTRY org.eclipse.cdt.core 4 0 2026-02-26 12:56:31.277
!MESSAGE Error

!ENTRY org.eclipse.cdt.core 4 0 2026-02-26 12:56:31.277
!MESSAGE Error

!ENTRY org.eclipse.cdt.core 4 0 2026-02-26 12:56:31.277
!MESSAGE Error

!ENTRY org.eclipse.cdt.core 4 0 2026-02-26 12:56:31.278
!MESSAGE Error

!ENTRY org.eclipse.cdt.core 4 0 2026-02-26 12:56:31.278
!MESSAGE Error

!ENTRY org.eclipse.cdt.core 4 0 2026-02-26 12:56:31.278
!MESSAGE Error

!ENTRY org.eclipse.cdt.core 4 0 2026-02-26 12:56:31.279
!MESSAGE Error

!ENTRY org.eclipse.cdt.core 4 0 2026-02-26 12:56:31.279
!MESSAGE Error

!ENTRY org.eclipse.cdt.core 4 0 2026-02-26 12:56:31.279
!MESSAGE Error

!ENTRY org.eclipse.cdt.core 4 0 2026-02-26 12:56:31.280
!MESSAGE Error

!ENTRY org.eclipse.cdt.core 4 0 2026-02-26 12:56:31.280
!MESSAGE Error

!ENTRY org.eclipse.cdt.core 4 0 2026-02-26 12:56:31.280
!MESSAGE Error

!ENTRY org.eclipse.cdt.core 4 0 2026-02-26 12:56:31.281
!MESSAGE Error

!ENTRY org.eclipse.cdt.core 4 0 2026-02-26 12:56:31.281
!MESSAGE Error

!ENTRY org.eclipse.cdt.core 4 0 2026-02-26 12:56:31.281
!MESSAGE Error

!ENTRY org.eclipse.cdt.core 4 0 2026-02-26 12:56:31.282
!MESSAGE Error

!ENTRY org.eclipse.cdt.core 4 0 2026-02-26 12:56:31.282
!MESSAGE Error

!ENTRY org.eclipse.cdt.core 4 0 2026-02-26 12:56:31.282
!MESSAGE Error

!ENTRY org.eclipse.cdt.core 4 0 2026-02-26 12:56:31.283
!MESSAGE Error

!ENTRY org.eclipse.cdt.core 4 0 2026-02-26 12:56:31.283
!MESSAGE Error

!ENTRY org.eclipse.cdt.core 4 0 2026-02-26 12:56:31.283
!MESSAGE Error

!ENTRY org.eclipse.cdt.core 4 0 2026-02-26 12:56:31.284
!MESSAGE Error

!ENTRY org.eclipse.cdt.core 4 0 2026-02-26 12:56:31.284
!MESSAGE Error

!ENTRY org.eclipse.cdt.core 4 0 2026-02-26 12:56:31.284
!MESSAGE Error

!ENTRY org.eclipse.cdt.core 4 0 2026-02-26 12:56:31.285
!MESSAGE Error

!ENTRY org.eclipse.cdt.core 4 0 2026-02-26 12:56:31.285
!MESSAGE Error

!ENTRY org.eclipse.cdt.core 4 0 2026-02-26 12:56:31.285
!MESSAGE Error

!ENTRY org.eclipse.cdt.core 4 0 2026-02-26 12:56:31.285
!MESSAGE Error

!ENTRY org.eclipse.cdt.core 4 0 2026-02-26 12:58:30.356
!MESSAGE Error

!ENTRY org.eclipse.cdt.core 4 0 2026-02-26 12:58:30.362
!MESSAGE Error

!ENTRY org.eclipse.cdt.core 4 0 2026-02-26 12:58:30.363
!MESSAGE Error

!ENTRY org.eclipse.cdt.core 4 0 2026-02-26 12:58:30.364
!MESSAGE Error

!ENTRY org.eclipse.cdt.core 4 0 2026-02-26 12:58:30.365
!MESSAGE Error

!ENTRY org.eclipse.cdt.core 4 0 2026-02-26 12:58:30.365
!MESSAGE Error

!ENTRY org.eclipse.cdt.core 4 0 2026-02-26 12:58:30.366
!MESSAGE Error

!ENTRY org.eclipse.cdt.core 4 0 2026-02-26 12:58:30.366
!MESSAGE Error

!ENTRY org.eclipse.cdt.core 4 0 2026-02-26 12:58:30.366
!MESSAGE Error

!ENTRY org.eclipse.cdt.core 4 0 2026-02-26 12:58:30.367
!MESSAGE Error

!ENTRY org.eclipse.cdt.core 4 0 2026-02-26 12:58:30.367
!MESSAGE Error

!ENTRY org.eclipse.cdt.core 4 0 2026-02-26 12:58:30.368
!MESSAGE Error

!ENTRY org.eclipse.cdt.core 4 0 2026-02-26 12:58:30.368
!MESSAGE Error

!ENTRY org.eclipse.cdt.core 4 0 2026-02-26 12:58:30.368
!MESSAGE Error

!ENTRY org.eclipse.cdt.core 4 0 2026-02-26 12:58:30.368
!MESSAGE Error

!ENTRY org.eclipse.cdt.core 4 0 2026-02-26 12:58:30.369
!MESSAGE Error

!ENTRY org.eclipse.cdt.core 4 0 2026-02-26 12:58:30.369
!MESSAGE Error

!ENTRY org.eclipse.cdt.core 4 0 2026-02-26 12:58:30.369
!MESSAGE Error

!ENTRY org.eclipse.cdt.core 4 0 2026-02-26 12:58:30.370
!MESSAGE Error

!ENTRY org.eclipse.cdt.core 4 0 2026-02-26 12:58:30.370
!MESSAGE Error

!ENTRY org.eclipse.cdt.core 4 0 2026-02-26 12:58:30.370
!MESSAGE Error

!ENTRY org.eclipse.cdt.core 4 0 2026-02-26 12:58:30.371
!MESSAGE Error

!ENTRY org.eclipse.cdt.core 4 0 2026-02-26 12:58:30.372
!MESSAGE Error

!ENTRY org.eclipse.cdt.core 4 0 2026-02-26 12:58:30.372
!MESSAGE Error

!ENTRY org.eclipse.cdt.core 4 0 2026-02-26 12:58:30.373
!MESSAGE Error

!ENTRY org.eclipse.cdt.core 4 0 2026-02-26 12:58:30.373
!MESSAGE Error

!ENTRY org.eclipse.cdt.core 4 0 2026-02-26 12:58:30.373
!MESSAGE Error

!ENTRY org.eclipse.cdt.core 4 0 2026-02-26 12:58:30.374
!MESSAGE Error

!ENTRY org.eclipse.cdt.core 4 0 2026-02-26 12:58:30.374
!MESSAGE Error

!ENTRY org.eclipse.cdt.core 4 0 2026-02-26 12:58:30.374
!MESSAGE Error

!ENTRY org.eclipse.cdt.core 4 0 2026-02-26 12:58:30.374
!MESSAGE Error

!ENTRY org.eclipse.cdt.core 4 0 2026-02-26 12:58:30.375
!MESSAGE Error

!ENTRY org.eclipse.cdt.core 4 0 2026-02-26 12:58:30.375
!MESSAGE Error

!ENTRY org.eclipse.cdt.core 4 0 2026-02-26 12:58:30.375
!MESSAGE Error

!ENTRY org.eclipse.cdt.core 4 0 2026-02-26 12:58:30.376
!MESSAGE Error

!ENTRY org.eclipse.cdt.core 4 0 2026-02-26 12:58:30.376
!MESSAGE Error

!ENTRY org.eclipse.cdt.core 4 0 2026-02-26 12:58:30.377
!MESSAGE Error

!ENTRY org.eclipse.cdt.core 4 0 2026-02-26 12:58:30.377
!MESSAGE Error

!ENTRY org.eclipse.cdt.core 4 0 2026-02-26 12:58:30.377
!MESSAGE Error

!ENTRY org.eclipse.cdt.core 4 0 2026-02-26 12:58:30.378
!MESSAGE Error

!ENTRY org.eclipse.cdt.core 4 0 2026-02-26 12:58:30.378
!MESSAGE Error

!ENTRY org.eclipse.cdt.core 4 0 2026-02-26 12:58:30.378
!MESSAGE Error

!ENTRY org.eclipse.cdt.core 4 0 2026-02-26 12:58:30.379
!MESSAGE Error

!ENTRY org.eclipse.cdt.core 4 0 2026-02-26 12:58:30.379
!MESSAGE Error

!ENTRY org.eclipse.cdt.core 4 0 2026-02-26 12:58:30.380
!MESSAGE Error

!ENTRY org.eclipse.cdt.core 4 0 2026-02-26 12:58:30.380
!MESSAGE Error

!ENTRY org.eclipse.cdt.core 4 0 2026-02-26 12:58:30.381
!MESSAGE Error

!ENTRY org.eclipse.cdt.core 4 0 2026-02-26 12:58:30.381
!MESSAGE Error

!ENTRY org.eclipse.cdt.core 4 0 2026-02-26 12:58:30.381
!MESSAGE Error

!ENTRY org.eclipse.cdt.core 4 0 2026-02-26 12:58:30.382
!MESSAGE Error

!ENTRY org.eclipse.cdt.core 4 0 2026-02-26 12:58:30.382
!MESSAGE Error

!ENTRY org.eclipse.cdt.core 4 0 2026-02-26 12:58:30.382
!MESSAGE Error

!ENTRY org.eclipse.cdt.core 4 0 2026-02-26 12:58:30.383
!MESSAGE Error

!ENTRY org.eclipse.cdt.core 4 0 2026-02-26 12:58:30.383
!MESSAGE Error

!ENTRY org.eclipse.cdt.core 4 0 2026-02-26 12:58:30.383
!MESSAGE Error

!ENTRY org.eclipse.cdt.core 4 0 2026-02-26 12:58:30.384
!MESSAGE Error

!ENTRY org.eclipse.cdt.core 4 0 2026-02-26 12:58:30.384
!MESSAGE Error

!ENTRY org.eclipse.cdt.core 4 0 2026-02-26 12:58:30.384
!MESSAGE Error

!ENTRY org.eclipse.cdt.core 4 0 2026-02-26 12:58:30.384
!MESSAGE Error

!ENTRY org.eclipse.cdt.core 4 0 2026-02-26 12:58:30.385
!MESSAGE Error

!ENTRY org.eclipse.cdt.core 4 0 2026-02-26 13:04:33.083
!MESSAGE Error

!ENTRY org.eclipse.cdt.core 4 0 2026-02-26 13:04:33.087
!MESSAGE Error

!ENTRY org.eclipse.cdt.core 4 0 2026-02-26 13:04:33.088
!MESSAGE Error

!ENTRY org.eclipse.cdt.core 4 0 2026-02-26 13:04:33.089
!MESSAGE Error

!ENTRY org.eclipse.cdt.core 4 0 2026-02-26 13:04:33.089
!MESSAGE Error

!ENTRY org.eclipse.cdt.core 4 0 2026-02-26 13:04:33.089
!MESSAGE Error

!ENTRY org.eclipse.cdt.core 4 0 2026-02-26 13:04:33.089
!MESSAGE Error

!ENTRY org.eclipse.cdt.core 4 0 2026-02-26 13:04:33.089
!MESSAGE Error

!ENTRY org.eclipse.cdt.core 4 0 2026-02-26 13:04:33.090
!MESSAGE Error

!ENTRY org.eclipse.cdt.core 4 0 2026-02-26 13:04:33.090
!MESSAGE Error

!ENTRY org.eclipse.cdt.core 4 0 2026-02-26 13:04:33.090
!MESSAGE Error

!ENTRY org.eclipse.cdt.core 4 0 2026-02-26 13:04:33.091
!MESSAGE Error

!ENTRY org.eclipse.cdt.core 4 0 2026-02-26 13:04:33.091
!MESSAGE Error

!ENTRY org.eclipse.cdt.core 4 0 2026-02-26 13:04:33.091
!MESSAGE Error

!ENTRY org.eclipse.cdt.core 4 0 2026-02-26 13:04:33.091
!MESSAGE Error

!ENTRY org.eclipse.cdt.core 4 0 2026-02-26 13:04:33.091
!MESSAGE Error

!ENTRY org.eclipse.cdt.core 4 0 2026-02-26 13:04:33.091
!MESSAGE Error

!ENTRY org.eclipse.cdt.core 4 0 2026-02-26 13:04:33.091
!MESSAGE Error

!ENTRY org.eclipse.cdt.core 4 0 2026-02-26 13:04:33.092
!MESSAGE Error

!ENTRY org.eclipse.cdt.core 4 0 2026-02-26 13:04:33.092
!MESSAGE Error

!ENTRY org.eclipse.cdt.core 4 0 2026-02-26 13:04:33.092
!MESSAGE Error

!ENTRY org.eclipse.cdt.core 4 0 2026-02-26 13:04:33.092
!MESSAGE Error

!ENTRY org.eclipse.cdt.core 4 0 2026-02-26 13:04:33.092
!MESSAGE Error

!ENTRY org.eclipse.cdt.core 4 0 2026-02-26 13:04:33.092
!MESSAGE Error

!ENTRY org.eclipse.cdt.core 4 0 2026-02-26 13:04:33.093
!MESSAGE Error

!ENTRY org.eclipse.cdt.core 4 0 2026-02-26 13:04:33.093
!MESSAGE Error

!ENTRY org.eclipse.cdt.core 4 0 2026-02-26 13:04:33.093
!MESSAGE Error

!ENTRY org.eclipse.cdt.core 4 0 2026-02-26 13:04:33.093
!MESSAGE Error

!ENTRY org.eclipse.cdt.core 4 0 2026-02-26 13:04:33.093
!MESSAGE Error

!ENTRY org.eclipse.cdt.core 4 0 2026-02-26 13:04:33.093
!MESSAGE Error

!ENTRY org.eclipse.cdt.core 4 0 2026-02-26 13:04:33.093
!MESSAGE Error

!ENTRY org.eclipse.cdt.core 4 0 2026-02-26 13:04:33.094
!MESSAGE Error

!ENTRY org.eclipse.cdt.core 4 0 2026-02-26 13:04:33.094
!MESSAGE Error

!ENTRY org.eclipse.cdt.core 4 0 2026-02-26 13:04:33.094
!MESSAGE Error

!ENTRY org.eclipse.cdt.core 4 0 2026-02-26 13:04:33.094
!MESSAGE Error

!ENTRY org.eclipse.cdt.core 4 0 2026-02-26 13:04:33.094
!MESSAGE Error

!ENTRY org.eclipse.cdt.core 4 0 2026-02-26 13:04:33.094
!MESSAGE Error

!ENTRY org.eclipse.cdt.core 4 0 2026-02-26 13:04:33.094
!MESSAGE Error

!ENTRY org.eclipse.cdt.core 4 0 2026-02-26 13:04:33.094
!MESSAGE Error

!ENTRY org.eclipse.cdt.core 4 0 2026-02-26 13:04:33.094
!MESSAGE Error

!ENTRY org.eclipse.cdt.core 4 0 2026-02-26 13:04:33.094
!MESSAGE Error

!ENTRY org.eclipse.cdt.core 4 0 2026-02-26 13:04:33.095
!MESSAGE Error

!ENTRY org.eclipse.cdt.core 4 0 2026-02-26 13:04:33.095
!MESSAGE Error

!ENTRY org.eclipse.cdt.core 4 0 2026-02-26 13:04:33.095
!MESSAGE Error

!ENTRY org.eclipse.cdt.core 4 0 2026-02-26 13:04:33.095
!MESSAGE Error

!ENTRY org.eclipse.cdt.core 4 0 2026-02-26 13:04:33.095
!MESSAGE Error

!ENTRY org.eclipse.cdt.core 4 0 2026-02-26 13:04:33.095
!MESSAGE Error

!ENTRY org.eclipse.cdt.core 4 0 2026-02-26 13:04:33.096
!MESSAGE Error

!ENTRY org.eclipse.cdt.core 4 0 2026-02-26 13:04:33.096
!MESSAGE Error

!ENTRY org.eclipse.cdt.core 4 0 2026-02-26 13:04:33.096
!MESSAGE Error

!ENTRY org.eclipse.cdt.core 4 0 2026-02-26 13:04:33.096
!MESSAGE Error

!ENTRY org.eclipse.cdt.core 4 0 2026-02-26 13:04:33.096
!MESSAGE Error

!ENTRY org.eclipse.cdt.core 4 0 2026-02-26 13:04:33.096
!MESSAGE Error

!ENTRY org.eclipse.cdt.core 4 0 2026-02-26 13:04:33.097
!MESSAGE Error

!ENTRY org.eclipse.cdt.core 4 0 2026-02-26 13:04:33.097
!MESSAGE Error

!ENTRY org.eclipse.cdt.core 4 0 2026-02-26 13:04:33.097
!MESSAGE Error

!ENTRY org.eclipse.cdt.core 4 0 2026-02-26 13:04:33.097
!MESSAGE Error

!ENTRY org.eclipse.cdt.core 4 0 2026-02-26 13:04:33.097
!MESSAGE Error

!ENTRY org.eclipse.cdt.core 4 0 2026-02-26 13:04:33.097
!MESSAGE Error

!ENTRY org.eclipse.cdt.core 4 0 2026-02-26 13:04:33.097
!MESSAGE Error

!ENTRY org.eclipse.cdt.core 4 0 2026-02-26 13:04:34.626
!MESSAGE Error

!ENTRY org.eclipse.cdt.core 4 0 2026-02-26 13:04:34.631
!MESSAGE Error

!ENTRY org.eclipse.cdt.core 4 0 2026-02-26 13:04:34.633
!MESSAGE Error

!ENTRY org.eclipse.cdt.core 4 0 2026-02-26 13:04:34.633
!MESSAGE Error

!ENTRY org.eclipse.cdt.core 4 0 2026-02-26 13:04:34.634
!MESSAGE Error

!ENTRY org.eclipse.cdt.core 4 0 2026-02-26 13:04:34.634
!MESSAGE Error

!ENTRY org.eclipse.cdt.core 4 0 2026-02-26 13:04:34.635
!MESSAGE Error

!ENTRY org.eclipse.cdt.core 4 0 2026-02-26 13:04:34.635
!MESSAGE Error

!ENTRY org.eclipse.cdt.core 4 0 2026-02-26 13:04:34.635
!MESSAGE Error

!ENTRY org.eclipse.cdt.core 4 0 2026-02-26 13:04:34.636
!MESSAGE Error

!ENTRY org.eclipse.cdt.core 4 0 2026-02-26 13:04:34.636
!MESSAGE Error

!ENTRY org.eclipse.cdt.core 4 0 2026-02-26 13:04:34.636
!MESSAGE Error

!ENTRY org.eclipse.cdt.core 4 0 2026-02-26 13:04:34.637
!MESSAGE Error

!ENTRY org.eclipse.cdt.core 4 0 2026-02-26 13:04:34.637
!MESSAGE Error

!ENTRY org.eclipse.cdt.core 4 0 2026-02-26 13:04:34.637
!MESSAGE Error

!ENTRY org.eclipse.cdt.core 4 0 2026-02-26 13:04:34.638
!MESSAGE Error

!ENTRY org.eclipse.cdt.core 4 0 2026-02-26 13:04:34.638
!MESSAGE Error

!ENTRY org.eclipse.cdt.core 4 0 2026-02-26 13:04:34.639
!MESSAGE Error

!ENTRY org.eclipse.cdt.core 4 0 2026-02-26 13:04:34.639
!MESSAGE Error

!ENTRY org.eclipse.cdt.core 4 0 2026-02-26 13:04:34.640
!MESSAGE Error

!ENTRY org.eclipse.cdt.core 4 0 2026-02-26 13:04:34.640
!MESSAGE Error

!ENTRY org.eclipse.cdt.core 4 0 2026-02-26 13:04:34.641
!MESSAGE Error

!ENTRY org.eclipse.cdt.core 4 0 2026-02-26 13:04:34.641
!MESSAGE Error

!ENTRY org.eclipse.cdt.core 4 0 2026-02-26 13:04:34.641
!MESSAGE Error

!ENTRY org.eclipse.cdt.core 4 0 2026-02-26 13:04:34.642
!MESSAGE Error

!ENTRY org.eclipse.cdt.core 4 0 2026-02-26 13:04:34.642
!MESSAGE Error

!ENTRY org.eclipse.cdt.core 4 0 2026-02-26 13:04:34.642
!MESSAGE Error

!ENTRY org.eclipse.cdt.core 4 0 2026-02-26 13:04:34.643
!MESSAGE Error

!ENTRY org.eclipse.cdt.core 4 0 2026-02-26 13:04:34.643
!MESSAGE Error

!ENTRY org.eclipse.cdt.core 4 0 2026-02-26 13:04:34.643
!MESSAGE Error

!ENTRY org.eclipse.cdt.core 4 0 2026-02-26 13:04:34.644
!MESSAGE Error

!ENTRY org.eclipse.cdt.core 4 0 2026-02-26 13:04:34.644
!MESSAGE Error

!ENTRY org.eclipse.cdt.core 4 0 2026-02-26 13:04:34.644
!MESSAGE Error

!ENTRY org.eclipse.cdt.core 4 0 2026-02-26 13:04:34.644
!MESSAGE Error

!ENTRY org.eclipse.cdt.core 4 0 2026-02-26 13:04:34.645
!MESSAGE Error

!ENTRY org.eclipse.cdt.core 4 0 2026-02-26 13:04:34.645
!MESSAGE Error

!ENTRY org.eclipse.cdt.core 4 0 2026-02-26 13:04:34.645
!MESSAGE Error

!ENTRY org.eclipse.cdt.core 4 0 2026-02-26 13:04:34.645
!MESSAGE Error

!ENTRY org.eclipse.cdt.core 4 0 2026-02-26 13:04:34.645
!MESSAGE Error

!ENTRY org.eclipse.cdt.core 4 0 2026-02-26 13:04:34.646
!MESSAGE Error

!ENTRY org.eclipse.cdt.core 4 0 2026-02-26 13:04:34.646
!MESSAGE Error

!ENTRY org.eclipse.cdt.core 4 0 2026-02-26 13:04:34.646
!MESSAGE Error

!ENTRY org.eclipse.cdt.core 4 0 2026-02-26 13:04:34.646
!MESSAGE Error

!ENTRY org.eclipse.cdt.core 4 0 2026-02-26 13:04:34.646
!MESSAGE Error

!ENTRY org.eclipse.cdt.core 4 0 2026-02-26 13:04:34.646
!MESSAGE Error

!ENTRY org.eclipse.cdt.core 4 0 2026-02-26 13:04:34.647
!MESSAGE Error

!ENTRY org.eclipse.cdt.core 4 0 2026-02-26 13:04:34.647
!MESSAGE Error

!ENTRY org.eclipse.cdt.core 4 0 2026-02-26 13:04:34.647
!MESSAGE Error

!ENTRY org.eclipse.cdt.core 4 0 2026-02-26 13:04:34.647
!MESSAGE Error

!ENTRY org.eclipse.cdt.core 4 0 2026-02-26 13:04:34.647
!MESSAGE Error

!ENTRY org.eclipse.cdt.core 4 0 2026-02-26 13:04:34.647
!MESSAGE Error

!ENTRY org.eclipse.cdt.core 4 0 2026-02-26 13:04:34.647
!MESSAGE Error

!ENTRY org.eclipse.cdt.core 4 0 2026-02-26 13:04:34.648
!MESSAGE Error

!ENTRY org.eclipse.cdt.core 4 0 2026-02-26 13:04:34.648
!MESSAGE Error

!ENTRY org.eclipse.cdt.core 4 0 2026-02-26 13:04:34.648
!MESSAGE Error

!ENTRY org.eclipse.cdt.core 4 0 2026-02-26 13:04:34.648
!MESSAGE Error

!ENTRY org.eclipse.cdt.core 4 0 2026-02-26 13:04:34.648
!MESSAGE Error

!ENTRY org.eclipse.cdt.core 4 0 2026-02-26 13:04:34.648
!MESSAGE Error

!ENTRY org.eclipse.cdt.core 4 0 2026-02-26 13:04:34.648
!MESSAGE Error

!ENTRY org.eclipse.cdt.core 4 0 2026-02-26 13:04:34.649
!MESSAGE Error

!ENTRY org.eclipse.cdt.core 4 0 2026-02-26 13:04:34.649
!MESSAGE Error

!ENTRY org.eclipse.cdt.core 4 0 2026-02-26 13:04:34.649
!MESSAGE Error

!ENTRY org.eclipse.cdt.core 4 0 2026-02-26 13:05:52.500
!MESSAGE Error

!ENTRY org.eclipse.cdt.core 4 0 2026-02-26 13:05:52.501
!MESSAGE Error

!ENTRY org.eclipse.cdt.core 4 0 2026-02-26 13:05:52.501
!MESSAGE Error

!ENTRY org.eclipse.cdt.core 4 0 2026-02-26 13:05:52.501
!MESSAGE Error

!ENTRY org.eclipse.cdt.core 4 0 2026-02-26 13:05:52.502
!MESSAGE Error

!ENTRY org.eclipse.cdt.core 4 0 2026-02-26 13:06:03.138
!MESSAGE Error

!ENTRY org.eclipse.cdt.core 4 0 2026-02-26 13:06:03.147
!MESSAGE Error

!ENTRY org.eclipse.cdt.core 4 0 2026-02-26 13:06:03.150
!MESSAGE Error

!ENTRY org.eclipse.cdt.core 4 0 2026-02-26 13:06:03.151
!MESSAGE Error

!ENTRY org.eclipse.cdt.core 4 0 2026-02-26 13:06:03.151
!MESSAGE Error

!ENTRY org.eclipse.cdt.core 4 0 2026-02-26 13:06:03.152
!MESSAGE Error

!ENTRY org.eclipse.cdt.core 4 0 2026-02-26 13:06:03.152
!MESSAGE Error

!ENTRY org.eclipse.cdt.core 4 0 2026-02-26 13:06:03.153
!MESSAGE Error

!ENTRY org.eclipse.cdt.core 4 0 2026-02-26 13:06:03.154
!MESSAGE Error

!ENTRY org.eclipse.cdt.core 4 0 2026-02-26 13:06:03.154
!MESSAGE Error

!ENTRY org.eclipse.cdt.core 4 0 2026-02-26 13:06:03.154
!MESSAGE Error

!ENTRY org.eclipse.cdt.core 4 0 2026-02-26 13:06:03.155
!MESSAGE Error

!ENTRY org.eclipse.cdt.core 4 0 2026-02-26 13:06:03.155
!MESSAGE Error

!ENTRY org.eclipse.cdt.core 4 0 2026-02-26 13:06:03.156
!MESSAGE Error

!ENTRY org.eclipse.cdt.core 4 0 2026-02-26 13:06:03.156
!MESSAGE Error

!ENTRY org.eclipse.cdt.core 4 0 2026-02-26 13:06:03.156
!MESSAGE Error

!ENTRY org.eclipse.cdt.core 4 0 2026-02-26 13:06:03.156
!MESSAGE Error

!ENTRY org.eclipse.cdt.core 4 0 2026-02-26 13:06:03.156
!MESSAGE Error

!ENTRY org.eclipse.cdt.core 4 0 2026-02-26 13:06:03.157
!MESSAGE Error

!ENTRY org.eclipse.cdt.core 4 0 2026-02-26 13:06:03.157
!MESSAGE Error

!ENTRY org.eclipse.cdt.core 4 0 2026-02-26 13:06:03.157
!MESSAGE Error

!ENTRY org.eclipse.cdt.core 4 0 2026-02-26 13:06:03.157
!MESSAGE Error

!ENTRY org.eclipse.cdt.core 4 0 2026-02-26 13:06:03.157
!MESSAGE Error

!ENTRY org.eclipse.cdt.core 4 0 2026-02-26 13:06:03.157
!MESSAGE Error

!ENTRY org.eclipse.cdt.core 4 0 2026-02-26 13:06:03.157
!MESSAGE Error

!ENTRY org.eclipse.cdt.core 4 0 2026-02-26 13:06:03.158
!MESSAGE Error

!ENTRY org.eclipse.cdt.core 4 0 2026-02-26 13:06:03.158
!MESSAGE Error

!ENTRY org.eclipse.cdt.core 4 0 2026-02-26 13:06:03.158
!MESSAGE Error

!ENTRY org.eclipse.cdt.core 4 0 2026-02-26 13:06:03.158
!MESSAGE Error

!ENTRY org.eclipse.cdt.core 4 0 2026-02-26 13:06:03.158
!MESSAGE Error

!ENTRY org.eclipse.cdt.core 4 0 2026-02-26 13:06:03.158
!MESSAGE Error

!ENTRY org.eclipse.cdt.core 4 0 2026-02-26 13:06:03.159
!MESSAGE Error

!ENTRY org.eclipse.cdt.core 4 0 2026-02-26 13:06:03.159
!MESSAGE Error

!ENTRY org.eclipse.cdt.core 4 0 2026-02-26 13:06:03.159
!MESSAGE Error

!ENTRY org.eclipse.cdt.core 4 0 2026-02-26 13:06:03.159
!MESSAGE Error

!ENTRY org.eclipse.cdt.core 4 0 2026-02-26 13:06:03.159
!MESSAGE Error

!ENTRY org.eclipse.cdt.core 4 0 2026-02-26 13:06:03.159
!MESSAGE Error

!ENTRY org.eclipse.cdt.core 4 0 2026-02-26 13:06:03.159
!MESSAGE Error

!ENTRY org.eclipse.cdt.core 4 0 2026-02-26 13:06:03.160
!MESSAGE Error

!ENTRY org.eclipse.cdt.core 4 0 2026-02-26 13:06:03.160
!MESSAGE Error

!ENTRY org.eclipse.cdt.core 4 0 2026-02-26 13:06:03.160
!MESSAGE Error

!ENTRY org.eclipse.cdt.core 4 0 2026-02-26 13:06:03.160
!MESSAGE Error

!ENTRY org.eclipse.cdt.core 4 0 2026-02-26 13:06:03.160
!MESSAGE Error

!ENTRY org.eclipse.cdt.core 4 0 2026-02-26 13:06:03.160
!MESSAGE Error

!ENTRY org.eclipse.cdt.core 4 0 2026-02-26 13:06:03.160
!MESSAGE Error

!ENTRY org.eclipse.cdt.core 4 0 2026-02-26 13:06:03.161
!MESSAGE Error

!ENTRY org.eclipse.cdt.core 4 0 2026-02-26 13:06:03.161
!MESSAGE Error

!ENTRY org.eclipse.cdt.core 4 0 2026-02-26 13:06:03.161
!MESSAGE Error

!ENTRY org.eclipse.cdt.core 4 0 2026-02-26 13:06:03.161
!MESSAGE Error

!ENTRY org.eclipse.cdt.core 4 0 2026-02-26 13:06:03.161
!MESSAGE Error

!ENTRY org.eclipse.cdt.core 4 0 2026-02-26 13:06:03.161
!MESSAGE Error

!ENTRY org.eclipse.cdt.core 4 0 2026-02-26 13:06:03.162
!MESSAGE Error

!ENTRY org.eclipse.cdt.core 4 0 2026-02-26 13:06:03.162
!MESSAGE Error

!ENTRY org.eclipse.cdt.core 4 0 2026-02-26 13:06:03.162
!MESSAGE Error

!ENTRY org.eclipse.cdt.core 4 0 2026-02-26 13:06:03.162
!MESSAGE Error

!ENTRY org.eclipse.cdt.core 4 0 2026-02-26 13:06:03.162
!MESSAGE Error

!ENTRY org.eclipse.cdt.core 4 0 2026-02-26 13:06:03.162
!MESSAGE Error

!ENTRY org.eclipse.cdt.core 4 0 2026-02-26 13:06:03.163
!MESSAGE Error

!ENTRY org.eclipse.cdt.core 4 0 2026-02-26 13:06:03.163
!MESSAGE Error

!ENTRY org.eclipse.cdt.core 4 0 2026-02-26 13:06:03.163
!MESSAGE Error

!ENTRY org.eclipse.cdt.core 4 0 2026-02-26 13:06:03.163
!MESSAGE Error

!ENTRY org.eclipse.cdt.core 4 0 2026-02-26 13:06:06.735
!MESSAGE Error

!ENTRY org.eclipse.cdt.core 4 0 2026-02-26 13:06:06.741
!MESSAGE Error

!ENTRY org.eclipse.cdt.core 4 0 2026-02-26 13:06:06.743
!MESSAGE Error

!ENTRY org.eclipse.cdt.core 4 0 2026-02-26 13:06:06.744
!MESSAGE Error

!ENTRY org.eclipse.cdt.core 4 0 2026-02-26 13:06:06.744
!MESSAGE Error

!ENTRY org.eclipse.cdt.core 4 0 2026-02-26 13:06:06.744
!MESSAGE Error

!ENTRY org.eclipse.cdt.core 4 0 2026-02-26 13:06:06.744
!MESSAGE Error

!ENTRY org.eclipse.cdt.core 4 0 2026-02-26 13:06:06.745
!MESSAGE Error

!ENTRY org.eclipse.cdt.core 4 0 2026-02-26 13:06:06.745
!MESSAGE Error

!ENTRY org.eclipse.cdt.core 4 0 2026-02-26 13:06:06.746
!MESSAGE Error

!ENTRY org.eclipse.cdt.core 4 0 2026-02-26 13:06:06.746
!MESSAGE Error

!ENTRY org.eclipse.cdt.core 4 0 2026-02-26 13:06:06.746
!MESSAGE Error

!ENTRY org.eclipse.cdt.core 4 0 2026-02-26 13:06:06.747
!MESSAGE Error

!ENTRY org.eclipse.cdt.core 4 0 2026-02-26 13:06:06.748
!MESSAGE Error

!ENTRY org.eclipse.cdt.core 4 0 2026-02-26 13:06:06.748
!MESSAGE Error

!ENTRY org.eclipse.cdt.core 4 0 2026-02-26 13:06:06.748
!MESSAGE Error

!ENTRY org.eclipse.cdt.core 4 0 2026-02-26 13:06:06.749
!MESSAGE Error

!ENTRY org.eclipse.cdt.core 4 0 2026-02-26 13:06:06.749
!MESSAGE Error

!ENTRY org.eclipse.cdt.core 4 0 2026-02-26 13:06:06.750
!MESSAGE Error

!ENTRY org.eclipse.cdt.core 4 0 2026-02-26 13:06:06.750
!MESSAGE Error

!ENTRY org.eclipse.cdt.core 4 0 2026-02-26 13:06:06.750
!MESSAGE Error

!ENTRY org.eclipse.cdt.core 4 0 2026-02-26 13:06:06.751
!MESSAGE Error

!ENTRY org.eclipse.cdt.core 4 0 2026-02-26 13:06:06.751
!MESSAGE Error

!ENTRY org.eclipse.cdt.core 4 0 2026-02-26 13:06:06.751
!MESSAGE Error

!ENTRY org.eclipse.cdt.core 4 0 2026-02-26 13:06:06.752
!MESSAGE Error

!ENTRY org.eclipse.cdt.core 4 0 2026-02-26 13:06:06.752
!MESSAGE Error

!ENTRY org.eclipse.cdt.core 4 0 2026-02-26 13:06:06.752
!MESSAGE Error

!ENTRY org.eclipse.cdt.core 4 0 2026-02-26 13:06:06.753
!MESSAGE Error

!ENTRY org.eclipse.cdt.core 4 0 2026-02-26 13:06:06.753
!MESSAGE Error

!ENTRY org.eclipse.cdt.core 4 0 2026-02-26 13:06:06.753
!MESSAGE Error

!ENTRY org.eclipse.cdt.core 4 0 2026-02-26 13:06:06.754
!MESSAGE Error

!ENTRY org.eclipse.cdt.core 4 0 2026-02-26 13:06:06.754
!MESSAGE Error

!ENTRY org.eclipse.cdt.core 4 0 2026-02-26 13:06:06.754
!MESSAGE Error

!ENTRY org.eclipse.cdt.core 4 0 2026-02-26 13:06:06.755
!MESSAGE Error

!ENTRY org.eclipse.cdt.core 4 0 2026-02-26 13:06:06.755
!MESSAGE Error

!ENTRY org.eclipse.cdt.core 4 0 2026-02-26 13:06:06.756
!MESSAGE Error

!ENTRY org.eclipse.cdt.core 4 0 2026-02-26 13:06:06.756
!MESSAGE Error

!ENTRY org.eclipse.cdt.core 4 0 2026-02-26 13:06:06.756
!MESSAGE Error

!ENTRY org.eclipse.cdt.core 4 0 2026-02-26 13:06:06.756
!MESSAGE Error

!ENTRY org.eclipse.cdt.core 4 0 2026-02-26 13:06:06.756
!MESSAGE Error

!ENTRY org.eclipse.cdt.core 4 0 2026-02-26 13:06:06.756
!MESSAGE Error

!ENTRY org.eclipse.cdt.core 4 0 2026-02-26 13:06:06.757
!MESSAGE Error

!ENTRY org.eclipse.cdt.core 4 0 2026-02-26 13:06:06.757
!MESSAGE Error

!ENTRY org.eclipse.cdt.core 4 0 2026-02-26 13:06:06.757
!MESSAGE Error

!ENTRY org.eclipse.cdt.core 4 0 2026-02-26 13:06:06.757
!MESSAGE Error

!ENTRY org.eclipse.cdt.core 4 0 2026-02-26 13:06:06.757
!MESSAGE Error

!ENTRY org.eclipse.cdt.core 4 0 2026-02-26 13:06:06.757
!MESSAGE Error

!ENTRY org.eclipse.cdt.core 4 0 2026-02-26 13:06:06.757
!MESSAGE Error

!ENTRY org.eclipse.cdt.core 4 0 2026-02-26 13:06:06.758
!MESSAGE Error

!ENTRY org.eclipse.cdt.core 4 0 2026-02-26 13:06:06.758
!MESSAGE Error

!ENTRY org.eclipse.cdt.core 4 0 2026-02-26 13:06:06.758
!MESSAGE Error

!ENTRY org.eclipse.cdt.core 4 0 2026-02-26 13:06:06.758
!MESSAGE Error

!ENTRY org.eclipse.cdt.core 4 0 2026-02-26 13:06:06.758
!MESSAGE Error

!ENTRY org.eclipse.cdt.core 4 0 2026-02-26 13:06:06.758
!MESSAGE Error

!ENTRY org.eclipse.cdt.core 4 0 2026-02-26 13:06:06.758
!MESSAGE Error

!ENTRY org.eclipse.cdt.core 4 0 2026-02-26 13:06:06.758
!MESSAGE Error

!ENTRY org.eclipse.cdt.core 4 0 2026-02-26 13:06:06.758
!MESSAGE Error

!ENTRY org.eclipse.cdt.core 4 0 2026-02-26 13:06:06.758
!MESSAGE Error

!ENTRY org.eclipse.cdt.core 4 0 2026-02-26 13:06:06.759
!MESSAGE Error

!ENTRY org.eclipse.cdt.core 4 0 2026-02-26 13:06:06.759
!MESSAGE Error

!ENTRY org.eclipse.cdt.core 4 0 2026-02-26 13:06:06.759
!MESSAGE Error

!ENTRY org.eclipse.cdt.core 4 0 2026-02-26 13:06:06.759
!MESSAGE Error

!ENTRY org.eclipse.cdt.core 4 0 2026-02-26 13:06:07.790
!MESSAGE Error

!ENTRY org.eclipse.cdt.core 4 0 2026-02-26 13:06:07.795
!MESSAGE Error

!ENTRY org.eclipse.cdt.core 4 0 2026-02-26 13:06:07.797
!MESSAGE Error

!ENTRY org.eclipse.cdt.core 4 0 2026-02-26 13:06:07.797
!MESSAGE Error

!ENTRY org.eclipse.cdt.core 4 0 2026-02-26 13:06:07.798
!MESSAGE Error

!ENTRY org.eclipse.cdt.core 4 0 2026-02-26 13:06:07.798
!MESSAGE Error

!ENTRY org.eclipse.cdt.core 4 0 2026-02-26 13:06:07.798
!MESSAGE Error

!ENTRY org.eclipse.cdt.core 4 0 2026-02-26 13:06:07.799
!MESSAGE Error

!ENTRY org.eclipse.cdt.core 4 0 2026-02-26 13:06:07.800
!MESSAGE Error

!ENTRY org.eclipse.cdt.core 4 0 2026-02-26 13:06:07.800
!MESSAGE Error

!ENTRY org.eclipse.cdt.core 4 0 2026-02-26 13:06:07.800
!MESSAGE Error

!ENTRY org.eclipse.cdt.core 4 0 2026-02-26 13:06:07.800
!MESSAGE Error

!ENTRY org.eclipse.cdt.core 4 0 2026-02-26 13:06:07.801
!MESSAGE Error

!ENTRY org.eclipse.cdt.core 4 0 2026-02-26 13:06:07.801
!MESSAGE Error

!ENTRY org.eclipse.cdt.core 4 0 2026-02-26 13:06:07.801
!MESSAGE Error

!ENTRY org.eclipse.cdt.core 4 0 2026-02-26 13:06:07.802
!MESSAGE Error

!ENTRY org.eclipse.cdt.core 4 0 2026-02-26 13:06:07.802
!MESSAGE Error

!ENTRY org.eclipse.cdt.core 4 0 2026-02-26 13:06:07.802
!MESSAGE Error

!ENTRY org.eclipse.cdt.core 4 0 2026-02-26 13:06:07.803
!MESSAGE Error

!ENTRY org.eclipse.cdt.core 4 0 2026-02-26 13:06:07.803
!MESSAGE Error

!ENTRY org.eclipse.cdt.core 4 0 2026-02-26 13:06:07.803
!MESSAGE Error

!ENTRY org.eclipse.cdt.core 4 0 2026-02-26 13:06:07.804
!MESSAGE Error

!ENTRY org.eclipse.cdt.core 4 0 2026-02-26 13:06:07.804
!MESSAGE Error

!ENTRY org.eclipse.cdt.core 4 0 2026-02-26 13:06:07.805
!MESSAGE Error

!ENTRY org.eclipse.cdt.core 4 0 2026-02-26 13:06:07.805
!MESSAGE Error

!ENTRY org.eclipse.cdt.core 4 0 2026-02-26 13:06:07.805
!MESSAGE Error

!ENTRY org.eclipse.cdt.core 4 0 2026-02-26 13:06:07.805
!MESSAGE Error

!ENTRY org.eclipse.cdt.core 4 0 2026-02-26 13:06:07.805
!MESSAGE Error

!ENTRY org.eclipse.cdt.core 4 0 2026-02-26 13:06:07.806
!MESSAGE Error

!ENTRY org.eclipse.cdt.core 4 0 2026-02-26 13:06:07.806
!MESSAGE Error

!ENTRY org.eclipse.cdt.core 4 0 2026-02-26 13:06:07.806
!MESSAGE Error

!ENTRY org.eclipse.cdt.core 4 0 2026-02-26 13:06:07.806
!MESSAGE Error

!ENTRY org.eclipse.cdt.core 4 0 2026-02-26 13:06:07.806
!MESSAGE Error

!ENTRY org.eclipse.cdt.core 4 0 2026-02-26 13:06:07.806
!MESSAGE Error

!ENTRY org.eclipse.cdt.core 4 0 2026-02-26 13:06:07.806
!MESSAGE Error

!ENTRY org.eclipse.cdt.core 4 0 2026-02-26 13:06:07.807
!MESSAGE Error

!ENTRY org.eclipse.cdt.core 4 0 2026-02-26 13:06:07.807
!MESSAGE Error

!ENTRY org.eclipse.cdt.core 4 0 2026-02-26 13:06:07.807
!MESSAGE Error

!ENTRY org.eclipse.cdt.core 4 0 2026-02-26 13:06:07.807
!MESSAGE Error

!ENTRY org.eclipse.cdt.core 4 0 2026-02-26 13:06:07.807
!MESSAGE Error

!ENTRY org.eclipse.cdt.core 4 0 2026-02-26 13:06:07.807
!MESSAGE Error

!ENTRY org.eclipse.cdt.core 4 0 2026-02-26 13:06:07.808
!MESSAGE Error

!ENTRY org.eclipse.cdt.core 4 0 2026-02-26 13:06:07.808
!MESSAGE Error

!ENTRY org.eclipse.cdt.core 4 0 2026-02-26 13:06:07.808
!MESSAGE Error

!ENTRY org.eclipse.cdt.core 4 0 2026-02-26 13:06:07.808
!MESSAGE Error

!ENTRY org.eclipse.cdt.core 4 0 2026-02-26 13:06:07.808
!MESSAGE Error

!ENTRY org.eclipse.cdt.core 4 0 2026-02-26 13:06:07.808
!MESSAGE Error

!ENTRY org.eclipse.cdt.core 4 0 2026-02-26 13:06:07.808
!MESSAGE Error

!ENTRY org.eclipse.cdt.core 4 0 2026-02-26 13:06:07.809
!MESSAGE Error

!ENTRY org.eclipse.cdt.core 4 0 2026-02-26 13:06:07.809
!MESSAGE Error

!ENTRY org.eclipse.cdt.core 4 0 2026-02-26 13:06:07.809
!MESSAGE Error

!ENTRY org.eclipse.cdt.core 4 0 2026-02-26 13:06:07.809
!MESSAGE Error

!ENTRY org.eclipse.cdt.core 4 0 2026-02-26 13:06:07.809
!MESSAGE Error

!ENTRY org.eclipse.cdt.core 4 0 2026-02-26 13:06:07.809
!MESSAGE Error

!ENTRY org.eclipse.cdt.core 4 0 2026-02-26 13:06:07.809
!MESSAGE Error

!ENTRY org.eclipse.cdt.core 4 0 2026-02-26 13:06:07.810
!MESSAGE Error

!ENTRY org.eclipse.cdt.core 4 0 2026-02-26 13:06:07.810
!MESSAGE Error

!ENTRY org.eclipse.cdt.core 4 0 2026-02-26 13:06:07.810
!MESSAGE Error

!ENTRY org.eclipse.cdt.core 4 0 2026-02-26 13:06:07.810
!MESSAGE Error

!ENTRY org.eclipse.cdt.core 4 0 2026-02-26 13:06:07.810
!MESSAGE Error

!ENTRY org.eclipse.cdt.core 4 0 2026-02-26 13:06:07.810
!MESSAGE Error

!ENTRY org.eclipse.cdt.core 4 0 2026-02-26 13:06:07.811
!MESSAGE Error

!ENTRY org.eclipse.cdt.core 4 0 2026-02-26 13:06:12.156
!MESSAGE Error

!ENTRY org.eclipse.cdt.core 4 0 2026-02-26 13:06:12.156
!MESSAGE Error

!ENTRY org.eclipse.cdt.core 4 0 2026-02-26 13:06:12.813
!MESSAGE Error

!ENTRY org.eclipse.cdt.core 4 0 2026-02-26 13:06:12.858
!MESSAGE Error

!ENTRY org.eclipse.cdt.core 4 0 2026-02-26 13:06:12.862
!MESSAGE Error

!ENTRY org.eclipse.cdt.core 4 0 2026-02-26 13:06:12.864
!MESSAGE Error

!ENTRY org.eclipse.cdt.core 4 0 2026-02-26 13:06:12.864
!MESSAGE Error

!ENTRY org.eclipse.cdt.core 4 0 2026-02-26 13:06:12.864
!MESSAGE Error

!ENTRY org.eclipse.cdt.core 4 0 2026-02-26 13:06:12.864
!MESSAGE Error

!ENTRY org.eclipse.cdt.core 4 0 2026-02-26 13:06:12.864
!MESSAGE Error

!ENTRY org.eclipse.cdt.core 4 0 2026-02-26 13:06:12.864
!MESSAGE Error

!ENTRY org.eclipse.cdt.core 4 0 2026-02-26 13:06:12.865
!MESSAGE Error

!ENTRY org.eclipse.cdt.core 4 0 2026-02-26 13:06:12.865
!MESSAGE Error

!ENTRY org.eclipse.cdt.core 4 0 2026-02-26 13:06:12.865
!MESSAGE Error

!ENTRY org.eclipse.cdt.core 4 0 2026-02-26 13:06:12.865
!MESSAGE Error

!ENTRY org.eclipse.cdt.core 4 0 2026-02-26 13:06:12.865
!MESSAGE Error

!ENTRY org.eclipse.cdt.core 4 0 2026-02-26 13:06:12.866
!MESSAGE Error

!ENTRY org.eclipse.cdt.core 4 0 2026-02-26 13:06:12.866
!MESSAGE Error

!ENTRY org.eclipse.cdt.core 4 0 2026-02-26 13:06:12.866
!MESSAGE Error

!ENTRY org.eclipse.cdt.core 4 0 2026-02-26 13:06:12.866
!MESSAGE Error

!ENTRY org.eclipse.cdt.core 4 0 2026-02-26 13:06:12.866
!MESSAGE Error

!ENTRY org.eclipse.cdt.core 4 0 2026-02-26 13:06:12.867
!MESSAGE Error

!ENTRY org.eclipse.cdt.core 4 0 2026-02-26 13:06:12.867
!MESSAGE Error

!ENTRY org.eclipse.cdt.core 4 0 2026-02-26 13:06:12.867
!MESSAGE Error

!ENTRY org.eclipse.cdt.core 4 0 2026-02-26 13:06:12.867
!MESSAGE Error

!ENTRY org.eclipse.cdt.core 4 0 2026-02-26 13:06:12.867
!MESSAGE Error

!ENTRY org.eclipse.cdt.core 4 0 2026-02-26 13:06:12.868
!MESSAGE Error

!ENTRY org.eclipse.cdt.core 4 0 2026-02-26 13:06:12.868
!MESSAGE Error

!ENTRY org.eclipse.cdt.core 4 0 2026-02-26 13:06:12.868
!MESSAGE Error

!ENTRY org.eclipse.cdt.core 4 0 2026-02-26 13:06:12.868
!MESSAGE Error

!ENTRY org.eclipse.cdt.core 4 0 2026-02-26 13:06:12.868
!MESSAGE Error

!ENTRY org.eclipse.cdt.core 4 0 2026-02-26 13:06:12.869
!MESSAGE Error

!ENTRY org.eclipse.cdt.core 4 0 2026-02-26 13:06:12.869
!MESSAGE Error

!ENTRY org.eclipse.cdt.core 4 0 2026-02-26 13:06:12.869
!MESSAGE Error

!ENTRY org.eclipse.cdt.core 4 0 2026-02-26 13:06:12.869
!MESSAGE Error

!ENTRY org.eclipse.cdt.core 4 0 2026-02-26 13:06:12.869
!MESSAGE Error

!ENTRY org.eclipse.cdt.core 4 0 2026-02-26 13:06:12.869
!MESSAGE Error

!ENTRY org.eclipse.cdt.core 4 0 2026-02-26 13:06:12.869
!MESSAGE Error

!ENTRY org.eclipse.cdt.core 4 0 2026-02-26 13:06:12.870
!MESSAGE Error

!ENTRY org.eclipse.cdt.core 4 0 2026-02-26 13:06:12.870
!MESSAGE Error

!ENTRY org.eclipse.cdt.core 4 0 2026-02-26 13:06:12.870
!MESSAGE Error

!ENTRY org.eclipse.cdt.core 4 0 2026-02-26 13:06:12.871
!MESSAGE Error

!ENTRY org.eclipse.cdt.core 4 0 2026-02-26 13:06:12.871
!MESSAGE Error

!ENTRY org.eclipse.cdt.core 4 0 2026-02-26 13:06:12.871
!MESSAGE Error

!ENTRY org.eclipse.cdt.core 4 0 2026-02-26 13:06:12.871
!MESSAGE Error

!ENTRY org.eclipse.cdt.core 4 0 2026-02-26 13:06:12.871
!MESSAGE Error

!ENTRY org.eclipse.cdt.core 4 0 2026-02-26 13:06:12.871
!MESSAGE Error

!ENTRY org.eclipse.cdt.core 4 0 2026-02-26 13:06:12.872
!MESSAGE Error

!ENTRY org.eclipse.cdt.core 4 0 2026-02-26 13:06:12.872
!MESSAGE Error

!ENTRY org.eclipse.cdt.core 4 0 2026-02-26 13:06:12.872
!MESSAGE Error

!ENTRY org.eclipse.cdt.core 4 0 2026-02-26 13:06:12.872
!MESSAGE Error

!ENTRY org.eclipse.cdt.core 4 0 2026-02-26 13:06:12.873
!MESSAGE Error

!ENTRY org.eclipse.cdt.core 4 0 2026-02-26 13:06:12.873
!MESSAGE Error

!ENTRY org.eclipse.cdt.core 4 0 2026-02-26 13:06:12.873
!MESSAGE Error

!ENTRY org.eclipse.cdt.core 4 0 2026-02-26 13:06:12.873
!MESSAGE Error

!ENTRY org.eclipse.cdt.core 4 0 2026-02-26 13:06:12.873
!MESSAGE Error

!ENTRY org.eclipse.cdt.core 4 0 2026-02-26 13:06:12.874
!MESSAGE Error

!ENTRY org.eclipse.cdt.core 4 0 2026-02-26 13:06:12.874
!MESSAGE Error

!ENTRY org.eclipse.cdt.core 4 0 2026-02-26 13:06:12.874
!MESSAGE Error

!ENTRY org.eclipse.cdt.core 4 0 2026-02-26 13:06:12.874
!MESSAGE Error

!ENTRY org.eclipse.cdt.core 4 0 2026-02-26 13:06:12.874
!MESSAGE Error

!ENTRY org.eclipse.cdt.core 4 0 2026-02-26 13:06:12.874
!MESSAGE Error

!ENTRY org.eclipse.cdt.core 4 0 2026-02-26 13:06:12.874
!MESSAGE Error

!ENTRY org.eclipse.cdt.core 4 0 2026-02-26 13:06:12.874
!MESSAGE Error

!ENTRY org.eclipse.cdt.core 4 0 2026-02-26 13:06:12.875
!MESSAGE Error

!ENTRY org.eclipse.cdt.core 4 0 2026-02-26 13:07:21.339
!MESSAGE Error

!ENTRY org.eclipse.cdt.core 4 0 2026-02-26 13:07:21.345
!MESSAGE Error

!ENTRY org.eclipse.cdt.core 4 0 2026-02-26 13:07:21.348
!MESSAGE Error

!ENTRY org.eclipse.cdt.core 4 0 2026-02-26 13:07:21.348
!MESSAGE Error

!ENTRY org.eclipse.cdt.core 4 0 2026-02-26 13:07:21.349
!MESSAGE Error

!ENTRY org.eclipse.cdt.core 4 0 2026-02-26 13:07:21.349
!MESSAGE Error

!ENTRY org.eclipse.cdt.core 4 0 2026-02-26 13:07:21.350
!MESSAGE Error

!ENTRY org.eclipse.cdt.core 4 0 2026-02-26 13:07:21.350
!MESSAGE Error

!ENTRY org.eclipse.cdt.core 4 0 2026-02-26 13:07:21.351
!MESSAGE Error

!ENTRY org.eclipse.cdt.core 4 0 2026-02-26 13:07:21.351
!MESSAGE Error

!ENTRY org.eclipse.cdt.core 4 0 2026-02-26 13:07:21.352
!MESSAGE Error

!ENTRY org.eclipse.cdt.core 4 0 2026-02-26 13:07:21.352
!MESSAGE Error

!ENTRY org.eclipse.cdt.core 4 0 2026-02-26 13:07:21.352
!MESSAGE Error

!ENTRY org.eclipse.cdt.core 4 0 2026-02-26 13:07:21.352
!MESSAGE Error

!ENTRY org.eclipse.cdt.core 4 0 2026-02-26 13:07:21.352
!MESSAGE Error

!ENTRY org.eclipse.cdt.core 4 0 2026-02-26 13:07:21.352
!MESSAGE Error

!ENTRY org.eclipse.cdt.core 4 0 2026-02-26 13:07:21.353
!MESSAGE Error

!ENTRY org.eclipse.cdt.core 4 0 2026-02-26 13:07:21.353
!MESSAGE Error

!ENTRY org.eclipse.cdt.core 4 0 2026-02-26 13:07:21.353
!MESSAGE Error

!ENTRY org.eclipse.cdt.core 4 0 2026-02-26 13:07:21.353
!MESSAGE Error

!ENTRY org.eclipse.cdt.core 4 0 2026-02-26 13:07:21.353
!MESSAGE Error

!ENTRY org.eclipse.cdt.core 4 0 2026-02-26 13:07:21.353
!MESSAGE Error

!ENTRY org.eclipse.cdt.core 4 0 2026-02-26 13:07:21.354
!MESSAGE Error

!ENTRY org.eclipse.cdt.core 4 0 2026-02-26 13:07:21.354
!MESSAGE Error

!ENTRY org.eclipse.cdt.core 4 0 2026-02-26 13:07:21.354
!MESSAGE Error

!ENTRY org.eclipse.cdt.core 4 0 2026-02-26 13:07:21.354
!MESSAGE Error

!ENTRY org.eclipse.cdt.core 4 0 2026-02-26 13:07:21.354
!MESSAGE Error

!ENTRY org.eclipse.cdt.core 4 0 2026-02-26 13:07:21.354
!MESSAGE Error

!ENTRY org.eclipse.cdt.core 4 0 2026-02-26 13:07:21.355
!MESSAGE Error

!ENTRY org.eclipse.cdt.core 4 0 2026-02-26 13:07:21.355
!MESSAGE Error

!ENTRY org.eclipse.cdt.core 4 0 2026-02-26 13:07:21.355
!MESSAGE Error

!ENTRY org.eclipse.cdt.core 4 0 2026-02-26 13:07:21.355
!MESSAGE Error

!ENTRY org.eclipse.cdt.core 4 0 2026-02-26 13:07:21.355
!MESSAGE Error

!ENTRY org.eclipse.cdt.core 4 0 2026-02-26 13:07:21.356
!MESSAGE Error

!ENTRY org.eclipse.cdt.core 4 0 2026-02-26 13:07:21.356
!MESSAGE Error

!ENTRY org.eclipse.cdt.core 4 0 2026-02-26 13:07:21.356
!MESSAGE Error

!ENTRY org.eclipse.cdt.core 4 0 2026-02-26 13:07:21.356
!MESSAGE Error

!ENTRY org.eclipse.cdt.core 4 0 2026-02-26 13:07:21.356
!MESSAGE Error

!ENTRY org.eclipse.cdt.core 4 0 2026-02-26 13:07:21.356
!MESSAGE Error

!ENTRY org.eclipse.cdt.core 4 0 2026-02-26 13:07:21.356
!MESSAGE Error

!ENTRY org.eclipse.cdt.core 4 0 2026-02-26 13:07:21.357
!MESSAGE Error

!ENTRY org.eclipse.cdt.core 4 0 2026-02-26 13:07:21.357
!MESSAGE Error

!ENTRY org.eclipse.cdt.core 4 0 2026-02-26 13:07:21.357
!MESSAGE Error

!ENTRY org.eclipse.cdt.core 4 0 2026-02-26 13:07:21.357
!MESSAGE Error

!ENTRY org.eclipse.cdt.core 4 0 2026-02-26 13:07:21.357
!MESSAGE Error

!ENTRY org.eclipse.cdt.core 4 0 2026-02-26 13:07:21.357
!MESSAGE Error

!ENTRY org.eclipse.cdt.core 4 0 2026-02-26 13:07:21.357
!MESSAGE Error

!ENTRY org.eclipse.cdt.core 4 0 2026-02-26 13:07:21.357
!MESSAGE Error

!ENTRY org.eclipse.cdt.core 4 0 2026-02-26 13:07:21.358
!MESSAGE Error

!ENTRY org.eclipse.cdt.core 4 0 2026-02-26 13:07:21.358
!MESSAGE Error

!ENTRY org.eclipse.cdt.core 4 0 2026-02-26 13:07:21.764
!MESSAGE Error

!ENTRY org.eclipse.cdt.core 4 0 2026-02-26 13:07:22.383
!MESSAGE Error

!ENTRY org.eclipse.cdt.core 4 0 2026-02-26 13:07:22.388
!MESSAGE Error

!ENTRY org.eclipse.cdt.core 4 0 2026-02-26 13:07:22.390
!MESSAGE Error

!ENTRY org.eclipse.cdt.core 4 0 2026-02-26 13:07:22.391
!MESSAGE Error

!ENTRY org.eclipse.cdt.core 4 0 2026-02-26 13:07:22.391
!MESSAGE Error

!ENTRY org.eclipse.cdt.core 4 0 2026-02-26 13:07:22.391
!MESSAGE Error

!ENTRY org.eclipse.cdt.core 4 0 2026-02-26 13:07:22.392
!MESSAGE Error

!ENTRY org.eclipse.cdt.core 4 0 2026-02-26 13:07:22.392
!MESSAGE Error

!ENTRY org.eclipse.cdt.core 4 0 2026-02-26 13:07:22.393
!MESSAGE Error

!ENTRY org.eclipse.cdt.core 4 0 2026-02-26 13:07:22.393
!MESSAGE Error

!ENTRY org.eclipse.cdt.core 4 0 2026-02-26 13:07:22.394
!MESSAGE Error

!ENTRY org.eclipse.cdt.core 4 0 2026-02-26 13:07:22.394
!MESSAGE Error

!ENTRY org.eclipse.cdt.core 4 0 2026-02-26 13:07:22.394
!MESSAGE Error

!ENTRY org.eclipse.cdt.core 4 0 2026-02-26 13:07:22.395
!MESSAGE Error

!ENTRY org.eclipse.cdt.core 4 0 2026-02-26 13:07:22.395
!MESSAGE Error

!ENTRY org.eclipse.cdt.core 4 0 2026-02-26 13:07:22.396
!MESSAGE Error

!ENTRY org.eclipse.cdt.core 4 0 2026-02-26 13:07:22.396
!MESSAGE Error

!ENTRY org.eclipse.cdt.core 4 0 2026-02-26 13:07:22.396
!MESSAGE Error

!ENTRY org.eclipse.cdt.core 4 0 2026-02-26 13:07:22.397
!MESSAGE Error

!ENTRY org.eclipse.cdt.core 4 0 2026-02-26 13:07:22.397
!MESSAGE Error

!ENTRY org.eclipse.cdt.core 4 0 2026-02-26 13:07:22.397
!MESSAGE Error

!ENTRY org.eclipse.cdt.core 4 0 2026-02-26 13:07:22.398
!MESSAGE Error

!ENTRY org.eclipse.cdt.core 4 0 2026-02-26 13:07:22.398
!MESSAGE Error

!ENTRY org.eclipse.cdt.core 4 0 2026-02-26 13:07:22.399
!MESSAGE Error

!ENTRY org.eclipse.cdt.core 4 0 2026-02-26 13:07:22.399
!MESSAGE Error

!ENTRY org.eclipse.cdt.core 4 0 2026-02-26 13:07:22.399
!MESSAGE Error

!ENTRY org.eclipse.cdt.core 4 0 2026-02-26 13:07:22.400
!MESSAGE Error

!ENTRY org.eclipse.cdt.core 4 0 2026-02-26 13:07:22.400
!MESSAGE Error

!ENTRY org.eclipse.cdt.core 4 0 2026-02-26 13:07:22.401
!MESSAGE Error

!ENTRY org.eclipse.cdt.core 4 0 2026-02-26 13:07:22.401
!MESSAGE Error

!ENTRY org.eclipse.cdt.core 4 0 2026-02-26 13:07:22.401
!MESSAGE Error

!ENTRY org.eclipse.cdt.core 4 0 2026-02-26 13:07:22.401
!MESSAGE Error

!ENTRY org.eclipse.cdt.core 4 0 2026-02-26 13:07:22.401
!MESSAGE Error

!ENTRY org.eclipse.cdt.core 4 0 2026-02-26 13:07:22.402
!MESSAGE Error

!ENTRY org.eclipse.cdt.core 4 0 2026-02-26 13:07:22.402
!MESSAGE Error

!ENTRY org.eclipse.cdt.core 4 0 2026-02-26 13:07:22.402
!MESSAGE Error

!ENTRY org.eclipse.cdt.core 4 0 2026-02-26 13:07:22.402
!MESSAGE Error

!ENTRY org.eclipse.cdt.core 4 0 2026-02-26 13:07:22.402
!MESSAGE Error

!ENTRY org.eclipse.cdt.core 4 0 2026-02-26 13:07:22.403
!MESSAGE Error

!ENTRY org.eclipse.cdt.core 4 0 2026-02-26 13:07:22.403
!MESSAGE Error

!ENTRY org.eclipse.cdt.core 4 0 2026-02-26 13:07:22.403
!MESSAGE Error

!ENTRY org.eclipse.cdt.core 4 0 2026-02-26 13:07:22.403
!MESSAGE Error

!ENTRY org.eclipse.cdt.core 4 0 2026-02-26 13:07:22.403
!MESSAGE Error

!ENTRY org.eclipse.cdt.core 4 0 2026-02-26 13:07:22.404
!MESSAGE Error

!ENTRY org.eclipse.cdt.core 4 0 2026-02-26 13:07:22.404
!MESSAGE Error

!ENTRY org.eclipse.cdt.core 4 0 2026-02-26 13:07:22.404
!MESSAGE Error

!ENTRY org.eclipse.cdt.core 4 0 2026-02-26 13:07:22.404
!MESSAGE Error

!ENTRY org.eclipse.cdt.core 4 0 2026-02-26 13:07:22.404
!MESSAGE Error

!ENTRY org.eclipse.cdt.core 4 0 2026-02-26 13:07:22.404
!MESSAGE Error

!ENTRY org.eclipse.cdt.core 4 0 2026-02-26 13:07:22.404
!MESSAGE Error

!ENTRY org.eclipse.cdt.core 4 0 2026-02-26 13:07:22.404
!MESSAGE Error

!ENTRY org.eclipse.cdt.core 4 0 2026-02-26 13:07:22.404
!MESSAGE Error

!ENTRY org.eclipse.cdt.core 4 0 2026-02-26 13:07:22.405
!MESSAGE Error

!ENTRY org.eclipse.cdt.core 4 0 2026-02-26 13:07:22.405
!MESSAGE Error

!ENTRY org.eclipse.cdt.core 4 0 2026-02-26 13:07:22.405
!MESSAGE Error

!ENTRY org.eclipse.cdt.core 4 0 2026-02-26 13:07:22.405
!MESSAGE Error

!ENTRY org.eclipse.cdt.core 4 0 2026-02-26 13:07:22.405
!MESSAGE Error

!ENTRY org.eclipse.cdt.core 4 0 2026-02-26 13:07:22.405
!MESSAGE Error

!ENTRY org.eclipse.cdt.core 4 0 2026-02-26 13:07:22.406
!MESSAGE Error

!ENTRY org.eclipse.cdt.core 4 0 2026-02-26 13:07:22.406
!MESSAGE Error

!ENTRY org.eclipse.cdt.core 4 0 2026-02-26 13:07:22.406
!MESSAGE Error

!ENTRY org.eclipse.cdt.core 4 0 2026-02-26 13:07:22.406
!MESSAGE Error

!ENTRY org.eclipse.cdt.core 4 0 2026-02-26 13:07:24.453
!MESSAGE Error

!ENTRY org.eclipse.cdt.core 4 0 2026-02-26 13:07:24.457
!MESSAGE Error

!ENTRY org.eclipse.cdt.core 4 0 2026-02-26 13:07:24.460
!MESSAGE Error

!ENTRY org.eclipse.cdt.core 4 0 2026-02-26 13:07:24.460
!MESSAGE Error

!ENTRY org.eclipse.cdt.core 4 0 2026-02-26 13:07:24.461
!MESSAGE Error

!ENTRY org.eclipse.cdt.core 4 0 2026-02-26 13:07:24.461
!MESSAGE Error

!ENTRY org.eclipse.cdt.core 4 0 2026-02-26 13:07:24.461
!MESSAGE Error

!ENTRY org.eclipse.cdt.core 4 0 2026-02-26 13:07:24.462
!MESSAGE Error

!ENTRY org.eclipse.cdt.core 4 0 2026-02-26 13:07:24.462
!MESSAGE Error

!ENTRY org.eclipse.cdt.core 4 0 2026-02-26 13:07:24.462
!MESSAGE Error

!ENTRY org.eclipse.cdt.core 4 0 2026-02-26 13:07:24.463
!MESSAGE Error

!ENTRY org.eclipse.cdt.core 4 0 2026-02-26 13:07:24.463
!MESSAGE Error

!ENTRY org.eclipse.cdt.core 4 0 2026-02-26 13:07:24.464
!MESSAGE Error

!ENTRY org.eclipse.cdt.core 4 0 2026-02-26 13:07:24.464
!MESSAGE Error

!ENTRY org.eclipse.cdt.core 4 0 2026-02-26 13:07:24.464
!MESSAGE Error

!ENTRY org.eclipse.cdt.core 4 0 2026-02-26 13:07:24.464
!MESSAGE Error

!ENTRY org.eclipse.cdt.core 4 0 2026-02-26 13:07:24.465
!MESSAGE Error

!ENTRY org.eclipse.cdt.core 4 0 2026-02-26 13:07:24.465
!MESSAGE Error

!ENTRY org.eclipse.cdt.core 4 0 2026-02-26 13:07:24.465
!MESSAGE Error

!ENTRY org.eclipse.cdt.core 4 0 2026-02-26 13:07:24.466
!MESSAGE Error

!ENTRY org.eclipse.cdt.core 4 0 2026-02-26 13:07:24.466
!MESSAGE Error

!ENTRY org.eclipse.cdt.core 4 0 2026-02-26 13:07:24.466
!MESSAGE Error

!ENTRY org.eclipse.cdt.core 4 0 2026-02-26 13:07:24.467
!MESSAGE Error

!ENTRY org.eclipse.cdt.core 4 0 2026-02-26 13:07:24.467
!MESSAGE Error

!ENTRY org.eclipse.cdt.core 4 0 2026-02-26 13:07:24.468
!MESSAGE Error

!ENTRY org.eclipse.cdt.core 4 0 2026-02-26 13:07:24.468
!MESSAGE Error

!ENTRY org.eclipse.cdt.core 4 0 2026-02-26 13:07:24.469
!MESSAGE Error

!ENTRY org.eclipse.cdt.core 4 0 2026-02-26 13:07:24.469
!MESSAGE Error

!ENTRY org.eclipse.cdt.core 4 0 2026-02-26 13:07:24.469
!MESSAGE Error

!ENTRY org.eclipse.cdt.core 4 0 2026-02-26 13:07:24.470
!MESSAGE Error

!ENTRY org.eclipse.cdt.core 4 0 2026-02-26 13:07:24.471
!MESSAGE Error

!ENTRY org.eclipse.cdt.core 4 0 2026-02-26 13:07:24.471
!MESSAGE Error

!ENTRY org.eclipse.cdt.core 4 0 2026-02-26 13:07:24.471
!MESSAGE Error

!ENTRY org.eclipse.cdt.core 4 0 2026-02-26 13:07:24.472
!MESSAGE Error

!ENTRY org.eclipse.cdt.core 4 0 2026-02-26 13:07:24.472
!MESSAGE Error

!ENTRY org.eclipse.cdt.core 4 0 2026-02-26 13:07:24.472
!MESSAGE Error

!ENTRY org.eclipse.cdt.core 4 0 2026-02-26 13:07:24.472
!MESSAGE Error

!ENTRY org.eclipse.cdt.core 4 0 2026-02-26 13:07:24.472
!MESSAGE Error

!ENTRY org.eclipse.cdt.core 4 0 2026-02-26 13:07:24.472
!MESSAGE Error

!ENTRY org.eclipse.cdt.core 4 0 2026-02-26 13:07:24.473
!MESSAGE Error

!ENTRY org.eclipse.cdt.core 4 0 2026-02-26 13:07:24.473
!MESSAGE Error

!ENTRY org.eclipse.cdt.core 4 0 2026-02-26 13:07:24.473
!MESSAGE Error

!ENTRY org.eclipse.cdt.core 4 0 2026-02-26 13:07:24.473
!MESSAGE Error

!ENTRY org.eclipse.cdt.core 4 0 2026-02-26 13:07:24.473
!MESSAGE Error

!ENTRY org.eclipse.cdt.core 4 0 2026-02-26 13:07:24.473
!MESSAGE Error

!ENTRY org.eclipse.cdt.core 4 0 2026-02-26 13:07:24.473
!MESSAGE Error

!ENTRY org.eclipse.cdt.core 4 0 2026-02-26 13:07:24.474
!MESSAGE Error

!ENTRY org.eclipse.cdt.core 4 0 2026-02-26 13:07:24.474
!MESSAGE Error

!ENTRY org.eclipse.cdt.core 4 0 2026-02-26 13:07:24.474
!MESSAGE Error

!ENTRY org.eclipse.cdt.core 4 0 2026-02-26 13:07:24.474
!MESSAGE Error

!ENTRY org.eclipse.cdt.core 4 0 2026-02-26 13:07:27.034
!MESSAGE Error

!ENTRY org.eclipse.cdt.core 4 0 2026-02-26 13:07:27.039
!MESSAGE Error

!ENTRY org.eclipse.cdt.core 4 0 2026-02-26 13:07:27.041
!MESSAGE Error

!ENTRY org.eclipse.cdt.core 4 0 2026-02-26 13:07:27.041
!MESSAGE Error

!ENTRY org.eclipse.cdt.core 4 0 2026-02-26 13:07:27.042
!MESSAGE Error

!ENTRY org.eclipse.cdt.core 4 0 2026-02-26 13:07:27.042
!MESSAGE Error

!ENTRY org.eclipse.cdt.core 4 0 2026-02-26 13:07:27.043
!MESSAGE Error

!ENTRY org.eclipse.cdt.core 4 0 2026-02-26 13:07:27.043
!MESSAGE Error

!ENTRY org.eclipse.cdt.core 4 0 2026-02-26 13:07:27.044
!MESSAGE Error

!ENTRY org.eclipse.cdt.core 4 0 2026-02-26 13:07:27.044
!MESSAGE Error

!ENTRY org.eclipse.cdt.core 4 0 2026-02-26 13:07:27.044
!MESSAGE Error

!ENTRY org.eclipse.cdt.core 4 0 2026-02-26 13:07:27.045
!MESSAGE Error

!ENTRY org.eclipse.cdt.core 4 0 2026-02-26 13:07:27.045
!MESSAGE Error

!ENTRY org.eclipse.cdt.core 4 0 2026-02-26 13:07:27.045
!MESSAGE Error

!ENTRY org.eclipse.cdt.core 4 0 2026-02-26 13:07:27.045
!MESSAGE Error

!ENTRY org.eclipse.cdt.core 4 0 2026-02-26 13:07:27.046
!MESSAGE Error

!ENTRY org.eclipse.cdt.core 4 0 2026-02-26 13:07:27.046
!MESSAGE Error

!ENTRY org.eclipse.cdt.core 4 0 2026-02-26 13:07:27.046
!MESSAGE Error

!ENTRY org.eclipse.cdt.core 4 0 2026-02-26 13:07:27.047
!MESSAGE Error

!ENTRY org.eclipse.cdt.core 4 0 2026-02-26 13:07:27.047
!MESSAGE Error

!ENTRY org.eclipse.cdt.core 4 0 2026-02-26 13:07:27.047
!MESSAGE Error

!ENTRY org.eclipse.cdt.core 4 0 2026-02-26 13:07:27.048
!MESSAGE Error

!ENTRY org.eclipse.cdt.core 4 0 2026-02-26 13:07:27.048
!MESSAGE Error

!ENTRY org.eclipse.cdt.core 4 0 2026-02-26 13:07:27.049
!MESSAGE Error

!ENTRY org.eclipse.cdt.core 4 0 2026-02-26 13:07:27.049
!MESSAGE Error

!ENTRY org.eclipse.cdt.core 4 0 2026-02-26 13:07:27.049
!MESSAGE Error

!ENTRY org.eclipse.cdt.core 4 0 2026-02-26 13:07:27.050
!MESSAGE Error

!ENTRY org.eclipse.cdt.core 4 0 2026-02-26 13:07:27.050
!MESSAGE Error

!ENTRY org.eclipse.cdt.core 4 0 2026-02-26 13:07:27.050
!MESSAGE Error

!ENTRY org.eclipse.cdt.core 4 0 2026-02-26 13:07:27.051
!MESSAGE Error

!ENTRY org.eclipse.cdt.core 4 0 2026-02-26 13:07:27.051
!MESSAGE Error

!ENTRY org.eclipse.cdt.core 4 0 2026-02-26 13:07:27.052
!MESSAGE Error

!ENTRY org.eclipse.cdt.core 4 0 2026-02-26 13:07:27.052
!MESSAGE Error

!ENTRY org.eclipse.cdt.core 4 0 2026-02-26 13:07:27.052
!MESSAGE Error

!ENTRY org.eclipse.cdt.core 4 0 2026-02-26 13:07:27.052
!MESSAGE Error

!ENTRY org.eclipse.cdt.core 4 0 2026-02-26 13:07:27.052
!MESSAGE Error

!ENTRY org.eclipse.cdt.core 4 0 2026-02-26 13:07:27.052
!MESSAGE Error

!ENTRY org.eclipse.cdt.core 4 0 2026-02-26 13:07:27.053
!MESSAGE Error

!ENTRY org.eclipse.cdt.core 4 0 2026-02-26 13:07:27.053
!MESSAGE Error

!ENTRY org.eclipse.cdt.core 4 0 2026-02-26 13:07:27.053
!MESSAGE Error

!ENTRY org.eclipse.cdt.core 4 0 2026-02-26 13:07:27.053
!MESSAGE Error

!ENTRY org.eclipse.cdt.core 4 0 2026-02-26 13:07:27.053
!MESSAGE Error

!ENTRY org.eclipse.cdt.core 4 0 2026-02-26 13:07:27.053
!MESSAGE Error

!ENTRY org.eclipse.cdt.core 4 0 2026-02-26 13:07:27.053
!MESSAGE Error

!ENTRY org.eclipse.cdt.core 4 0 2026-02-26 13:07:27.054
!MESSAGE Error

!ENTRY org.eclipse.cdt.core 4 0 2026-02-26 13:07:27.054
!MESSAGE Error

!ENTRY org.eclipse.cdt.core 4 0 2026-02-26 13:07:27.054
!MESSAGE Error

!ENTRY org.eclipse.cdt.core 4 0 2026-02-26 13:07:27.054
!MESSAGE Error

!ENTRY org.eclipse.cdt.core 4 0 2026-02-26 13:07:27.054
!MESSAGE Error

!ENTRY org.eclipse.cdt.core 4 0 2026-02-26 13:07:27.054
!MESSAGE Error

!ENTRY org.eclipse.cdt.core 4 0 2026-02-26 13:07:27.055
!MESSAGE Error

!ENTRY org.eclipse.cdt.core 4 0 2026-02-26 13:07:27.055
!MESSAGE Error

!ENTRY org.eclipse.cdt.core 4 0 2026-02-26 13:07:27.055
!MESSAGE Error

!ENTRY org.eclipse.cdt.core 4 0 2026-02-26 13:07:27.055
!MESSAGE Error

!ENTRY org.eclipse.cdt.core 4 0 2026-02-26 13:07:27.055
!MESSAGE Error

!ENTRY org.eclipse.cdt.core 4 0 2026-02-26 13:07:27.055
!MESSAGE Error

!ENTRY org.eclipse.cdt.core 4 0 2026-02-26 13:07:27.056
!MESSAGE Error

!ENTRY org.eclipse.cdt.core 4 0 2026-02-26 13:07:27.056
!MESSAGE Error

!ENTRY org.eclipse.cdt.core 4 0 2026-02-26 13:07:27.056
!MESSAGE Error

!ENTRY org.eclipse.cdt.core 4 0 2026-02-26 13:07:27.056
!MESSAGE Error

!ENTRY org.eclipse.cdt.core 4 0 2026-02-26 13:07:27.056
!MESSAGE Error

!ENTRY org.eclipse.cdt.core 4 0 2026-02-26 13:07:27.056
!MESSAGE Error

!ENTRY org.eclipse.cdt.core 4 0 2026-02-26 13:07:30.615
!MESSAGE Error

!ENTRY org.eclipse.cdt.core 4 0 2026-02-26 13:07:30.619
!MESSAGE Error

!ENTRY org.eclipse.cdt.core 4 0 2026-02-26 13:07:30.622
!MESSAGE Error

!ENTRY org.eclipse.cdt.core 4 0 2026-02-26 13:07:30.623
!MESSAGE Error

!ENTRY org.eclipse.cdt.core 4 0 2026-02-26 13:07:30.623
!MESSAGE Error

!ENTRY org.eclipse.cdt.core 4 0 2026-02-26 13:07:30.623
!MESSAGE Error

!ENTRY org.eclipse.cdt.core 4 0 2026-02-26 13:07:30.624
!MESSAGE Error

!ENTRY org.eclipse.cdt.core 4 0 2026-02-26 13:07:30.624
!MESSAGE Error

!ENTRY org.eclipse.cdt.core 4 0 2026-02-26 13:07:30.625
!MESSAGE Error

!ENTRY org.eclipse.cdt.core 4 0 2026-02-26 13:07:30.625
!MESSAGE Error

!ENTRY org.eclipse.cdt.core 4 0 2026-02-26 13:07:30.625
!MESSAGE Error

!ENTRY org.eclipse.cdt.core 4 0 2026-02-26 13:07:30.625
!MESSAGE Error

!ENTRY org.eclipse.cdt.core 4 0 2026-02-26 13:07:30.625
!MESSAGE Error

!ENTRY org.eclipse.cdt.core 4 0 2026-02-26 13:07:30.625
!MESSAGE Error

!ENTRY org.eclipse.cdt.core 4 0 2026-02-26 13:07:30.625
!MESSAGE Error

!ENTRY org.eclipse.cdt.core 4 0 2026-02-26 13:07:30.625
!MESSAGE Error

!ENTRY org.eclipse.cdt.core 4 0 2026-02-26 13:07:30.626
!MESSAGE Error

!ENTRY org.eclipse.cdt.core 4 0 2026-02-26 13:07:30.626
!MESSAGE Error

!ENTRY org.eclipse.cdt.core 4 0 2026-02-26 13:07:30.626
!MESSAGE Error

!ENTRY org.eclipse.cdt.core 4 0 2026-02-26 13:07:30.626
!MESSAGE Error

!ENTRY org.eclipse.cdt.core 4 0 2026-02-26 13:07:30.626
!MESSAGE Error

!ENTRY org.eclipse.cdt.core 4 0 2026-02-26 13:07:30.626
!MESSAGE Error

!ENTRY org.eclipse.cdt.core 4 0 2026-02-26 13:07:30.627
!MESSAGE Error

!ENTRY org.eclipse.cdt.core 4 0 2026-02-26 13:07:30.627
!MESSAGE Error

!ENTRY org.eclipse.cdt.core 4 0 2026-02-26 13:07:30.627
!MESSAGE Error

!ENTRY org.eclipse.cdt.core 4 0 2026-02-26 13:07:30.627
!MESSAGE Error

!ENTRY org.eclipse.cdt.core 4 0 2026-02-26 13:07:30.627
!MESSAGE Error

!ENTRY org.eclipse.cdt.core 4 0 2026-02-26 13:07:30.627
!MESSAGE Error

!ENTRY org.eclipse.cdt.core 4 0 2026-02-26 13:07:30.628
!MESSAGE Error

!ENTRY org.eclipse.cdt.core 4 0 2026-02-26 13:07:30.628
!MESSAGE Error

!ENTRY org.eclipse.cdt.core 4 0 2026-02-26 13:07:30.628
!MESSAGE Error

!ENTRY org.eclipse.cdt.core 4 0 2026-02-26 13:07:30.628
!MESSAGE Error

!ENTRY org.eclipse.cdt.core 4 0 2026-02-26 13:07:30.629
!MESSAGE Error

!ENTRY org.eclipse.cdt.core 4 0 2026-02-26 13:07:30.629
!MESSAGE Error

!ENTRY org.eclipse.cdt.core 4 0 2026-02-26 13:07:30.629
!MESSAGE Error

!ENTRY org.eclipse.cdt.core 4 0 2026-02-26 13:07:30.629
!MESSAGE Error

!ENTRY org.eclipse.cdt.core 4 0 2026-02-26 13:07:30.629
!MESSAGE Error

!ENTRY org.eclipse.cdt.core 4 0 2026-02-26 13:07:30.630
!MESSAGE Error

!ENTRY org.eclipse.cdt.core 4 0 2026-02-26 13:07:30.630
!MESSAGE Error

!ENTRY org.eclipse.cdt.core 4 0 2026-02-26 13:07:30.630
!MESSAGE Error

!ENTRY org.eclipse.cdt.core 4 0 2026-02-26 13:07:30.631
!MESSAGE Error

!ENTRY org.eclipse.cdt.core 4 0 2026-02-26 13:07:30.631
!MESSAGE Error

!ENTRY org.eclipse.cdt.core 4 0 2026-02-26 13:07:30.631
!MESSAGE Error

!ENTRY org.eclipse.cdt.core 4 0 2026-02-26 13:07:30.631
!MESSAGE Error

!ENTRY org.eclipse.cdt.core 4 0 2026-02-26 13:07:30.631
!MESSAGE Error

!ENTRY org.eclipse.cdt.core 4 0 2026-02-26 13:07:30.631
!MESSAGE Error

!ENTRY org.eclipse.cdt.core 4 0 2026-02-26 13:07:30.632
!MESSAGE Error

!ENTRY org.eclipse.cdt.core 4 0 2026-02-26 13:07:30.632
!MESSAGE Error

!ENTRY org.eclipse.cdt.core 4 0 2026-02-26 13:07:30.632
!MESSAGE Error

!ENTRY org.eclipse.cdt.core 4 0 2026-02-26 13:07:30.632
!MESSAGE Error

!ENTRY org.eclipse.cdt.core 4 0 2026-02-26 13:07:30.632
!MESSAGE Error

!ENTRY org.eclipse.cdt.core 4 0 2026-02-26 13:07:30.632
!MESSAGE Error

!ENTRY org.eclipse.cdt.core 4 0 2026-02-26 13:07:30.633
!MESSAGE Error

!ENTRY org.eclipse.cdt.core 4 0 2026-02-26 13:07:30.633
!MESSAGE Error

!ENTRY org.eclipse.cdt.core 4 0 2026-02-26 13:07:30.633
!MESSAGE Error

!ENTRY org.eclipse.cdt.core 4 0 2026-02-26 13:07:32.172
!MESSAGE Error

!ENTRY org.eclipse.cdt.core 4 0 2026-02-26 13:07:32.174
!MESSAGE Error

!ENTRY org.eclipse.cdt.core 4 0 2026-02-26 13:07:32.177
!MESSAGE Error

!ENTRY org.eclipse.cdt.core 4 0 2026-02-26 13:07:32.177
!MESSAGE Error

!ENTRY org.eclipse.cdt.core 4 0 2026-02-26 13:07:32.177
!MESSAGE Error

!ENTRY org.eclipse.cdt.core 4 0 2026-02-26 13:07:32.178
!MESSAGE Error

!ENTRY org.eclipse.cdt.core 4 0 2026-02-26 13:07:32.178
!MESSAGE Error

!ENTRY org.eclipse.cdt.core 4 0 2026-02-26 13:07:32.179
!MESSAGE Error

!ENTRY org.eclipse.cdt.core 4 0 2026-02-26 13:07:32.179
!MESSAGE Error

!ENTRY org.eclipse.cdt.core 4 0 2026-02-26 13:07:32.179
!MESSAGE Error

!ENTRY org.eclipse.cdt.core 4 0 2026-02-26 13:07:32.180
!MESSAGE Error

!ENTRY org.eclipse.cdt.core 4 0 2026-02-26 13:07:32.180
!MESSAGE Error

!ENTRY org.eclipse.cdt.core 4 0 2026-02-26 13:07:32.180
!MESSAGE Error

!ENTRY org.eclipse.cdt.core 4 0 2026-02-26 13:07:32.180
!MESSAGE Error

!ENTRY org.eclipse.cdt.core 4 0 2026-02-26 13:07:32.181
!MESSAGE Error

!ENTRY org.eclipse.cdt.core 4 0 2026-02-26 13:07:32.181
!MESSAGE Error

!ENTRY org.eclipse.cdt.core 4 0 2026-02-26 13:07:32.182
!MESSAGE Error

!ENTRY org.eclipse.cdt.core 4 0 2026-02-26 13:07:32.182
!MESSAGE Error

!ENTRY org.eclipse.cdt.core 4 0 2026-02-26 13:07:32.182
!MESSAGE Error

!ENTRY org.eclipse.cdt.core 4 0 2026-02-26 13:07:32.182
!MESSAGE Error

!ENTRY org.eclipse.cdt.core 4 0 2026-02-26 13:07:32.182
!MESSAGE Error

!ENTRY org.eclipse.cdt.core 4 0 2026-02-26 13:07:32.182
!MESSAGE Error

!ENTRY org.eclipse.cdt.core 4 0 2026-02-26 13:07:32.183
!MESSAGE Error

!ENTRY org.eclipse.cdt.core 4 0 2026-02-26 13:07:32.183
!MESSAGE Error

!ENTRY org.eclipse.cdt.core 4 0 2026-02-26 13:07:32.183
!MESSAGE Error

!ENTRY org.eclipse.cdt.core 4 0 2026-02-26 13:07:32.183
!MESSAGE Error

!ENTRY org.eclipse.cdt.core 4 0 2026-02-26 13:07:32.183
!MESSAGE Error

!ENTRY org.eclipse.cdt.core 4 0 2026-02-26 13:07:32.183
!MESSAGE Error

!ENTRY org.eclipse.cdt.core 4 0 2026-02-26 13:07:32.183
!MESSAGE Error

!ENTRY org.eclipse.cdt.core 4 0 2026-02-26 13:07:32.184
!MESSAGE Error

!ENTRY org.eclipse.cdt.core 4 0 2026-02-26 13:07:32.184
!MESSAGE Error

!ENTRY org.eclipse.cdt.core 4 0 2026-02-26 13:07:32.184
!MESSAGE Error

!ENTRY org.eclipse.cdt.core 4 0 2026-02-26 13:07:32.184
!MESSAGE Error

!ENTRY org.eclipse.cdt.core 4 0 2026-02-26 13:07:32.184
!MESSAGE Error

!ENTRY org.eclipse.cdt.core 4 0 2026-02-26 13:07:32.184
!MESSAGE Error

!ENTRY org.eclipse.cdt.core 4 0 2026-02-26 13:07:32.184
!MESSAGE Error

!ENTRY org.eclipse.cdt.core 4 0 2026-02-26 13:07:32.184
!MESSAGE Error

!ENTRY org.eclipse.cdt.core 4 0 2026-02-26 13:07:32.184
!MESSAGE Error

!ENTRY org.eclipse.cdt.core 4 0 2026-02-26 13:07:32.185
!MESSAGE Error

!ENTRY org.eclipse.cdt.core 4 0 2026-02-26 13:07:32.185
!MESSAGE Error

!ENTRY org.eclipse.cdt.core 4 0 2026-02-26 13:07:32.185
!MESSAGE Error

!ENTRY org.eclipse.cdt.core 4 0 2026-02-26 13:07:32.185
!MESSAGE Error

!ENTRY org.eclipse.cdt.core 4 0 2026-02-26 13:07:32.185
!MESSAGE Error

!ENTRY org.eclipse.cdt.core 4 0 2026-02-26 13:07:32.185
!MESSAGE Error

!ENTRY org.eclipse.cdt.core 4 0 2026-02-26 13:07:32.185
!MESSAGE Error

!ENTRY org.eclipse.cdt.core 4 0 2026-02-26 13:07:32.186
!MESSAGE Error

!ENTRY org.eclipse.cdt.core 4 0 2026-02-26 13:07:32.186
!MESSAGE Error

!ENTRY org.eclipse.cdt.core 4 0 2026-02-26 13:07:32.186
!MESSAGE Error

!ENTRY org.eclipse.cdt.core 4 0 2026-02-26 13:07:32.186
!MESSAGE Error

!ENTRY org.eclipse.cdt.core 4 0 2026-02-26 13:07:32.186
!MESSAGE Error

!ENTRY org.eclipse.cdt.core 4 0 2026-02-26 13:07:32.186
!MESSAGE Error

!ENTRY org.eclipse.cdt.core 4 0 2026-02-26 13:07:32.187
!MESSAGE Error

!ENTRY org.eclipse.cdt.core 4 0 2026-02-26 13:07:32.187
!MESSAGE Error

!ENTRY org.eclipse.cdt.core 4 0 2026-02-26 13:07:32.187
!MESSAGE Error

!ENTRY org.eclipse.cdt.core 4 0 2026-02-26 13:07:32.187
!MESSAGE Error

!ENTRY org.eclipse.cdt.core 4 0 2026-02-26 13:07:32.187
!MESSAGE Error

!ENTRY org.eclipse.cdt.core 4 0 2026-02-26 13:07:32.187
!MESSAGE Error

!ENTRY org.eclipse.cdt.core 4 0 2026-02-26 13:07:32.188
!MESSAGE Error

!ENTRY org.eclipse.cdt.core 4 0 2026-02-26 13:07:32.188
!MESSAGE Error

!ENTRY org.eclipse.cdt.core 4 0 2026-02-26 13:07:32.188
!MESSAGE Error

!ENTRY org.eclipse.cdt.core 4 0 2026-02-26 13:07:32.188
!MESSAGE Error

!ENTRY org.eclipse.cdt.core 4 0 2026-02-26 13:07:32.188
!MESSAGE Error

!ENTRY org.eclipse.cdt.core 4 0 2026-02-26 13:07:34.732
!MESSAGE Error

!ENTRY org.eclipse.cdt.core 4 0 2026-02-26 13:07:34.734
!MESSAGE Error

!ENTRY org.eclipse.cdt.core 4 0 2026-02-26 13:07:35.403
!MESSAGE Error

!ENTRY org.eclipse.cdt.core 4 0 2026-02-26 13:07:45.035
!MESSAGE Error

!ENTRY org.eclipse.cdt.core 4 0 2026-02-26 13:07:46.537
!MESSAGE Error

!ENTRY org.eclipse.cdt.core 4 0 2026-02-26 13:08:43.995
!MESSAGE Error

!ENTRY org.eclipse.cdt.core 4 0 2026-02-26 13:08:44.001
!MESSAGE Error

!ENTRY org.eclipse.cdt.core 4 0 2026-02-26 13:08:44.003
!MESSAGE Error

!ENTRY org.eclipse.cdt.core 4 0 2026-02-26 13:08:44.003
!MESSAGE Error

!ENTRY org.eclipse.cdt.core 4 0 2026-02-26 13:08:44.004
!MESSAGE Error

!ENTRY org.eclipse.cdt.core 4 0 2026-02-26 13:08:44.004
!MESSAGE Error

!ENTRY org.eclipse.cdt.core 4 0 2026-02-26 13:08:44.004
!MESSAGE Error

!ENTRY org.eclipse.cdt.core 4 0 2026-02-26 13:08:44.005
!MESSAGE Error

!ENTRY org.eclipse.cdt.core 4 0 2026-02-26 13:08:44.005
!MESSAGE Error

!ENTRY org.eclipse.cdt.core 4 0 2026-02-26 13:08:44.006
!MESSAGE Error

!ENTRY org.eclipse.cdt.core 4 0 2026-02-26 13:08:44.006
!MESSAGE Error

!ENTRY org.eclipse.cdt.core 4 0 2026-02-26 13:08:44.006
!MESSAGE Error

!ENTRY org.eclipse.cdt.core 4 0 2026-02-26 13:08:44.007
!MESSAGE Error

!ENTRY org.eclipse.cdt.core 4 0 2026-02-26 13:08:44.007
!MESSAGE Error

!ENTRY org.eclipse.cdt.core 4 0 2026-02-26 13:08:44.007
!MESSAGE Error

!ENTRY org.eclipse.cdt.core 4 0 2026-02-26 13:08:44.008
!MESSAGE Error

!ENTRY org.eclipse.cdt.core 4 0 2026-02-26 13:08:44.008
!MESSAGE Error

!ENTRY org.eclipse.cdt.core 4 0 2026-02-26 13:08:44.009
!MESSAGE Error

!ENTRY org.eclipse.cdt.core 4 0 2026-02-26 13:08:44.009
!MESSAGE Error

!ENTRY org.eclipse.cdt.core 4 0 2026-02-26 13:08:44.010
!MESSAGE Error

!ENTRY org.eclipse.cdt.core 4 0 2026-02-26 13:08:44.010
!MESSAGE Error

!ENTRY org.eclipse.cdt.core 4 0 2026-02-26 13:08:44.010
!MESSAGE Error

!ENTRY org.eclipse.cdt.core 4 0 2026-02-26 13:08:44.011
!MESSAGE Error

!ENTRY org.eclipse.cdt.core 4 0 2026-02-26 13:08:44.011
!MESSAGE Error

!ENTRY org.eclipse.cdt.core 4 0 2026-02-26 13:08:44.012
!MESSAGE Error

!ENTRY org.eclipse.cdt.core 4 0 2026-02-26 13:08:44.012
!MESSAGE Error

!ENTRY org.eclipse.cdt.core 4 0 2026-02-26 13:08:44.012
!MESSAGE Error

!ENTRY org.eclipse.cdt.core 4 0 2026-02-26 13:08:44.012
!MESSAGE Error

!ENTRY org.eclipse.cdt.core 4 0 2026-02-26 13:08:44.013
!MESSAGE Error

!ENTRY org.eclipse.cdt.core 4 0 2026-02-26 13:08:44.013
!MESSAGE Error

!ENTRY org.eclipse.cdt.core 4 0 2026-02-26 13:08:44.013
!MESSAGE Error

!ENTRY org.eclipse.cdt.core 4 0 2026-02-26 13:08:44.014
!MESSAGE Error

!ENTRY org.eclipse.cdt.core 4 0 2026-02-26 13:08:44.014
!MESSAGE Error

!ENTRY org.eclipse.cdt.core 4 0 2026-02-26 13:08:44.014
!MESSAGE Error

!ENTRY org.eclipse.cdt.core 4 0 2026-02-26 13:08:44.015
!MESSAGE Error

!ENTRY org.eclipse.cdt.core 4 0 2026-02-26 13:08:44.016
!MESSAGE Error

!ENTRY org.eclipse.cdt.core 4 0 2026-02-26 13:08:44.016
!MESSAGE Error

!ENTRY org.eclipse.cdt.core 4 0 2026-02-26 13:08:44.016
!MESSAGE Error

!ENTRY org.eclipse.cdt.core 4 0 2026-02-26 13:08:44.016
!MESSAGE Error

!ENTRY org.eclipse.cdt.core 4 0 2026-02-26 13:08:44.017
!MESSAGE Error

!ENTRY org.eclipse.cdt.core 4 0 2026-02-26 13:08:44.017
!MESSAGE Error

!ENTRY org.eclipse.cdt.core 4 0 2026-02-26 13:08:44.017
!MESSAGE Error

!ENTRY org.eclipse.cdt.core 4 0 2026-02-26 13:08:44.017
!MESSAGE Error

!ENTRY org.eclipse.cdt.core 4 0 2026-02-26 13:08:44.017
!MESSAGE Error

!ENTRY org.eclipse.cdt.core 4 0 2026-02-26 13:08:44.017
!MESSAGE Error

!ENTRY org.eclipse.cdt.core 4 0 2026-02-26 13:08:44.018
!MESSAGE Error

!ENTRY org.eclipse.cdt.core 4 0 2026-02-26 13:08:44.018
!MESSAGE Error

!ENTRY org.eclipse.cdt.core 4 0 2026-02-26 13:08:44.018
!MESSAGE Error

!ENTRY org.eclipse.cdt.core 4 0 2026-02-26 13:08:44.018
!MESSAGE Error

!ENTRY org.eclipse.cdt.core 4 0 2026-02-26 13:08:44.018
!MESSAGE Error

!ENTRY org.eclipse.cdt.core 4 0 2026-02-26 13:08:44.018
!MESSAGE Error

!ENTRY org.eclipse.cdt.core 4 0 2026-02-26 13:08:44.019
!MESSAGE Error

!ENTRY org.eclipse.cdt.core 4 0 2026-02-26 13:08:44.019
!MESSAGE Error

!ENTRY org.eclipse.cdt.core 4 0 2026-02-26 13:08:44.019
!MESSAGE Error

!ENTRY org.eclipse.cdt.core 4 0 2026-02-26 13:08:44.019
!MESSAGE Error

!ENTRY org.eclipse.cdt.core 4 0 2026-02-26 13:08:44.019
!MESSAGE Error

!ENTRY org.eclipse.cdt.core 4 0 2026-02-26 13:08:44.019
!MESSAGE Error

!ENTRY org.eclipse.cdt.core 4 0 2026-02-26 13:08:44.020
!MESSAGE Error

!ENTRY org.eclipse.cdt.core 4 0 2026-02-26 13:08:44.020
!MESSAGE Error

!ENTRY org.eclipse.cdt.core 4 0 2026-02-26 13:08:44.020
!MESSAGE Error

!ENTRY org.eclipse.cdt.core 4 0 2026-02-26 13:08:44.020
!MESSAGE Error

!ENTRY org.eclipse.cdt.core 4 0 2026-02-26 13:08:44.020
!MESSAGE Error

!ENTRY org.eclipse.cdt.core 4 0 2026-02-26 13:08:49.119
!MESSAGE Error

!ENTRY org.eclipse.cdt.core 4 0 2026-02-26 13:08:49.123
!MESSAGE Error

!ENTRY org.eclipse.cdt.core 4 0 2026-02-26 13:08:49.124
!MESSAGE Error

!ENTRY org.eclipse.cdt.core 4 0 2026-02-26 13:08:49.124
!MESSAGE Error

!ENTRY org.eclipse.cdt.core 4 0 2026-02-26 13:08:49.124
!MESSAGE Error

!ENTRY org.eclipse.cdt.core 4 0 2026-02-26 13:08:49.124
!MESSAGE Error

!ENTRY org.eclipse.cdt.core 4 0 2026-02-26 13:08:49.124
!MESSAGE Error

!ENTRY org.eclipse.cdt.core 4 0 2026-02-26 13:08:49.125
!MESSAGE Error

!ENTRY org.eclipse.cdt.core 4 0 2026-02-26 13:08:49.125
!MESSAGE Error

!ENTRY org.eclipse.cdt.core 4 0 2026-02-26 13:08:49.125
!MESSAGE Error

!ENTRY org.eclipse.cdt.core 4 0 2026-02-26 13:08:49.125
!MESSAGE Error

!ENTRY org.eclipse.cdt.core 4 0 2026-02-26 13:08:49.125
!MESSAGE Error

!ENTRY org.eclipse.cdt.core 4 0 2026-02-26 13:08:49.125
!MESSAGE Error

!ENTRY org.eclipse.cdt.core 4 0 2026-02-26 13:08:49.125
!MESSAGE Error

!ENTRY org.eclipse.cdt.core 4 0 2026-02-26 13:08:49.125
!MESSAGE Error

!ENTRY org.eclipse.cdt.core 4 0 2026-02-26 13:08:49.126
!MESSAGE Error

!ENTRY org.eclipse.cdt.core 4 0 2026-02-26 13:08:49.126
!MESSAGE Error

!ENTRY org.eclipse.cdt.core 4 0 2026-02-26 13:08:49.126
!MESSAGE Error

!ENTRY org.eclipse.cdt.core 4 0 2026-02-26 13:08:49.126
!MESSAGE Error

!ENTRY org.eclipse.cdt.core 4 0 2026-02-26 13:08:49.126
!MESSAGE Error

!ENTRY org.eclipse.cdt.core 4 0 2026-02-26 13:08:49.126
!MESSAGE Error

!ENTRY org.eclipse.cdt.core 4 0 2026-02-26 13:08:49.126
!MESSAGE Error

!ENTRY org.eclipse.cdt.core 4 0 2026-02-26 13:08:49.127
!MESSAGE Error

!ENTRY org.eclipse.cdt.core 4 0 2026-02-26 13:08:49.127
!MESSAGE Error

!ENTRY org.eclipse.cdt.core 4 0 2026-02-26 13:08:49.127
!MESSAGE Error

!ENTRY org.eclipse.cdt.core 4 0 2026-02-26 13:08:49.127
!MESSAGE Error

!ENTRY org.eclipse.cdt.core 4 0 2026-02-26 13:08:49.127
!MESSAGE Error

!ENTRY org.eclipse.cdt.core 4 0 2026-02-26 13:08:49.127
!MESSAGE Error

!ENTRY org.eclipse.cdt.core 4 0 2026-02-26 13:08:49.128
!MESSAGE Error

!ENTRY org.eclipse.cdt.core 4 0 2026-02-26 13:08:49.128
!MESSAGE Error

!ENTRY org.eclipse.cdt.core 4 0 2026-02-26 13:08:49.128
!MESSAGE Error

!ENTRY org.eclipse.cdt.core 4 0 2026-02-26 13:08:49.129
!MESSAGE Error

!ENTRY org.eclipse.cdt.core 4 0 2026-02-26 13:08:49.129
!MESSAGE Error

!ENTRY org.eclipse.cdt.core 4 0 2026-02-26 13:08:49.129
!MESSAGE Error

!ENTRY org.eclipse.cdt.core 4 0 2026-02-26 13:08:49.129
!MESSAGE Error

!ENTRY org.eclipse.cdt.core 4 0 2026-02-26 13:08:49.129
!MESSAGE Error

!ENTRY org.eclipse.cdt.core 4 0 2026-02-26 13:08:49.129
!MESSAGE Error

!ENTRY org.eclipse.cdt.core 4 0 2026-02-26 13:08:49.129
!MESSAGE Error

!ENTRY org.eclipse.cdt.core 4 0 2026-02-26 13:08:49.130
!MESSAGE Error

!ENTRY org.eclipse.cdt.core 4 0 2026-02-26 13:08:49.130
!MESSAGE Error

!ENTRY org.eclipse.cdt.core 4 0 2026-02-26 13:08:49.130
!MESSAGE Error

!ENTRY org.eclipse.cdt.core 4 0 2026-02-26 13:08:49.130
!MESSAGE Error

!ENTRY org.eclipse.cdt.core 4 0 2026-02-26 13:08:49.130
!MESSAGE Error

!ENTRY org.eclipse.cdt.core 4 0 2026-02-26 13:08:49.130
!MESSAGE Error

!ENTRY org.eclipse.cdt.core 4 0 2026-02-26 13:08:49.131
!MESSAGE Error

!ENTRY org.eclipse.cdt.core 4 0 2026-02-26 13:08:49.131
!MESSAGE Error

!ENTRY org.eclipse.cdt.core 4 0 2026-02-26 13:08:49.131
!MESSAGE Error

!ENTRY org.eclipse.cdt.core 4 0 2026-02-26 13:08:49.131
!MESSAGE Error

!ENTRY org.eclipse.cdt.core 4 0 2026-02-26 13:08:49.131
!MESSAGE Error

!ENTRY org.eclipse.cdt.core 4 0 2026-02-26 13:08:49.132
!MESSAGE Error

!ENTRY org.eclipse.cdt.core 4 0 2026-02-26 13:08:49.132
!MESSAGE Error

!ENTRY org.eclipse.cdt.core 4 0 2026-02-26 13:08:49.132
!MESSAGE Error

!ENTRY org.eclipse.cdt.core 4 0 2026-02-26 13:08:49.132
!MESSAGE Error

!ENTRY org.eclipse.cdt.core 4 0 2026-02-26 13:08:49.132
!MESSAGE Error

!ENTRY org.eclipse.cdt.core 4 0 2026-02-26 13:08:49.132
!MESSAGE Error

!ENTRY org.eclipse.cdt.core 4 0 2026-02-26 13:08:49.132
!MESSAGE Error

!ENTRY org.eclipse.cdt.core 4 0 2026-02-26 13:08:49.132
!MESSAGE Error

!ENTRY org.eclipse.cdt.core 4 0 2026-02-26 13:08:49.132
!MESSAGE Error

!ENTRY org.eclipse.cdt.core 4 0 2026-02-26 13:08:49.132
!MESSAGE Error

!ENTRY org.eclipse.cdt.core 4 0 2026-02-26 13:08:49.133
!MESSAGE Error

!ENTRY org.eclipse.cdt.core 4 0 2026-02-26 13:08:49.133
!MESSAGE Error

!ENTRY org.eclipse.cdt.core 4 0 2026-02-26 13:08:49.133
!MESSAGE Error

!ENTRY org.eclipse.cdt.core 4 0 2026-02-26 13:08:51.177
!MESSAGE Error

!ENTRY org.eclipse.cdt.core 4 0 2026-02-26 13:08:51.183
!MESSAGE Error

!ENTRY org.eclipse.cdt.core 4 0 2026-02-26 13:08:51.184
!MESSAGE Error

!ENTRY org.eclipse.cdt.core 4 0 2026-02-26 13:08:51.185
!MESSAGE Error

!ENTRY org.eclipse.cdt.core 4 0 2026-02-26 13:08:51.185
!MESSAGE Error

!ENTRY org.eclipse.cdt.core 4 0 2026-02-26 13:08:51.185
!MESSAGE Error

!ENTRY org.eclipse.cdt.core 4 0 2026-02-26 13:08:51.185
!MESSAGE Error

!ENTRY org.eclipse.cdt.core 4 0 2026-02-26 13:08:51.186
!MESSAGE Error

!ENTRY org.eclipse.cdt.core 4 0 2026-02-26 13:08:51.186
!MESSAGE Error

!ENTRY org.eclipse.cdt.core 4 0 2026-02-26 13:08:51.187
!MESSAGE Error

!ENTRY org.eclipse.cdt.core 4 0 2026-02-26 13:08:51.187
!MESSAGE Error

!ENTRY org.eclipse.cdt.core 4 0 2026-02-26 13:08:51.187
!MESSAGE Error

!ENTRY org.eclipse.cdt.core 4 0 2026-02-26 13:08:51.189
!MESSAGE Error

!ENTRY org.eclipse.cdt.core 4 0 2026-02-26 13:08:51.189
!MESSAGE Error

!ENTRY org.eclipse.cdt.core 4 0 2026-02-26 13:08:51.189
!MESSAGE Error

!ENTRY org.eclipse.cdt.core 4 0 2026-02-26 13:08:51.190
!MESSAGE Error

!ENTRY org.eclipse.cdt.core 4 0 2026-02-26 13:08:51.190
!MESSAGE Error

!ENTRY org.eclipse.cdt.core 4 0 2026-02-26 13:08:51.191
!MESSAGE Error

!ENTRY org.eclipse.cdt.core 4 0 2026-02-26 13:08:51.191
!MESSAGE Error

!ENTRY org.eclipse.cdt.core 4 0 2026-02-26 13:08:51.191
!MESSAGE Error

!ENTRY org.eclipse.cdt.core 4 0 2026-02-26 13:08:51.192
!MESSAGE Error

!ENTRY org.eclipse.cdt.core 4 0 2026-02-26 13:08:51.192
!MESSAGE Error

!ENTRY org.eclipse.cdt.core 4 0 2026-02-26 13:08:51.192
!MESSAGE Error

!ENTRY org.eclipse.cdt.core 4 0 2026-02-26 13:08:51.193
!MESSAGE Error

!ENTRY org.eclipse.cdt.core 4 0 2026-02-26 13:08:51.193
!MESSAGE Error

!ENTRY org.eclipse.cdt.core 4 0 2026-02-26 13:08:51.193
!MESSAGE Error

!ENTRY org.eclipse.cdt.core 4 0 2026-02-26 13:08:51.193
!MESSAGE Error

!ENTRY org.eclipse.cdt.core 4 0 2026-02-26 13:08:51.194
!MESSAGE Error

!ENTRY org.eclipse.cdt.core 4 0 2026-02-26 13:08:51.194
!MESSAGE Error

!ENTRY org.eclipse.cdt.core 4 0 2026-02-26 13:08:51.194
!MESSAGE Error

!ENTRY org.eclipse.cdt.core 4 0 2026-02-26 13:08:51.195
!MESSAGE Error

!ENTRY org.eclipse.cdt.core 4 0 2026-02-26 13:08:51.195
!MESSAGE Error

!ENTRY org.eclipse.cdt.core 4 0 2026-02-26 13:08:51.195
!MESSAGE Error

!ENTRY org.eclipse.cdt.core 4 0 2026-02-26 13:08:51.196
!MESSAGE Error

!ENTRY org.eclipse.cdt.core 4 0 2026-02-26 13:08:51.196
!MESSAGE Error

!ENTRY org.eclipse.cdt.core 4 0 2026-02-26 13:08:51.196
!MESSAGE Error

!ENTRY org.eclipse.cdt.core 4 0 2026-02-26 13:08:51.197
!MESSAGE Error

!ENTRY org.eclipse.cdt.core 4 0 2026-02-26 13:08:51.197
!MESSAGE Error

!ENTRY org.eclipse.cdt.core 4 0 2026-02-26 13:08:51.198
!MESSAGE Error

!ENTRY org.eclipse.cdt.core 4 0 2026-02-26 13:08:51.198
!MESSAGE Error

!ENTRY org.eclipse.cdt.core 4 0 2026-02-26 13:08:51.199
!MESSAGE Error

!ENTRY org.eclipse.cdt.core 4 0 2026-02-26 13:08:51.199
!MESSAGE Error

!ENTRY org.eclipse.cdt.core 4 0 2026-02-26 13:08:51.199
!MESSAGE Error

!ENTRY org.eclipse.cdt.core 4 0 2026-02-26 13:08:51.200
!MESSAGE Error

!ENTRY org.eclipse.cdt.core 4 0 2026-02-26 13:08:51.200
!MESSAGE Error

!ENTRY org.eclipse.cdt.core 4 0 2026-02-26 13:08:51.200
!MESSAGE Error

!ENTRY org.eclipse.cdt.core 4 0 2026-02-26 13:08:51.201
!MESSAGE Error

!ENTRY org.eclipse.cdt.core 4 0 2026-02-26 13:08:51.201
!MESSAGE Error

!ENTRY org.eclipse.cdt.core 4 0 2026-02-26 13:08:51.201
!MESSAGE Error

!ENTRY org.eclipse.cdt.core 4 0 2026-02-26 13:08:51.201
!MESSAGE Error

!ENTRY org.eclipse.cdt.core 4 0 2026-02-26 13:08:51.201
!MESSAGE Error

!ENTRY org.eclipse.cdt.core 4 0 2026-02-26 13:08:51.202
!MESSAGE Error

!ENTRY org.eclipse.cdt.core 4 0 2026-02-26 13:08:51.202
!MESSAGE Error

!ENTRY org.eclipse.cdt.core 4 0 2026-02-26 13:08:51.202
!MESSAGE Error

!ENTRY org.eclipse.cdt.core 4 0 2026-02-26 13:08:51.202
!MESSAGE Error

!ENTRY org.eclipse.cdt.core 4 0 2026-02-26 13:08:51.202
!MESSAGE Error

!ENTRY org.eclipse.cdt.core 4 0 2026-02-26 13:08:51.202
!MESSAGE Error

!ENTRY org.eclipse.cdt.core 4 0 2026-02-26 13:08:51.202
!MESSAGE Error

!ENTRY org.eclipse.cdt.core 4 0 2026-02-26 13:08:51.202
!MESSAGE Error

!ENTRY org.eclipse.cdt.core 4 0 2026-02-26 13:08:51.202
!MESSAGE Error

!ENTRY org.eclipse.cdt.core 4 0 2026-02-26 13:08:51.203
!MESSAGE Error

!ENTRY org.eclipse.cdt.core 4 0 2026-02-26 13:08:51.203
!MESSAGE Error

!ENTRY org.eclipse.cdt.core 4 0 2026-02-26 13:08:51.203
!MESSAGE Error

!ENTRY org.eclipse.cdt.core 4 0 2026-02-26 13:08:51.208
!MESSAGE Error

!ENTRY org.eclipse.cdt.core 4 0 2026-02-26 13:08:55.224
!MESSAGE Error

!ENTRY org.eclipse.cdt.core 4 0 2026-02-26 13:08:55.229
!MESSAGE Error

!ENTRY org.eclipse.cdt.core 4 0 2026-02-26 13:08:55.232
!MESSAGE Error

!ENTRY org.eclipse.cdt.core 4 0 2026-02-26 13:08:55.232
!MESSAGE Error

!ENTRY org.eclipse.cdt.core 4 0 2026-02-26 13:08:55.233
!MESSAGE Error

!ENTRY org.eclipse.cdt.core 4 0 2026-02-26 13:08:55.233
!MESSAGE Error

!ENTRY org.eclipse.cdt.core 4 0 2026-02-26 13:08:55.233
!MESSAGE Error

!ENTRY org.eclipse.cdt.core 4 0 2026-02-26 13:08:55.234
!MESSAGE Error

!ENTRY org.eclipse.cdt.core 4 0 2026-02-26 13:08:55.234
!MESSAGE Error

!ENTRY org.eclipse.cdt.core 4 0 2026-02-26 13:08:55.234
!MESSAGE Error

!ENTRY org.eclipse.cdt.core 4 0 2026-02-26 13:08:55.235
!MESSAGE Error

!ENTRY org.eclipse.cdt.core 4 0 2026-02-26 13:08:55.235
!MESSAGE Error

!ENTRY org.eclipse.cdt.core 4 0 2026-02-26 13:08:55.236
!MESSAGE Error

!ENTRY org.eclipse.cdt.core 4 0 2026-02-26 13:08:55.236
!MESSAGE Error

!ENTRY org.eclipse.cdt.core 4 0 2026-02-26 13:08:55.236
!MESSAGE Error

!ENTRY org.eclipse.cdt.core 4 0 2026-02-26 13:08:55.237
!MESSAGE Error

!ENTRY org.eclipse.cdt.core 4 0 2026-02-26 13:08:55.237
!MESSAGE Error

!ENTRY org.eclipse.cdt.core 4 0 2026-02-26 13:08:55.237
!MESSAGE Error

!ENTRY org.eclipse.cdt.core 4 0 2026-02-26 13:08:55.237
!MESSAGE Error

!ENTRY org.eclipse.cdt.core 4 0 2026-02-26 13:08:55.237
!MESSAGE Error

!ENTRY org.eclipse.cdt.core 4 0 2026-02-26 13:08:55.237
!MESSAGE Error

!ENTRY org.eclipse.cdt.core 4 0 2026-02-26 13:08:55.237
!MESSAGE Error

!ENTRY org.eclipse.cdt.core 4 0 2026-02-26 13:08:55.238
!MESSAGE Error

!ENTRY org.eclipse.cdt.core 4 0 2026-02-26 13:08:55.238
!MESSAGE Error

!ENTRY org.eclipse.cdt.core 4 0 2026-02-26 13:08:55.238
!MESSAGE Error

!ENTRY org.eclipse.cdt.core 4 0 2026-02-26 13:08:55.238
!MESSAGE Error

!ENTRY org.eclipse.cdt.core 4 0 2026-02-26 13:08:55.238
!MESSAGE Error

!ENTRY org.eclipse.cdt.core 4 0 2026-02-26 13:08:55.238
!MESSAGE Error

!ENTRY org.eclipse.cdt.core 4 0 2026-02-26 13:08:55.239
!MESSAGE Error

!ENTRY org.eclipse.cdt.core 4 0 2026-02-26 13:08:55.239
!MESSAGE Error

!ENTRY org.eclipse.cdt.core 4 0 2026-02-26 13:08:55.239
!MESSAGE Error

!ENTRY org.eclipse.cdt.core 4 0 2026-02-26 13:08:55.240
!MESSAGE Error

!ENTRY org.eclipse.cdt.core 4 0 2026-02-26 13:08:55.240
!MESSAGE Error

!ENTRY org.eclipse.cdt.core 4 0 2026-02-26 13:08:55.240
!MESSAGE Error

!ENTRY org.eclipse.cdt.core 4 0 2026-02-26 13:08:55.240
!MESSAGE Error

!ENTRY org.eclipse.cdt.core 4 0 2026-02-26 13:08:55.240
!MESSAGE Error

!ENTRY org.eclipse.cdt.core 4 0 2026-02-26 13:08:55.240
!MESSAGE Error

!ENTRY org.eclipse.cdt.core 4 0 2026-02-26 13:08:55.240
!MESSAGE Error

!ENTRY org.eclipse.cdt.core 4 0 2026-02-26 13:08:55.240
!MESSAGE Error

!ENTRY org.eclipse.cdt.core 4 0 2026-02-26 13:08:55.240
!MESSAGE Error

!ENTRY org.eclipse.cdt.core 4 0 2026-02-26 13:08:55.240
!MESSAGE Error

!ENTRY org.eclipse.cdt.core 4 0 2026-02-26 13:08:55.240
!MESSAGE Error

!ENTRY org.eclipse.cdt.core 4 0 2026-02-26 13:08:55.240
!MESSAGE Error

!ENTRY org.eclipse.cdt.core 4 0 2026-02-26 13:08:55.240
!MESSAGE Error

!ENTRY org.eclipse.cdt.core 4 0 2026-02-26 13:08:55.241
!MESSAGE Error

!ENTRY org.eclipse.cdt.core 4 0 2026-02-26 13:08:55.241
!MESSAGE Error

!ENTRY org.eclipse.cdt.core 4 0 2026-02-26 13:08:55.241
!MESSAGE Error

!ENTRY org.eclipse.cdt.core 4 0 2026-02-26 13:08:55.241
!MESSAGE Error

!ENTRY org.eclipse.cdt.core 4 0 2026-02-26 13:08:55.241
!MESSAGE Error

!ENTRY org.eclipse.cdt.core 4 0 2026-02-26 13:08:55.241
!MESSAGE Error

!ENTRY org.eclipse.cdt.core 4 0 2026-02-26 13:08:55.242
!MESSAGE Error

!ENTRY org.eclipse.cdt.core 4 0 2026-02-26 13:08:55.242
!MESSAGE Error

!ENTRY org.eclipse.cdt.core 4 0 2026-02-26 13:08:55.242
!MESSAGE Error

!ENTRY org.eclipse.cdt.core 4 0 2026-02-26 13:08:55.242
!MESSAGE Error

!ENTRY org.eclipse.cdt.core 4 0 2026-02-26 13:08:55.242
!MESSAGE Error

!ENTRY org.eclipse.cdt.core 4 0 2026-02-26 13:08:55.242
!MESSAGE Error

!ENTRY org.eclipse.cdt.core 4 0 2026-02-26 13:08:55.243
!MESSAGE Error

!ENTRY org.eclipse.cdt.core 4 0 2026-02-26 13:08:55.243
!MESSAGE Error

!ENTRY org.eclipse.cdt.core 4 0 2026-02-26 13:08:55.243
!MESSAGE Error

!ENTRY org.eclipse.cdt.core 4 0 2026-02-26 13:08:55.243
!MESSAGE Error

!ENTRY org.eclipse.cdt.core 4 0 2026-02-26 13:08:55.244
!MESSAGE Error

!ENTRY org.eclipse.cdt.core 4 0 2026-02-26 13:08:55.244
!MESSAGE Error

!ENTRY org.eclipse.cdt.core 4 0 2026-02-26 13:08:55.345
!MESSAGE Error

!ENTRY org.eclipse.cdt.core 4 0 2026-02-26 13:08:55.348
!MESSAGE Error

!ENTRY org.eclipse.cdt.core 4 0 2026-02-26 13:08:57.280
!MESSAGE Error

!ENTRY org.eclipse.cdt.core 4 0 2026-02-26 13:08:57.285
!MESSAGE Error

!ENTRY org.eclipse.cdt.core 4 0 2026-02-26 13:08:57.288
!MESSAGE Error

!ENTRY org.eclipse.cdt.core 4 0 2026-02-26 13:08:57.289
!MESSAGE Error

!ENTRY org.eclipse.cdt.core 4 0 2026-02-26 13:08:57.289
!MESSAGE Error

!ENTRY org.eclipse.cdt.core 4 0 2026-02-26 13:08:57.290
!MESSAGE Error

!ENTRY org.eclipse.cdt.core 4 0 2026-02-26 13:08:57.290
!MESSAGE Error

!ENTRY org.eclipse.cdt.core 4 0 2026-02-26 13:08:57.290
!MESSAGE Error

!ENTRY org.eclipse.cdt.core 4 0 2026-02-26 13:08:57.290
!MESSAGE Error

!ENTRY org.eclipse.cdt.core 4 0 2026-02-26 13:08:57.291
!MESSAGE Error

!ENTRY org.eclipse.cdt.core 4 0 2026-02-26 13:08:57.291
!MESSAGE Error

!ENTRY org.eclipse.cdt.core 4 0 2026-02-26 13:08:57.291
!MESSAGE Error

!ENTRY org.eclipse.cdt.core 4 0 2026-02-26 13:08:57.291
!MESSAGE Error

!ENTRY org.eclipse.cdt.core 4 0 2026-02-26 13:08:57.291
!MESSAGE Error

!ENTRY org.eclipse.cdt.core 4 0 2026-02-26 13:08:57.292
!MESSAGE Error

!ENTRY org.eclipse.cdt.core 4 0 2026-02-26 13:08:57.292
!MESSAGE Error

!ENTRY org.eclipse.cdt.core 4 0 2026-02-26 13:08:57.292
!MESSAGE Error

!ENTRY org.eclipse.cdt.core 4 0 2026-02-26 13:08:57.292
!MESSAGE Error

!ENTRY org.eclipse.cdt.core 4 0 2026-02-26 13:08:57.292
!MESSAGE Error

!ENTRY org.eclipse.cdt.core 4 0 2026-02-26 13:08:57.293
!MESSAGE Error

!ENTRY org.eclipse.cdt.core 4 0 2026-02-26 13:08:57.293
!MESSAGE Error

!ENTRY org.eclipse.cdt.core 4 0 2026-02-26 13:08:57.293
!MESSAGE Error

!ENTRY org.eclipse.cdt.core 4 0 2026-02-26 13:08:57.293
!MESSAGE Error

!ENTRY org.eclipse.cdt.core 4 0 2026-02-26 13:08:57.293
!MESSAGE Error

!ENTRY org.eclipse.cdt.core 4 0 2026-02-26 13:08:57.293
!MESSAGE Error

!ENTRY org.eclipse.cdt.core 4 0 2026-02-26 13:08:57.294
!MESSAGE Error

!ENTRY org.eclipse.cdt.core 4 0 2026-02-26 13:08:57.294
!MESSAGE Error

!ENTRY org.eclipse.cdt.core 4 0 2026-02-26 13:08:57.294
!MESSAGE Error

!ENTRY org.eclipse.cdt.core 4 0 2026-02-26 13:08:57.294
!MESSAGE Error

!ENTRY org.eclipse.cdt.core 4 0 2026-02-26 13:08:57.294
!MESSAGE Error

!ENTRY org.eclipse.cdt.core 4 0 2026-02-26 13:08:57.294
!MESSAGE Error

!ENTRY org.eclipse.cdt.core 4 0 2026-02-26 13:08:57.294
!MESSAGE Error

!ENTRY org.eclipse.cdt.core 4 0 2026-02-26 13:08:57.295
!MESSAGE Error

!ENTRY org.eclipse.cdt.core 4 0 2026-02-26 13:08:57.295
!MESSAGE Error

!ENTRY org.eclipse.cdt.core 4 0 2026-02-26 13:08:57.295
!MESSAGE Error

!ENTRY org.eclipse.cdt.core 4 0 2026-02-26 13:08:57.295
!MESSAGE Error

!ENTRY org.eclipse.cdt.core 4 0 2026-02-26 13:08:57.295
!MESSAGE Error

!ENTRY org.eclipse.cdt.core 4 0 2026-02-26 13:08:57.296
!MESSAGE Error

!ENTRY org.eclipse.cdt.core 4 0 2026-02-26 13:08:57.296
!MESSAGE Error

!ENTRY org.eclipse.cdt.core 4 0 2026-02-26 13:08:57.296
!MESSAGE Error

!ENTRY org.eclipse.cdt.core 4 0 2026-02-26 13:08:57.297
!MESSAGE Error

!ENTRY org.eclipse.cdt.core 4 0 2026-02-26 13:08:57.297
!MESSAGE Error

!ENTRY org.eclipse.cdt.core 4 0 2026-02-26 13:08:57.298
!MESSAGE Error

!ENTRY org.eclipse.cdt.core 4 0 2026-02-26 13:08:57.298
!MESSAGE Error

!ENTRY org.eclipse.cdt.core 4 0 2026-02-26 13:08:57.298
!MESSAGE Error

!ENTRY org.eclipse.cdt.core 4 0 2026-02-26 13:08:57.299
!MESSAGE Error

!ENTRY org.eclipse.cdt.core 4 0 2026-02-26 13:08:57.299
!MESSAGE Error

!ENTRY org.eclipse.cdt.core 4 0 2026-02-26 13:08:57.299
!MESSAGE Error

!ENTRY org.eclipse.cdt.core 4 0 2026-02-26 13:08:57.300
!MESSAGE Error

!ENTRY org.eclipse.cdt.core 4 0 2026-02-26 13:08:57.301
!MESSAGE Error

!ENTRY org.eclipse.cdt.core 4 0 2026-02-26 13:08:57.301
!MESSAGE Error

!ENTRY org.eclipse.cdt.core 4 0 2026-02-26 13:08:57.301
!MESSAGE Error

!ENTRY org.eclipse.cdt.core 4 0 2026-02-26 13:08:57.301
!MESSAGE Error

!ENTRY org.eclipse.cdt.core 4 0 2026-02-26 13:08:57.302
!MESSAGE Error

!ENTRY org.eclipse.cdt.core 4 0 2026-02-26 13:08:57.302
!MESSAGE Error

!ENTRY org.eclipse.cdt.core 4 0 2026-02-26 13:08:57.302
!MESSAGE Error

!ENTRY org.eclipse.cdt.core 4 0 2026-02-26 13:08:57.303
!MESSAGE Error

!ENTRY org.eclipse.cdt.core 4 0 2026-02-26 13:08:57.303
!MESSAGE Error

!ENTRY org.eclipse.cdt.core 4 0 2026-02-26 13:08:57.303
!MESSAGE Error

!ENTRY org.eclipse.cdt.core 4 0 2026-02-26 13:08:57.303
!MESSAGE Error

!ENTRY org.eclipse.cdt.core 4 0 2026-02-26 13:08:57.303
!MESSAGE Error

!ENTRY org.eclipse.cdt.core 4 0 2026-02-26 13:08:57.304
!MESSAGE Error

!ENTRY org.eclipse.cdt.core 4 0 2026-02-26 13:09:00.361
!MESSAGE Error

!ENTRY org.eclipse.cdt.core 4 0 2026-02-26 13:09:00.365
!MESSAGE Error

!ENTRY org.eclipse.cdt.core 4 0 2026-02-26 13:09:00.365
!MESSAGE Error

!ENTRY org.eclipse.cdt.core 4 0 2026-02-26 13:09:00.365
!MESSAGE Error

!ENTRY org.eclipse.cdt.core 4 0 2026-02-26 13:09:00.365
!MESSAGE Error

!ENTRY org.eclipse.cdt.core 4 0 2026-02-26 13:09:00.366
!MESSAGE Error

!ENTRY org.eclipse.cdt.core 4 0 2026-02-26 13:09:00.366
!MESSAGE Error

!ENTRY org.eclipse.cdt.core 4 0 2026-02-26 13:09:00.366
!MESSAGE Error

!ENTRY org.eclipse.cdt.core 4 0 2026-02-26 13:09:00.366
!MESSAGE Error

!ENTRY org.eclipse.cdt.core 4 0 2026-02-26 13:09:00.367
!MESSAGE Error

!ENTRY org.eclipse.cdt.core 4 0 2026-02-26 13:09:00.367
!MESSAGE Error

!ENTRY org.eclipse.cdt.core 4 0 2026-02-26 13:09:00.367
!MESSAGE Error

!ENTRY org.eclipse.cdt.core 4 0 2026-02-26 13:09:00.368
!MESSAGE Error

!ENTRY org.eclipse.cdt.core 4 0 2026-02-26 13:09:00.368
!MESSAGE Error

!ENTRY org.eclipse.cdt.core 4 0 2026-02-26 13:09:00.368
!MESSAGE Error

!ENTRY org.eclipse.cdt.core 4 0 2026-02-26 13:09:00.368
!MESSAGE Error

!ENTRY org.eclipse.cdt.core 4 0 2026-02-26 13:09:00.368
!MESSAGE Error

!ENTRY org.eclipse.cdt.core 4 0 2026-02-26 13:09:00.368
!MESSAGE Error

!ENTRY org.eclipse.cdt.core 4 0 2026-02-26 13:09:00.368
!MESSAGE Error

!ENTRY org.eclipse.cdt.core 4 0 2026-02-26 13:09:00.369
!MESSAGE Error

!ENTRY org.eclipse.cdt.core 4 0 2026-02-26 13:09:00.369
!MESSAGE Error

!ENTRY org.eclipse.cdt.core 4 0 2026-02-26 13:09:00.369
!MESSAGE Error

!ENTRY org.eclipse.cdt.core 4 0 2026-02-26 13:09:00.369
!MESSAGE Error

!ENTRY org.eclipse.cdt.core 4 0 2026-02-26 13:09:00.369
!MESSAGE Error

!ENTRY org.eclipse.cdt.core 4 0 2026-02-26 13:09:00.369
!MESSAGE Error

!ENTRY org.eclipse.cdt.core 4 0 2026-02-26 13:09:00.370
!MESSAGE Error

!ENTRY org.eclipse.cdt.core 4 0 2026-02-26 13:09:00.370
!MESSAGE Error

!ENTRY org.eclipse.cdt.core 4 0 2026-02-26 13:09:00.370
!MESSAGE Error

!ENTRY org.eclipse.cdt.core 4 0 2026-02-26 13:09:00.370
!MESSAGE Error

!ENTRY org.eclipse.cdt.core 4 0 2026-02-26 13:09:00.370
!MESSAGE Error

!ENTRY org.eclipse.cdt.core 4 0 2026-02-26 13:09:00.370
!MESSAGE Error

!ENTRY org.eclipse.cdt.core 4 0 2026-02-26 13:09:00.370
!MESSAGE Error

!ENTRY org.eclipse.cdt.core 4 0 2026-02-26 13:09:00.371
!MESSAGE Error

!ENTRY org.eclipse.cdt.core 4 0 2026-02-26 13:09:00.371
!MESSAGE Error

!ENTRY org.eclipse.cdt.core 4 0 2026-02-26 13:09:00.371
!MESSAGE Error

!ENTRY org.eclipse.cdt.core 4 0 2026-02-26 13:09:00.371
!MESSAGE Error

!ENTRY org.eclipse.cdt.core 4 0 2026-02-26 13:09:00.371
!MESSAGE Error

!ENTRY org.eclipse.cdt.core 4 0 2026-02-26 13:09:00.371
!MESSAGE Error

!ENTRY org.eclipse.cdt.core 4 0 2026-02-26 13:09:00.371
!MESSAGE Error

!ENTRY org.eclipse.cdt.core 4 0 2026-02-26 13:09:00.372
!MESSAGE Error

!ENTRY org.eclipse.cdt.core 4 0 2026-02-26 13:09:00.372
!MESSAGE Error

!ENTRY org.eclipse.cdt.core 4 0 2026-02-26 13:09:00.372
!MESSAGE Error

!ENTRY org.eclipse.cdt.core 4 0 2026-02-26 13:09:00.373
!MESSAGE Error

!ENTRY org.eclipse.cdt.core 4 0 2026-02-26 13:09:00.373
!MESSAGE Error

!ENTRY org.eclipse.cdt.core 4 0 2026-02-26 13:09:00.373
!MESSAGE Error

!ENTRY org.eclipse.cdt.core 4 0 2026-02-26 13:09:00.374
!MESSAGE Error

!ENTRY org.eclipse.cdt.core 4 0 2026-02-26 13:09:00.374
!MESSAGE Error

!ENTRY org.eclipse.cdt.core 4 0 2026-02-26 13:09:00.374
!MESSAGE Error

!ENTRY org.eclipse.cdt.core 4 0 2026-02-26 13:09:00.375
!MESSAGE Error

!ENTRY org.eclipse.cdt.core 4 0 2026-02-26 13:09:00.375
!MESSAGE Error

!ENTRY org.eclipse.cdt.core 4 0 2026-02-26 13:09:00.376
!MESSAGE Error

!ENTRY org.eclipse.cdt.core 4 0 2026-02-26 13:09:00.376
!MESSAGE Error

!ENTRY org.eclipse.cdt.core 4 0 2026-02-26 13:09:00.376
!MESSAGE Error

!ENTRY org.eclipse.cdt.core 4 0 2026-02-26 13:09:00.376
!MESSAGE Error

!ENTRY org.eclipse.cdt.core 4 0 2026-02-26 13:09:00.376
!MESSAGE Error

!ENTRY org.eclipse.cdt.core 4 0 2026-02-26 13:09:00.377
!MESSAGE Error

!ENTRY org.eclipse.cdt.core 4 0 2026-02-26 13:09:00.377
!MESSAGE Error

!ENTRY org.eclipse.cdt.core 4 0 2026-02-26 13:09:00.377
!MESSAGE Error

!ENTRY org.eclipse.cdt.core 4 0 2026-02-26 13:09:00.377
!MESSAGE Error

!ENTRY org.eclipse.cdt.core 4 0 2026-02-26 13:09:00.377
!MESSAGE Error

!ENTRY org.eclipse.cdt.core 4 0 2026-02-26 13:09:00.377
!MESSAGE Error

!ENTRY org.eclipse.cdt.core 4 0 2026-02-26 13:09:00.378
!MESSAGE Error

!ENTRY org.eclipse.cdt.core 4 0 2026-02-26 13:09:08.038
!MESSAGE Error

!ENTRY org.eclipse.cdt.core 4 0 2026-02-26 13:09:08.041
!MESSAGE Error

!ENTRY org.eclipse.cdt.core 4 0 2026-02-26 13:09:08.042
!MESSAGE Error

!ENTRY org.eclipse.cdt.core 4 0 2026-02-26 13:09:08.042
!MESSAGE Error

!ENTRY org.eclipse.cdt.core 4 0 2026-02-26 13:09:08.042
!MESSAGE Error

!ENTRY org.eclipse.cdt.core 4 0 2026-02-26 13:09:08.042
!MESSAGE Error

!ENTRY org.eclipse.cdt.core 4 0 2026-02-26 13:09:08.042
!MESSAGE Error

!ENTRY org.eclipse.cdt.core 4 0 2026-02-26 13:09:08.043
!MESSAGE Error

!ENTRY org.eclipse.cdt.core 4 0 2026-02-26 13:09:08.043
!MESSAGE Error

!ENTRY org.eclipse.cdt.core 4 0 2026-02-26 13:09:08.043
!MESSAGE Error

!ENTRY org.eclipse.cdt.core 4 0 2026-02-26 13:09:08.043
!MESSAGE Error

!ENTRY org.eclipse.cdt.core 4 0 2026-02-26 13:09:08.043
!MESSAGE Error

!ENTRY org.eclipse.cdt.core 4 0 2026-02-26 13:09:08.043
!MESSAGE Error

!ENTRY org.eclipse.cdt.core 4 0 2026-02-26 13:09:08.044
!MESSAGE Error

!ENTRY org.eclipse.cdt.core 4 0 2026-02-26 13:09:08.044
!MESSAGE Error

!ENTRY org.eclipse.cdt.core 4 0 2026-02-26 13:09:08.044
!MESSAGE Error

!ENTRY org.eclipse.cdt.core 4 0 2026-02-26 13:09:08.045
!MESSAGE Error

!ENTRY org.eclipse.cdt.core 4 0 2026-02-26 13:09:08.045
!MESSAGE Error

!ENTRY org.eclipse.cdt.core 4 0 2026-02-26 13:09:08.045
!MESSAGE Error

!ENTRY org.eclipse.cdt.core 4 0 2026-02-26 13:09:08.045
!MESSAGE Error

!ENTRY org.eclipse.cdt.core 4 0 2026-02-26 13:09:08.045
!MESSAGE Error

!ENTRY org.eclipse.cdt.core 4 0 2026-02-26 13:09:08.045
!MESSAGE Error

!ENTRY org.eclipse.cdt.core 4 0 2026-02-26 13:09:08.046
!MESSAGE Error

!ENTRY org.eclipse.cdt.core 4 0 2026-02-26 13:09:08.046
!MESSAGE Error

!ENTRY org.eclipse.cdt.core 4 0 2026-02-26 13:09:08.046
!MESSAGE Error

!ENTRY org.eclipse.cdt.core 4 0 2026-02-26 13:09:08.046
!MESSAGE Error

!ENTRY org.eclipse.cdt.core 4 0 2026-02-26 13:09:08.046
!MESSAGE Error

!ENTRY org.eclipse.cdt.core 4 0 2026-02-26 13:09:08.046
!MESSAGE Error

!ENTRY org.eclipse.cdt.core 4 0 2026-02-26 13:09:08.047
!MESSAGE Error

!ENTRY org.eclipse.cdt.core 4 0 2026-02-26 13:09:08.047
!MESSAGE Error

!ENTRY org.eclipse.cdt.core 4 0 2026-02-26 13:09:08.047
!MESSAGE Error

!ENTRY org.eclipse.cdt.core 4 0 2026-02-26 13:09:08.047
!MESSAGE Error

!ENTRY org.eclipse.cdt.core 4 0 2026-02-26 13:09:08.047
!MESSAGE Error

!ENTRY org.eclipse.cdt.core 4 0 2026-02-26 13:09:08.047
!MESSAGE Error

!ENTRY org.eclipse.cdt.core 4 0 2026-02-26 13:09:08.048
!MESSAGE Error

!ENTRY org.eclipse.cdt.core 4 0 2026-02-26 13:09:08.048
!MESSAGE Error

!ENTRY org.eclipse.cdt.core 4 0 2026-02-26 13:09:08.048
!MESSAGE Error

!ENTRY org.eclipse.cdt.core 4 0 2026-02-26 13:09:08.048
!MESSAGE Error

!ENTRY org.eclipse.cdt.core 4 0 2026-02-26 13:09:08.048
!MESSAGE Error

!ENTRY org.eclipse.cdt.core 4 0 2026-02-26 13:09:08.049
!MESSAGE Error

!ENTRY org.eclipse.cdt.core 4 0 2026-02-26 13:09:08.049
!MESSAGE Error

!ENTRY org.eclipse.cdt.core 4 0 2026-02-26 13:09:08.049
!MESSAGE Error

!ENTRY org.eclipse.cdt.core 4 0 2026-02-26 13:09:08.049
!MESSAGE Error

!ENTRY org.eclipse.cdt.core 4 0 2026-02-26 13:09:08.049
!MESSAGE Error

!ENTRY org.eclipse.cdt.core 4 0 2026-02-26 13:09:08.049
!MESSAGE Error

!ENTRY org.eclipse.cdt.core 4 0 2026-02-26 13:09:08.050
!MESSAGE Error

!ENTRY org.eclipse.cdt.core 4 0 2026-02-26 13:09:08.050
!MESSAGE Error

!ENTRY org.eclipse.cdt.core 4 0 2026-02-26 13:09:08.050
!MESSAGE Error

!ENTRY org.eclipse.cdt.core 4 0 2026-02-26 13:09:08.050
!MESSAGE Error

!ENTRY org.eclipse.cdt.core 4 0 2026-02-26 13:09:08.050
!MESSAGE Error

!ENTRY org.eclipse.cdt.core 4 0 2026-02-26 13:09:08.051
!MESSAGE Error

!ENTRY org.eclipse.cdt.core 4 0 2026-02-26 13:09:08.051
!MESSAGE Error

!ENTRY org.eclipse.cdt.core 4 0 2026-02-26 13:09:08.051
!MESSAGE Error

!ENTRY org.eclipse.cdt.core 4 0 2026-02-26 13:09:08.051
!MESSAGE Error

!ENTRY org.eclipse.cdt.core 4 0 2026-02-26 13:09:08.051
!MESSAGE Error

!ENTRY org.eclipse.cdt.core 4 0 2026-02-26 13:09:08.051
!MESSAGE Error

!ENTRY org.eclipse.cdt.core 4 0 2026-02-26 13:09:08.051
!MESSAGE Error

!ENTRY org.eclipse.cdt.core 4 0 2026-02-26 13:09:08.051
!MESSAGE Error

!ENTRY org.eclipse.cdt.core 4 0 2026-02-26 13:09:08.051
!MESSAGE Error

!ENTRY org.eclipse.cdt.core 4 0 2026-02-26 13:09:08.051
!MESSAGE Error

!ENTRY org.eclipse.cdt.core 4 0 2026-02-26 13:09:08.052
!MESSAGE Error

!ENTRY org.eclipse.cdt.core 4 0 2026-02-26 13:09:08.052
!MESSAGE Error

!ENTRY org.eclipse.cdt.core 4 0 2026-02-26 13:09:11.132
!MESSAGE Error

!ENTRY org.eclipse.cdt.core 4 0 2026-02-26 13:09:11.136
!MESSAGE Error

!ENTRY org.eclipse.cdt.core 4 0 2026-02-26 13:09:11.136
!MESSAGE Error

!ENTRY org.eclipse.cdt.core 4 0 2026-02-26 13:09:11.136
!MESSAGE Error

!ENTRY org.eclipse.cdt.core 4 0 2026-02-26 13:09:11.136
!MESSAGE Error

!ENTRY org.eclipse.cdt.core 4 0 2026-02-26 13:09:11.136
!MESSAGE Error

!ENTRY org.eclipse.cdt.core 4 0 2026-02-26 13:09:11.137
!MESSAGE Error

!ENTRY org.eclipse.cdt.core 4 0 2026-02-26 13:09:11.137
!MESSAGE Error

!ENTRY org.eclipse.cdt.core 4 0 2026-02-26 13:09:11.137
!MESSAGE Error

!ENTRY org.eclipse.cdt.core 4 0 2026-02-26 13:09:11.137
!MESSAGE Error

!ENTRY org.eclipse.cdt.core 4 0 2026-02-26 13:09:11.137
!MESSAGE Error

!ENTRY org.eclipse.cdt.core 4 0 2026-02-26 13:09:11.137
!MESSAGE Error

!ENTRY org.eclipse.cdt.core 4 0 2026-02-26 13:09:11.138
!MESSAGE Error

!ENTRY org.eclipse.cdt.core 4 0 2026-02-26 13:09:11.138
!MESSAGE Error

!ENTRY org.eclipse.cdt.core 4 0 2026-02-26 13:09:11.138
!MESSAGE Error

!ENTRY org.eclipse.cdt.core 4 0 2026-02-26 13:09:11.139
!MESSAGE Error

!ENTRY org.eclipse.cdt.core 4 0 2026-02-26 13:09:11.139
!MESSAGE Error

!ENTRY org.eclipse.cdt.core 4 0 2026-02-26 13:09:11.139
!MESSAGE Error

!ENTRY org.eclipse.cdt.core 4 0 2026-02-26 13:09:11.139
!MESSAGE Error

!ENTRY org.eclipse.cdt.core 4 0 2026-02-26 13:09:11.139
!MESSAGE Error

!ENTRY org.eclipse.cdt.core 4 0 2026-02-26 13:09:11.139
!MESSAGE Error

!ENTRY org.eclipse.cdt.core 4 0 2026-02-26 13:09:11.140
!MESSAGE Error

!ENTRY org.eclipse.cdt.core 4 0 2026-02-26 13:09:11.140
!MESSAGE Error

!ENTRY org.eclipse.cdt.core 4 0 2026-02-26 13:09:11.140
!MESSAGE Error

!ENTRY org.eclipse.cdt.core 4 0 2026-02-26 13:09:11.140
!MESSAGE Error

!ENTRY org.eclipse.cdt.core 4 0 2026-02-26 13:09:11.140
!MESSAGE Error

!ENTRY org.eclipse.cdt.core 4 0 2026-02-26 13:09:11.140
!MESSAGE Error

!ENTRY org.eclipse.cdt.core 4 0 2026-02-26 13:09:11.140
!MESSAGE Error

!ENTRY org.eclipse.cdt.core 4 0 2026-02-26 13:09:11.141
!MESSAGE Error

!ENTRY org.eclipse.cdt.core 4 0 2026-02-26 13:09:11.141
!MESSAGE Error

!ENTRY org.eclipse.cdt.core 4 0 2026-02-26 13:09:11.141
!MESSAGE Error

!ENTRY org.eclipse.cdt.core 4 0 2026-02-26 13:09:11.141
!MESSAGE Error

!ENTRY org.eclipse.cdt.core 4 0 2026-02-26 13:09:11.141
!MESSAGE Error

!ENTRY org.eclipse.cdt.core 4 0 2026-02-26 13:09:11.141
!MESSAGE Error

!ENTRY org.eclipse.cdt.core 4 0 2026-02-26 13:09:11.142
!MESSAGE Error

!ENTRY org.eclipse.cdt.core 4 0 2026-02-26 13:09:11.142
!MESSAGE Error

!ENTRY org.eclipse.cdt.core 4 0 2026-02-26 13:09:11.142
!MESSAGE Error

!ENTRY org.eclipse.cdt.core 4 0 2026-02-26 13:09:11.142
!MESSAGE Error

!ENTRY org.eclipse.cdt.core 4 0 2026-02-26 13:09:11.142
!MESSAGE Error

!ENTRY org.eclipse.cdt.core 4 0 2026-02-26 13:09:11.142
!MESSAGE Error

!ENTRY org.eclipse.cdt.core 4 0 2026-02-26 13:09:11.143
!MESSAGE Error

!ENTRY org.eclipse.cdt.core 4 0 2026-02-26 13:09:11.143
!MESSAGE Error

!ENTRY org.eclipse.cdt.core 4 0 2026-02-26 13:09:11.143
!MESSAGE Error

!ENTRY org.eclipse.cdt.core 4 0 2026-02-26 13:09:11.143
!MESSAGE Error

!ENTRY org.eclipse.cdt.core 4 0 2026-02-26 13:09:11.143
!MESSAGE Error

!ENTRY org.eclipse.cdt.core 4 0 2026-02-26 13:09:11.143
!MESSAGE Error

!ENTRY org.eclipse.cdt.core 4 0 2026-02-26 13:09:11.144
!MESSAGE Error

!ENTRY org.eclipse.cdt.core 4 0 2026-02-26 13:09:11.144
!MESSAGE Error

!ENTRY org.eclipse.cdt.core 4 0 2026-02-26 13:09:11.144
!MESSAGE Error

!ENTRY org.eclipse.cdt.core 4 0 2026-02-26 13:09:11.144
!MESSAGE Error

!ENTRY org.eclipse.cdt.core 4 0 2026-02-26 13:09:11.144
!MESSAGE Error

!ENTRY org.eclipse.cdt.core 4 0 2026-02-26 13:09:11.144
!MESSAGE Error

!ENTRY org.eclipse.cdt.core 4 0 2026-02-26 13:09:11.144
!MESSAGE Error

!ENTRY org.eclipse.cdt.core 4 0 2026-02-26 13:09:11.144
!MESSAGE Error

!ENTRY org.eclipse.cdt.core 4 0 2026-02-26 13:09:11.144
!MESSAGE Error

!ENTRY org.eclipse.cdt.core 4 0 2026-02-26 13:09:11.145
!MESSAGE Error

!ENTRY org.eclipse.cdt.core 4 0 2026-02-26 13:09:11.145
!MESSAGE Error

!ENTRY org.eclipse.cdt.core 4 0 2026-02-26 13:09:11.145
!MESSAGE Error

!ENTRY org.eclipse.cdt.core 4 0 2026-02-26 13:09:11.145
!MESSAGE Error

!ENTRY org.eclipse.cdt.core 4 0 2026-02-26 13:09:11.145
!MESSAGE Error

!ENTRY org.eclipse.cdt.core 4 0 2026-02-26 13:09:11.145
!MESSAGE Error

!ENTRY org.eclipse.cdt.core 4 0 2026-02-26 13:09:11.145
!MESSAGE Error

!ENTRY org.eclipse.cdt.core 4 0 2026-02-26 13:09:14.726
!MESSAGE Error

!ENTRY org.eclipse.cdt.core 4 0 2026-02-26 13:09:14.732
!MESSAGE Error

!ENTRY org.eclipse.cdt.core 4 0 2026-02-26 13:09:14.734
!MESSAGE Error

!ENTRY org.eclipse.cdt.core 4 0 2026-02-26 13:09:14.734
!MESSAGE Error

!ENTRY org.eclipse.cdt.core 4 0 2026-02-26 13:09:14.735
!MESSAGE Error

!ENTRY org.eclipse.cdt.core 4 0 2026-02-26 13:09:14.735
!MESSAGE Error

!ENTRY org.eclipse.cdt.core 4 0 2026-02-26 13:09:14.736
!MESSAGE Error

!ENTRY org.eclipse.cdt.core 4 0 2026-02-26 13:09:14.736
!MESSAGE Error

!ENTRY org.eclipse.cdt.core 4 0 2026-02-26 13:09:14.736
!MESSAGE Error

!ENTRY org.eclipse.cdt.core 4 0 2026-02-26 13:09:14.737
!MESSAGE Error

!ENTRY org.eclipse.cdt.core 4 0 2026-02-26 13:09:14.737
!MESSAGE Error

!ENTRY org.eclipse.cdt.core 4 0 2026-02-26 13:09:14.738
!MESSAGE Error

!ENTRY org.eclipse.cdt.core 4 0 2026-02-26 13:09:14.739
!MESSAGE Error

!ENTRY org.eclipse.cdt.core 4 0 2026-02-26 13:09:14.739
!MESSAGE Error

!ENTRY org.eclipse.cdt.core 4 0 2026-02-26 13:09:14.739
!MESSAGE Error

!ENTRY org.eclipse.cdt.core 4 0 2026-02-26 13:09:14.740
!MESSAGE Error

!ENTRY org.eclipse.cdt.core 4 0 2026-02-26 13:09:14.740
!MESSAGE Error

!ENTRY org.eclipse.cdt.core 4 0 2026-02-26 13:09:14.741
!MESSAGE Error

!ENTRY org.eclipse.cdt.core 4 0 2026-02-26 13:09:14.741
!MESSAGE Error

!ENTRY org.eclipse.cdt.core 4 0 2026-02-26 13:09:14.741
!MESSAGE Error

!ENTRY org.eclipse.cdt.core 4 0 2026-02-26 13:09:14.741
!MESSAGE Error

!ENTRY org.eclipse.cdt.core 4 0 2026-02-26 13:09:14.742
!MESSAGE Error

!ENTRY org.eclipse.cdt.core 4 0 2026-02-26 13:09:14.743
!MESSAGE Error

!ENTRY org.eclipse.cdt.core 4 0 2026-02-26 13:09:14.743
!MESSAGE Error

!ENTRY org.eclipse.cdt.core 4 0 2026-02-26 13:09:14.744
!MESSAGE Error

!ENTRY org.eclipse.cdt.core 4 0 2026-02-26 13:09:14.744
!MESSAGE Error

!ENTRY org.eclipse.cdt.core 4 0 2026-02-26 13:09:14.744
!MESSAGE Error

!ENTRY org.eclipse.cdt.core 4 0 2026-02-26 13:09:14.745
!MESSAGE Error

!ENTRY org.eclipse.cdt.core 4 0 2026-02-26 13:09:14.745
!MESSAGE Error

!ENTRY org.eclipse.cdt.core 4 0 2026-02-26 13:09:14.745
!MESSAGE Error

!ENTRY org.eclipse.cdt.core 4 0 2026-02-26 13:09:14.746
!MESSAGE Error

!ENTRY org.eclipse.cdt.core 4 0 2026-02-26 13:09:14.746
!MESSAGE Error

!ENTRY org.eclipse.cdt.core 4 0 2026-02-26 13:09:14.746
!MESSAGE Error

!ENTRY org.eclipse.cdt.core 4 0 2026-02-26 13:09:14.747
!MESSAGE Error

!ENTRY org.eclipse.cdt.core 4 0 2026-02-26 13:09:14.747
!MESSAGE Error

!ENTRY org.eclipse.cdt.core 4 0 2026-02-26 13:09:14.747
!MESSAGE Error

!ENTRY org.eclipse.cdt.core 4 0 2026-02-26 13:09:14.748
!MESSAGE Error

!ENTRY org.eclipse.cdt.core 4 0 2026-02-26 13:09:14.748
!MESSAGE Error

!ENTRY org.eclipse.cdt.core 4 0 2026-02-26 13:09:14.749
!MESSAGE Error

!ENTRY org.eclipse.cdt.core 4 0 2026-02-26 13:09:14.749
!MESSAGE Error

!ENTRY org.eclipse.cdt.core 4 0 2026-02-26 13:09:14.749
!MESSAGE Error

!ENTRY org.eclipse.cdt.core 4 0 2026-02-26 13:09:14.750
!MESSAGE Error

!ENTRY org.eclipse.cdt.core 4 0 2026-02-26 13:09:14.750
!MESSAGE Error

!ENTRY org.eclipse.cdt.core 4 0 2026-02-26 13:09:14.750
!MESSAGE Error

!ENTRY org.eclipse.cdt.core 4 0 2026-02-26 13:09:14.751
!MESSAGE Error

!ENTRY org.eclipse.cdt.core 4 0 2026-02-26 13:09:14.751
!MESSAGE Error

!ENTRY org.eclipse.cdt.core 4 0 2026-02-26 13:09:14.751
!MESSAGE Error

!ENTRY org.eclipse.cdt.core 4 0 2026-02-26 13:09:14.751
!MESSAGE Error

!ENTRY org.eclipse.cdt.core 4 0 2026-02-26 13:09:14.752
!MESSAGE Error

!ENTRY org.eclipse.cdt.core 4 0 2026-02-26 13:09:14.752
!MESSAGE Error

!ENTRY org.eclipse.cdt.core 4 0 2026-02-26 13:09:14.752
!MESSAGE Error

!ENTRY org.eclipse.cdt.core 4 0 2026-02-26 13:09:14.752
!MESSAGE Error

!ENTRY org.eclipse.cdt.core 4 0 2026-02-26 13:09:14.752
!MESSAGE Error

!ENTRY org.eclipse.cdt.core 4 0 2026-02-26 13:09:14.752
!MESSAGE Error

!ENTRY org.eclipse.cdt.core 4 0 2026-02-26 13:09:14.753
!MESSAGE Error

!ENTRY org.eclipse.cdt.core 4 0 2026-02-26 13:09:14.753
!MESSAGE Error

!ENTRY org.eclipse.cdt.core 4 0 2026-02-26 13:09:14.753
!MESSAGE Error

!ENTRY org.eclipse.cdt.core 4 0 2026-02-26 13:09:14.753
!MESSAGE Error

!ENTRY org.eclipse.cdt.core 4 0 2026-02-26 13:09:14.753
!MESSAGE Error

!ENTRY org.eclipse.cdt.core 4 0 2026-02-26 13:09:14.753
!MESSAGE Error

!ENTRY org.eclipse.cdt.core 4 0 2026-02-26 13:09:14.754
!MESSAGE Error

!ENTRY org.eclipse.cdt.core 4 0 2026-02-26 13:09:14.754
!MESSAGE Error

!ENTRY org.eclipse.cdt.core 4 0 2026-02-26 13:09:14.755
!MESSAGE Error

!ENTRY org.eclipse.cdt.core 4 0 2026-02-26 13:09:14.758
!MESSAGE Error

!ENTRY org.eclipse.cdt.core 4 0 2026-02-26 13:09:17.820
!MESSAGE Error

!ENTRY org.eclipse.cdt.core 4 0 2026-02-26 13:09:17.833
!MESSAGE Error

!ENTRY org.eclipse.cdt.core 4 0 2026-02-26 13:09:17.835
!MESSAGE Error

!ENTRY org.eclipse.cdt.core 4 0 2026-02-26 13:09:17.835
!MESSAGE Error

!ENTRY org.eclipse.cdt.core 4 0 2026-02-26 13:09:17.836
!MESSAGE Error

!ENTRY org.eclipse.cdt.core 4 0 2026-02-26 13:09:17.836
!MESSAGE Error

!ENTRY org.eclipse.cdt.core 4 0 2026-02-26 13:09:17.837
!MESSAGE Error

!ENTRY org.eclipse.cdt.core 4 0 2026-02-26 13:09:17.837
!MESSAGE Error

!ENTRY org.eclipse.cdt.core 4 0 2026-02-26 13:09:17.837
!MESSAGE Error

!ENTRY org.eclipse.cdt.core 4 0 2026-02-26 13:09:17.838
!MESSAGE Error

!ENTRY org.eclipse.cdt.core 4 0 2026-02-26 13:09:17.838
!MESSAGE Error

!ENTRY org.eclipse.cdt.core 4 0 2026-02-26 13:09:17.839
!MESSAGE Error

!ENTRY org.eclipse.cdt.core 4 0 2026-02-26 13:09:17.839
!MESSAGE Error

!ENTRY org.eclipse.cdt.core 4 0 2026-02-26 13:09:17.839
!MESSAGE Error

!ENTRY org.eclipse.cdt.core 4 0 2026-02-26 13:09:17.840
!MESSAGE Error

!ENTRY org.eclipse.cdt.core 4 0 2026-02-26 13:09:17.840
!MESSAGE Error

!ENTRY org.eclipse.cdt.core 4 0 2026-02-26 13:09:17.840
!MESSAGE Error

!ENTRY org.eclipse.cdt.core 4 0 2026-02-26 13:09:17.841
!MESSAGE Error

!ENTRY org.eclipse.cdt.core 4 0 2026-02-26 13:09:17.841
!MESSAGE Error

!ENTRY org.eclipse.cdt.core 4 0 2026-02-26 13:09:17.841
!MESSAGE Error

!ENTRY org.eclipse.cdt.core 4 0 2026-02-26 13:09:17.842
!MESSAGE Error

!ENTRY org.eclipse.cdt.core 4 0 2026-02-26 13:09:17.842
!MESSAGE Error

!ENTRY org.eclipse.cdt.core 4 0 2026-02-26 13:09:17.842
!MESSAGE Error

!ENTRY org.eclipse.cdt.core 4 0 2026-02-26 13:09:17.842
!MESSAGE Error

!ENTRY org.eclipse.cdt.core 4 0 2026-02-26 13:09:17.842
!MESSAGE Error

!ENTRY org.eclipse.cdt.core 4 0 2026-02-26 13:09:17.842
!MESSAGE Error

!ENTRY org.eclipse.cdt.core 4 0 2026-02-26 13:09:17.842
!MESSAGE Error

!ENTRY org.eclipse.cdt.core 4 0 2026-02-26 13:09:17.843
!MESSAGE Error

!ENTRY org.eclipse.cdt.core 4 0 2026-02-26 13:09:17.843
!MESSAGE Error

!ENTRY org.eclipse.cdt.core 4 0 2026-02-26 13:09:17.843
!MESSAGE Error

!ENTRY org.eclipse.cdt.core 4 0 2026-02-26 13:09:17.843
!MESSAGE Error

!ENTRY org.eclipse.cdt.core 4 0 2026-02-26 13:09:17.843
!MESSAGE Error

!ENTRY org.eclipse.cdt.core 4 0 2026-02-26 13:09:17.843
!MESSAGE Error

!ENTRY org.eclipse.cdt.core 4 0 2026-02-26 13:09:17.844
!MESSAGE Error

!ENTRY org.eclipse.cdt.core 4 0 2026-02-26 13:09:17.844
!MESSAGE Error

!ENTRY org.eclipse.cdt.core 4 0 2026-02-26 13:09:17.844
!MESSAGE Error

!ENTRY org.eclipse.cdt.core 4 0 2026-02-26 13:09:17.844
!MESSAGE Error

!ENTRY org.eclipse.cdt.core 4 0 2026-02-26 13:09:17.844
!MESSAGE Error

!ENTRY org.eclipse.cdt.core 4 0 2026-02-26 13:09:17.844
!MESSAGE Error

!ENTRY org.eclipse.cdt.core 4 0 2026-02-26 13:09:17.844
!MESSAGE Error

!ENTRY org.eclipse.cdt.core 4 0 2026-02-26 13:09:17.845
!MESSAGE Error

!ENTRY org.eclipse.cdt.core 4 0 2026-02-26 13:09:17.845
!MESSAGE Error

!ENTRY org.eclipse.cdt.core 4 0 2026-02-26 13:09:17.845
!MESSAGE Error

!ENTRY org.eclipse.cdt.core 4 0 2026-02-26 13:09:17.846
!MESSAGE Error

!ENTRY org.eclipse.cdt.core 4 0 2026-02-26 13:09:17.846
!MESSAGE Error

!ENTRY org.eclipse.cdt.core 4 0 2026-02-26 13:09:17.846
!MESSAGE Error

!ENTRY org.eclipse.cdt.core 4 0 2026-02-26 13:09:17.846
!MESSAGE Error

!ENTRY org.eclipse.cdt.core 4 0 2026-02-26 13:09:17.846
!MESSAGE Error

!ENTRY org.eclipse.cdt.core 4 0 2026-02-26 13:09:17.846
!MESSAGE Error

!ENTRY org.eclipse.cdt.core 4 0 2026-02-26 13:09:17.847
!MESSAGE Error

!ENTRY org.eclipse.cdt.core 4 0 2026-02-26 13:09:17.847
!MESSAGE Error

!ENTRY org.eclipse.cdt.core 4 0 2026-02-26 13:09:17.847
!MESSAGE Error

!ENTRY org.eclipse.cdt.core 4 0 2026-02-26 13:09:17.847
!MESSAGE Error

!ENTRY org.eclipse.cdt.core 4 0 2026-02-26 13:09:17.847
!MESSAGE Error

!ENTRY org.eclipse.cdt.core 4 0 2026-02-26 13:09:17.847
!MESSAGE Error

!ENTRY org.eclipse.cdt.core 4 0 2026-02-26 13:09:17.847
!MESSAGE Error

!ENTRY org.eclipse.cdt.core 4 0 2026-02-26 13:09:17.848
!MESSAGE Error

!ENTRY org.eclipse.cdt.core 4 0 2026-02-26 13:09:17.848
!MESSAGE Error

!ENTRY org.eclipse.cdt.core 4 0 2026-02-26 13:09:17.848
!MESSAGE Error

!ENTRY org.eclipse.cdt.core 4 0 2026-02-26 13:09:17.848
!MESSAGE Error

!ENTRY org.eclipse.cdt.core 4 0 2026-02-26 13:09:17.848
!MESSAGE Error

!ENTRY org.eclipse.cdt.core 4 0 2026-02-26 13:09:17.848
!MESSAGE Error

!ENTRY org.eclipse.cdt.core 4 0 2026-02-26 13:09:21.414
!MESSAGE Error

!ENTRY org.eclipse.cdt.core 4 0 2026-02-26 13:09:21.419
!MESSAGE Error

!ENTRY org.eclipse.cdt.core 4 0 2026-02-26 13:09:21.422
!MESSAGE Error

!ENTRY org.eclipse.cdt.core 4 0 2026-02-26 13:09:21.422
!MESSAGE Error

!ENTRY org.eclipse.cdt.core 4 0 2026-02-26 13:09:21.422
!MESSAGE Error

!ENTRY org.eclipse.cdt.core 4 0 2026-02-26 13:09:21.423
!MESSAGE Error

!ENTRY org.eclipse.cdt.core 4 0 2026-02-26 13:09:21.423
!MESSAGE Error

!ENTRY org.eclipse.cdt.core 4 0 2026-02-26 13:09:21.424
!MESSAGE Error

!ENTRY org.eclipse.cdt.core 4 0 2026-02-26 13:09:21.424
!MESSAGE Error

!ENTRY org.eclipse.cdt.core 4 0 2026-02-26 13:09:21.424
!MESSAGE Error

!ENTRY org.eclipse.cdt.core 4 0 2026-02-26 13:09:21.424
!MESSAGE Error

!ENTRY org.eclipse.cdt.core 4 0 2026-02-26 13:09:21.425
!MESSAGE Error

!ENTRY org.eclipse.cdt.core 4 0 2026-02-26 13:09:21.425
!MESSAGE Error

!ENTRY org.eclipse.cdt.core 4 0 2026-02-26 13:09:21.425
!MESSAGE Error

!ENTRY org.eclipse.cdt.core 4 0 2026-02-26 13:09:21.426
!MESSAGE Error

!ENTRY org.eclipse.cdt.core 4 0 2026-02-26 13:09:21.426
!MESSAGE Error

!ENTRY org.eclipse.cdt.core 4 0 2026-02-26 13:09:21.426
!MESSAGE Error

!ENTRY org.eclipse.cdt.core 4 0 2026-02-26 13:09:21.426
!MESSAGE Error

!ENTRY org.eclipse.cdt.core 4 0 2026-02-26 13:09:21.426
!MESSAGE Error

!ENTRY org.eclipse.cdt.core 4 0 2026-02-26 13:09:21.427
!MESSAGE Error

!ENTRY org.eclipse.cdt.core 4 0 2026-02-26 13:09:21.428
!MESSAGE Error

!ENTRY org.eclipse.cdt.core 4 0 2026-02-26 13:09:21.428
!MESSAGE Error

!ENTRY org.eclipse.cdt.core 4 0 2026-02-26 13:09:21.428
!MESSAGE Error

!ENTRY org.eclipse.cdt.core 4 0 2026-02-26 13:09:21.429
!MESSAGE Error

!ENTRY org.eclipse.cdt.core 4 0 2026-02-26 13:09:21.429
!MESSAGE Error

!ENTRY org.eclipse.cdt.core 4 0 2026-02-26 13:09:21.430
!MESSAGE Error

!ENTRY org.eclipse.cdt.core 4 0 2026-02-26 13:09:21.430
!MESSAGE Error

!ENTRY org.eclipse.cdt.core 4 0 2026-02-26 13:09:21.430
!MESSAGE Error

!ENTRY org.eclipse.cdt.core 4 0 2026-02-26 13:09:21.431
!MESSAGE Error

!ENTRY org.eclipse.cdt.core 4 0 2026-02-26 13:09:21.431
!MESSAGE Error

!ENTRY org.eclipse.cdt.core 4 0 2026-02-26 13:09:21.431
!MESSAGE Error

!ENTRY org.eclipse.cdt.core 4 0 2026-02-26 13:09:21.431
!MESSAGE Error

!ENTRY org.eclipse.cdt.core 4 0 2026-02-26 13:09:21.432
!MESSAGE Error

!ENTRY org.eclipse.cdt.core 4 0 2026-02-26 13:09:21.432
!MESSAGE Error

!ENTRY org.eclipse.cdt.core 4 0 2026-02-26 13:09:21.432
!MESSAGE Error

!ENTRY org.eclipse.cdt.core 4 0 2026-02-26 13:09:21.432
!MESSAGE Error

!ENTRY org.eclipse.cdt.core 4 0 2026-02-26 13:09:21.433
!MESSAGE Error

!ENTRY org.eclipse.cdt.core 4 0 2026-02-26 13:09:21.433
!MESSAGE Error

!ENTRY org.eclipse.cdt.core 4 0 2026-02-26 13:09:21.433
!MESSAGE Error

!ENTRY org.eclipse.cdt.core 4 0 2026-02-26 13:09:21.433
!MESSAGE Error

!ENTRY org.eclipse.cdt.core 4 0 2026-02-26 13:09:21.433
!MESSAGE Error

!ENTRY org.eclipse.cdt.core 4 0 2026-02-26 13:09:21.433
!MESSAGE Error

!ENTRY org.eclipse.cdt.core 4 0 2026-02-26 13:09:21.433
!MESSAGE Error

!ENTRY org.eclipse.cdt.core 4 0 2026-02-26 13:09:21.434
!MESSAGE Error

!ENTRY org.eclipse.cdt.core 4 0 2026-02-26 13:09:21.434
!MESSAGE Error

!ENTRY org.eclipse.cdt.core 4 0 2026-02-26 13:09:21.434
!MESSAGE Error

!ENTRY org.eclipse.cdt.core 4 0 2026-02-26 13:09:21.434
!MESSAGE Error

!ENTRY org.eclipse.cdt.core 4 0 2026-02-26 13:09:21.434
!MESSAGE Error

!ENTRY org.eclipse.cdt.core 4 0 2026-02-26 13:09:21.434
!MESSAGE Error

!ENTRY org.eclipse.cdt.core 4 0 2026-02-26 13:09:21.434
!MESSAGE Error

!ENTRY org.eclipse.cdt.core 4 0 2026-02-26 13:09:21.434
!MESSAGE Error

!ENTRY org.eclipse.cdt.core 4 0 2026-02-26 13:09:21.434
!MESSAGE Error

!ENTRY org.eclipse.cdt.core 4 0 2026-02-26 13:09:21.434
!MESSAGE Error

!ENTRY org.eclipse.cdt.core 4 0 2026-02-26 13:09:21.435
!MESSAGE Error

!ENTRY org.eclipse.cdt.core 4 0 2026-02-26 13:09:21.435
!MESSAGE Error

!ENTRY org.eclipse.cdt.core 4 0 2026-02-26 13:09:21.435
!MESSAGE Error

!ENTRY org.eclipse.cdt.core 4 0 2026-02-26 13:09:21.435
!MESSAGE Error

!ENTRY org.eclipse.cdt.core 4 0 2026-02-26 13:09:21.435
!MESSAGE Error

!ENTRY org.eclipse.cdt.core 4 0 2026-02-26 13:09:21.435
!MESSAGE Error

!ENTRY org.eclipse.cdt.core 4 0 2026-02-26 13:09:21.436
!MESSAGE Error

!ENTRY org.eclipse.cdt.core 4 0 2026-02-26 13:09:21.436
!MESSAGE Error

!ENTRY org.eclipse.cdt.core 4 0 2026-02-26 13:09:21.436
!MESSAGE Error

!ENTRY org.eclipse.cdt.core 4 0 2026-02-26 13:09:25.006
!MESSAGE Error

!ENTRY org.eclipse.cdt.core 4 0 2026-02-26 13:09:25.011
!MESSAGE Error

!ENTRY org.eclipse.cdt.core 4 0 2026-02-26 13:09:25.012
!MESSAGE Error

!ENTRY org.eclipse.cdt.core 4 0 2026-02-26 13:09:25.013
!MESSAGE Error

!ENTRY org.eclipse.cdt.core 4 0 2026-02-26 13:09:25.013
!MESSAGE Error

!ENTRY org.eclipse.cdt.core 4 0 2026-02-26 13:09:25.013
!MESSAGE Error

!ENTRY org.eclipse.cdt.core 4 0 2026-02-26 13:09:25.014
!MESSAGE Error

!ENTRY org.eclipse.cdt.core 4 0 2026-02-26 13:09:25.014
!MESSAGE Error

!ENTRY org.eclipse.cdt.core 4 0 2026-02-26 13:09:25.016
!MESSAGE Error

!ENTRY org.eclipse.cdt.core 4 0 2026-02-26 13:09:25.016
!MESSAGE Error

!ENTRY org.eclipse.cdt.core 4 0 2026-02-26 13:09:25.016
!MESSAGE Error

!ENTRY org.eclipse.cdt.core 4 0 2026-02-26 13:09:25.017
!MESSAGE Error

!ENTRY org.eclipse.cdt.core 4 0 2026-02-26 13:09:25.017
!MESSAGE Error

!ENTRY org.eclipse.cdt.core 4 0 2026-02-26 13:09:25.017
!MESSAGE Error

!ENTRY org.eclipse.cdt.core 4 0 2026-02-26 13:09:25.018
!MESSAGE Error

!ENTRY org.eclipse.cdt.core 4 0 2026-02-26 13:09:25.018
!MESSAGE Error

!ENTRY org.eclipse.cdt.core 4 0 2026-02-26 13:09:25.019
!MESSAGE Error

!ENTRY org.eclipse.cdt.core 4 0 2026-02-26 13:09:25.019
!MESSAGE Error

!ENTRY org.eclipse.cdt.core 4 0 2026-02-26 13:09:25.019
!MESSAGE Error

!ENTRY org.eclipse.cdt.core 4 0 2026-02-26 13:09:25.020
!MESSAGE Error

!ENTRY org.eclipse.cdt.core 4 0 2026-02-26 13:09:25.020
!MESSAGE Error

!ENTRY org.eclipse.cdt.core 4 0 2026-02-26 13:09:25.020
!MESSAGE Error

!ENTRY org.eclipse.cdt.core 4 0 2026-02-26 13:09:25.021
!MESSAGE Error

!ENTRY org.eclipse.cdt.core 4 0 2026-02-26 13:09:25.021
!MESSAGE Error

!ENTRY org.eclipse.cdt.core 4 0 2026-02-26 13:09:25.022
!MESSAGE Error

!ENTRY org.eclipse.cdt.core 4 0 2026-02-26 13:09:25.022
!MESSAGE Error

!ENTRY org.eclipse.cdt.core 4 0 2026-02-26 13:09:25.022
!MESSAGE Error

!ENTRY org.eclipse.cdt.core 4 0 2026-02-26 13:09:25.023
!MESSAGE Error

!ENTRY org.eclipse.cdt.core 4 0 2026-02-26 13:09:25.023
!MESSAGE Error

!ENTRY org.eclipse.cdt.core 4 0 2026-02-26 13:09:25.023
!MESSAGE Error

!ENTRY org.eclipse.cdt.core 4 0 2026-02-26 13:09:25.024
!MESSAGE Error

!ENTRY org.eclipse.cdt.core 4 0 2026-02-26 13:09:25.024
!MESSAGE Error

!ENTRY org.eclipse.cdt.core 4 0 2026-02-26 13:09:25.024
!MESSAGE Error

!ENTRY org.eclipse.cdt.core 4 0 2026-02-26 13:09:25.025
!MESSAGE Error

!ENTRY org.eclipse.cdt.core 4 0 2026-02-26 13:09:25.025
!MESSAGE Error

!ENTRY org.eclipse.cdt.core 4 0 2026-02-26 13:09:25.025
!MESSAGE Error

!ENTRY org.eclipse.cdt.core 4 0 2026-02-26 13:09:25.026
!MESSAGE Error

!ENTRY org.eclipse.cdt.core 4 0 2026-02-26 13:09:25.026
!MESSAGE Error

!ENTRY org.eclipse.cdt.core 4 0 2026-02-26 13:09:25.027
!MESSAGE Error

!ENTRY org.eclipse.cdt.core 4 0 2026-02-26 13:09:25.027
!MESSAGE Error

!ENTRY org.eclipse.cdt.core 4 0 2026-02-26 13:09:25.027
!MESSAGE Error

!ENTRY org.eclipse.cdt.core 4 0 2026-02-26 13:09:25.027
!MESSAGE Error

!ENTRY org.eclipse.cdt.core 4 0 2026-02-26 13:09:25.027
!MESSAGE Error

!ENTRY org.eclipse.cdt.core 4 0 2026-02-26 13:09:25.028
!MESSAGE Error

!ENTRY org.eclipse.cdt.core 4 0 2026-02-26 13:09:25.028
!MESSAGE Error

!ENTRY org.eclipse.cdt.core 4 0 2026-02-26 13:09:25.028
!MESSAGE Error

!ENTRY org.eclipse.cdt.core 4 0 2026-02-26 13:09:25.028
!MESSAGE Error

!ENTRY org.eclipse.cdt.core 4 0 2026-02-26 13:09:25.028
!MESSAGE Error

!ENTRY org.eclipse.cdt.core 4 0 2026-02-26 13:09:25.028
!MESSAGE Error

!ENTRY org.eclipse.cdt.core 4 0 2026-02-26 13:09:25.028
!MESSAGE Error

!ENTRY org.eclipse.cdt.core 4 0 2026-02-26 13:09:25.028
!MESSAGE Error

!ENTRY org.eclipse.cdt.core 4 0 2026-02-26 13:09:25.028
!MESSAGE Error

!ENTRY org.eclipse.cdt.core 4 0 2026-02-26 13:09:25.028
!MESSAGE Error

!ENTRY org.eclipse.cdt.core 4 0 2026-02-26 13:09:25.029
!MESSAGE Error

!ENTRY org.eclipse.cdt.core 4 0 2026-02-26 13:09:25.029
!MESSAGE Error

!ENTRY org.eclipse.cdt.core 4 0 2026-02-26 13:09:25.029
!MESSAGE Error

!ENTRY org.eclipse.cdt.core 4 0 2026-02-26 13:09:25.029
!MESSAGE Error

!ENTRY org.eclipse.cdt.core 4 0 2026-02-26 13:09:25.029
!MESSAGE Error

!ENTRY org.eclipse.cdt.core 4 0 2026-02-26 13:09:25.029
!MESSAGE Error

!ENTRY org.eclipse.cdt.core 4 0 2026-02-26 13:09:25.029
!MESSAGE Error

!ENTRY org.eclipse.cdt.core 4 0 2026-02-26 13:09:25.030
!MESSAGE Error

!ENTRY org.eclipse.cdt.core 4 0 2026-02-26 13:09:25.030
!MESSAGE Error

!ENTRY org.eclipse.cdt.core 4 0 2026-02-26 13:09:26.045
!MESSAGE Error

!ENTRY org.eclipse.cdt.core 4 0 2026-02-26 13:09:26.050
!MESSAGE Error

!ENTRY org.eclipse.cdt.core 4 0 2026-02-26 13:09:26.051
!MESSAGE Error

!ENTRY org.eclipse.cdt.core 4 0 2026-02-26 13:09:26.052
!MESSAGE Error

!ENTRY org.eclipse.cdt.core 4 0 2026-02-26 13:09:26.052
!MESSAGE Error

!ENTRY org.eclipse.cdt.core 4 0 2026-02-26 13:09:26.053
!MESSAGE Error

!ENTRY org.eclipse.cdt.core 4 0 2026-02-26 13:09:26.054
!MESSAGE Error

!ENTRY org.eclipse.cdt.core 4 0 2026-02-26 13:09:26.054
!MESSAGE Error

!ENTRY org.eclipse.cdt.core 4 0 2026-02-26 13:09:26.054
!MESSAGE Error

!ENTRY org.eclipse.cdt.core 4 0 2026-02-26 13:09:26.055
!MESSAGE Error

!ENTRY org.eclipse.cdt.core 4 0 2026-02-26 13:09:26.055
!MESSAGE Error

!ENTRY org.eclipse.cdt.core 4 0 2026-02-26 13:09:26.056
!MESSAGE Error

!ENTRY org.eclipse.cdt.core 4 0 2026-02-26 13:09:26.056
!MESSAGE Error

!ENTRY org.eclipse.cdt.core 4 0 2026-02-26 13:09:26.056
!MESSAGE Error

!ENTRY org.eclipse.cdt.core 4 0 2026-02-26 13:09:26.057
!MESSAGE Error

!ENTRY org.eclipse.cdt.core 4 0 2026-02-26 13:09:26.057
!MESSAGE Error

!ENTRY org.eclipse.cdt.core 4 0 2026-02-26 13:09:26.057
!MESSAGE Error

!ENTRY org.eclipse.cdt.core 4 0 2026-02-26 13:09:26.057
!MESSAGE Error

!ENTRY org.eclipse.cdt.core 4 0 2026-02-26 13:09:26.058
!MESSAGE Error

!ENTRY org.eclipse.cdt.core 4 0 2026-02-26 13:09:26.058
!MESSAGE Error

!ENTRY org.eclipse.cdt.core 4 0 2026-02-26 13:09:26.058
!MESSAGE Error

!ENTRY org.eclipse.cdt.core 4 0 2026-02-26 13:09:26.059
!MESSAGE Error

!ENTRY org.eclipse.cdt.core 4 0 2026-02-26 13:09:26.059
!MESSAGE Error

!ENTRY org.eclipse.cdt.core 4 0 2026-02-26 13:09:26.059
!MESSAGE Error

!ENTRY org.eclipse.cdt.core 4 0 2026-02-26 13:09:26.060
!MESSAGE Error

!ENTRY org.eclipse.cdt.core 4 0 2026-02-26 13:09:26.061
!MESSAGE Error

!ENTRY org.eclipse.cdt.core 4 0 2026-02-26 13:09:26.061
!MESSAGE Error

!ENTRY org.eclipse.cdt.core 4 0 2026-02-26 13:09:26.061
!MESSAGE Error

!ENTRY org.eclipse.cdt.core 4 0 2026-02-26 13:09:26.062
!MESSAGE Error

!ENTRY org.eclipse.cdt.core 4 0 2026-02-26 13:09:26.062
!MESSAGE Error

!ENTRY org.eclipse.cdt.core 4 0 2026-02-26 13:09:26.062
!MESSAGE Error

!ENTRY org.eclipse.cdt.core 4 0 2026-02-26 13:09:26.062
!MESSAGE Error

!ENTRY org.eclipse.cdt.core 4 0 2026-02-26 13:09:26.062
!MESSAGE Error

!ENTRY org.eclipse.cdt.core 4 0 2026-02-26 13:09:26.063
!MESSAGE Error

!ENTRY org.eclipse.cdt.core 4 0 2026-02-26 13:09:26.063
!MESSAGE Error

!ENTRY org.eclipse.cdt.core 4 0 2026-02-26 13:09:26.063
!MESSAGE Error

!ENTRY org.eclipse.cdt.core 4 0 2026-02-26 13:09:26.063
!MESSAGE Error

!ENTRY org.eclipse.cdt.core 4 0 2026-02-26 13:09:26.063
!MESSAGE Error

!ENTRY org.eclipse.cdt.core 4 0 2026-02-26 13:09:26.063
!MESSAGE Error

!ENTRY org.eclipse.cdt.core 4 0 2026-02-26 13:09:26.064
!MESSAGE Error

!ENTRY org.eclipse.cdt.core 4 0 2026-02-26 13:09:26.064
!MESSAGE Error

!ENTRY org.eclipse.cdt.core 4 0 2026-02-26 13:09:26.064
!MESSAGE Error

!ENTRY org.eclipse.cdt.core 4 0 2026-02-26 13:09:26.064
!MESSAGE Error

!ENTRY org.eclipse.cdt.core 4 0 2026-02-26 13:09:26.064
!MESSAGE Error

!ENTRY org.eclipse.cdt.core 4 0 2026-02-26 13:09:26.064
!MESSAGE Error

!ENTRY org.eclipse.cdt.core 4 0 2026-02-26 13:09:26.064
!MESSAGE Error

!ENTRY org.eclipse.cdt.core 4 0 2026-02-26 13:09:26.065
!MESSAGE Error

!ENTRY org.eclipse.cdt.core 4 0 2026-02-26 13:09:26.065
!MESSAGE Error

!ENTRY org.eclipse.cdt.core 4 0 2026-02-26 13:09:26.065
!MESSAGE Error

!ENTRY org.eclipse.cdt.core 4 0 2026-02-26 13:09:26.065
!MESSAGE Error

!ENTRY org.eclipse.cdt.core 4 0 2026-02-26 13:09:26.065
!MESSAGE Error

!ENTRY org.eclipse.cdt.core 4 0 2026-02-26 13:09:26.065
!MESSAGE Error

!ENTRY org.eclipse.cdt.core 4 0 2026-02-26 13:09:26.065
!MESSAGE Error

!ENTRY org.eclipse.cdt.core 4 0 2026-02-26 13:09:26.066
!MESSAGE Error

!ENTRY org.eclipse.cdt.core 4 0 2026-02-26 13:09:26.066
!MESSAGE Error

!ENTRY org.eclipse.cdt.core 4 0 2026-02-26 13:09:26.066
!MESSAGE Error

!ENTRY org.eclipse.cdt.core 4 0 2026-02-26 13:09:26.066
!MESSAGE Error

!ENTRY org.eclipse.cdt.core 4 0 2026-02-26 13:09:26.066
!MESSAGE Error

!ENTRY org.eclipse.cdt.core 4 0 2026-02-26 13:09:26.066
!MESSAGE Error

!ENTRY org.eclipse.cdt.core 4 0 2026-02-26 13:09:26.067
!MESSAGE Error

!ENTRY org.eclipse.cdt.core 4 0 2026-02-26 13:09:26.067
!MESSAGE Error

!ENTRY org.eclipse.cdt.core 4 0 2026-02-26 13:09:26.067
!MESSAGE Error

!ENTRY org.eclipse.cdt.core 4 0 2026-02-26 13:09:28.596
!MESSAGE Error

!ENTRY org.eclipse.cdt.core 4 0 2026-02-26 13:09:28.599
!MESSAGE Error

!ENTRY org.eclipse.cdt.core 4 0 2026-02-26 13:09:28.600
!MESSAGE Error

!ENTRY org.eclipse.cdt.core 4 0 2026-02-26 13:09:28.600
!MESSAGE Error

!ENTRY org.eclipse.cdt.core 4 0 2026-02-26 13:09:28.601
!MESSAGE Error

!ENTRY org.eclipse.cdt.core 4 0 2026-02-26 13:09:28.601
!MESSAGE Error

!ENTRY org.eclipse.cdt.core 4 0 2026-02-26 13:09:28.601
!MESSAGE Error

!ENTRY org.eclipse.cdt.core 4 0 2026-02-26 13:09:28.602
!MESSAGE Error

!ENTRY org.eclipse.cdt.core 4 0 2026-02-26 13:09:28.602
!MESSAGE Error

!ENTRY org.eclipse.cdt.core 4 0 2026-02-26 13:09:28.602
!MESSAGE Error

!ENTRY org.eclipse.cdt.core 4 0 2026-02-26 13:09:28.602
!MESSAGE Error

!ENTRY org.eclipse.cdt.core 4 0 2026-02-26 13:09:28.602
!MESSAGE Error

!ENTRY org.eclipse.cdt.core 4 0 2026-02-26 13:09:28.603
!MESSAGE Error

!ENTRY org.eclipse.cdt.core 4 0 2026-02-26 13:09:28.603
!MESSAGE Error

!ENTRY org.eclipse.cdt.core 4 0 2026-02-26 13:09:28.603
!MESSAGE Error

!ENTRY org.eclipse.cdt.core 4 0 2026-02-26 13:09:28.603
!MESSAGE Error

!ENTRY org.eclipse.cdt.core 4 0 2026-02-26 13:09:28.603
!MESSAGE Error

!ENTRY org.eclipse.cdt.core 4 0 2026-02-26 13:09:28.603
!MESSAGE Error

!ENTRY org.eclipse.cdt.core 4 0 2026-02-26 13:09:28.603
!MESSAGE Error

!ENTRY org.eclipse.cdt.core 4 0 2026-02-26 13:09:28.604
!MESSAGE Error

!ENTRY org.eclipse.cdt.core 4 0 2026-02-26 13:09:28.604
!MESSAGE Error

!ENTRY org.eclipse.cdt.core 4 0 2026-02-26 13:09:28.604
!MESSAGE Error

!ENTRY org.eclipse.cdt.core 4 0 2026-02-26 13:09:28.604
!MESSAGE Error

!ENTRY org.eclipse.cdt.core 4 0 2026-02-26 13:09:28.604
!MESSAGE Error

!ENTRY org.eclipse.cdt.core 4 0 2026-02-26 13:09:28.604
!MESSAGE Error

!ENTRY org.eclipse.cdt.core 4 0 2026-02-26 13:09:28.604
!MESSAGE Error

!ENTRY org.eclipse.cdt.core 4 0 2026-02-26 13:09:28.605
!MESSAGE Error

!ENTRY org.eclipse.cdt.core 4 0 2026-02-26 13:09:28.605
!MESSAGE Error

!ENTRY org.eclipse.cdt.core 4 0 2026-02-26 13:09:28.605
!MESSAGE Error

!ENTRY org.eclipse.cdt.core 4 0 2026-02-26 13:09:28.605
!MESSAGE Error

!ENTRY org.eclipse.cdt.core 4 0 2026-02-26 13:09:28.605
!MESSAGE Error

!ENTRY org.eclipse.cdt.core 4 0 2026-02-26 13:09:28.605
!MESSAGE Error

!ENTRY org.eclipse.cdt.core 4 0 2026-02-26 13:09:28.606
!MESSAGE Error

!ENTRY org.eclipse.cdt.core 4 0 2026-02-26 13:09:28.606
!MESSAGE Error

!ENTRY org.eclipse.cdt.core 4 0 2026-02-26 13:09:28.606
!MESSAGE Error

!ENTRY org.eclipse.cdt.core 4 0 2026-02-26 13:09:28.606
!MESSAGE Error

!ENTRY org.eclipse.cdt.core 4 0 2026-02-26 13:09:28.606
!MESSAGE Error

!ENTRY org.eclipse.cdt.core 4 0 2026-02-26 13:09:28.606
!MESSAGE Error

!ENTRY org.eclipse.cdt.core 4 0 2026-02-26 13:09:28.606
!MESSAGE Error

!ENTRY org.eclipse.cdt.core 4 0 2026-02-26 13:09:28.606
!MESSAGE Error

!ENTRY org.eclipse.cdt.core 4 0 2026-02-26 13:09:28.607
!MESSAGE Error

!ENTRY org.eclipse.cdt.core 4 0 2026-02-26 13:09:28.607
!MESSAGE Error

!ENTRY org.eclipse.cdt.core 4 0 2026-02-26 13:09:28.607
!MESSAGE Error

!ENTRY org.eclipse.cdt.core 4 0 2026-02-26 13:09:28.607
!MESSAGE Error

!ENTRY org.eclipse.cdt.core 4 0 2026-02-26 13:09:28.607
!MESSAGE Error

!ENTRY org.eclipse.cdt.core 4 0 2026-02-26 13:09:28.607
!MESSAGE Error

!ENTRY org.eclipse.cdt.core 4 0 2026-02-26 13:09:28.608
!MESSAGE Error

!ENTRY org.eclipse.cdt.core 4 0 2026-02-26 13:09:28.608
!MESSAGE Error

!ENTRY org.eclipse.cdt.core 4 0 2026-02-26 13:09:28.608
!MESSAGE Error

!ENTRY org.eclipse.cdt.core 4 0 2026-02-26 13:09:28.609
!MESSAGE Error

!ENTRY org.eclipse.cdt.core 4 0 2026-02-26 13:09:28.609
!MESSAGE Error

!ENTRY org.eclipse.cdt.core 4 0 2026-02-26 13:09:28.609
!MESSAGE Error

!ENTRY org.eclipse.cdt.core 4 0 2026-02-26 13:09:28.609
!MESSAGE Error

!ENTRY org.eclipse.cdt.core 4 0 2026-02-26 13:09:28.609
!MESSAGE Error

!ENTRY org.eclipse.cdt.core 4 0 2026-02-26 13:09:28.609
!MESSAGE Error

!ENTRY org.eclipse.cdt.core 4 0 2026-02-26 13:09:28.610
!MESSAGE Error

!ENTRY org.eclipse.cdt.core 4 0 2026-02-26 13:09:28.610
!MESSAGE Error

!ENTRY org.eclipse.cdt.core 4 0 2026-02-26 13:09:28.610
!MESSAGE Error

!ENTRY org.eclipse.cdt.core 4 0 2026-02-26 13:09:28.610
!MESSAGE Error

!ENTRY org.eclipse.cdt.core 4 0 2026-02-26 13:09:28.610
!MESSAGE Error

!ENTRY org.eclipse.cdt.core 4 0 2026-02-26 13:09:28.610
!MESSAGE Error

!ENTRY org.eclipse.cdt.core 4 0 2026-02-26 13:09:28.610
!MESSAGE Error

!ENTRY org.eclipse.cdt.core 4 0 2026-02-26 13:09:31.675
!MESSAGE Error

!ENTRY org.eclipse.cdt.core 4 0 2026-02-26 13:09:31.678
!MESSAGE Error

!ENTRY org.eclipse.cdt.core 4 0 2026-02-26 13:09:31.679
!MESSAGE Error

!ENTRY org.eclipse.cdt.core 4 0 2026-02-26 13:09:31.679
!MESSAGE Error

!ENTRY org.eclipse.cdt.core 4 0 2026-02-26 13:09:31.679
!MESSAGE Error

!ENTRY org.eclipse.cdt.core 4 0 2026-02-26 13:09:31.679
!MESSAGE Error

!ENTRY org.eclipse.cdt.core 4 0 2026-02-26 13:09:31.679
!MESSAGE Error

!ENTRY org.eclipse.cdt.core 4 0 2026-02-26 13:09:31.680
!MESSAGE Error

!ENTRY org.eclipse.cdt.core 4 0 2026-02-26 13:09:31.680
!MESSAGE Error

!ENTRY org.eclipse.cdt.core 4 0 2026-02-26 13:09:31.680
!MESSAGE Error

!ENTRY org.eclipse.cdt.core 4 0 2026-02-26 13:09:31.680
!MESSAGE Error

!ENTRY org.eclipse.cdt.core 4 0 2026-02-26 13:09:31.680
!MESSAGE Error

!ENTRY org.eclipse.cdt.core 4 0 2026-02-26 13:09:31.680
!MESSAGE Error

!ENTRY org.eclipse.cdt.core 4 0 2026-02-26 13:09:31.680
!MESSAGE Error

!ENTRY org.eclipse.cdt.core 4 0 2026-02-26 13:09:31.681
!MESSAGE Error

!ENTRY org.eclipse.cdt.core 4 0 2026-02-26 13:09:31.681
!MESSAGE Error

!ENTRY org.eclipse.cdt.core 4 0 2026-02-26 13:09:31.681
!MESSAGE Error

!ENTRY org.eclipse.cdt.core 4 0 2026-02-26 13:09:31.682
!MESSAGE Error

!ENTRY org.eclipse.cdt.core 4 0 2026-02-26 13:09:31.682
!MESSAGE Error

!ENTRY org.eclipse.cdt.core 4 0 2026-02-26 13:09:31.682
!MESSAGE Error

!ENTRY org.eclipse.cdt.core 4 0 2026-02-26 13:09:31.682
!MESSAGE Error

!ENTRY org.eclipse.cdt.core 4 0 2026-02-26 13:09:31.682
!MESSAGE Error

!ENTRY org.eclipse.cdt.core 4 0 2026-02-26 13:09:31.682
!MESSAGE Error

!ENTRY org.eclipse.cdt.core 4 0 2026-02-26 13:09:31.682
!MESSAGE Error

!ENTRY org.eclipse.cdt.core 4 0 2026-02-26 13:09:31.683
!MESSAGE Error

!ENTRY org.eclipse.cdt.core 4 0 2026-02-26 13:09:31.683
!MESSAGE Error

!ENTRY org.eclipse.cdt.core 4 0 2026-02-26 13:09:31.683
!MESSAGE Error

!ENTRY org.eclipse.cdt.core 4 0 2026-02-26 13:09:31.683
!MESSAGE Error

!ENTRY org.eclipse.cdt.core 4 0 2026-02-26 13:09:31.683
!MESSAGE Error

!ENTRY org.eclipse.cdt.core 4 0 2026-02-26 13:09:31.683
!MESSAGE Error

!ENTRY org.eclipse.cdt.core 4 0 2026-02-26 13:09:31.683
!MESSAGE Error

!ENTRY org.eclipse.cdt.core 4 0 2026-02-26 13:09:31.684
!MESSAGE Error

!ENTRY org.eclipse.cdt.core 4 0 2026-02-26 13:09:31.684
!MESSAGE Error

!ENTRY org.eclipse.cdt.core 4 0 2026-02-26 13:09:31.684
!MESSAGE Error

!ENTRY org.eclipse.cdt.core 4 0 2026-02-26 13:09:31.685
!MESSAGE Error

!ENTRY org.eclipse.cdt.core 4 0 2026-02-26 13:09:31.685
!MESSAGE Error

!ENTRY org.eclipse.cdt.core 4 0 2026-02-26 13:09:31.685
!MESSAGE Error

!ENTRY org.eclipse.cdt.core 4 0 2026-02-26 13:09:31.686
!MESSAGE Error

!ENTRY org.eclipse.cdt.core 4 0 2026-02-26 13:09:31.686
!MESSAGE Error

!ENTRY org.eclipse.cdt.core 4 0 2026-02-26 13:09:31.686
!MESSAGE Error

!ENTRY org.eclipse.cdt.core 4 0 2026-02-26 13:09:31.686
!MESSAGE Error

!ENTRY org.eclipse.cdt.core 4 0 2026-02-26 13:09:31.686
!MESSAGE Error

!ENTRY org.eclipse.cdt.core 4 0 2026-02-26 13:09:31.687
!MESSAGE Error

!ENTRY org.eclipse.cdt.core 4 0 2026-02-26 13:09:31.687
!MESSAGE Error

!ENTRY org.eclipse.cdt.core 4 0 2026-02-26 13:09:31.687
!MESSAGE Error

!ENTRY org.eclipse.cdt.core 4 0 2026-02-26 13:09:31.687
!MESSAGE Error

!ENTRY org.eclipse.cdt.core 4 0 2026-02-26 13:09:31.687
!MESSAGE Error

!ENTRY org.eclipse.cdt.core 4 0 2026-02-26 13:09:31.687
!MESSAGE Error

!ENTRY org.eclipse.cdt.core 4 0 2026-02-26 13:09:31.687
!MESSAGE Error

!ENTRY org.eclipse.cdt.core 4 0 2026-02-26 13:09:31.687
!MESSAGE Error

!ENTRY org.eclipse.cdt.core 4 0 2026-02-26 13:09:31.687
!MESSAGE Error

!ENTRY org.eclipse.cdt.core 4 0 2026-02-26 13:09:31.687
!MESSAGE Error

!ENTRY org.eclipse.cdt.core 4 0 2026-02-26 13:09:31.688
!MESSAGE Error

!ENTRY org.eclipse.cdt.core 4 0 2026-02-26 13:09:31.688
!MESSAGE Error

!ENTRY org.eclipse.cdt.core 4 0 2026-02-26 13:09:31.688
!MESSAGE Error

!ENTRY org.eclipse.cdt.core 4 0 2026-02-26 13:09:31.688
!MESSAGE Error

!ENTRY org.eclipse.cdt.core 4 0 2026-02-26 13:09:31.688
!MESSAGE Error

!ENTRY org.eclipse.cdt.core 4 0 2026-02-26 13:09:31.688
!MESSAGE Error

!ENTRY org.eclipse.cdt.core 4 0 2026-02-26 13:09:31.689
!MESSAGE Error

!ENTRY org.eclipse.cdt.core 4 0 2026-02-26 13:09:31.689
!MESSAGE Error

!ENTRY org.eclipse.cdt.core 4 0 2026-02-26 13:09:31.689
!MESSAGE Error

!ENTRY org.eclipse.cdt.core 4 0 2026-02-26 13:09:31.689
!MESSAGE Error

!ENTRY org.eclipse.cdt.core 4 0 2026-02-26 13:15:58.240
!MESSAGE Error

!ENTRY org.eclipse.cdt.core 4 0 2026-02-26 13:15:58.260
!MESSAGE Error

!ENTRY org.eclipse.cdt.core 4 0 2026-02-26 13:15:58.276
!MESSAGE Error

!ENTRY org.eclipse.cdt.core 4 0 2026-02-26 13:15:58.835
!MESSAGE Error

!ENTRY org.eclipse.cdt.core 4 0 2026-02-26 13:15:58.841
!MESSAGE Error

!ENTRY org.eclipse.cdt.core 4 0 2026-02-26 13:15:58.844
!MESSAGE Error

!ENTRY org.eclipse.cdt.core 4 0 2026-02-26 13:15:58.844
!MESSAGE Error

!ENTRY org.eclipse.cdt.core 4 0 2026-02-26 13:15:58.844
!MESSAGE Error

!ENTRY org.eclipse.cdt.core 4 0 2026-02-26 13:15:58.844
!MESSAGE Error

!ENTRY org.eclipse.cdt.core 4 0 2026-02-26 13:15:58.845
!MESSAGE Error

!ENTRY org.eclipse.cdt.core 4 0 2026-02-26 13:15:58.845
!MESSAGE Error

!ENTRY org.eclipse.cdt.core 4 0 2026-02-26 13:15:58.845
!MESSAGE Error

!ENTRY org.eclipse.cdt.core 4 0 2026-02-26 13:15:58.846
!MESSAGE Error

!ENTRY org.eclipse.cdt.core 4 0 2026-02-26 13:15:58.846
!MESSAGE Error

!ENTRY org.eclipse.cdt.core 4 0 2026-02-26 13:15:58.846
!MESSAGE Error

!ENTRY org.eclipse.cdt.core 4 0 2026-02-26 13:15:58.847
!MESSAGE Error

!ENTRY org.eclipse.cdt.core 4 0 2026-02-26 13:15:58.847
!MESSAGE Error

!ENTRY org.eclipse.cdt.core 4 0 2026-02-26 13:15:58.847
!MESSAGE Error

!ENTRY org.eclipse.cdt.core 4 0 2026-02-26 13:15:58.847
!MESSAGE Error

!ENTRY org.eclipse.cdt.core 4 0 2026-02-26 13:15:58.848
!MESSAGE Error

!ENTRY org.eclipse.cdt.core 4 0 2026-02-26 13:15:58.848
!MESSAGE Error

!ENTRY org.eclipse.cdt.core 4 0 2026-02-26 13:15:58.848
!MESSAGE Error

!ENTRY org.eclipse.cdt.core 4 0 2026-02-26 13:15:58.849
!MESSAGE Error

!ENTRY org.eclipse.cdt.core 4 0 2026-02-26 13:15:58.849
!MESSAGE Error

!ENTRY org.eclipse.cdt.core 4 0 2026-02-26 13:15:58.849
!MESSAGE Error

!ENTRY org.eclipse.cdt.core 4 0 2026-02-26 13:15:58.850
!MESSAGE Error

!ENTRY org.eclipse.cdt.core 4 0 2026-02-26 13:15:58.850
!MESSAGE Error

!ENTRY org.eclipse.cdt.core 4 0 2026-02-26 13:15:58.851
!MESSAGE Error

!ENTRY org.eclipse.cdt.core 4 0 2026-02-26 13:15:58.851
!MESSAGE Error

!ENTRY org.eclipse.cdt.core 4 0 2026-02-26 13:15:58.851
!MESSAGE Error

!ENTRY org.eclipse.cdt.core 4 0 2026-02-26 13:15:58.851
!MESSAGE Error

!ENTRY org.eclipse.cdt.core 4 0 2026-02-26 13:15:58.853
!MESSAGE Error

!ENTRY org.eclipse.cdt.core 4 0 2026-02-26 13:15:58.853
!MESSAGE Error

!ENTRY org.eclipse.cdt.core 4 0 2026-02-26 13:15:58.854
!MESSAGE Error

!ENTRY org.eclipse.cdt.core 4 0 2026-02-26 13:15:58.854
!MESSAGE Error

!ENTRY org.eclipse.cdt.core 4 0 2026-02-26 13:15:58.854
!MESSAGE Error

!ENTRY org.eclipse.cdt.core 4 0 2026-02-26 13:15:58.855
!MESSAGE Error

!ENTRY org.eclipse.cdt.core 4 0 2026-02-26 13:15:58.855
!MESSAGE Error

!ENTRY org.eclipse.cdt.core 4 0 2026-02-26 13:15:58.855
!MESSAGE Error

!ENTRY org.eclipse.cdt.core 4 0 2026-02-26 13:15:58.856
!MESSAGE Error

!ENTRY org.eclipse.cdt.core 4 0 2026-02-26 13:15:58.856
!MESSAGE Error

!ENTRY org.eclipse.cdt.core 4 0 2026-02-26 13:15:58.856
!MESSAGE Error

!ENTRY org.eclipse.cdt.core 4 0 2026-02-26 13:15:58.856
!MESSAGE Error

!ENTRY org.eclipse.cdt.core 4 0 2026-02-26 13:15:58.856
!MESSAGE Error

!ENTRY org.eclipse.cdt.core 4 0 2026-02-26 13:15:58.857
!MESSAGE Error

!ENTRY org.eclipse.cdt.core 4 0 2026-02-26 13:15:58.857
!MESSAGE Error

!ENTRY org.eclipse.cdt.core 4 0 2026-02-26 13:15:58.857
!MESSAGE Error

!ENTRY org.eclipse.cdt.core 4 0 2026-02-26 13:15:58.858
!MESSAGE Error

!ENTRY org.eclipse.cdt.core 4 0 2026-02-26 13:15:58.858
!MESSAGE Error

!ENTRY org.eclipse.cdt.core 4 0 2026-02-26 13:15:58.858
!MESSAGE Error

!ENTRY org.eclipse.cdt.core 4 0 2026-02-26 13:15:58.858
!MESSAGE Error

!ENTRY org.eclipse.cdt.core 4 0 2026-02-26 13:15:58.859
!MESSAGE Error

!ENTRY org.eclipse.cdt.core 4 0 2026-02-26 13:15:58.859
!MESSAGE Error

!ENTRY org.eclipse.cdt.core 4 0 2026-02-26 13:15:58.859
!MESSAGE Error

!ENTRY org.eclipse.cdt.core 4 0 2026-02-26 13:15:58.860
!MESSAGE Error

!ENTRY org.eclipse.cdt.core 4 0 2026-02-26 13:15:58.860
!MESSAGE Error

!ENTRY org.eclipse.cdt.core 4 0 2026-02-26 13:15:58.860
!MESSAGE Error

!ENTRY org.eclipse.cdt.core 4 0 2026-02-26 13:15:58.861
!MESSAGE Error

!ENTRY org.eclipse.cdt.core 4 0 2026-02-26 13:15:58.861
!MESSAGE Error

!ENTRY org.eclipse.cdt.core 4 0 2026-02-26 13:15:58.862
!MESSAGE Error

!ENTRY org.eclipse.cdt.core 4 0 2026-02-26 13:15:58.862
!MESSAGE Error

!ENTRY org.eclipse.cdt.core 4 0 2026-02-26 13:15:58.862
!MESSAGE Error

!ENTRY org.eclipse.cdt.core 4 0 2026-02-26 13:15:58.863
!MESSAGE Error

!ENTRY org.eclipse.cdt.core 4 0 2026-02-26 13:15:58.863
!MESSAGE Error

!ENTRY org.eclipse.cdt.core 4 0 2026-02-26 13:15:58.863
!MESSAGE Error

!ENTRY org.eclipse.cdt.core 4 0 2026-02-26 13:17:50.352
!MESSAGE Error

!ENTRY org.eclipse.cdt.core 4 0 2026-02-26 13:17:50.358
!MESSAGE Error

!ENTRY org.eclipse.cdt.core 4 0 2026-02-26 13:17:50.360
!MESSAGE Error

!ENTRY org.eclipse.cdt.core 4 0 2026-02-26 13:17:50.360
!MESSAGE Error

!ENTRY org.eclipse.cdt.core 4 0 2026-02-26 13:17:50.361
!MESSAGE Error

!ENTRY org.eclipse.cdt.core 4 0 2026-02-26 13:17:50.361
!MESSAGE Error

!ENTRY org.eclipse.cdt.core 4 0 2026-02-26 13:17:50.361
!MESSAGE Error

!ENTRY org.eclipse.cdt.core 4 0 2026-02-26 13:17:50.362
!MESSAGE Error

!ENTRY org.eclipse.cdt.core 4 0 2026-02-26 13:17:50.362
!MESSAGE Error

!ENTRY org.eclipse.cdt.core 4 0 2026-02-26 13:17:50.362
!MESSAGE Error

!ENTRY org.eclipse.cdt.core 4 0 2026-02-26 13:17:50.362
!MESSAGE Error

!ENTRY org.eclipse.cdt.core 4 0 2026-02-26 13:17:50.363
!MESSAGE Error

!ENTRY org.eclipse.cdt.core 4 0 2026-02-26 13:17:50.363
!MESSAGE Error

!ENTRY org.eclipse.cdt.core 4 0 2026-02-26 13:17:50.363
!MESSAGE Error

!ENTRY org.eclipse.cdt.core 4 0 2026-02-26 13:17:50.364
!MESSAGE Error

!ENTRY org.eclipse.cdt.core 4 0 2026-02-26 13:17:50.364
!MESSAGE Error

!ENTRY org.eclipse.cdt.core 4 0 2026-02-26 13:17:50.364
!MESSAGE Error

!ENTRY org.eclipse.cdt.core 4 0 2026-02-26 13:17:50.365
!MESSAGE Error

!ENTRY org.eclipse.cdt.core 4 0 2026-02-26 13:17:50.365
!MESSAGE Error

!ENTRY org.eclipse.cdt.core 4 0 2026-02-26 13:17:50.366
!MESSAGE Error

!ENTRY org.eclipse.cdt.core 4 0 2026-02-26 13:17:50.366
!MESSAGE Error

!ENTRY org.eclipse.cdt.core 4 0 2026-02-26 13:17:50.366
!MESSAGE Error

!ENTRY org.eclipse.cdt.core 4 0 2026-02-26 13:17:50.367
!MESSAGE Error

!ENTRY org.eclipse.cdt.core 4 0 2026-02-26 13:17:50.367
!MESSAGE Error

!ENTRY org.eclipse.cdt.core 4 0 2026-02-26 13:17:50.368
!MESSAGE Error

!ENTRY org.eclipse.cdt.core 4 0 2026-02-26 13:17:50.368
!MESSAGE Error

!ENTRY org.eclipse.cdt.core 4 0 2026-02-26 13:17:50.368
!MESSAGE Error

!ENTRY org.eclipse.cdt.core 4 0 2026-02-26 13:17:50.369
!MESSAGE Error

!ENTRY org.eclipse.cdt.core 4 0 2026-02-26 13:17:50.369
!MESSAGE Error

!ENTRY org.eclipse.cdt.core 4 0 2026-02-26 13:17:50.369
!MESSAGE Error

!ENTRY org.eclipse.cdt.core 4 0 2026-02-26 13:17:50.369
!MESSAGE Error

!ENTRY org.eclipse.cdt.core 4 0 2026-02-26 13:17:50.369
!MESSAGE Error

!ENTRY org.eclipse.cdt.core 4 0 2026-02-26 13:17:50.370
!MESSAGE Error

!ENTRY org.eclipse.cdt.core 4 0 2026-02-26 13:17:50.371
!MESSAGE Error

!ENTRY org.eclipse.cdt.core 4 0 2026-02-26 13:17:50.371
!MESSAGE Error

!ENTRY org.eclipse.cdt.core 4 0 2026-02-26 13:17:50.371
!MESSAGE Error

!ENTRY org.eclipse.cdt.core 4 0 2026-02-26 13:17:50.372
!MESSAGE Error

!ENTRY org.eclipse.cdt.core 4 0 2026-02-26 13:17:50.372
!MESSAGE Error

!ENTRY org.eclipse.cdt.core 4 0 2026-02-26 13:17:50.372
!MESSAGE Error

!ENTRY org.eclipse.cdt.core 4 0 2026-02-26 13:17:50.372
!MESSAGE Error

!ENTRY org.eclipse.cdt.core 4 0 2026-02-26 13:17:50.373
!MESSAGE Error

!ENTRY org.eclipse.cdt.core 4 0 2026-02-26 13:17:50.373
!MESSAGE Error

!ENTRY org.eclipse.cdt.core 4 0 2026-02-26 13:17:50.373
!MESSAGE Error

!ENTRY org.eclipse.cdt.core 4 0 2026-02-26 13:17:50.374
!MESSAGE Error

!ENTRY org.eclipse.cdt.core 4 0 2026-02-26 13:17:50.374
!MESSAGE Error

!ENTRY org.eclipse.cdt.core 4 0 2026-02-26 13:17:50.374
!MESSAGE Error

!ENTRY org.eclipse.cdt.core 4 0 2026-02-26 13:17:50.375
!MESSAGE Error

!ENTRY org.eclipse.cdt.core 4 0 2026-02-26 13:17:50.375
!MESSAGE Error

!ENTRY org.eclipse.cdt.core 4 0 2026-02-26 13:17:50.376
!MESSAGE Error

!ENTRY org.eclipse.cdt.core 4 0 2026-02-26 13:17:50.376
!MESSAGE Error

!ENTRY org.eclipse.cdt.core 4 0 2026-02-26 13:17:50.376
!MESSAGE Error

!ENTRY org.eclipse.cdt.core 4 0 2026-02-26 13:17:50.377
!MESSAGE Error

!ENTRY org.eclipse.cdt.core 4 0 2026-02-26 13:17:50.377
!MESSAGE Error

!ENTRY org.eclipse.cdt.core 4 0 2026-02-26 13:17:50.377
!MESSAGE Error

!ENTRY org.eclipse.cdt.core 4 0 2026-02-26 13:17:50.378
!MESSAGE Error

!ENTRY org.eclipse.cdt.core 4 0 2026-02-26 13:17:50.378
!MESSAGE Error

!ENTRY org.eclipse.cdt.core 4 0 2026-02-26 13:17:50.378
!MESSAGE Error

!ENTRY org.eclipse.cdt.core 4 0 2026-02-26 13:17:50.379
!MESSAGE Error

!ENTRY org.eclipse.cdt.core 4 0 2026-02-26 13:17:50.379
!MESSAGE Error

!ENTRY org.eclipse.cdt.core 4 0 2026-02-26 13:17:50.379
!MESSAGE Error

!ENTRY org.eclipse.cdt.core 4 0 2026-02-26 13:17:50.379
!MESSAGE Error

!ENTRY org.eclipse.cdt.core 4 0 2026-02-26 13:17:50.379
!MESSAGE Error

!ENTRY org.eclipse.cdt.core 4 0 2026-02-26 13:17:50.535
!MESSAGE Error

!ENTRY org.eclipse.cdt.core 4 0 2026-02-26 13:17:50.540
!MESSAGE Error

!ENTRY org.eclipse.cdt.core 4 0 2026-02-26 13:17:57.024
!MESSAGE Error

!ENTRY org.eclipse.cdt.core 4 0 2026-02-26 13:17:57.028
!MESSAGE Error

!ENTRY org.eclipse.cdt.core 4 0 2026-02-26 13:17:57.029
!MESSAGE Error

!ENTRY org.eclipse.cdt.core 4 0 2026-02-26 13:17:57.029
!MESSAGE Error

!ENTRY org.eclipse.cdt.core 4 0 2026-02-26 13:17:57.029
!MESSAGE Error

!ENTRY org.eclipse.cdt.core 4 0 2026-02-26 13:17:57.029
!MESSAGE Error

!ENTRY org.eclipse.cdt.core 4 0 2026-02-26 13:17:57.030
!MESSAGE Error

!ENTRY org.eclipse.cdt.core 4 0 2026-02-26 13:17:57.030
!MESSAGE Error

!ENTRY org.eclipse.cdt.core 4 0 2026-02-26 13:17:57.030
!MESSAGE Error

!ENTRY org.eclipse.cdt.core 4 0 2026-02-26 13:17:57.030
!MESSAGE Error

!ENTRY org.eclipse.cdt.core 4 0 2026-02-26 13:17:57.030
!MESSAGE Error

!ENTRY org.eclipse.cdt.core 4 0 2026-02-26 13:17:57.030
!MESSAGE Error

!ENTRY org.eclipse.cdt.core 4 0 2026-02-26 13:17:57.031
!MESSAGE Error

!ENTRY org.eclipse.cdt.core 4 0 2026-02-26 13:17:57.031
!MESSAGE Error

!ENTRY org.eclipse.cdt.core 4 0 2026-02-26 13:17:57.031
!MESSAGE Error

!ENTRY org.eclipse.cdt.core 4 0 2026-02-26 13:17:57.031
!MESSAGE Error

!ENTRY org.eclipse.cdt.core 4 0 2026-02-26 13:17:57.031
!MESSAGE Error

!ENTRY org.eclipse.cdt.core 4 0 2026-02-26 13:17:57.031
!MESSAGE Error

!ENTRY org.eclipse.cdt.core 4 0 2026-02-26 13:17:57.032
!MESSAGE Error

!ENTRY org.eclipse.cdt.core 4 0 2026-02-26 13:17:57.032
!MESSAGE Error

!ENTRY org.eclipse.cdt.core 4 0 2026-02-26 13:17:57.032
!MESSAGE Error

!ENTRY org.eclipse.cdt.core 4 0 2026-02-26 13:17:57.032
!MESSAGE Error

!ENTRY org.eclipse.cdt.core 4 0 2026-02-26 13:17:57.032
!MESSAGE Error

!ENTRY org.eclipse.cdt.core 4 0 2026-02-26 13:17:57.032
!MESSAGE Error

!ENTRY org.eclipse.cdt.core 4 0 2026-02-26 13:17:57.032
!MESSAGE Error

!ENTRY org.eclipse.cdt.core 4 0 2026-02-26 13:17:57.033
!MESSAGE Error

!ENTRY org.eclipse.cdt.core 4 0 2026-02-26 13:17:57.033
!MESSAGE Error

!ENTRY org.eclipse.cdt.core 4 0 2026-02-26 13:17:57.033
!MESSAGE Error

!ENTRY org.eclipse.cdt.core 4 0 2026-02-26 13:17:57.033
!MESSAGE Error

!ENTRY org.eclipse.cdt.core 4 0 2026-02-26 13:17:57.033
!MESSAGE Error

!ENTRY org.eclipse.cdt.core 4 0 2026-02-26 13:17:57.033
!MESSAGE Error

!ENTRY org.eclipse.cdt.core 4 0 2026-02-26 13:17:57.034
!MESSAGE Error

!ENTRY org.eclipse.cdt.core 4 0 2026-02-26 13:17:57.034
!MESSAGE Error

!ENTRY org.eclipse.cdt.core 4 0 2026-02-26 13:17:57.034
!MESSAGE Error

!ENTRY org.eclipse.cdt.core 4 0 2026-02-26 13:17:57.034
!MESSAGE Error

!ENTRY org.eclipse.cdt.core 4 0 2026-02-26 13:17:57.034
!MESSAGE Error

!ENTRY org.eclipse.cdt.core 4 0 2026-02-26 13:17:57.034
!MESSAGE Error

!ENTRY org.eclipse.cdt.core 4 0 2026-02-26 13:17:57.034
!MESSAGE Error

!ENTRY org.eclipse.cdt.core 4 0 2026-02-26 13:17:57.034
!MESSAGE Error

!ENTRY org.eclipse.cdt.core 4 0 2026-02-26 13:17:57.034
!MESSAGE Error

!ENTRY org.eclipse.cdt.core 4 0 2026-02-26 13:17:57.035
!MESSAGE Error

!ENTRY org.eclipse.cdt.core 4 0 2026-02-26 13:17:57.035
!MESSAGE Error

!ENTRY org.eclipse.cdt.core 4 0 2026-02-26 13:17:57.035
!MESSAGE Error

!ENTRY org.eclipse.cdt.core 4 0 2026-02-26 13:17:57.035
!MESSAGE Error

!ENTRY org.eclipse.cdt.core 4 0 2026-02-26 13:17:57.035
!MESSAGE Error

!ENTRY org.eclipse.cdt.core 4 0 2026-02-26 13:17:57.035
!MESSAGE Error

!ENTRY org.eclipse.cdt.core 4 0 2026-02-26 13:17:57.036
!MESSAGE Error

!ENTRY org.eclipse.cdt.core 4 0 2026-02-26 13:17:57.036
!MESSAGE Error

!ENTRY org.eclipse.cdt.core 4 0 2026-02-26 13:17:57.036
!MESSAGE Error

!ENTRY org.eclipse.cdt.core 4 0 2026-02-26 13:17:57.036
!MESSAGE Error

!ENTRY org.eclipse.cdt.core 4 0 2026-02-26 13:17:57.036
!MESSAGE Error

!ENTRY org.eclipse.cdt.core 4 0 2026-02-26 13:17:57.036
!MESSAGE Error

!ENTRY org.eclipse.cdt.core 4 0 2026-02-26 13:17:57.036
!MESSAGE Error

!ENTRY org.eclipse.cdt.core 4 0 2026-02-26 13:17:57.037
!MESSAGE Error

!ENTRY org.eclipse.cdt.core 4 0 2026-02-26 13:17:57.037
!MESSAGE Error

!ENTRY org.eclipse.cdt.core 4 0 2026-02-26 13:17:57.037
!MESSAGE Error

!ENTRY org.eclipse.cdt.core 4 0 2026-02-26 13:17:57.037
!MESSAGE Error

!ENTRY org.eclipse.cdt.core 4 0 2026-02-26 13:17:57.037
!MESSAGE Error

!ENTRY org.eclipse.cdt.core 4 0 2026-02-26 13:17:57.037
!MESSAGE Error

!ENTRY org.eclipse.cdt.core 4 0 2026-02-26 13:17:57.038
!MESSAGE Error

!ENTRY org.eclipse.cdt.core 4 0 2026-02-26 13:17:57.038
!MESSAGE Error

!ENTRY org.eclipse.cdt.core 4 0 2026-02-26 13:17:57.038
!MESSAGE Error

!ENTRY org.eclipse.cdt.core 4 0 2026-02-26 13:17:57.038
!MESSAGE Error

!ENTRY org.eclipse.cdt.core 4 0 2026-02-26 13:17:57.038
!MESSAGE Error

!ENTRY org.eclipse.cdt.core 4 0 2026-02-26 13:17:57.038
!MESSAGE Error

!ENTRY org.eclipse.cdt.core 4 0 2026-02-26 13:17:57.039
!MESSAGE Error

!ENTRY org.eclipse.cdt.core 4 0 2026-02-26 13:17:57.039
!MESSAGE Error

!ENTRY org.eclipse.cdt.core 4 0 2026-02-26 13:17:57.039
!MESSAGE Error

!ENTRY org.eclipse.cdt.core 4 0 2026-02-26 13:17:57.039
!MESSAGE Error

!ENTRY org.eclipse.cdt.core 4 0 2026-02-26 13:17:57.039
!MESSAGE Error

!ENTRY org.eclipse.cdt.core 4 0 2026-02-26 13:17:57.040
!MESSAGE Error

!ENTRY org.eclipse.cdt.core 4 0 2026-02-26 13:17:57.040
!MESSAGE Error

!ENTRY org.eclipse.cdt.core 4 0 2026-02-26 13:17:57.170
!MESSAGE Error

!ENTRY org.eclipse.cdt.core 4 0 2026-02-26 13:17:57.173
!MESSAGE Error

!ENTRY org.eclipse.cdt.core 4 0 2026-02-26 13:18:03.650
!MESSAGE Error

!ENTRY org.eclipse.cdt.core 4 0 2026-02-26 13:18:03.654
!MESSAGE Error

!ENTRY org.eclipse.cdt.core 4 0 2026-02-26 13:18:03.655
!MESSAGE Error

!ENTRY org.eclipse.cdt.core 4 0 2026-02-26 13:18:03.656
!MESSAGE Error

!ENTRY org.eclipse.cdt.core 4 0 2026-02-26 13:18:03.656
!MESSAGE Error

!ENTRY org.eclipse.cdt.core 4 0 2026-02-26 13:18:03.656
!MESSAGE Error

!ENTRY org.eclipse.cdt.core 4 0 2026-02-26 13:18:03.656
!MESSAGE Error

!ENTRY org.eclipse.cdt.core 4 0 2026-02-26 13:18:03.657
!MESSAGE Error

!ENTRY org.eclipse.cdt.core 4 0 2026-02-26 13:18:03.657
!MESSAGE Error

!ENTRY org.eclipse.cdt.core 4 0 2026-02-26 13:18:03.657
!MESSAGE Error

!ENTRY org.eclipse.cdt.core 4 0 2026-02-26 13:18:03.657
!MESSAGE Error

!ENTRY org.eclipse.cdt.core 4 0 2026-02-26 13:18:03.657
!MESSAGE Error

!ENTRY org.eclipse.cdt.core 4 0 2026-02-26 13:18:03.657
!MESSAGE Error

!ENTRY org.eclipse.cdt.core 4 0 2026-02-26 13:18:03.658
!MESSAGE Error

!ENTRY org.eclipse.cdt.core 4 0 2026-02-26 13:18:03.658
!MESSAGE Error

!ENTRY org.eclipse.cdt.core 4 0 2026-02-26 13:18:03.658
!MESSAGE Error

!ENTRY org.eclipse.cdt.core 4 0 2026-02-26 13:18:03.658
!MESSAGE Error

!ENTRY org.eclipse.cdt.core 4 0 2026-02-26 13:18:03.658
!MESSAGE Error

!ENTRY org.eclipse.cdt.core 4 0 2026-02-26 13:18:03.658
!MESSAGE Error

!ENTRY org.eclipse.cdt.core 4 0 2026-02-26 13:18:03.659
!MESSAGE Error

!ENTRY org.eclipse.cdt.core 4 0 2026-02-26 13:18:03.659
!MESSAGE Error

!ENTRY org.eclipse.cdt.core 4 0 2026-02-26 13:18:03.659
!MESSAGE Error

!ENTRY org.eclipse.cdt.core 4 0 2026-02-26 13:18:03.659
!MESSAGE Error

!ENTRY org.eclipse.cdt.core 4 0 2026-02-26 13:18:03.659
!MESSAGE Error

!ENTRY org.eclipse.cdt.core 4 0 2026-02-26 13:18:03.659
!MESSAGE Error

!ENTRY org.eclipse.cdt.core 4 0 2026-02-26 13:18:03.659
!MESSAGE Error

!ENTRY org.eclipse.cdt.core 4 0 2026-02-26 13:18:03.660
!MESSAGE Error

!ENTRY org.eclipse.cdt.core 4 0 2026-02-26 13:18:03.660
!MESSAGE Error

!ENTRY org.eclipse.cdt.core 4 0 2026-02-26 13:18:03.660
!MESSAGE Error

!ENTRY org.eclipse.cdt.core 4 0 2026-02-26 13:18:03.660
!MESSAGE Error

!ENTRY org.eclipse.cdt.core 4 0 2026-02-26 13:18:03.660
!MESSAGE Error

!ENTRY org.eclipse.cdt.core 4 0 2026-02-26 13:18:03.660
!MESSAGE Error

!ENTRY org.eclipse.cdt.core 4 0 2026-02-26 13:18:03.661
!MESSAGE Error

!ENTRY org.eclipse.cdt.core 4 0 2026-02-26 13:18:03.661
!MESSAGE Error

!ENTRY org.eclipse.cdt.core 4 0 2026-02-26 13:18:03.661
!MESSAGE Error

!ENTRY org.eclipse.cdt.core 4 0 2026-02-26 13:18:03.661
!MESSAGE Error

!ENTRY org.eclipse.cdt.core 4 0 2026-02-26 13:18:03.661
!MESSAGE Error

!ENTRY org.eclipse.cdt.core 4 0 2026-02-26 13:18:03.661
!MESSAGE Error

!ENTRY org.eclipse.cdt.core 4 0 2026-02-26 13:18:03.661
!MESSAGE Error

!ENTRY org.eclipse.cdt.core 4 0 2026-02-26 13:18:03.662
!MESSAGE Error

!ENTRY org.eclipse.cdt.core 4 0 2026-02-26 13:18:03.662
!MESSAGE Error

!ENTRY org.eclipse.cdt.core 4 0 2026-02-26 13:18:03.662
!MESSAGE Error

!ENTRY org.eclipse.cdt.core 4 0 2026-02-26 13:18:03.662
!MESSAGE Error

!ENTRY org.eclipse.cdt.core 4 0 2026-02-26 13:18:03.662
!MESSAGE Error

!ENTRY org.eclipse.cdt.core 4 0 2026-02-26 13:18:03.663
!MESSAGE Error

!ENTRY org.eclipse.cdt.core 4 0 2026-02-26 13:18:03.663
!MESSAGE Error

!ENTRY org.eclipse.cdt.core 4 0 2026-02-26 13:18:03.663
!MESSAGE Error

!ENTRY org.eclipse.cdt.core 4 0 2026-02-26 13:18:03.663
!MESSAGE Error

!ENTRY org.eclipse.cdt.core 4 0 2026-02-26 13:18:03.663
!MESSAGE Error

!ENTRY org.eclipse.cdt.core 4 0 2026-02-26 13:18:03.663
!MESSAGE Error

!ENTRY org.eclipse.cdt.core 4 0 2026-02-26 13:18:03.663
!MESSAGE Error

!ENTRY org.eclipse.cdt.core 4 0 2026-02-26 13:18:03.664
!MESSAGE Error

!ENTRY org.eclipse.cdt.core 4 0 2026-02-26 13:18:03.664
!MESSAGE Error

!ENTRY org.eclipse.cdt.core 4 0 2026-02-26 13:18:03.664
!MESSAGE Error

!ENTRY org.eclipse.cdt.core 4 0 2026-02-26 13:18:03.664
!MESSAGE Error

!ENTRY org.eclipse.cdt.core 4 0 2026-02-26 13:18:03.664
!MESSAGE Error

!ENTRY org.eclipse.cdt.core 4 0 2026-02-26 13:18:03.664
!MESSAGE Error

!ENTRY org.eclipse.cdt.core 4 0 2026-02-26 13:18:03.665
!MESSAGE Error

!ENTRY org.eclipse.cdt.core 4 0 2026-02-26 13:18:03.665
!MESSAGE Error

!ENTRY org.eclipse.cdt.core 4 0 2026-02-26 13:18:03.665
!MESSAGE Error

!ENTRY org.eclipse.cdt.core 4 0 2026-02-26 13:18:03.666
!MESSAGE Error

!ENTRY org.eclipse.cdt.core 4 0 2026-02-26 13:18:03.666
!MESSAGE Error

!ENTRY org.eclipse.cdt.core 4 0 2026-02-26 13:18:03.666
!MESSAGE Error

!ENTRY org.eclipse.cdt.core 4 0 2026-02-26 13:18:03.666
!MESSAGE Error

!ENTRY org.eclipse.cdt.core 4 0 2026-02-26 13:18:03.666
!MESSAGE Error

!ENTRY org.eclipse.cdt.core 4 0 2026-02-26 13:18:03.666
!MESSAGE Error

!ENTRY org.eclipse.cdt.core 4 0 2026-02-26 13:18:03.667
!MESSAGE Error

!ENTRY org.eclipse.cdt.core 4 0 2026-02-26 13:18:03.667
!MESSAGE Error

!ENTRY org.eclipse.cdt.core 4 0 2026-02-26 13:18:03.667
!MESSAGE Error

!ENTRY org.eclipse.cdt.core 4 0 2026-02-26 13:18:03.667
!MESSAGE Error

!ENTRY org.eclipse.cdt.core 4 0 2026-02-26 13:18:03.667
!MESSAGE Error

!ENTRY org.eclipse.cdt.core 4 0 2026-02-26 13:18:03.667
!MESSAGE Error

!ENTRY org.eclipse.cdt.core 4 0 2026-02-26 13:18:03.668
!MESSAGE Error

!ENTRY org.eclipse.cdt.core 4 0 2026-02-26 13:18:03.671
!MESSAGE Error

!ENTRY org.eclipse.cdt.core 4 0 2026-02-26 13:18:38.425
!MESSAGE Error

!ENTRY org.eclipse.cdt.core 4 0 2026-02-26 13:18:38.431
!MESSAGE Error

!ENTRY org.eclipse.cdt.core 4 0 2026-02-26 13:18:38.434
!MESSAGE Error

!ENTRY org.eclipse.cdt.core 4 0 2026-02-26 13:18:38.434
!MESSAGE Error

!ENTRY org.eclipse.cdt.core 4 0 2026-02-26 13:18:38.434
!MESSAGE Error

!ENTRY org.eclipse.cdt.core 4 0 2026-02-26 13:18:38.435
!MESSAGE Error

!ENTRY org.eclipse.cdt.core 4 0 2026-02-26 13:18:38.435
!MESSAGE Error

!ENTRY org.eclipse.cdt.core 4 0 2026-02-26 13:18:38.436
!MESSAGE Error

!ENTRY org.eclipse.cdt.core 4 0 2026-02-26 13:18:38.436
!MESSAGE Error

!ENTRY org.eclipse.cdt.core 4 0 2026-02-26 13:18:38.436
!MESSAGE Error

!ENTRY org.eclipse.cdt.core 4 0 2026-02-26 13:18:38.436
!MESSAGE Error

!ENTRY org.eclipse.cdt.core 4 0 2026-02-26 13:18:38.436
!MESSAGE Error

!ENTRY org.eclipse.cdt.core 4 0 2026-02-26 13:18:38.436
!MESSAGE Error

!ENTRY org.eclipse.cdt.core 4 0 2026-02-26 13:18:38.436
!MESSAGE Error

!ENTRY org.eclipse.cdt.core 4 0 2026-02-26 13:18:38.436
!MESSAGE Error

!ENTRY org.eclipse.cdt.core 4 0 2026-02-26 13:18:38.437
!MESSAGE Error

!ENTRY org.eclipse.cdt.core 4 0 2026-02-26 13:18:38.437
!MESSAGE Error

!ENTRY org.eclipse.cdt.core 4 0 2026-02-26 13:18:38.437
!MESSAGE Error

!ENTRY org.eclipse.cdt.core 4 0 2026-02-26 13:18:38.437
!MESSAGE Error

!ENTRY org.eclipse.cdt.core 4 0 2026-02-26 13:18:38.437
!MESSAGE Error

!ENTRY org.eclipse.cdt.core 4 0 2026-02-26 13:18:38.437
!MESSAGE Error

!ENTRY org.eclipse.cdt.core 4 0 2026-02-26 13:18:38.438
!MESSAGE Error

!ENTRY org.eclipse.cdt.core 4 0 2026-02-26 13:18:38.438
!MESSAGE Error

!ENTRY org.eclipse.cdt.core 4 0 2026-02-26 13:18:38.438
!MESSAGE Error

!ENTRY org.eclipse.cdt.core 4 0 2026-02-26 13:18:38.438
!MESSAGE Error

!ENTRY org.eclipse.cdt.core 4 0 2026-02-26 13:18:38.438
!MESSAGE Error

!ENTRY org.eclipse.cdt.core 4 0 2026-02-26 13:18:38.438
!MESSAGE Error

!ENTRY org.eclipse.cdt.core 4 0 2026-02-26 13:18:38.438
!MESSAGE Error

!ENTRY org.eclipse.cdt.core 4 0 2026-02-26 13:18:38.439
!MESSAGE Error

!ENTRY org.eclipse.cdt.core 4 0 2026-02-26 13:18:38.439
!MESSAGE Error

!ENTRY org.eclipse.cdt.core 4 0 2026-02-26 13:18:38.439
!MESSAGE Error

!ENTRY org.eclipse.cdt.core 4 0 2026-02-26 13:18:38.439
!MESSAGE Error

!ENTRY org.eclipse.cdt.core 4 0 2026-02-26 13:18:38.439
!MESSAGE Error

!ENTRY org.eclipse.cdt.core 4 0 2026-02-26 13:18:38.440
!MESSAGE Error

!ENTRY org.eclipse.cdt.core 4 0 2026-02-26 13:18:38.440
!MESSAGE Error

!ENTRY org.eclipse.cdt.core 4 0 2026-02-26 13:18:38.440
!MESSAGE Error

!ENTRY org.eclipse.cdt.core 4 0 2026-02-26 13:18:38.440
!MESSAGE Error

!ENTRY org.eclipse.cdt.core 4 0 2026-02-26 13:18:38.440
!MESSAGE Error

!ENTRY org.eclipse.cdt.core 4 0 2026-02-26 13:18:38.441
!MESSAGE Error

!ENTRY org.eclipse.cdt.core 4 0 2026-02-26 13:18:38.441
!MESSAGE Error

!ENTRY org.eclipse.cdt.core 4 0 2026-02-26 13:18:38.441
!MESSAGE Error

!ENTRY org.eclipse.cdt.core 4 0 2026-02-26 13:18:38.441
!MESSAGE Error

!ENTRY org.eclipse.cdt.core 4 0 2026-02-26 13:18:38.441
!MESSAGE Error

!ENTRY org.eclipse.cdt.core 4 0 2026-02-26 13:18:38.441
!MESSAGE Error

!ENTRY org.eclipse.cdt.core 4 0 2026-02-26 13:18:38.441
!MESSAGE Error

!ENTRY org.eclipse.cdt.core 4 0 2026-02-26 13:18:38.442
!MESSAGE Error

!ENTRY org.eclipse.cdt.core 4 0 2026-02-26 13:18:38.442
!MESSAGE Error

!ENTRY org.eclipse.cdt.core 4 0 2026-02-26 13:18:38.442
!MESSAGE Error

!ENTRY org.eclipse.cdt.core 4 0 2026-02-26 13:18:38.442
!MESSAGE Error

!ENTRY org.eclipse.cdt.core 4 0 2026-02-26 13:18:38.442
!MESSAGE Error

!ENTRY org.eclipse.cdt.core 4 0 2026-02-26 13:18:38.442
!MESSAGE Error

!ENTRY org.eclipse.cdt.core 4 0 2026-02-26 13:18:38.442
!MESSAGE Error

!ENTRY org.eclipse.cdt.core 4 0 2026-02-26 13:18:38.442
!MESSAGE Error

!ENTRY org.eclipse.cdt.core 4 0 2026-02-26 13:18:38.443
!MESSAGE Error

!ENTRY org.eclipse.cdt.core 4 0 2026-02-26 13:18:38.443
!MESSAGE Error

!ENTRY org.eclipse.cdt.core 4 0 2026-02-26 13:18:38.443
!MESSAGE Error

!ENTRY org.eclipse.cdt.core 4 0 2026-02-26 13:18:38.443
!MESSAGE Error

!ENTRY org.eclipse.cdt.core 4 0 2026-02-26 13:18:38.443
!MESSAGE Error

!ENTRY org.eclipse.cdt.core 4 0 2026-02-26 13:18:38.443
!MESSAGE Error

!ENTRY org.eclipse.cdt.core 4 0 2026-02-26 13:18:38.444
!MESSAGE Error

!ENTRY org.eclipse.cdt.core 4 0 2026-02-26 13:18:38.444
!MESSAGE Error

!ENTRY org.eclipse.cdt.core 4 0 2026-02-26 13:18:38.444
!MESSAGE Error

!ENTRY org.eclipse.cdt.core 4 0 2026-02-26 13:18:38.444
!MESSAGE Error

!ENTRY org.eclipse.cdt.core 4 0 2026-02-26 13:18:38.445
!MESSAGE Error

!ENTRY org.eclipse.cdt.core 4 0 2026-02-26 13:18:38.445
!MESSAGE Error

!ENTRY org.eclipse.cdt.core 4 0 2026-02-26 13:18:38.445
!MESSAGE Error

!ENTRY org.eclipse.cdt.core 4 0 2026-02-26 13:18:38.445
!MESSAGE Error

!ENTRY org.eclipse.cdt.core 4 0 2026-02-26 13:18:38.447
!MESSAGE Error

!ENTRY org.eclipse.cdt.core 4 0 2026-02-26 13:18:38.447
!MESSAGE Error

!ENTRY org.eclipse.cdt.core 4 0 2026-02-26 13:18:38.447
!MESSAGE Error

!ENTRY org.eclipse.cdt.core 4 0 2026-02-26 13:18:38.448
!MESSAGE Error

!ENTRY org.eclipse.cdt.core 4 0 2026-02-26 13:18:38.448
!MESSAGE Error

!ENTRY org.eclipse.cdt.core 4 0 2026-02-26 13:18:38.448
!MESSAGE Error

!ENTRY org.eclipse.cdt.core 4 0 2026-02-26 13:18:38.449
!MESSAGE Error

!ENTRY org.eclipse.cdt.core 4 0 2026-02-26 13:18:38.449
!MESSAGE Error

!ENTRY org.eclipse.cdt.core 4 0 2026-02-26 13:18:38.449
!MESSAGE Error

!ENTRY org.eclipse.cdt.core 4 0 2026-02-26 13:18:43.548
!MESSAGE Error

!ENTRY org.eclipse.cdt.core 4 0 2026-02-26 13:18:43.549
!MESSAGE Error

!ENTRY org.eclipse.cdt.core 4 0 2026-02-26 13:18:44.074
!MESSAGE Error

!ENTRY org.eclipse.cdt.core 4 0 2026-02-26 13:18:44.077
!MESSAGE Error

!ENTRY org.eclipse.cdt.core 4 0 2026-02-26 13:18:44.080
!MESSAGE Error

!ENTRY org.eclipse.cdt.core 4 0 2026-02-26 13:18:44.080
!MESSAGE Error

!ENTRY org.eclipse.cdt.core 4 0 2026-02-26 13:18:44.080
!MESSAGE Error

!ENTRY org.eclipse.cdt.core 4 0 2026-02-26 13:18:44.080
!MESSAGE Error

!ENTRY org.eclipse.cdt.core 4 0 2026-02-26 13:18:44.081
!MESSAGE Error

!ENTRY org.eclipse.cdt.core 4 0 2026-02-26 13:18:44.081
!MESSAGE Error

!ENTRY org.eclipse.cdt.core 4 0 2026-02-26 13:18:44.081
!MESSAGE Error

!ENTRY org.eclipse.cdt.core 4 0 2026-02-26 13:18:44.081
!MESSAGE Error

!ENTRY org.eclipse.cdt.core 4 0 2026-02-26 13:18:44.081
!MESSAGE Error

!ENTRY org.eclipse.cdt.core 4 0 2026-02-26 13:18:44.081
!MESSAGE Error

!ENTRY org.eclipse.cdt.core 4 0 2026-02-26 13:18:44.082
!MESSAGE Error

!ENTRY org.eclipse.cdt.core 4 0 2026-02-26 13:18:44.082
!MESSAGE Error

!ENTRY org.eclipse.cdt.core 4 0 2026-02-26 13:18:44.082
!MESSAGE Error

!ENTRY org.eclipse.cdt.core 4 0 2026-02-26 13:18:44.082
!MESSAGE Error

!ENTRY org.eclipse.cdt.core 4 0 2026-02-26 13:18:44.082
!MESSAGE Error

!ENTRY org.eclipse.cdt.core 4 0 2026-02-26 13:18:44.082
!MESSAGE Error

!ENTRY org.eclipse.cdt.core 4 0 2026-02-26 13:18:44.082
!MESSAGE Error

!ENTRY org.eclipse.cdt.core 4 0 2026-02-26 13:18:44.083
!MESSAGE Error

!ENTRY org.eclipse.cdt.core 4 0 2026-02-26 13:18:44.083
!MESSAGE Error

!ENTRY org.eclipse.cdt.core 4 0 2026-02-26 13:18:44.083
!MESSAGE Error

!ENTRY org.eclipse.cdt.core 4 0 2026-02-26 13:18:44.083
!MESSAGE Error

!ENTRY org.eclipse.cdt.core 4 0 2026-02-26 13:18:44.083
!MESSAGE Error

!ENTRY org.eclipse.cdt.core 4 0 2026-02-26 13:18:44.083
!MESSAGE Error

!ENTRY org.eclipse.cdt.core 4 0 2026-02-26 13:18:44.084
!MESSAGE Error

!ENTRY org.eclipse.cdt.core 4 0 2026-02-26 13:18:44.084
!MESSAGE Error

!ENTRY org.eclipse.cdt.core 4 0 2026-02-26 13:18:44.084
!MESSAGE Error

!ENTRY org.eclipse.cdt.core 4 0 2026-02-26 13:18:44.084
!MESSAGE Error

!ENTRY org.eclipse.cdt.core 4 0 2026-02-26 13:18:44.084
!MESSAGE Error

!ENTRY org.eclipse.cdt.core 4 0 2026-02-26 13:18:44.085
!MESSAGE Error

!ENTRY org.eclipse.cdt.core 4 0 2026-02-26 13:18:44.085
!MESSAGE Error

!ENTRY org.eclipse.cdt.core 4 0 2026-02-26 13:18:44.085
!MESSAGE Error

!ENTRY org.eclipse.cdt.core 4 0 2026-02-26 13:18:44.085
!MESSAGE Error

!ENTRY org.eclipse.cdt.core 4 0 2026-02-26 13:18:44.085
!MESSAGE Error

!ENTRY org.eclipse.cdt.core 4 0 2026-02-26 13:18:44.085
!MESSAGE Error

!ENTRY org.eclipse.cdt.core 4 0 2026-02-26 13:18:44.086
!MESSAGE Error

!ENTRY org.eclipse.cdt.core 4 0 2026-02-26 13:18:44.086
!MESSAGE Error

!ENTRY org.eclipse.cdt.core 4 0 2026-02-26 13:18:44.086
!MESSAGE Error

!ENTRY org.eclipse.cdt.core 4 0 2026-02-26 13:18:44.086
!MESSAGE Error

!ENTRY org.eclipse.cdt.core 4 0 2026-02-26 13:18:44.086
!MESSAGE Error

!ENTRY org.eclipse.cdt.core 4 0 2026-02-26 13:18:44.087
!MESSAGE Error

!ENTRY org.eclipse.cdt.core 4 0 2026-02-26 13:18:44.087
!MESSAGE Error

!ENTRY org.eclipse.cdt.core 4 0 2026-02-26 13:18:44.087
!MESSAGE Error

!ENTRY org.eclipse.cdt.core 4 0 2026-02-26 13:18:44.087
!MESSAGE Error

!ENTRY org.eclipse.cdt.core 4 0 2026-02-26 13:18:44.087
!MESSAGE Error

!ENTRY org.eclipse.cdt.core 4 0 2026-02-26 13:18:44.087
!MESSAGE Error

!ENTRY org.eclipse.cdt.core 4 0 2026-02-26 13:18:44.087
!MESSAGE Error

!ENTRY org.eclipse.cdt.core 4 0 2026-02-26 13:18:44.087
!MESSAGE Error

!ENTRY org.eclipse.cdt.core 4 0 2026-02-26 13:18:44.088
!MESSAGE Error

!ENTRY org.eclipse.cdt.core 4 0 2026-02-26 13:18:44.088
!MESSAGE Error

!ENTRY org.eclipse.cdt.core 4 0 2026-02-26 13:18:44.088
!MESSAGE Error

!ENTRY org.eclipse.cdt.core 4 0 2026-02-26 13:18:44.088
!MESSAGE Error

!ENTRY org.eclipse.cdt.core 4 0 2026-02-26 13:18:44.088
!MESSAGE Error

!ENTRY org.eclipse.cdt.core 4 0 2026-02-26 13:18:44.089
!MESSAGE Error

!ENTRY org.eclipse.cdt.core 4 0 2026-02-26 13:18:44.089
!MESSAGE Error

!ENTRY org.eclipse.cdt.core 4 0 2026-02-26 13:18:44.090
!MESSAGE Error

!ENTRY org.eclipse.cdt.core 4 0 2026-02-26 13:18:44.090
!MESSAGE Error

!ENTRY org.eclipse.cdt.core 4 0 2026-02-26 13:18:44.090
!MESSAGE Error

!ENTRY org.eclipse.cdt.core 4 0 2026-02-26 13:18:44.090
!MESSAGE Error

!ENTRY org.eclipse.cdt.core 4 0 2026-02-26 13:18:44.091
!MESSAGE Error

!ENTRY org.eclipse.cdt.core 4 0 2026-02-26 13:18:44.091
!MESSAGE Error

!ENTRY org.eclipse.cdt.core 4 0 2026-02-26 13:18:44.092
!MESSAGE Error

!ENTRY org.eclipse.cdt.core 4 0 2026-02-26 13:18:44.092
!MESSAGE Error

!ENTRY org.eclipse.cdt.core 4 0 2026-02-26 13:18:44.092
!MESSAGE Error

!ENTRY org.eclipse.cdt.core 4 0 2026-02-26 13:18:44.093
!MESSAGE Error

!ENTRY org.eclipse.cdt.core 4 0 2026-02-26 13:18:44.093
!MESSAGE Error

!ENTRY org.eclipse.cdt.core 4 0 2026-02-26 13:18:44.093
!MESSAGE Error

!ENTRY org.eclipse.cdt.core 4 0 2026-02-26 13:18:44.093
!MESSAGE Error

!ENTRY org.eclipse.cdt.core 4 0 2026-02-26 13:18:44.093
!MESSAGE Error

!ENTRY org.eclipse.cdt.core 4 0 2026-02-26 13:18:44.094
!MESSAGE Error

!ENTRY org.eclipse.cdt.core 4 0 2026-02-26 13:18:44.094
!MESSAGE Error

!ENTRY org.eclipse.cdt.core 4 0 2026-02-26 13:18:44.094
!MESSAGE Error

!ENTRY org.eclipse.cdt.core 4 0 2026-02-26 13:18:44.094
!MESSAGE Error

!ENTRY org.eclipse.cdt.core 4 0 2026-02-26 13:18:44.094
!MESSAGE Error

!ENTRY org.eclipse.cdt.core 4 0 2026-02-26 13:18:44.094
!MESSAGE Error

!ENTRY org.eclipse.cdt.core 4 0 2026-02-26 13:18:44.237
!MESSAGE Error

!ENTRY org.eclipse.cdt.core 4 0 2026-02-26 13:18:51.849
!MESSAGE Error

!ENTRY org.eclipse.cdt.core 4 0 2026-02-26 13:18:51.852
!MESSAGE Error

!ENTRY org.eclipse.cdt.core 4 0 2026-02-26 13:20:06.716
!MESSAGE Error

!ENTRY org.eclipse.cdt.core 4 0 2026-02-26 13:20:06.720
!MESSAGE Error

!ENTRY org.eclipse.cdt.core 4 0 2026-02-26 13:20:06.723
!MESSAGE Error

!ENTRY org.eclipse.cdt.core 4 0 2026-02-26 13:20:06.723
!MESSAGE Error

!ENTRY org.eclipse.cdt.core 4 0 2026-02-26 13:20:06.723
!MESSAGE Error

!ENTRY org.eclipse.cdt.core 4 0 2026-02-26 13:20:06.723
!MESSAGE Error

!ENTRY org.eclipse.cdt.core 4 0 2026-02-26 13:20:06.724
!MESSAGE Error

!ENTRY org.eclipse.cdt.core 4 0 2026-02-26 13:20:06.724
!MESSAGE Error

!ENTRY org.eclipse.cdt.core 4 0 2026-02-26 13:20:06.724
!MESSAGE Error

!ENTRY org.eclipse.cdt.core 4 0 2026-02-26 13:20:06.724
!MESSAGE Error

!ENTRY org.eclipse.cdt.core 4 0 2026-02-26 13:20:06.725
!MESSAGE Error

!ENTRY org.eclipse.cdt.core 4 0 2026-02-26 13:20:06.725
!MESSAGE Error

!ENTRY org.eclipse.cdt.core 4 0 2026-02-26 13:20:06.725
!MESSAGE Error

!ENTRY org.eclipse.cdt.core 4 0 2026-02-26 13:20:06.725
!MESSAGE Error

!ENTRY org.eclipse.cdt.core 4 0 2026-02-26 13:20:06.725
!MESSAGE Error

!ENTRY org.eclipse.cdt.core 4 0 2026-02-26 13:20:06.725
!MESSAGE Error

!ENTRY org.eclipse.cdt.core 4 0 2026-02-26 13:20:06.726
!MESSAGE Error

!ENTRY org.eclipse.cdt.core 4 0 2026-02-26 13:20:06.726
!MESSAGE Error

!ENTRY org.eclipse.cdt.core 4 0 2026-02-26 13:20:06.726
!MESSAGE Error

!ENTRY org.eclipse.cdt.core 4 0 2026-02-26 13:20:06.726
!MESSAGE Error

!ENTRY org.eclipse.cdt.core 4 0 2026-02-26 13:20:06.726
!MESSAGE Error

!ENTRY org.eclipse.cdt.core 4 0 2026-02-26 13:20:06.727
!MESSAGE Error

!ENTRY org.eclipse.cdt.core 4 0 2026-02-26 13:20:06.727
!MESSAGE Error

!ENTRY org.eclipse.cdt.core 4 0 2026-02-26 13:20:06.727
!MESSAGE Error

!ENTRY org.eclipse.cdt.core 4 0 2026-02-26 13:20:06.727
!MESSAGE Error

!ENTRY org.eclipse.cdt.core 4 0 2026-02-26 13:20:06.727
!MESSAGE Error

!ENTRY org.eclipse.cdt.core 4 0 2026-02-26 13:20:06.727
!MESSAGE Error

!ENTRY org.eclipse.cdt.core 4 0 2026-02-26 13:20:06.728
!MESSAGE Error

!ENTRY org.eclipse.cdt.core 4 0 2026-02-26 13:20:06.728
!MESSAGE Error

!ENTRY org.eclipse.cdt.core 4 0 2026-02-26 13:20:06.728
!MESSAGE Error

!ENTRY org.eclipse.cdt.core 4 0 2026-02-26 13:20:06.728
!MESSAGE Error

!ENTRY org.eclipse.cdt.core 4 0 2026-02-26 13:20:06.728
!MESSAGE Error

!ENTRY org.eclipse.cdt.core 4 0 2026-02-26 13:20:06.728
!MESSAGE Error

!ENTRY org.eclipse.cdt.core 4 0 2026-02-26 13:20:06.729
!MESSAGE Error

!ENTRY org.eclipse.cdt.core 4 0 2026-02-26 13:20:06.729
!MESSAGE Error

!ENTRY org.eclipse.cdt.core 4 0 2026-02-26 13:20:06.729
!MESSAGE Error

!ENTRY org.eclipse.cdt.core 4 0 2026-02-26 13:20:06.729
!MESSAGE Error

!ENTRY org.eclipse.cdt.core 4 0 2026-02-26 13:20:06.729
!MESSAGE Error

!ENTRY org.eclipse.cdt.core 4 0 2026-02-26 13:20:06.729
!MESSAGE Error

!ENTRY org.eclipse.cdt.core 4 0 2026-02-26 13:20:06.730
!MESSAGE Error

!ENTRY org.eclipse.cdt.core 4 0 2026-02-26 13:20:06.730
!MESSAGE Error

!ENTRY org.eclipse.cdt.core 4 0 2026-02-26 13:20:06.730
!MESSAGE Error

!ENTRY org.eclipse.cdt.core 4 0 2026-02-26 13:20:06.730
!MESSAGE Error

!ENTRY org.eclipse.cdt.core 4 0 2026-02-26 13:20:06.730
!MESSAGE Error

!ENTRY org.eclipse.cdt.core 4 0 2026-02-26 13:20:06.730
!MESSAGE Error

!ENTRY org.eclipse.cdt.core 4 0 2026-02-26 13:20:06.731
!MESSAGE Error

!ENTRY org.eclipse.cdt.core 4 0 2026-02-26 13:20:06.731
!MESSAGE Error

!ENTRY org.eclipse.cdt.core 4 0 2026-02-26 13:20:06.731
!MESSAGE Error

!ENTRY org.eclipse.cdt.core 4 0 2026-02-26 13:20:06.731
!MESSAGE Error

!ENTRY org.eclipse.cdt.core 4 0 2026-02-26 13:20:06.731
!MESSAGE Error

!ENTRY org.eclipse.cdt.core 4 0 2026-02-26 13:20:06.731
!MESSAGE Error

!ENTRY org.eclipse.cdt.core 4 0 2026-02-26 13:20:06.732
!MESSAGE Error

!ENTRY org.eclipse.cdt.core 4 0 2026-02-26 13:20:06.732
!MESSAGE Error

!ENTRY org.eclipse.cdt.core 4 0 2026-02-26 13:20:06.732
!MESSAGE Error

!ENTRY org.eclipse.cdt.core 4 0 2026-02-26 13:20:06.732
!MESSAGE Error

!ENTRY org.eclipse.cdt.core 4 0 2026-02-26 13:20:06.732
!MESSAGE Error

!ENTRY org.eclipse.cdt.core 4 0 2026-02-26 13:20:06.732
!MESSAGE Error

!ENTRY org.eclipse.cdt.core 4 0 2026-02-26 13:20:06.732
!MESSAGE Error

!ENTRY org.eclipse.cdt.core 4 0 2026-02-26 13:20:06.733
!MESSAGE Error

!ENTRY org.eclipse.cdt.core 4 0 2026-02-26 13:20:06.733
!MESSAGE Error

!ENTRY org.eclipse.cdt.core 4 0 2026-02-26 13:20:06.733
!MESSAGE Error

!ENTRY org.eclipse.cdt.core 4 0 2026-02-26 13:20:06.733
!MESSAGE Error

!ENTRY org.eclipse.cdt.core 4 0 2026-02-26 13:20:06.733
!MESSAGE Error

!ENTRY org.eclipse.cdt.core 4 0 2026-02-26 13:20:06.733
!MESSAGE Error

!ENTRY org.eclipse.cdt.core 4 0 2026-02-26 13:20:06.734
!MESSAGE Error

!ENTRY org.eclipse.cdt.core 4 0 2026-02-26 13:20:06.734
!MESSAGE Error

!ENTRY org.eclipse.cdt.core 4 0 2026-02-26 13:20:06.734
!MESSAGE Error

!ENTRY org.eclipse.cdt.core 4 0 2026-02-26 13:20:06.734
!MESSAGE Error

!ENTRY org.eclipse.cdt.core 4 0 2026-02-26 13:20:06.734
!MESSAGE Error

!ENTRY org.eclipse.cdt.core 4 0 2026-02-26 13:20:06.734
!MESSAGE Error

!ENTRY org.eclipse.cdt.core 4 0 2026-02-26 13:20:06.735
!MESSAGE Error

!ENTRY org.eclipse.cdt.core 4 0 2026-02-26 13:20:06.735
!MESSAGE Error

!ENTRY org.eclipse.cdt.core 4 0 2026-02-26 13:20:06.735
!MESSAGE Error

!ENTRY org.eclipse.cdt.core 4 0 2026-02-26 13:20:06.735
!MESSAGE Error

!ENTRY org.eclipse.cdt.core 4 0 2026-02-26 13:22:31.408
!MESSAGE Error

!ENTRY org.eclipse.cdt.core 4 0 2026-02-26 13:22:31.415
!MESSAGE Error

!ENTRY org.eclipse.cdt.core 4 0 2026-02-26 13:22:31.417
!MESSAGE Error

!ENTRY org.eclipse.cdt.core 4 0 2026-02-26 13:22:31.417
!MESSAGE Error

!ENTRY org.eclipse.cdt.core 4 0 2026-02-26 13:22:31.418
!MESSAGE Error

!ENTRY org.eclipse.cdt.core 4 0 2026-02-26 13:22:31.418
!MESSAGE Error

!ENTRY org.eclipse.cdt.core 4 0 2026-02-26 13:22:31.419
!MESSAGE Error

!ENTRY org.eclipse.cdt.core 4 0 2026-02-26 13:22:31.419
!MESSAGE Error

!ENTRY org.eclipse.cdt.core 4 0 2026-02-26 13:22:31.419
!MESSAGE Error

!ENTRY org.eclipse.cdt.core 4 0 2026-02-26 13:22:31.420
!MESSAGE Error

!ENTRY org.eclipse.cdt.core 4 0 2026-02-26 13:22:31.420
!MESSAGE Error

!ENTRY org.eclipse.cdt.core 4 0 2026-02-26 13:22:31.421
!MESSAGE Error

!ENTRY org.eclipse.cdt.core 4 0 2026-02-26 13:22:31.421
!MESSAGE Error

!ENTRY org.eclipse.cdt.core 4 0 2026-02-26 13:22:31.422
!MESSAGE Error

!ENTRY org.eclipse.cdt.core 4 0 2026-02-26 13:22:31.422
!MESSAGE Error

!ENTRY org.eclipse.cdt.core 4 0 2026-02-26 13:22:31.423
!MESSAGE Error

!ENTRY org.eclipse.cdt.core 4 0 2026-02-26 13:22:31.423
!MESSAGE Error

!ENTRY org.eclipse.cdt.core 4 0 2026-02-26 13:22:31.423
!MESSAGE Error

!ENTRY org.eclipse.cdt.core 4 0 2026-02-26 13:22:31.424
!MESSAGE Error

!ENTRY org.eclipse.cdt.core 4 0 2026-02-26 13:22:31.425
!MESSAGE Error

!ENTRY org.eclipse.cdt.core 4 0 2026-02-26 13:22:31.425
!MESSAGE Error

!ENTRY org.eclipse.cdt.core 4 0 2026-02-26 13:22:31.426
!MESSAGE Error

!ENTRY org.eclipse.cdt.core 4 0 2026-02-26 13:22:31.426
!MESSAGE Error

!ENTRY org.eclipse.cdt.core 4 0 2026-02-26 13:22:31.426
!MESSAGE Error

!ENTRY org.eclipse.cdt.core 4 0 2026-02-26 13:22:31.426
!MESSAGE Error

!ENTRY org.eclipse.cdt.core 4 0 2026-02-26 13:22:31.426
!MESSAGE Error

!ENTRY org.eclipse.cdt.core 4 0 2026-02-26 13:22:31.427
!MESSAGE Error

!ENTRY org.eclipse.cdt.core 4 0 2026-02-26 13:22:31.427
!MESSAGE Error

!ENTRY org.eclipse.cdt.core 4 0 2026-02-26 13:22:31.428
!MESSAGE Error

!ENTRY org.eclipse.cdt.core 4 0 2026-02-26 13:22:31.428
!MESSAGE Error

!ENTRY org.eclipse.cdt.core 4 0 2026-02-26 13:22:31.428
!MESSAGE Error

!ENTRY org.eclipse.cdt.core 4 0 2026-02-26 13:22:31.429
!MESSAGE Error

!ENTRY org.eclipse.cdt.core 4 0 2026-02-26 13:22:31.429
!MESSAGE Error

!ENTRY org.eclipse.cdt.core 4 0 2026-02-26 13:22:31.429
!MESSAGE Error

!ENTRY org.eclipse.cdt.core 4 0 2026-02-26 13:22:31.430
!MESSAGE Error

!ENTRY org.eclipse.cdt.core 4 0 2026-02-26 13:22:31.430
!MESSAGE Error

!ENTRY org.eclipse.cdt.core 4 0 2026-02-26 13:22:31.431
!MESSAGE Error

!ENTRY org.eclipse.cdt.core 4 0 2026-02-26 13:22:31.431
!MESSAGE Error

!ENTRY org.eclipse.cdt.core 4 0 2026-02-26 13:22:31.431
!MESSAGE Error

!ENTRY org.eclipse.cdt.core 4 0 2026-02-26 13:22:31.431
!MESSAGE Error

!ENTRY org.eclipse.cdt.core 4 0 2026-02-26 13:22:31.431
!MESSAGE Error

!ENTRY org.eclipse.cdt.core 4 0 2026-02-26 13:22:31.431
!MESSAGE Error

!ENTRY org.eclipse.cdt.core 4 0 2026-02-26 13:22:31.431
!MESSAGE Error

!ENTRY org.eclipse.cdt.core 4 0 2026-02-26 13:22:31.431
!MESSAGE Error

!ENTRY org.eclipse.cdt.core 4 0 2026-02-26 13:22:31.432
!MESSAGE Error

!ENTRY org.eclipse.cdt.core 4 0 2026-02-26 13:22:31.432
!MESSAGE Error

!ENTRY org.eclipse.cdt.core 4 0 2026-02-26 13:22:31.432
!MESSAGE Error

!ENTRY org.eclipse.cdt.core 4 0 2026-02-26 13:22:31.432
!MESSAGE Error

!ENTRY org.eclipse.cdt.core 4 0 2026-02-26 13:22:31.432
!MESSAGE Error

!ENTRY org.eclipse.cdt.core 4 0 2026-02-26 13:22:31.432
!MESSAGE Error

!ENTRY org.eclipse.cdt.core 4 0 2026-02-26 13:22:31.433
!MESSAGE Error

!ENTRY org.eclipse.cdt.core 4 0 2026-02-26 13:22:31.433
!MESSAGE Error

!ENTRY org.eclipse.cdt.core 4 0 2026-02-26 13:22:31.433
!MESSAGE Error

!ENTRY org.eclipse.cdt.core 4 0 2026-02-26 13:22:31.433
!MESSAGE Error

!ENTRY org.eclipse.cdt.core 4 0 2026-02-26 13:22:31.433
!MESSAGE Error

!ENTRY org.eclipse.cdt.core 4 0 2026-02-26 13:22:31.433
!MESSAGE Error

!ENTRY org.eclipse.cdt.core 4 0 2026-02-26 13:22:31.433
!MESSAGE Error

!ENTRY org.eclipse.cdt.core 4 0 2026-02-26 13:22:31.434
!MESSAGE Error

!ENTRY org.eclipse.cdt.core 4 0 2026-02-26 13:22:31.434
!MESSAGE Error

!ENTRY org.eclipse.cdt.core 4 0 2026-02-26 13:22:31.434
!MESSAGE Error

!ENTRY org.eclipse.cdt.core 4 0 2026-02-26 13:22:31.434
!MESSAGE Error

!ENTRY org.eclipse.cdt.core 4 0 2026-02-26 13:22:31.434
!MESSAGE Error

!ENTRY org.eclipse.cdt.core 4 0 2026-02-26 13:22:31.434
!MESSAGE Error

!ENTRY org.eclipse.cdt.core 4 0 2026-02-26 13:22:31.435
!MESSAGE Error

!ENTRY org.eclipse.cdt.core 4 0 2026-02-26 13:22:31.435
!MESSAGE Error

!ENTRY org.eclipse.cdt.core 4 0 2026-02-26 13:22:31.435
!MESSAGE Error

!ENTRY org.eclipse.cdt.core 4 0 2026-02-26 13:22:31.436
!MESSAGE Error

!ENTRY org.eclipse.cdt.core 4 0 2026-02-26 13:22:31.436
!MESSAGE Error

!ENTRY org.eclipse.cdt.core 4 0 2026-02-26 13:22:31.436
!MESSAGE Error

!ENTRY org.eclipse.cdt.core 4 0 2026-02-26 13:22:31.436
!MESSAGE Error

!ENTRY org.eclipse.cdt.core 4 0 2026-02-26 13:22:31.436
!MESSAGE Error

!ENTRY org.eclipse.cdt.core 4 0 2026-02-26 13:22:31.436
!MESSAGE Error

!ENTRY org.eclipse.cdt.core 4 0 2026-02-26 13:22:31.436
!MESSAGE Error

!ENTRY org.eclipse.cdt.core 4 0 2026-02-26 13:22:31.437
!MESSAGE Error

!ENTRY org.eclipse.cdt.core 4 0 2026-02-26 13:22:31.515
!MESSAGE Error

!ENTRY org.eclipse.cdt.core 4 0 2026-02-26 13:22:31.520
!MESSAGE Error

!ENTRY org.eclipse.cdt.core 4 0 2026-02-26 13:22:33.991
!MESSAGE Error

!ENTRY org.eclipse.cdt.core 4 0 2026-02-26 13:22:33.994
!MESSAGE Error

!ENTRY org.eclipse.cdt.core 4 0 2026-02-26 13:22:33.995
!MESSAGE Error

!ENTRY org.eclipse.cdt.core 4 0 2026-02-26 13:22:33.996
!MESSAGE Error

!ENTRY org.eclipse.cdt.core 4 0 2026-02-26 13:22:33.996
!MESSAGE Error

!ENTRY org.eclipse.cdt.core 4 0 2026-02-26 13:22:33.997
!MESSAGE Error

!ENTRY org.eclipse.cdt.core 4 0 2026-02-26 13:22:33.997
!MESSAGE Error

!ENTRY org.eclipse.cdt.core 4 0 2026-02-26 13:22:33.997
!MESSAGE Error

!ENTRY org.eclipse.cdt.core 4 0 2026-02-26 13:22:33.998
!MESSAGE Error

!ENTRY org.eclipse.cdt.core 4 0 2026-02-26 13:22:33.998
!MESSAGE Error

!ENTRY org.eclipse.cdt.core 4 0 2026-02-26 13:22:33.998
!MESSAGE Error

!ENTRY org.eclipse.cdt.core 4 0 2026-02-26 13:22:33.998
!MESSAGE Error

!ENTRY org.eclipse.cdt.core 4 0 2026-02-26 13:22:33.998
!MESSAGE Error

!ENTRY org.eclipse.cdt.core 4 0 2026-02-26 13:22:33.998
!MESSAGE Error

!ENTRY org.eclipse.cdt.core 4 0 2026-02-26 13:22:33.999
!MESSAGE Error

!ENTRY org.eclipse.cdt.core 4 0 2026-02-26 13:22:33.999
!MESSAGE Error

!ENTRY org.eclipse.cdt.core 4 0 2026-02-26 13:22:33.999
!MESSAGE Error

!ENTRY org.eclipse.cdt.core 4 0 2026-02-26 13:22:33.999
!MESSAGE Error

!ENTRY org.eclipse.cdt.core 4 0 2026-02-26 13:22:33.999
!MESSAGE Error

!ENTRY org.eclipse.cdt.core 4 0 2026-02-26 13:22:33.999
!MESSAGE Error

!ENTRY org.eclipse.cdt.core 4 0 2026-02-26 13:22:34.000
!MESSAGE Error

!ENTRY org.eclipse.cdt.core 4 0 2026-02-26 13:22:34.000
!MESSAGE Error

!ENTRY org.eclipse.cdt.core 4 0 2026-02-26 13:22:34.000
!MESSAGE Error

!ENTRY org.eclipse.cdt.core 4 0 2026-02-26 13:22:34.000
!MESSAGE Error

!ENTRY org.eclipse.cdt.core 4 0 2026-02-26 13:22:34.000
!MESSAGE Error

!ENTRY org.eclipse.cdt.core 4 0 2026-02-26 13:22:34.000
!MESSAGE Error

!ENTRY org.eclipse.cdt.core 4 0 2026-02-26 13:22:34.000
!MESSAGE Error

!ENTRY org.eclipse.cdt.core 4 0 2026-02-26 13:22:34.001
!MESSAGE Error

!ENTRY org.eclipse.cdt.core 4 0 2026-02-26 13:22:34.001
!MESSAGE Error

!ENTRY org.eclipse.cdt.core 4 0 2026-02-26 13:22:34.001
!MESSAGE Error

!ENTRY org.eclipse.cdt.core 4 0 2026-02-26 13:22:34.001
!MESSAGE Error

!ENTRY org.eclipse.cdt.core 4 0 2026-02-26 13:22:34.001
!MESSAGE Error

!ENTRY org.eclipse.cdt.core 4 0 2026-02-26 13:22:34.001
!MESSAGE Error

!ENTRY org.eclipse.cdt.core 4 0 2026-02-26 13:22:34.001
!MESSAGE Error

!ENTRY org.eclipse.cdt.core 4 0 2026-02-26 13:22:34.002
!MESSAGE Error

!ENTRY org.eclipse.cdt.core 4 0 2026-02-26 13:22:34.002
!MESSAGE Error

!ENTRY org.eclipse.cdt.core 4 0 2026-02-26 13:22:34.002
!MESSAGE Error

!ENTRY org.eclipse.cdt.core 4 0 2026-02-26 13:22:34.002
!MESSAGE Error

!ENTRY org.eclipse.cdt.core 4 0 2026-02-26 13:22:34.002
!MESSAGE Error

!ENTRY org.eclipse.cdt.core 4 0 2026-02-26 13:22:34.002
!MESSAGE Error

!ENTRY org.eclipse.cdt.core 4 0 2026-02-26 13:22:34.002
!MESSAGE Error

!ENTRY org.eclipse.cdt.core 4 0 2026-02-26 13:22:34.002
!MESSAGE Error

!ENTRY org.eclipse.cdt.core 4 0 2026-02-26 13:22:34.002
!MESSAGE Error

!ENTRY org.eclipse.cdt.core 4 0 2026-02-26 13:22:34.003
!MESSAGE Error

!ENTRY org.eclipse.cdt.core 4 0 2026-02-26 13:22:34.003
!MESSAGE Error

!ENTRY org.eclipse.cdt.core 4 0 2026-02-26 13:22:34.003
!MESSAGE Error

!ENTRY org.eclipse.cdt.core 4 0 2026-02-26 13:22:34.003
!MESSAGE Error

!ENTRY org.eclipse.cdt.core 4 0 2026-02-26 13:22:34.004
!MESSAGE Error

!ENTRY org.eclipse.cdt.core 4 0 2026-02-26 13:22:34.004
!MESSAGE Error

!ENTRY org.eclipse.cdt.core 4 0 2026-02-26 13:22:34.004
!MESSAGE Error

!ENTRY org.eclipse.cdt.core 4 0 2026-02-26 13:22:34.004
!MESSAGE Error

!ENTRY org.eclipse.cdt.core 4 0 2026-02-26 13:22:34.004
!MESSAGE Error

!ENTRY org.eclipse.cdt.core 4 0 2026-02-26 13:22:34.004
!MESSAGE Error

!ENTRY org.eclipse.cdt.core 4 0 2026-02-26 13:22:34.004
!MESSAGE Error

!ENTRY org.eclipse.cdt.core 4 0 2026-02-26 13:22:34.005
!MESSAGE Error

!ENTRY org.eclipse.cdt.core 4 0 2026-02-26 13:22:34.005
!MESSAGE Error

!ENTRY org.eclipse.cdt.core 4 0 2026-02-26 13:22:34.005
!MESSAGE Error

!ENTRY org.eclipse.cdt.core 4 0 2026-02-26 13:22:34.006
!MESSAGE Error

!ENTRY org.eclipse.cdt.core 4 0 2026-02-26 13:22:34.006
!MESSAGE Error

!ENTRY org.eclipse.cdt.core 4 0 2026-02-26 13:22:34.006
!MESSAGE Error

!ENTRY org.eclipse.cdt.core 4 0 2026-02-26 13:22:34.006
!MESSAGE Error

!ENTRY org.eclipse.cdt.core 4 0 2026-02-26 13:22:34.006
!MESSAGE Error

!ENTRY org.eclipse.cdt.core 4 0 2026-02-26 13:22:34.006
!MESSAGE Error

!ENTRY org.eclipse.cdt.core 4 0 2026-02-26 13:22:34.006
!MESSAGE Error

!ENTRY org.eclipse.cdt.core 4 0 2026-02-26 13:22:34.007
!MESSAGE Error

!ENTRY org.eclipse.cdt.core 4 0 2026-02-26 13:22:34.007
!MESSAGE Error

!ENTRY org.eclipse.cdt.core 4 0 2026-02-26 13:22:34.008
!MESSAGE Error

!ENTRY org.eclipse.cdt.core 4 0 2026-02-26 13:22:34.008
!MESSAGE Error

!ENTRY org.eclipse.cdt.core 4 0 2026-02-26 13:22:34.008
!MESSAGE Error

!ENTRY org.eclipse.cdt.core 4 0 2026-02-26 13:22:34.009
!MESSAGE Error

!ENTRY org.eclipse.cdt.core 4 0 2026-02-26 13:22:34.009
!MESSAGE Error

!ENTRY org.eclipse.cdt.core 4 0 2026-02-26 13:22:34.009
!MESSAGE Error

!ENTRY org.eclipse.cdt.core 4 0 2026-02-26 13:22:34.009
!MESSAGE Error

!ENTRY org.eclipse.cdt.core 4 0 2026-02-26 13:22:37.061
!MESSAGE Error

!ENTRY org.eclipse.cdt.core 4 0 2026-02-26 13:22:37.065
!MESSAGE Error

!ENTRY org.eclipse.cdt.core 4 0 2026-02-26 13:22:37.068
!MESSAGE Error

!ENTRY org.eclipse.cdt.core 4 0 2026-02-26 13:22:37.068
!MESSAGE Error

!ENTRY org.eclipse.cdt.core 4 0 2026-02-26 13:22:37.068
!MESSAGE Error

!ENTRY org.eclipse.cdt.core 4 0 2026-02-26 13:22:37.068
!MESSAGE Error

!ENTRY org.eclipse.cdt.core 4 0 2026-02-26 13:22:37.068
!MESSAGE Error

!ENTRY org.eclipse.cdt.core 4 0 2026-02-26 13:22:37.069
!MESSAGE Error

!ENTRY org.eclipse.cdt.core 4 0 2026-02-26 13:22:37.069
!MESSAGE Error

!ENTRY org.eclipse.cdt.core 4 0 2026-02-26 13:22:37.070
!MESSAGE Error

!ENTRY org.eclipse.cdt.core 4 0 2026-02-26 13:22:37.070
!MESSAGE Error

!ENTRY org.eclipse.cdt.core 4 0 2026-02-26 13:22:37.070
!MESSAGE Error

!ENTRY org.eclipse.cdt.core 4 0 2026-02-26 13:22:37.071
!MESSAGE Error

!ENTRY org.eclipse.cdt.core 4 0 2026-02-26 13:22:37.071
!MESSAGE Error

!ENTRY org.eclipse.cdt.core 4 0 2026-02-26 13:22:37.071
!MESSAGE Error

!ENTRY org.eclipse.cdt.core 4 0 2026-02-26 13:22:37.073
!MESSAGE Error

!ENTRY org.eclipse.cdt.core 4 0 2026-02-26 13:22:37.073
!MESSAGE Error

!ENTRY org.eclipse.cdt.core 4 0 2026-02-26 13:22:37.073
!MESSAGE Error

!ENTRY org.eclipse.cdt.core 4 0 2026-02-26 13:22:37.074
!MESSAGE Error

!ENTRY org.eclipse.cdt.core 4 0 2026-02-26 13:22:37.074
!MESSAGE Error

!ENTRY org.eclipse.cdt.core 4 0 2026-02-26 13:22:37.074
!MESSAGE Error

!ENTRY org.eclipse.cdt.core 4 0 2026-02-26 13:22:37.075
!MESSAGE Error

!ENTRY org.eclipse.cdt.core 4 0 2026-02-26 13:22:37.075
!MESSAGE Error

!ENTRY org.eclipse.cdt.core 4 0 2026-02-26 13:22:37.075
!MESSAGE Error

!ENTRY org.eclipse.cdt.core 4 0 2026-02-26 13:22:37.076
!MESSAGE Error

!ENTRY org.eclipse.cdt.core 4 0 2026-02-26 13:22:37.076
!MESSAGE Error

!ENTRY org.eclipse.cdt.core 4 0 2026-02-26 13:22:37.077
!MESSAGE Error

!ENTRY org.eclipse.cdt.core 4 0 2026-02-26 13:22:37.077
!MESSAGE Error

!ENTRY org.eclipse.cdt.core 4 0 2026-02-26 13:22:37.077
!MESSAGE Error

!ENTRY org.eclipse.cdt.core 4 0 2026-02-26 13:22:37.078
!MESSAGE Error

!ENTRY org.eclipse.cdt.core 4 0 2026-02-26 13:22:37.078
!MESSAGE Error

!ENTRY org.eclipse.cdt.core 4 0 2026-02-26 13:22:37.078
!MESSAGE Error

!ENTRY org.eclipse.cdt.core 4 0 2026-02-26 13:22:37.078
!MESSAGE Error

!ENTRY org.eclipse.cdt.core 4 0 2026-02-26 13:22:37.079
!MESSAGE Error

!ENTRY org.eclipse.cdt.core 4 0 2026-02-26 13:22:37.079
!MESSAGE Error

!ENTRY org.eclipse.cdt.core 4 0 2026-02-26 13:22:37.080
!MESSAGE Error

!ENTRY org.eclipse.cdt.core 4 0 2026-02-26 13:22:37.080
!MESSAGE Error

!ENTRY org.eclipse.cdt.core 4 0 2026-02-26 13:22:37.080
!MESSAGE Error

!ENTRY org.eclipse.cdt.core 4 0 2026-02-26 13:22:37.081
!MESSAGE Error

!ENTRY org.eclipse.cdt.core 4 0 2026-02-26 13:22:37.081
!MESSAGE Error

!ENTRY org.eclipse.cdt.core 4 0 2026-02-26 13:22:37.081
!MESSAGE Error

!ENTRY org.eclipse.cdt.core 4 0 2026-02-26 13:22:37.082
!MESSAGE Error

!ENTRY org.eclipse.cdt.core 4 0 2026-02-26 13:22:37.082
!MESSAGE Error

!ENTRY org.eclipse.cdt.core 4 0 2026-02-26 13:22:37.083
!MESSAGE Error

!ENTRY org.eclipse.cdt.core 4 0 2026-02-26 13:22:37.083
!MESSAGE Error

!ENTRY org.eclipse.cdt.core 4 0 2026-02-26 13:22:37.083
!MESSAGE Error

!ENTRY org.eclipse.cdt.core 4 0 2026-02-26 13:22:37.084
!MESSAGE Error

!ENTRY org.eclipse.cdt.core 4 0 2026-02-26 13:22:37.084
!MESSAGE Error

!ENTRY org.eclipse.cdt.core 4 0 2026-02-26 13:22:37.084
!MESSAGE Error

!ENTRY org.eclipse.cdt.core 4 0 2026-02-26 13:22:37.085
!MESSAGE Error

!ENTRY org.eclipse.cdt.core 4 0 2026-02-26 13:22:37.086
!MESSAGE Error

!ENTRY org.eclipse.cdt.core 4 0 2026-02-26 13:22:37.086
!MESSAGE Error

!ENTRY org.eclipse.cdt.core 4 0 2026-02-26 13:22:37.086
!MESSAGE Error

!ENTRY org.eclipse.cdt.core 4 0 2026-02-26 13:22:37.086
!MESSAGE Error

!ENTRY org.eclipse.cdt.core 4 0 2026-02-26 13:22:37.086
!MESSAGE Error

!ENTRY org.eclipse.cdt.core 4 0 2026-02-26 13:22:37.087
!MESSAGE Error

!ENTRY org.eclipse.cdt.core 4 0 2026-02-26 13:22:37.087
!MESSAGE Error

!ENTRY org.eclipse.cdt.core 4 0 2026-02-26 13:22:37.087
!MESSAGE Error

!ENTRY org.eclipse.cdt.core 4 0 2026-02-26 13:22:37.087
!MESSAGE Error

!ENTRY org.eclipse.cdt.core 4 0 2026-02-26 13:22:37.087
!MESSAGE Error

!ENTRY org.eclipse.cdt.core 4 0 2026-02-26 13:22:37.088
!MESSAGE Error

!ENTRY org.eclipse.cdt.core 4 0 2026-02-26 13:22:37.088
!MESSAGE Error

!ENTRY org.eclipse.cdt.core 4 0 2026-02-26 13:22:37.088
!MESSAGE Error

!ENTRY org.eclipse.cdt.core 4 0 2026-02-26 13:22:37.088
!MESSAGE Error

!ENTRY org.eclipse.cdt.core 4 0 2026-02-26 13:22:37.088
!MESSAGE Error

!ENTRY org.eclipse.cdt.core 4 0 2026-02-26 13:22:37.088
!MESSAGE Error

!ENTRY org.eclipse.cdt.core 4 0 2026-02-26 13:22:37.088
!MESSAGE Error

!ENTRY org.eclipse.cdt.core 4 0 2026-02-26 13:22:37.089
!MESSAGE Error

!ENTRY org.eclipse.cdt.core 4 0 2026-02-26 13:22:37.089
!MESSAGE Error

!ENTRY org.eclipse.cdt.core 4 0 2026-02-26 13:22:37.089
!MESSAGE Error

!ENTRY org.eclipse.cdt.core 4 0 2026-02-26 13:22:37.089
!MESSAGE Error

!ENTRY org.eclipse.cdt.core 4 0 2026-02-26 13:22:37.089
!MESSAGE Error

!ENTRY org.eclipse.cdt.core 4 0 2026-02-26 13:22:38.104
!MESSAGE Error

!ENTRY org.eclipse.cdt.core 4 0 2026-02-26 13:22:38.109
!MESSAGE Error

!ENTRY org.eclipse.cdt.core 4 0 2026-02-26 13:22:38.110
!MESSAGE Error

!ENTRY org.eclipse.cdt.core 4 0 2026-02-26 13:22:38.111
!MESSAGE Error

!ENTRY org.eclipse.cdt.core 4 0 2026-02-26 13:22:38.111
!MESSAGE Error

!ENTRY org.eclipse.cdt.core 4 0 2026-02-26 13:22:38.112
!MESSAGE Error

!ENTRY org.eclipse.cdt.core 4 0 2026-02-26 13:22:38.113
!MESSAGE Error

!ENTRY org.eclipse.cdt.core 4 0 2026-02-26 13:22:38.113
!MESSAGE Error

!ENTRY org.eclipse.cdt.core 4 0 2026-02-26 13:22:38.114
!MESSAGE Error

!ENTRY org.eclipse.cdt.core 4 0 2026-02-26 13:22:38.114
!MESSAGE Error

!ENTRY org.eclipse.cdt.core 4 0 2026-02-26 13:22:38.114
!MESSAGE Error

!ENTRY org.eclipse.cdt.core 4 0 2026-02-26 13:22:38.115
!MESSAGE Error

!ENTRY org.eclipse.cdt.core 4 0 2026-02-26 13:22:38.115
!MESSAGE Error

!ENTRY org.eclipse.cdt.core 4 0 2026-02-26 13:22:38.115
!MESSAGE Error

!ENTRY org.eclipse.cdt.core 4 0 2026-02-26 13:22:38.116
!MESSAGE Error

!ENTRY org.eclipse.cdt.core 4 0 2026-02-26 13:22:38.116
!MESSAGE Error

!ENTRY org.eclipse.cdt.core 4 0 2026-02-26 13:22:38.116
!MESSAGE Error

!ENTRY org.eclipse.cdt.core 4 0 2026-02-26 13:22:38.116
!MESSAGE Error

!ENTRY org.eclipse.cdt.core 4 0 2026-02-26 13:22:38.117
!MESSAGE Error

!ENTRY org.eclipse.cdt.core 4 0 2026-02-26 13:22:38.117
!MESSAGE Error

!ENTRY org.eclipse.cdt.core 4 0 2026-02-26 13:22:38.117
!MESSAGE Error

!ENTRY org.eclipse.cdt.core 4 0 2026-02-26 13:22:38.118
!MESSAGE Error

!ENTRY org.eclipse.cdt.core 4 0 2026-02-26 13:22:38.118
!MESSAGE Error

!ENTRY org.eclipse.cdt.core 4 0 2026-02-26 13:22:38.118
!MESSAGE Error

!ENTRY org.eclipse.cdt.core 4 0 2026-02-26 13:22:38.119
!MESSAGE Error

!ENTRY org.eclipse.cdt.core 4 0 2026-02-26 13:22:38.120
!MESSAGE Error

!ENTRY org.eclipse.cdt.core 4 0 2026-02-26 13:22:38.120
!MESSAGE Error

!ENTRY org.eclipse.cdt.core 4 0 2026-02-26 13:22:38.120
!MESSAGE Error

!ENTRY org.eclipse.cdt.core 4 0 2026-02-26 13:22:38.121
!MESSAGE Error

!ENTRY org.eclipse.cdt.core 4 0 2026-02-26 13:22:38.121
!MESSAGE Error

!ENTRY org.eclipse.cdt.core 4 0 2026-02-26 13:22:38.121
!MESSAGE Error

!ENTRY org.eclipse.cdt.core 4 0 2026-02-26 13:22:38.121
!MESSAGE Error

!ENTRY org.eclipse.cdt.core 4 0 2026-02-26 13:22:38.122
!MESSAGE Error

!ENTRY org.eclipse.cdt.core 4 0 2026-02-26 13:22:38.122
!MESSAGE Error

!ENTRY org.eclipse.cdt.core 4 0 2026-02-26 13:22:38.122
!MESSAGE Error

!ENTRY org.eclipse.cdt.core 4 0 2026-02-26 13:22:38.122
!MESSAGE Error

!ENTRY org.eclipse.cdt.core 4 0 2026-02-26 13:22:38.122
!MESSAGE Error

!ENTRY org.eclipse.cdt.core 4 0 2026-02-26 13:22:38.122
!MESSAGE Error

!ENTRY org.eclipse.cdt.core 4 0 2026-02-26 13:22:38.122
!MESSAGE Error

!ENTRY org.eclipse.cdt.core 4 0 2026-02-26 13:22:38.123
!MESSAGE Error

!ENTRY org.eclipse.cdt.core 4 0 2026-02-26 13:22:38.123
!MESSAGE Error

!ENTRY org.eclipse.cdt.core 4 0 2026-02-26 13:22:38.123
!MESSAGE Error

!ENTRY org.eclipse.cdt.core 4 0 2026-02-26 13:22:38.123
!MESSAGE Error

!ENTRY org.eclipse.cdt.core 4 0 2026-02-26 13:22:38.123
!MESSAGE Error

!ENTRY org.eclipse.cdt.core 4 0 2026-02-26 13:22:38.123
!MESSAGE Error

!ENTRY org.eclipse.cdt.core 4 0 2026-02-26 13:22:38.123
!MESSAGE Error

!ENTRY org.eclipse.cdt.core 4 0 2026-02-26 13:22:38.124
!MESSAGE Error

!ENTRY org.eclipse.cdt.core 4 0 2026-02-26 13:22:38.124
!MESSAGE Error

!ENTRY org.eclipse.cdt.core 4 0 2026-02-26 13:22:38.124
!MESSAGE Error

!ENTRY org.eclipse.cdt.core 4 0 2026-02-26 13:22:38.124
!MESSAGE Error

!ENTRY org.eclipse.cdt.core 4 0 2026-02-26 13:22:38.124
!MESSAGE Error

!ENTRY org.eclipse.cdt.core 4 0 2026-02-26 13:22:38.124
!MESSAGE Error

!ENTRY org.eclipse.cdt.core 4 0 2026-02-26 13:22:38.125
!MESSAGE Error

!ENTRY org.eclipse.cdt.core 4 0 2026-02-26 13:22:38.125
!MESSAGE Error

!ENTRY org.eclipse.cdt.core 4 0 2026-02-26 13:22:38.125
!MESSAGE Error

!ENTRY org.eclipse.cdt.core 4 0 2026-02-26 13:22:38.125
!MESSAGE Error

!ENTRY org.eclipse.cdt.core 4 0 2026-02-26 13:22:38.125
!MESSAGE Error

!ENTRY org.eclipse.cdt.core 4 0 2026-02-26 13:22:38.125
!MESSAGE Error

!ENTRY org.eclipse.cdt.core 4 0 2026-02-26 13:22:38.125
!MESSAGE Error

!ENTRY org.eclipse.cdt.core 4 0 2026-02-26 13:22:38.126
!MESSAGE Error

!ENTRY org.eclipse.cdt.core 4 0 2026-02-26 13:22:38.126
!MESSAGE Error

!ENTRY org.eclipse.cdt.core 4 0 2026-02-26 13:22:38.126
!MESSAGE Error

!ENTRY org.eclipse.cdt.core 4 0 2026-02-26 13:22:38.126
!MESSAGE Error

!ENTRY org.eclipse.cdt.core 4 0 2026-02-26 13:22:38.126
!MESSAGE Error

!ENTRY org.eclipse.cdt.core 4 0 2026-02-26 13:22:38.127
!MESSAGE Error

!ENTRY org.eclipse.cdt.core 4 0 2026-02-26 13:22:38.127
!MESSAGE Error

!ENTRY org.eclipse.cdt.core 4 0 2026-02-26 13:22:38.127
!MESSAGE Error

!ENTRY org.eclipse.cdt.core 4 0 2026-02-26 13:22:38.127
!MESSAGE Error

!ENTRY org.eclipse.cdt.core 4 0 2026-02-26 13:22:38.127
!MESSAGE Error

!ENTRY org.eclipse.cdt.core 4 0 2026-02-26 13:22:38.127
!MESSAGE Error

!ENTRY org.eclipse.cdt.core 4 0 2026-02-26 13:22:38.127
!MESSAGE Error

!ENTRY org.eclipse.cdt.core 4 0 2026-02-26 13:22:38.128
!MESSAGE Error

!ENTRY org.eclipse.cdt.core 4 0 2026-02-26 13:22:38.128
!MESSAGE Error

!ENTRY org.eclipse.cdt.core 4 0 2026-02-26 13:22:38.128
!MESSAGE Error

!ENTRY org.eclipse.cdt.core 4 0 2026-02-26 13:22:39.135
!MESSAGE Error

!ENTRY org.eclipse.cdt.core 4 0 2026-02-26 13:22:39.140
!MESSAGE Error

!ENTRY org.eclipse.cdt.core 4 0 2026-02-26 13:22:39.142
!MESSAGE Error

!ENTRY org.eclipse.cdt.core 4 0 2026-02-26 13:22:39.142
!MESSAGE Error

!ENTRY org.eclipse.cdt.core 4 0 2026-02-26 13:22:39.143
!MESSAGE Error

!ENTRY org.eclipse.cdt.core 4 0 2026-02-26 13:22:39.143
!MESSAGE Error

!ENTRY org.eclipse.cdt.core 4 0 2026-02-26 13:22:39.143
!MESSAGE Error

!ENTRY org.eclipse.cdt.core 4 0 2026-02-26 13:22:39.143
!MESSAGE Error

!ENTRY org.eclipse.cdt.core 4 0 2026-02-26 13:22:39.144
!MESSAGE Error

!ENTRY org.eclipse.cdt.core 4 0 2026-02-26 13:22:39.144
!MESSAGE Error

!ENTRY org.eclipse.cdt.core 4 0 2026-02-26 13:22:39.145
!MESSAGE Error

!ENTRY org.eclipse.cdt.core 4 0 2026-02-26 13:22:39.145
!MESSAGE Error

!ENTRY org.eclipse.cdt.core 4 0 2026-02-26 13:22:39.145
!MESSAGE Error

!ENTRY org.eclipse.cdt.core 4 0 2026-02-26 13:22:39.146
!MESSAGE Error

!ENTRY org.eclipse.cdt.core 4 0 2026-02-26 13:22:39.146
!MESSAGE Error

!ENTRY org.eclipse.cdt.core 4 0 2026-02-26 13:22:39.146
!MESSAGE Error

!ENTRY org.eclipse.cdt.core 4 0 2026-02-26 13:22:39.147
!MESSAGE Error

!ENTRY org.eclipse.cdt.core 4 0 2026-02-26 13:22:39.147
!MESSAGE Error

!ENTRY org.eclipse.cdt.core 4 0 2026-02-26 13:22:39.147
!MESSAGE Error

!ENTRY org.eclipse.cdt.core 4 0 2026-02-26 13:22:39.148
!MESSAGE Error

!ENTRY org.eclipse.cdt.core 4 0 2026-02-26 13:22:39.148
!MESSAGE Error

!ENTRY org.eclipse.cdt.core 4 0 2026-02-26 13:22:39.148
!MESSAGE Error

!ENTRY org.eclipse.cdt.core 4 0 2026-02-26 13:22:39.149
!MESSAGE Error

!ENTRY org.eclipse.cdt.core 4 0 2026-02-26 13:22:39.149
!MESSAGE Error

!ENTRY org.eclipse.cdt.core 4 0 2026-02-26 13:22:39.149
!MESSAGE Error

!ENTRY org.eclipse.cdt.core 4 0 2026-02-26 13:22:39.150
!MESSAGE Error

!ENTRY org.eclipse.cdt.core 4 0 2026-02-26 13:22:39.151
!MESSAGE Error

!ENTRY org.eclipse.cdt.core 4 0 2026-02-26 13:22:39.151
!MESSAGE Error

!ENTRY org.eclipse.cdt.core 4 0 2026-02-26 13:22:39.151
!MESSAGE Error

!ENTRY org.eclipse.cdt.core 4 0 2026-02-26 13:22:39.152
!MESSAGE Error

!ENTRY org.eclipse.cdt.core 4 0 2026-02-26 13:22:39.152
!MESSAGE Error

!ENTRY org.eclipse.cdt.core 4 0 2026-02-26 13:22:39.153
!MESSAGE Error

!ENTRY org.eclipse.cdt.core 4 0 2026-02-26 13:22:39.153
!MESSAGE Error

!ENTRY org.eclipse.cdt.core 4 0 2026-02-26 13:22:39.153
!MESSAGE Error

!ENTRY org.eclipse.cdt.core 4 0 2026-02-26 13:22:39.154
!MESSAGE Error

!ENTRY org.eclipse.cdt.core 4 0 2026-02-26 13:22:39.154
!MESSAGE Error

!ENTRY org.eclipse.cdt.core 4 0 2026-02-26 13:22:39.154
!MESSAGE Error

!ENTRY org.eclipse.cdt.core 4 0 2026-02-26 13:22:39.155
!MESSAGE Error

!ENTRY org.eclipse.cdt.core 4 0 2026-02-26 13:22:39.155
!MESSAGE Error

!ENTRY org.eclipse.cdt.core 4 0 2026-02-26 13:22:39.155
!MESSAGE Error

!ENTRY org.eclipse.cdt.core 4 0 2026-02-26 13:22:39.156
!MESSAGE Error

!ENTRY org.eclipse.cdt.core 4 0 2026-02-26 13:22:39.156
!MESSAGE Error

!ENTRY org.eclipse.cdt.core 4 0 2026-02-26 13:22:39.156
!MESSAGE Error

!ENTRY org.eclipse.cdt.core 4 0 2026-02-26 13:22:39.156
!MESSAGE Error

!ENTRY org.eclipse.cdt.core 4 0 2026-02-26 13:22:39.156
!MESSAGE Error

!ENTRY org.eclipse.cdt.core 4 0 2026-02-26 13:22:39.157
!MESSAGE Error

!ENTRY org.eclipse.cdt.core 4 0 2026-02-26 13:22:39.157
!MESSAGE Error

!ENTRY org.eclipse.cdt.core 4 0 2026-02-26 13:22:39.157
!MESSAGE Error

!ENTRY org.eclipse.cdt.core 4 0 2026-02-26 13:22:39.157
!MESSAGE Error

!ENTRY org.eclipse.cdt.core 4 0 2026-02-26 13:22:39.157
!MESSAGE Error

!ENTRY org.eclipse.cdt.core 4 0 2026-02-26 13:22:39.157
!MESSAGE Error

!ENTRY org.eclipse.cdt.core 4 0 2026-02-26 13:22:39.157
!MESSAGE Error

!ENTRY org.eclipse.cdt.core 4 0 2026-02-26 13:22:39.158
!MESSAGE Error

!ENTRY org.eclipse.cdt.core 4 0 2026-02-26 13:22:39.158
!MESSAGE Error

!ENTRY org.eclipse.cdt.core 4 0 2026-02-26 13:22:39.158
!MESSAGE Error

!ENTRY org.eclipse.cdt.core 4 0 2026-02-26 13:22:39.158
!MESSAGE Error

!ENTRY org.eclipse.cdt.core 4 0 2026-02-26 13:22:39.158
!MESSAGE Error

!ENTRY org.eclipse.cdt.core 4 0 2026-02-26 13:22:39.158
!MESSAGE Error

!ENTRY org.eclipse.cdt.core 4 0 2026-02-26 13:22:39.159
!MESSAGE Error

!ENTRY org.eclipse.cdt.core 4 0 2026-02-26 13:22:39.159
!MESSAGE Error

!ENTRY org.eclipse.cdt.core 4 0 2026-02-26 13:22:39.159
!MESSAGE Error

!ENTRY org.eclipse.cdt.core 4 0 2026-02-26 13:22:39.159
!MESSAGE Error

!ENTRY org.eclipse.cdt.core 4 0 2026-02-26 13:22:39.159
!MESSAGE Error

!ENTRY org.eclipse.cdt.core 4 0 2026-02-26 13:22:39.159
!MESSAGE Error

!ENTRY org.eclipse.cdt.core 4 0 2026-02-26 13:22:39.159
!MESSAGE Error

!ENTRY org.eclipse.cdt.core 4 0 2026-02-26 13:22:39.159
!MESSAGE Error

!ENTRY org.eclipse.cdt.core 4 0 2026-02-26 13:22:39.159
!MESSAGE Error

!ENTRY org.eclipse.cdt.core 4 0 2026-02-26 13:22:39.159
!MESSAGE Error

!ENTRY org.eclipse.cdt.core 4 0 2026-02-26 13:22:39.160
!MESSAGE Error

!ENTRY org.eclipse.cdt.core 4 0 2026-02-26 13:22:39.160
!MESSAGE Error

!ENTRY org.eclipse.cdt.core 4 0 2026-02-26 13:22:39.160
!MESSAGE Error

!ENTRY org.eclipse.cdt.core 4 0 2026-02-26 13:22:39.160
!MESSAGE Error

!ENTRY org.eclipse.cdt.core 4 0 2026-02-26 13:22:39.160
!MESSAGE Error

!ENTRY org.eclipse.cdt.core 4 0 2026-02-26 13:22:39.160
!MESSAGE Error

!ENTRY org.eclipse.cdt.core 4 0 2026-02-26 13:22:39.181
!MESSAGE Error

!ENTRY org.eclipse.cdt.core 4 0 2026-02-26 13:22:39.184
!MESSAGE Error

!ENTRY org.eclipse.cdt.core 4 0 2026-02-26 13:22:42.719
!MESSAGE Error

!ENTRY org.eclipse.cdt.core 4 0 2026-02-26 13:22:42.724
!MESSAGE Error

!ENTRY org.eclipse.cdt.core 4 0 2026-02-26 13:22:42.726
!MESSAGE Error

!ENTRY org.eclipse.cdt.core 4 0 2026-02-26 13:22:42.726
!MESSAGE Error

!ENTRY org.eclipse.cdt.core 4 0 2026-02-26 13:22:42.727
!MESSAGE Error

!ENTRY org.eclipse.cdt.core 4 0 2026-02-26 13:22:42.727
!MESSAGE Error

!ENTRY org.eclipse.cdt.core 4 0 2026-02-26 13:22:42.727
!MESSAGE Error

!ENTRY org.eclipse.cdt.core 4 0 2026-02-26 13:22:42.727
!MESSAGE Error

!ENTRY org.eclipse.cdt.core 4 0 2026-02-26 13:22:42.728
!MESSAGE Error

!ENTRY org.eclipse.cdt.core 4 0 2026-02-26 13:22:42.728
!MESSAGE Error

!ENTRY org.eclipse.cdt.core 4 0 2026-02-26 13:22:42.728
!MESSAGE Error

!ENTRY org.eclipse.cdt.core 4 0 2026-02-26 13:22:42.728
!MESSAGE Error

!ENTRY org.eclipse.cdt.core 4 0 2026-02-26 13:22:42.728
!MESSAGE Error

!ENTRY org.eclipse.cdt.core 4 0 2026-02-26 13:22:42.728
!MESSAGE Error

!ENTRY org.eclipse.cdt.core 4 0 2026-02-26 13:22:42.729
!MESSAGE Error

!ENTRY org.eclipse.cdt.core 4 0 2026-02-26 13:22:42.729
!MESSAGE Error

!ENTRY org.eclipse.cdt.core 4 0 2026-02-26 13:22:42.729
!MESSAGE Error

!ENTRY org.eclipse.cdt.core 4 0 2026-02-26 13:22:42.729
!MESSAGE Error

!ENTRY org.eclipse.cdt.core 4 0 2026-02-26 13:22:42.729
!MESSAGE Error

!ENTRY org.eclipse.cdt.core 4 0 2026-02-26 13:22:42.730
!MESSAGE Error

!ENTRY org.eclipse.cdt.core 4 0 2026-02-26 13:22:42.730
!MESSAGE Error

!ENTRY org.eclipse.cdt.core 4 0 2026-02-26 13:22:42.730
!MESSAGE Error

!ENTRY org.eclipse.cdt.core 4 0 2026-02-26 13:22:42.730
!MESSAGE Error

!ENTRY org.eclipse.cdt.core 4 0 2026-02-26 13:22:42.730
!MESSAGE Error

!ENTRY org.eclipse.cdt.core 4 0 2026-02-26 13:22:42.731
!MESSAGE Error

!ENTRY org.eclipse.cdt.core 4 0 2026-02-26 13:22:42.731
!MESSAGE Error

!ENTRY org.eclipse.cdt.core 4 0 2026-02-26 13:22:42.731
!MESSAGE Error

!ENTRY org.eclipse.cdt.core 4 0 2026-02-26 13:22:42.731
!MESSAGE Error

!ENTRY org.eclipse.cdt.core 4 0 2026-02-26 13:22:42.731
!MESSAGE Error

!ENTRY org.eclipse.cdt.core 4 0 2026-02-26 13:22:42.731
!MESSAGE Error

!ENTRY org.eclipse.cdt.core 4 0 2026-02-26 13:22:42.732
!MESSAGE Error

!ENTRY org.eclipse.cdt.core 4 0 2026-02-26 13:22:42.732
!MESSAGE Error

!ENTRY org.eclipse.cdt.core 4 0 2026-02-26 13:22:42.732
!MESSAGE Error

!ENTRY org.eclipse.cdt.core 4 0 2026-02-26 13:22:42.733
!MESSAGE Error

!ENTRY org.eclipse.cdt.core 4 0 2026-02-26 13:22:42.733
!MESSAGE Error

!ENTRY org.eclipse.cdt.core 4 0 2026-02-26 13:22:42.733
!MESSAGE Error

!ENTRY org.eclipse.cdt.core 4 0 2026-02-26 13:22:42.733
!MESSAGE Error

!ENTRY org.eclipse.cdt.core 4 0 2026-02-26 13:22:42.733
!MESSAGE Error

!ENTRY org.eclipse.cdt.core 4 0 2026-02-26 13:22:42.733
!MESSAGE Error

!ENTRY org.eclipse.cdt.core 4 0 2026-02-26 13:22:42.734
!MESSAGE Error

!ENTRY org.eclipse.cdt.core 4 0 2026-02-26 13:22:42.734
!MESSAGE Error

!ENTRY org.eclipse.cdt.core 4 0 2026-02-26 13:22:42.734
!MESSAGE Error

!ENTRY org.eclipse.cdt.core 4 0 2026-02-26 13:22:42.734
!MESSAGE Error

!ENTRY org.eclipse.cdt.core 4 0 2026-02-26 13:22:42.734
!MESSAGE Error

!ENTRY org.eclipse.cdt.core 4 0 2026-02-26 13:22:42.734
!MESSAGE Error

!ENTRY org.eclipse.cdt.core 4 0 2026-02-26 13:22:42.735
!MESSAGE Error

!ENTRY org.eclipse.cdt.core 4 0 2026-02-26 13:22:42.735
!MESSAGE Error

!ENTRY org.eclipse.cdt.core 4 0 2026-02-26 13:22:42.735
!MESSAGE Error

!ENTRY org.eclipse.cdt.core 4 0 2026-02-26 13:22:42.735
!MESSAGE Error

!ENTRY org.eclipse.cdt.core 4 0 2026-02-26 13:22:42.735
!MESSAGE Error

!ENTRY org.eclipse.cdt.core 4 0 2026-02-26 13:22:42.736
!MESSAGE Error

!ENTRY org.eclipse.cdt.core 4 0 2026-02-26 13:22:42.736
!MESSAGE Error

!ENTRY org.eclipse.cdt.core 4 0 2026-02-26 13:22:42.736
!MESSAGE Error

!ENTRY org.eclipse.cdt.core 4 0 2026-02-26 13:22:42.737
!MESSAGE Error

!ENTRY org.eclipse.cdt.core 4 0 2026-02-26 13:22:42.737
!MESSAGE Error

!ENTRY org.eclipse.cdt.core 4 0 2026-02-26 13:22:42.737
!MESSAGE Error

!ENTRY org.eclipse.cdt.core 4 0 2026-02-26 13:22:42.737
!MESSAGE Error

!ENTRY org.eclipse.cdt.core 4 0 2026-02-26 13:22:42.737
!MESSAGE Error

!ENTRY org.eclipse.cdt.core 4 0 2026-02-26 13:22:42.738
!MESSAGE Error

!ENTRY org.eclipse.cdt.core 4 0 2026-02-26 13:22:42.738
!MESSAGE Error

!ENTRY org.eclipse.cdt.core 4 0 2026-02-26 13:22:42.738
!MESSAGE Error

!ENTRY org.eclipse.cdt.core 4 0 2026-02-26 13:22:42.738
!MESSAGE Error

!ENTRY org.eclipse.cdt.core 4 0 2026-02-26 13:22:42.738
!MESSAGE Error

!ENTRY org.eclipse.cdt.core 4 0 2026-02-26 13:22:42.738
!MESSAGE Error

!ENTRY org.eclipse.cdt.core 4 0 2026-02-26 13:22:42.739
!MESSAGE Error

!ENTRY org.eclipse.cdt.core 4 0 2026-02-26 13:22:42.739
!MESSAGE Error

!ENTRY org.eclipse.cdt.core 4 0 2026-02-26 13:22:42.739
!MESSAGE Error

!ENTRY org.eclipse.cdt.core 4 0 2026-02-26 13:22:42.739
!MESSAGE Error

!ENTRY org.eclipse.cdt.core 4 0 2026-02-26 13:22:42.739
!MESSAGE Error

!ENTRY org.eclipse.cdt.core 4 0 2026-02-26 13:22:42.739
!MESSAGE Error

!ENTRY org.eclipse.cdt.core 4 0 2026-02-26 13:22:42.740
!MESSAGE Error

!ENTRY org.eclipse.cdt.core 4 0 2026-02-26 13:22:42.740
!MESSAGE Error

!ENTRY org.eclipse.cdt.core 4 0 2026-02-26 13:22:42.740
!MESSAGE Error

!ENTRY org.eclipse.cdt.core 4 0 2026-02-26 13:22:42.740
!MESSAGE Error

!ENTRY org.eclipse.cdt.core 4 0 2026-02-26 13:22:42.741
!MESSAGE Error

!ENTRY org.eclipse.cdt.core 4 0 2026-02-26 13:22:42.744
!MESSAGE Error

!ENTRY org.eclipse.cdt.core 4 0 2026-02-26 13:22:51.944
!MESSAGE Error

!ENTRY org.eclipse.cdt.core 4 0 2026-02-26 13:22:51.947
!MESSAGE Error

!ENTRY org.eclipse.cdt.core 4 0 2026-02-26 13:22:51.948
!MESSAGE Error

!ENTRY org.eclipse.cdt.core 4 0 2026-02-26 13:22:51.948
!MESSAGE Error

!ENTRY org.eclipse.cdt.core 4 0 2026-02-26 13:22:51.948
!MESSAGE Error

!ENTRY org.eclipse.cdt.core 4 0 2026-02-26 13:22:51.948
!MESSAGE Error

!ENTRY org.eclipse.cdt.core 4 0 2026-02-26 13:22:51.948
!MESSAGE Error

!ENTRY org.eclipse.cdt.core 4 0 2026-02-26 13:22:51.949
!MESSAGE Error

!ENTRY org.eclipse.cdt.core 4 0 2026-02-26 13:22:51.949
!MESSAGE Error

!ENTRY org.eclipse.cdt.core 4 0 2026-02-26 13:22:51.949
!MESSAGE Error

!ENTRY org.eclipse.cdt.core 4 0 2026-02-26 13:22:51.949
!MESSAGE Error

!ENTRY org.eclipse.cdt.core 4 0 2026-02-26 13:22:51.950
!MESSAGE Error

!ENTRY org.eclipse.cdt.core 4 0 2026-02-26 13:22:51.950
!MESSAGE Error

!ENTRY org.eclipse.cdt.core 4 0 2026-02-26 13:22:51.950
!MESSAGE Error

!ENTRY org.eclipse.cdt.core 4 0 2026-02-26 13:22:51.950
!MESSAGE Error

!ENTRY org.eclipse.cdt.core 4 0 2026-02-26 13:22:51.950
!MESSAGE Error

!ENTRY org.eclipse.cdt.core 4 0 2026-02-26 13:22:51.950
!MESSAGE Error

!ENTRY org.eclipse.cdt.core 4 0 2026-02-26 13:22:51.950
!MESSAGE Error

!ENTRY org.eclipse.cdt.core 4 0 2026-02-26 13:22:51.950
!MESSAGE Error

!ENTRY org.eclipse.cdt.core 4 0 2026-02-26 13:22:51.950
!MESSAGE Error

!ENTRY org.eclipse.cdt.core 4 0 2026-02-26 13:22:51.950
!MESSAGE Error

!ENTRY org.eclipse.cdt.core 4 0 2026-02-26 13:22:51.951
!MESSAGE Error

!ENTRY org.eclipse.cdt.core 4 0 2026-02-26 13:22:51.951
!MESSAGE Error

!ENTRY org.eclipse.cdt.core 4 0 2026-02-26 13:22:51.951
!MESSAGE Error

!ENTRY org.eclipse.cdt.core 4 0 2026-02-26 13:22:51.951
!MESSAGE Error

!ENTRY org.eclipse.cdt.core 4 0 2026-02-26 13:22:51.951
!MESSAGE Error

!ENTRY org.eclipse.cdt.core 4 0 2026-02-26 13:22:51.951
!MESSAGE Error

!ENTRY org.eclipse.cdt.core 4 0 2026-02-26 13:22:51.951
!MESSAGE Error

!ENTRY org.eclipse.cdt.core 4 0 2026-02-26 13:22:51.952
!MESSAGE Error

!ENTRY org.eclipse.cdt.core 4 0 2026-02-26 13:22:51.952
!MESSAGE Error

!ENTRY org.eclipse.cdt.core 4 0 2026-02-26 13:22:51.952
!MESSAGE Error

!ENTRY org.eclipse.cdt.core 4 0 2026-02-26 13:22:51.952
!MESSAGE Error

!ENTRY org.eclipse.cdt.core 4 0 2026-02-26 13:22:51.952
!MESSAGE Error

!ENTRY org.eclipse.cdt.core 4 0 2026-02-26 13:22:51.953
!MESSAGE Error

!ENTRY org.eclipse.cdt.core 4 0 2026-02-26 13:22:51.953
!MESSAGE Error

!ENTRY org.eclipse.cdt.core 4 0 2026-02-26 13:22:51.953
!MESSAGE Error

!ENTRY org.eclipse.cdt.core 4 0 2026-02-26 13:22:51.953
!MESSAGE Error

!ENTRY org.eclipse.cdt.core 4 0 2026-02-26 13:22:51.953
!MESSAGE Error

!ENTRY org.eclipse.cdt.core 4 0 2026-02-26 13:22:51.954
!MESSAGE Error

!ENTRY org.eclipse.cdt.core 4 0 2026-02-26 13:22:51.954
!MESSAGE Error

!ENTRY org.eclipse.cdt.core 4 0 2026-02-26 13:22:51.954
!MESSAGE Error

!ENTRY org.eclipse.cdt.core 4 0 2026-02-26 13:22:51.954
!MESSAGE Error

!ENTRY org.eclipse.cdt.core 4 0 2026-02-26 13:22:51.954
!MESSAGE Error

!ENTRY org.eclipse.cdt.core 4 0 2026-02-26 13:22:51.954
!MESSAGE Error

!ENTRY org.eclipse.cdt.core 4 0 2026-02-26 13:22:51.955
!MESSAGE Error

!ENTRY org.eclipse.cdt.core 4 0 2026-02-26 13:22:51.955
!MESSAGE Error

!ENTRY org.eclipse.cdt.core 4 0 2026-02-26 13:22:51.955
!MESSAGE Error

!ENTRY org.eclipse.cdt.core 4 0 2026-02-26 13:22:51.955
!MESSAGE Error

!ENTRY org.eclipse.cdt.core 4 0 2026-02-26 13:22:51.956
!MESSAGE Error

!ENTRY org.eclipse.cdt.core 4 0 2026-02-26 13:22:51.956
!MESSAGE Error

!ENTRY org.eclipse.cdt.core 4 0 2026-02-26 13:22:51.956
!MESSAGE Error

!ENTRY org.eclipse.cdt.core 4 0 2026-02-26 13:22:51.956
!MESSAGE Error

!ENTRY org.eclipse.cdt.core 4 0 2026-02-26 13:22:51.956
!MESSAGE Error

!ENTRY org.eclipse.cdt.core 4 0 2026-02-26 13:22:51.956
!MESSAGE Error

!ENTRY org.eclipse.cdt.core 4 0 2026-02-26 13:22:51.956
!MESSAGE Error

!ENTRY org.eclipse.cdt.core 4 0 2026-02-26 13:22:51.957
!MESSAGE Error

!ENTRY org.eclipse.cdt.core 4 0 2026-02-26 13:22:51.957
!MESSAGE Error

!ENTRY org.eclipse.cdt.core 4 0 2026-02-26 13:22:51.957
!MESSAGE Error

!ENTRY org.eclipse.cdt.core 4 0 2026-02-26 13:22:51.957
!MESSAGE Error

!ENTRY org.eclipse.cdt.core 4 0 2026-02-26 13:22:51.957
!MESSAGE Error

!ENTRY org.eclipse.cdt.core 4 0 2026-02-26 13:22:51.957
!MESSAGE Error

!ENTRY org.eclipse.cdt.core 4 0 2026-02-26 13:22:51.958
!MESSAGE Error

!ENTRY org.eclipse.cdt.core 4 0 2026-02-26 13:22:51.958
!MESSAGE Error

!ENTRY org.eclipse.cdt.core 4 0 2026-02-26 13:22:51.958
!MESSAGE Error

!ENTRY org.eclipse.cdt.core 4 0 2026-02-26 13:22:51.958
!MESSAGE Error

!ENTRY org.eclipse.cdt.core 4 0 2026-02-26 13:22:51.958
!MESSAGE Error

!ENTRY org.eclipse.cdt.core 4 0 2026-02-26 13:22:51.958
!MESSAGE Error

!ENTRY org.eclipse.cdt.core 4 0 2026-02-26 13:22:51.958
!MESSAGE Error

!ENTRY org.eclipse.cdt.core 4 0 2026-02-26 13:22:51.958
!MESSAGE Error

!ENTRY org.eclipse.cdt.core 4 0 2026-02-26 13:22:51.959
!MESSAGE Error

!ENTRY org.eclipse.cdt.core 4 0 2026-02-26 13:22:51.959
!MESSAGE Error

!ENTRY org.eclipse.cdt.core 4 0 2026-02-26 13:22:51.959
!MESSAGE Error

!ENTRY org.eclipse.cdt.core 4 0 2026-02-26 13:22:51.960
!MESSAGE Error

!ENTRY org.eclipse.cdt.core 4 0 2026-02-26 13:22:51.960
!MESSAGE Error

!ENTRY org.eclipse.cdt.core 4 0 2026-02-26 13:22:58.611
!MESSAGE Error

!ENTRY org.eclipse.cdt.core 4 0 2026-02-26 13:22:58.616
!MESSAGE Error

!ENTRY org.eclipse.cdt.core 4 0 2026-02-26 13:22:58.618
!MESSAGE Error

!ENTRY org.eclipse.cdt.core 4 0 2026-02-26 13:22:58.618
!MESSAGE Error

!ENTRY org.eclipse.cdt.core 4 0 2026-02-26 13:22:58.619
!MESSAGE Error

!ENTRY org.eclipse.cdt.core 4 0 2026-02-26 13:22:58.619
!MESSAGE Error

!ENTRY org.eclipse.cdt.core 4 0 2026-02-26 13:22:58.619
!MESSAGE Error

!ENTRY org.eclipse.cdt.core 4 0 2026-02-26 13:22:58.620
!MESSAGE Error

!ENTRY org.eclipse.cdt.core 4 0 2026-02-26 13:22:58.620
!MESSAGE Error

!ENTRY org.eclipse.cdt.core 4 0 2026-02-26 13:22:58.620
!MESSAGE Error

!ENTRY org.eclipse.cdt.core 4 0 2026-02-26 13:22:58.621
!MESSAGE Error

!ENTRY org.eclipse.cdt.core 4 0 2026-02-26 13:22:58.621
!MESSAGE Error

!ENTRY org.eclipse.cdt.core 4 0 2026-02-26 13:22:58.622
!MESSAGE Error

!ENTRY org.eclipse.cdt.core 4 0 2026-02-26 13:22:58.622
!MESSAGE Error

!ENTRY org.eclipse.cdt.core 4 0 2026-02-26 13:22:58.622
!MESSAGE Error

!ENTRY org.eclipse.cdt.core 4 0 2026-02-26 13:22:58.623
!MESSAGE Error

!ENTRY org.eclipse.cdt.core 4 0 2026-02-26 13:22:58.623
!MESSAGE Error

!ENTRY org.eclipse.cdt.core 4 0 2026-02-26 13:22:58.623
!MESSAGE Error

!ENTRY org.eclipse.cdt.core 4 0 2026-02-26 13:22:58.624
!MESSAGE Error

!ENTRY org.eclipse.cdt.core 4 0 2026-02-26 13:22:58.624
!MESSAGE Error

!ENTRY org.eclipse.cdt.core 4 0 2026-02-26 13:22:58.625
!MESSAGE Error

!ENTRY org.eclipse.cdt.core 4 0 2026-02-26 13:22:58.625
!MESSAGE Error

!ENTRY org.eclipse.cdt.core 4 0 2026-02-26 13:22:58.625
!MESSAGE Error

!ENTRY org.eclipse.cdt.core 4 0 2026-02-26 13:22:58.625
!MESSAGE Error

!ENTRY org.eclipse.cdt.core 4 0 2026-02-26 13:22:58.626
!MESSAGE Error

!ENTRY org.eclipse.cdt.core 4 0 2026-02-26 13:22:58.626
!MESSAGE Error

!ENTRY org.eclipse.cdt.core 4 0 2026-02-26 13:22:58.626
!MESSAGE Error

!ENTRY org.eclipse.cdt.core 4 0 2026-02-26 13:22:58.626
!MESSAGE Error

!ENTRY org.eclipse.cdt.core 4 0 2026-02-26 13:22:58.627
!MESSAGE Error

!ENTRY org.eclipse.cdt.core 4 0 2026-02-26 13:22:58.627
!MESSAGE Error

!ENTRY org.eclipse.cdt.core 4 0 2026-02-26 13:22:58.627
!MESSAGE Error

!ENTRY org.eclipse.cdt.core 4 0 2026-02-26 13:22:58.628
!MESSAGE Error

!ENTRY org.eclipse.cdt.core 4 0 2026-02-26 13:22:58.628
!MESSAGE Error

!ENTRY org.eclipse.cdt.core 4 0 2026-02-26 13:22:58.628
!MESSAGE Error

!ENTRY org.eclipse.cdt.core 4 0 2026-02-26 13:22:58.629
!MESSAGE Error

!ENTRY org.eclipse.cdt.core 4 0 2026-02-26 13:22:58.629
!MESSAGE Error

!ENTRY org.eclipse.cdt.core 4 0 2026-02-26 13:22:58.629
!MESSAGE Error

!ENTRY org.eclipse.cdt.core 4 0 2026-02-26 13:22:58.630
!MESSAGE Error

!ENTRY org.eclipse.cdt.core 4 0 2026-02-26 13:22:58.630
!MESSAGE Error

!ENTRY org.eclipse.cdt.core 4 0 2026-02-26 13:22:58.630
!MESSAGE Error

!ENTRY org.eclipse.cdt.core 4 0 2026-02-26 13:22:58.630
!MESSAGE Error

!ENTRY org.eclipse.cdt.core 4 0 2026-02-26 13:22:58.631
!MESSAGE Error

!ENTRY org.eclipse.cdt.core 4 0 2026-02-26 13:22:58.631
!MESSAGE Error

!ENTRY org.eclipse.cdt.core 4 0 2026-02-26 13:22:58.631
!MESSAGE Error

!ENTRY org.eclipse.cdt.core 4 0 2026-02-26 13:22:58.631
!MESSAGE Error

!ENTRY org.eclipse.cdt.core 4 0 2026-02-26 13:22:58.631
!MESSAGE Error

!ENTRY org.eclipse.cdt.core 4 0 2026-02-26 13:22:58.631
!MESSAGE Error

!ENTRY org.eclipse.cdt.core 4 0 2026-02-26 13:22:58.632
!MESSAGE Error

!ENTRY org.eclipse.cdt.core 4 0 2026-02-26 13:22:58.632
!MESSAGE Error

!ENTRY org.eclipse.cdt.core 4 0 2026-02-26 13:22:58.632
!MESSAGE Error

!ENTRY org.eclipse.cdt.core 4 0 2026-02-26 13:22:58.632
!MESSAGE Error

!ENTRY org.eclipse.cdt.core 4 0 2026-02-26 13:22:58.632
!MESSAGE Error

!ENTRY org.eclipse.cdt.core 4 0 2026-02-26 13:22:58.632
!MESSAGE Error

!ENTRY org.eclipse.cdt.core 4 0 2026-02-26 13:22:58.632
!MESSAGE Error

!ENTRY org.eclipse.cdt.core 4 0 2026-02-26 13:22:58.632
!MESSAGE Error

!ENTRY org.eclipse.cdt.core 4 0 2026-02-26 13:22:58.632
!MESSAGE Error

!ENTRY org.eclipse.cdt.core 4 0 2026-02-26 13:22:58.632
!MESSAGE Error

!ENTRY org.eclipse.cdt.core 4 0 2026-02-26 13:22:58.633
!MESSAGE Error

!ENTRY org.eclipse.cdt.core 4 0 2026-02-26 13:22:58.633
!MESSAGE Error

!ENTRY org.eclipse.cdt.core 4 0 2026-02-26 13:22:58.633
!MESSAGE Error

!ENTRY org.eclipse.cdt.core 4 0 2026-02-26 13:22:58.633
!MESSAGE Error

!ENTRY org.eclipse.cdt.core 4 0 2026-02-26 13:22:58.633
!MESSAGE Error

!ENTRY org.eclipse.cdt.core 4 0 2026-02-26 13:22:58.633
!MESSAGE Error

!ENTRY org.eclipse.cdt.core 4 0 2026-02-26 13:22:58.633
!MESSAGE Error

!ENTRY org.eclipse.cdt.core 4 0 2026-02-26 13:22:58.634
!MESSAGE Error

!ENTRY org.eclipse.cdt.core 4 0 2026-02-26 13:22:58.634
!MESSAGE Error

!ENTRY org.eclipse.cdt.core 4 0 2026-02-26 13:22:58.634
!MESSAGE Error

!ENTRY org.eclipse.cdt.core 4 0 2026-02-26 13:22:58.634
!MESSAGE Error

!ENTRY org.eclipse.cdt.core 4 0 2026-02-26 13:22:58.634
!MESSAGE Error

!ENTRY org.eclipse.cdt.core 4 0 2026-02-26 13:22:58.634
!MESSAGE Error

!ENTRY org.eclipse.cdt.core 4 0 2026-02-26 13:22:58.635
!MESSAGE Error

!ENTRY org.eclipse.cdt.core 4 0 2026-02-26 13:22:58.635
!MESSAGE Error

!ENTRY org.eclipse.cdt.core 4 0 2026-02-26 13:22:58.635
!MESSAGE Error

!ENTRY org.eclipse.cdt.core 4 0 2026-02-26 13:22:58.635
!MESSAGE Error

!ENTRY org.eclipse.cdt.core 4 0 2026-02-26 13:22:59.667
!MESSAGE Error

!ENTRY org.eclipse.cdt.core 4 0 2026-02-26 13:22:59.672
!MESSAGE Error

!ENTRY org.eclipse.cdt.core 4 0 2026-02-26 13:22:59.673
!MESSAGE Error

!ENTRY org.eclipse.cdt.core 4 0 2026-02-26 13:22:59.674
!MESSAGE Error

!ENTRY org.eclipse.cdt.core 4 0 2026-02-26 13:22:59.674
!MESSAGE Error

!ENTRY org.eclipse.cdt.core 4 0 2026-02-26 13:22:59.674
!MESSAGE Error

!ENTRY org.eclipse.cdt.core 4 0 2026-02-26 13:22:59.675
!MESSAGE Error

!ENTRY org.eclipse.cdt.core 4 0 2026-02-26 13:22:59.675
!MESSAGE Error

!ENTRY org.eclipse.cdt.core 4 0 2026-02-26 13:22:59.675
!MESSAGE Error

!ENTRY org.eclipse.cdt.core 4 0 2026-02-26 13:22:59.676
!MESSAGE Error

!ENTRY org.eclipse.cdt.core 4 0 2026-02-26 13:22:59.676
!MESSAGE Error

!ENTRY org.eclipse.cdt.core 4 0 2026-02-26 13:22:59.677
!MESSAGE Error

!ENTRY org.eclipse.cdt.core 4 0 2026-02-26 13:22:59.677
!MESSAGE Error

!ENTRY org.eclipse.cdt.core 4 0 2026-02-26 13:22:59.677
!MESSAGE Error

!ENTRY org.eclipse.cdt.core 4 0 2026-02-26 13:22:59.678
!MESSAGE Error

!ENTRY org.eclipse.cdt.core 4 0 2026-02-26 13:22:59.678
!MESSAGE Error

!ENTRY org.eclipse.cdt.core 4 0 2026-02-26 13:22:59.678
!MESSAGE Error

!ENTRY org.eclipse.cdt.core 4 0 2026-02-26 13:22:59.680
!MESSAGE Error

!ENTRY org.eclipse.cdt.core 4 0 2026-02-26 13:22:59.680
!MESSAGE Error

!ENTRY org.eclipse.cdt.core 4 0 2026-02-26 13:22:59.680
!MESSAGE Error

!ENTRY org.eclipse.cdt.core 4 0 2026-02-26 13:22:59.681
!MESSAGE Error

!ENTRY org.eclipse.cdt.core 4 0 2026-02-26 13:22:59.681
!MESSAGE Error

!ENTRY org.eclipse.cdt.core 4 0 2026-02-26 13:22:59.681
!MESSAGE Error

!ENTRY org.eclipse.cdt.core 4 0 2026-02-26 13:22:59.682
!MESSAGE Error

!ENTRY org.eclipse.cdt.core 4 0 2026-02-26 13:22:59.682
!MESSAGE Error

!ENTRY org.eclipse.cdt.core 4 0 2026-02-26 13:22:59.682
!MESSAGE Error

!ENTRY org.eclipse.cdt.core 4 0 2026-02-26 13:22:59.683
!MESSAGE Error

!ENTRY org.eclipse.cdt.core 4 0 2026-02-26 13:22:59.683
!MESSAGE Error

!ENTRY org.eclipse.cdt.core 4 0 2026-02-26 13:22:59.683
!MESSAGE Error

!ENTRY org.eclipse.cdt.core 4 0 2026-02-26 13:22:59.683
!MESSAGE Error

!ENTRY org.eclipse.cdt.core 4 0 2026-02-26 13:22:59.684
!MESSAGE Error

!ENTRY org.eclipse.cdt.core 4 0 2026-02-26 13:22:59.684
!MESSAGE Error

!ENTRY org.eclipse.cdt.core 4 0 2026-02-26 13:22:59.684
!MESSAGE Error

!ENTRY org.eclipse.cdt.core 4 0 2026-02-26 13:22:59.685
!MESSAGE Error

!ENTRY org.eclipse.cdt.core 4 0 2026-02-26 13:22:59.685
!MESSAGE Error

!ENTRY org.eclipse.cdt.core 4 0 2026-02-26 13:22:59.685
!MESSAGE Error

!ENTRY org.eclipse.cdt.core 4 0 2026-02-26 13:22:59.686
!MESSAGE Error

!ENTRY org.eclipse.cdt.core 4 0 2026-02-26 13:22:59.686
!MESSAGE Error

!ENTRY org.eclipse.cdt.core 4 0 2026-02-26 13:22:59.687
!MESSAGE Error

!ENTRY org.eclipse.cdt.core 4 0 2026-02-26 13:22:59.687
!MESSAGE Error

!ENTRY org.eclipse.cdt.core 4 0 2026-02-26 13:22:59.687
!MESSAGE Error

!ENTRY org.eclipse.cdt.core 4 0 2026-02-26 13:22:59.688
!MESSAGE Error

!ENTRY org.eclipse.cdt.core 4 0 2026-02-26 13:22:59.688
!MESSAGE Error

!ENTRY org.eclipse.cdt.core 4 0 2026-02-26 13:22:59.688
!MESSAGE Error

!ENTRY org.eclipse.cdt.core 4 0 2026-02-26 13:22:59.689
!MESSAGE Error

!ENTRY org.eclipse.cdt.core 4 0 2026-02-26 13:22:59.689
!MESSAGE Error

!ENTRY org.eclipse.cdt.core 4 0 2026-02-26 13:22:59.689
!MESSAGE Error

!ENTRY org.eclipse.cdt.core 4 0 2026-02-26 13:22:59.690
!MESSAGE Error

!ENTRY org.eclipse.cdt.core 4 0 2026-02-26 13:22:59.690
!MESSAGE Error

!ENTRY org.eclipse.cdt.core 4 0 2026-02-26 13:22:59.690
!MESSAGE Error

!ENTRY org.eclipse.cdt.core 4 0 2026-02-26 13:22:59.691
!MESSAGE Error

!ENTRY org.eclipse.cdt.core 4 0 2026-02-26 13:22:59.691
!MESSAGE Error

!ENTRY org.eclipse.cdt.core 4 0 2026-02-26 13:22:59.691
!MESSAGE Error

!ENTRY org.eclipse.cdt.core 4 0 2026-02-26 13:22:59.691
!MESSAGE Error

!ENTRY org.eclipse.cdt.core 4 0 2026-02-26 13:22:59.691
!MESSAGE Error

!ENTRY org.eclipse.cdt.core 4 0 2026-02-26 13:22:59.692
!MESSAGE Error

!ENTRY org.eclipse.cdt.core 4 0 2026-02-26 13:22:59.692
!MESSAGE Error

!ENTRY org.eclipse.cdt.core 4 0 2026-02-26 13:22:59.692
!MESSAGE Error

!ENTRY org.eclipse.cdt.core 4 0 2026-02-26 13:22:59.692
!MESSAGE Error

!ENTRY org.eclipse.cdt.core 4 0 2026-02-26 13:22:59.692
!MESSAGE Error

!ENTRY org.eclipse.cdt.core 4 0 2026-02-26 13:22:59.692
!MESSAGE Error

!ENTRY org.eclipse.cdt.core 4 0 2026-02-26 13:22:59.693
!MESSAGE Error

!ENTRY org.eclipse.cdt.core 4 0 2026-02-26 13:22:59.693
!MESSAGE Error

!ENTRY org.eclipse.cdt.core 4 0 2026-02-26 13:22:59.693
!MESSAGE Error

!ENTRY org.eclipse.cdt.core 4 0 2026-02-26 13:22:59.693
!MESSAGE Error

!ENTRY org.eclipse.cdt.core 4 0 2026-02-26 13:22:59.693
!MESSAGE Error

!ENTRY org.eclipse.cdt.core 4 0 2026-02-26 13:22:59.693
!MESSAGE Error

!ENTRY org.eclipse.cdt.core 4 0 2026-02-26 13:22:59.693
!MESSAGE Error

!ENTRY org.eclipse.cdt.core 4 0 2026-02-26 13:22:59.694
!MESSAGE Error

!ENTRY org.eclipse.cdt.core 4 0 2026-02-26 13:22:59.694
!MESSAGE Error

!ENTRY org.eclipse.cdt.core 4 0 2026-02-26 13:22:59.694
!MESSAGE Error

!ENTRY org.eclipse.cdt.core 4 0 2026-02-26 13:22:59.694
!MESSAGE Error

!ENTRY org.eclipse.cdt.core 4 0 2026-02-26 13:23:03.261
!MESSAGE Error

!ENTRY org.eclipse.cdt.core 4 0 2026-02-26 13:23:03.267
!MESSAGE Error

!ENTRY org.eclipse.cdt.core 4 0 2026-02-26 13:23:03.268
!MESSAGE Error

!ENTRY org.eclipse.cdt.core 4 0 2026-02-26 13:23:03.268
!MESSAGE Error

!ENTRY org.eclipse.cdt.core 4 0 2026-02-26 13:23:03.269
!MESSAGE Error

!ENTRY org.eclipse.cdt.core 4 0 2026-02-26 13:23:03.269
!MESSAGE Error

!ENTRY org.eclipse.cdt.core 4 0 2026-02-26 13:23:03.270
!MESSAGE Error

!ENTRY org.eclipse.cdt.core 4 0 2026-02-26 13:23:03.270
!MESSAGE Error

!ENTRY org.eclipse.cdt.core 4 0 2026-02-26 13:23:03.270
!MESSAGE Error

!ENTRY org.eclipse.cdt.core 4 0 2026-02-26 13:23:03.271
!MESSAGE Error

!ENTRY org.eclipse.cdt.core 4 0 2026-02-26 13:23:03.271
!MESSAGE Error

!ENTRY org.eclipse.cdt.core 4 0 2026-02-26 13:23:03.272
!MESSAGE Error

!ENTRY org.eclipse.cdt.core 4 0 2026-02-26 13:23:03.272
!MESSAGE Error

!ENTRY org.eclipse.cdt.core 4 0 2026-02-26 13:23:03.272
!MESSAGE Error

!ENTRY org.eclipse.cdt.core 4 0 2026-02-26 13:23:03.273
!MESSAGE Error

!ENTRY org.eclipse.cdt.core 4 0 2026-02-26 13:23:03.273
!MESSAGE Error

!ENTRY org.eclipse.cdt.core 4 0 2026-02-26 13:23:03.274
!MESSAGE Error

!ENTRY org.eclipse.cdt.core 4 0 2026-02-26 13:23:03.274
!MESSAGE Error

!ENTRY org.eclipse.cdt.core 4 0 2026-02-26 13:23:03.274
!MESSAGE Error

!ENTRY org.eclipse.cdt.core 4 0 2026-02-26 13:23:03.275
!MESSAGE Error

!ENTRY org.eclipse.cdt.core 4 0 2026-02-26 13:23:03.275
!MESSAGE Error

!ENTRY org.eclipse.cdt.core 4 0 2026-02-26 13:23:03.275
!MESSAGE Error

!ENTRY org.eclipse.cdt.core 4 0 2026-02-26 13:23:03.276
!MESSAGE Error

!ENTRY org.eclipse.cdt.core 4 0 2026-02-26 13:23:03.276
!MESSAGE Error

!ENTRY org.eclipse.cdt.core 4 0 2026-02-26 13:23:03.276
!MESSAGE Error

!ENTRY org.eclipse.cdt.core 4 0 2026-02-26 13:23:03.276
!MESSAGE Error

!ENTRY org.eclipse.cdt.core 4 0 2026-02-26 13:23:03.276
!MESSAGE Error

!ENTRY org.eclipse.cdt.core 4 0 2026-02-26 13:23:03.277
!MESSAGE Error

!ENTRY org.eclipse.cdt.core 4 0 2026-02-26 13:23:03.277
!MESSAGE Error

!ENTRY org.eclipse.cdt.core 4 0 2026-02-26 13:23:03.277
!MESSAGE Error

!ENTRY org.eclipse.cdt.core 4 0 2026-02-26 13:23:03.277
!MESSAGE Error

!ENTRY org.eclipse.cdt.core 4 0 2026-02-26 13:23:03.277
!MESSAGE Error

!ENTRY org.eclipse.cdt.core 4 0 2026-02-26 13:23:03.277
!MESSAGE Error

!ENTRY org.eclipse.cdt.core 4 0 2026-02-26 13:23:03.277
!MESSAGE Error

!ENTRY org.eclipse.cdt.core 4 0 2026-02-26 13:23:03.278
!MESSAGE Error

!ENTRY org.eclipse.cdt.core 4 0 2026-02-26 13:23:03.278
!MESSAGE Error

!ENTRY org.eclipse.cdt.core 4 0 2026-02-26 13:23:03.278
!MESSAGE Error

!ENTRY org.eclipse.cdt.core 4 0 2026-02-26 13:23:03.278
!MESSAGE Error

!ENTRY org.eclipse.cdt.core 4 0 2026-02-26 13:23:03.278
!MESSAGE Error

!ENTRY org.eclipse.cdt.core 4 0 2026-02-26 13:23:03.278
!MESSAGE Error

!ENTRY org.eclipse.cdt.core 4 0 2026-02-26 13:23:03.278
!MESSAGE Error

!ENTRY org.eclipse.cdt.core 4 0 2026-02-26 13:23:03.278
!MESSAGE Error

!ENTRY org.eclipse.cdt.core 4 0 2026-02-26 13:23:03.278
!MESSAGE Error

!ENTRY org.eclipse.cdt.core 4 0 2026-02-26 13:23:03.278
!MESSAGE Error

!ENTRY org.eclipse.cdt.core 4 0 2026-02-26 13:23:03.278
!MESSAGE Error

!ENTRY org.eclipse.cdt.core 4 0 2026-02-26 13:23:03.279
!MESSAGE Error

!ENTRY org.eclipse.cdt.core 4 0 2026-02-26 13:23:03.279
!MESSAGE Error

!ENTRY org.eclipse.cdt.core 4 0 2026-02-26 13:23:03.279
!MESSAGE Error

!ENTRY org.eclipse.cdt.core 4 0 2026-02-26 13:23:03.279
!MESSAGE Error

!ENTRY org.eclipse.cdt.core 4 0 2026-02-26 13:23:03.279
!MESSAGE Error

!ENTRY org.eclipse.cdt.core 4 0 2026-02-26 13:23:03.279
!MESSAGE Error

!ENTRY org.eclipse.cdt.core 4 0 2026-02-26 13:23:03.279
!MESSAGE Error

!ENTRY org.eclipse.cdt.core 4 0 2026-02-26 13:23:03.280
!MESSAGE Error

!ENTRY org.eclipse.cdt.core 4 0 2026-02-26 13:23:03.280
!MESSAGE Error

!ENTRY org.eclipse.cdt.core 4 0 2026-02-26 13:23:03.280
!MESSAGE Error

!ENTRY org.eclipse.cdt.core 4 0 2026-02-26 13:23:03.280
!MESSAGE Error

!ENTRY org.eclipse.cdt.core 4 0 2026-02-26 13:23:03.280
!MESSAGE Error

!ENTRY org.eclipse.cdt.core 4 0 2026-02-26 13:23:03.280
!MESSAGE Error

!ENTRY org.eclipse.cdt.core 4 0 2026-02-26 13:23:03.281
!MESSAGE Error

!ENTRY org.eclipse.cdt.core 4 0 2026-02-26 13:23:03.281
!MESSAGE Error

!ENTRY org.eclipse.cdt.core 4 0 2026-02-26 13:23:03.281
!MESSAGE Error

!ENTRY org.eclipse.cdt.core 4 0 2026-02-26 13:23:03.281
!MESSAGE Error

!ENTRY org.eclipse.cdt.core 4 0 2026-02-26 13:23:03.281
!MESSAGE Error

!ENTRY org.eclipse.cdt.core 4 0 2026-02-26 13:23:03.281
!MESSAGE Error

!ENTRY org.eclipse.cdt.core 4 0 2026-02-26 13:23:03.281
!MESSAGE Error

!ENTRY org.eclipse.cdt.core 4 0 2026-02-26 13:23:03.282
!MESSAGE Error

!ENTRY org.eclipse.cdt.core 4 0 2026-02-26 13:23:03.282
!MESSAGE Error

!ENTRY org.eclipse.cdt.core 4 0 2026-02-26 13:23:03.282
!MESSAGE Error

!ENTRY org.eclipse.cdt.core 4 0 2026-02-26 13:23:03.282
!MESSAGE Error

!ENTRY org.eclipse.cdt.core 4 0 2026-02-26 13:23:03.282
!MESSAGE Error

!ENTRY org.eclipse.cdt.core 4 0 2026-02-26 13:23:03.282
!MESSAGE Error

!ENTRY org.eclipse.cdt.core 4 0 2026-02-26 13:23:03.282
!MESSAGE Error

!ENTRY org.eclipse.cdt.core 4 0 2026-02-26 13:23:03.283
!MESSAGE Error

!ENTRY org.eclipse.cdt.core 4 0 2026-02-26 13:23:03.283
!MESSAGE Error

!ENTRY org.eclipse.cdt.core 4 0 2026-02-26 13:23:05.327
!MESSAGE Error

!ENTRY org.eclipse.cdt.core 4 0 2026-02-26 13:23:05.332
!MESSAGE Error

!ENTRY org.eclipse.cdt.core 4 0 2026-02-26 13:23:05.333
!MESSAGE Error

!ENTRY org.eclipse.cdt.core 4 0 2026-02-26 13:23:05.339
!MESSAGE Error

!ENTRY org.eclipse.cdt.core 4 0 2026-02-26 13:23:06.955
!MESSAGE Error

!ENTRY org.eclipse.cdt.core 4 0 2026-02-26 13:23:06.960
!MESSAGE Error

!ENTRY org.eclipse.cdt.core 4 0 2026-02-26 13:23:07.376
!MESSAGE Error

!ENTRY org.eclipse.cdt.core 4 0 2026-02-26 13:23:07.381
!MESSAGE Error

!ENTRY org.eclipse.cdt.core 4 0 2026-02-26 13:23:07.382
!MESSAGE Error

!ENTRY org.eclipse.cdt.core 4 0 2026-02-26 13:23:07.382
!MESSAGE Error

!ENTRY org.eclipse.cdt.core 4 0 2026-02-26 13:23:07.383
!MESSAGE Error

!ENTRY org.eclipse.cdt.core 4 0 2026-02-26 13:23:07.383
!MESSAGE Error

!ENTRY org.eclipse.cdt.core 4 0 2026-02-26 13:23:07.384
!MESSAGE Error

!ENTRY org.eclipse.cdt.core 4 0 2026-02-26 13:23:07.384
!MESSAGE Error

!ENTRY org.eclipse.cdt.core 4 0 2026-02-26 13:23:07.384
!MESSAGE Error

!ENTRY org.eclipse.cdt.core 4 0 2026-02-26 13:23:07.385
!MESSAGE Error

!ENTRY org.eclipse.cdt.core 4 0 2026-02-26 13:23:07.385
!MESSAGE Error

!ENTRY org.eclipse.cdt.core 4 0 2026-02-26 13:23:07.386
!MESSAGE Error

!ENTRY org.eclipse.cdt.core 4 0 2026-02-26 13:23:07.386
!MESSAGE Error

!ENTRY org.eclipse.cdt.core 4 0 2026-02-26 13:23:07.386
!MESSAGE Error

!ENTRY org.eclipse.cdt.core 4 0 2026-02-26 13:23:07.386
!MESSAGE Error

!ENTRY org.eclipse.cdt.core 4 0 2026-02-26 13:23:07.387
!MESSAGE Error

!ENTRY org.eclipse.cdt.core 4 0 2026-02-26 13:23:07.387
!MESSAGE Error

!ENTRY org.eclipse.cdt.core 4 0 2026-02-26 13:23:07.387
!MESSAGE Error

!ENTRY org.eclipse.cdt.core 4 0 2026-02-26 13:23:07.388
!MESSAGE Error

!ENTRY org.eclipse.cdt.core 4 0 2026-02-26 13:23:07.389
!MESSAGE Error

!ENTRY org.eclipse.cdt.core 4 0 2026-02-26 13:23:07.389
!MESSAGE Error

!ENTRY org.eclipse.cdt.core 4 0 2026-02-26 13:23:07.389
!MESSAGE Error

!ENTRY org.eclipse.cdt.core 4 0 2026-02-26 13:23:07.389
!MESSAGE Error

!ENTRY org.eclipse.cdt.core 4 0 2026-02-26 13:23:07.390
!MESSAGE Error

!ENTRY org.eclipse.cdt.core 4 0 2026-02-26 13:23:07.390
!MESSAGE Error

!ENTRY org.eclipse.cdt.core 4 0 2026-02-26 13:23:07.390
!MESSAGE Error

!ENTRY org.eclipse.cdt.core 4 0 2026-02-26 13:23:07.391
!MESSAGE Error

!ENTRY org.eclipse.cdt.core 4 0 2026-02-26 13:23:07.391
!MESSAGE Error

!ENTRY org.eclipse.cdt.core 4 0 2026-02-26 13:23:07.392
!MESSAGE Error

!ENTRY org.eclipse.cdt.core 4 0 2026-02-26 13:23:07.392
!MESSAGE Error

!ENTRY org.eclipse.cdt.core 4 0 2026-02-26 13:23:07.392
!MESSAGE Error

!ENTRY org.eclipse.cdt.core 4 0 2026-02-26 13:23:07.393
!MESSAGE Error

!ENTRY org.eclipse.cdt.core 4 0 2026-02-26 13:23:07.393
!MESSAGE Error

!ENTRY org.eclipse.cdt.core 4 0 2026-02-26 13:23:07.393
!MESSAGE Error

!ENTRY org.eclipse.cdt.core 4 0 2026-02-26 13:23:07.394
!MESSAGE Error

!ENTRY org.eclipse.cdt.core 4 0 2026-02-26 13:23:07.394
!MESSAGE Error

!ENTRY org.eclipse.cdt.core 4 0 2026-02-26 13:23:07.394
!MESSAGE Error

!ENTRY org.eclipse.cdt.core 4 0 2026-02-26 13:23:07.395
!MESSAGE Error

!ENTRY org.eclipse.cdt.core 4 0 2026-02-26 13:23:07.395
!MESSAGE Error

!ENTRY org.eclipse.cdt.core 4 0 2026-02-26 13:23:07.395
!MESSAGE Error

!ENTRY org.eclipse.cdt.core 4 0 2026-02-26 13:23:07.395
!MESSAGE Error

!ENTRY org.eclipse.cdt.core 4 0 2026-02-26 13:23:07.395
!MESSAGE Error

!ENTRY org.eclipse.cdt.core 4 0 2026-02-26 13:23:07.396
!MESSAGE Error

!ENTRY org.eclipse.cdt.core 4 0 2026-02-26 13:23:07.396
!MESSAGE Error

!ENTRY org.eclipse.cdt.core 4 0 2026-02-26 13:23:07.396
!MESSAGE Error

!ENTRY org.eclipse.cdt.core 4 0 2026-02-26 13:23:07.397
!MESSAGE Error

!ENTRY org.eclipse.cdt.core 4 0 2026-02-26 13:23:07.397
!MESSAGE Error

!ENTRY org.eclipse.cdt.core 4 0 2026-02-26 13:23:07.397
!MESSAGE Error

!ENTRY org.eclipse.cdt.core 4 0 2026-02-26 13:23:07.397
!MESSAGE Error

!ENTRY org.eclipse.cdt.core 4 0 2026-02-26 13:23:07.398
!MESSAGE Error

!ENTRY org.eclipse.cdt.core 4 0 2026-02-26 13:23:07.399
!MESSAGE Error

!ENTRY org.eclipse.cdt.core 4 0 2026-02-26 13:23:07.399
!MESSAGE Error

!ENTRY org.eclipse.cdt.core 4 0 2026-02-26 13:23:07.399
!MESSAGE Error

!ENTRY org.eclipse.cdt.core 4 0 2026-02-26 13:23:07.399
!MESSAGE Error

!ENTRY org.eclipse.cdt.core 4 0 2026-02-26 13:23:07.400
!MESSAGE Error

!ENTRY org.eclipse.cdt.core 4 0 2026-02-26 13:23:07.400
!MESSAGE Error

!ENTRY org.eclipse.cdt.core 4 0 2026-02-26 13:23:07.400
!MESSAGE Error

!ENTRY org.eclipse.cdt.core 4 0 2026-02-26 13:23:07.401
!MESSAGE Error

!ENTRY org.eclipse.cdt.core 4 0 2026-02-26 13:23:07.401
!MESSAGE Error

!ENTRY org.eclipse.cdt.core 4 0 2026-02-26 13:23:07.401
!MESSAGE Error

!ENTRY org.eclipse.cdt.core 4 0 2026-02-26 13:23:07.401
!MESSAGE Error

!ENTRY org.eclipse.cdt.core 4 0 2026-02-26 13:23:07.402
!MESSAGE Error

!ENTRY org.eclipse.cdt.core 4 0 2026-02-26 13:23:07.402
!MESSAGE Error

!ENTRY org.eclipse.cdt.core 4 0 2026-02-26 13:23:07.402
!MESSAGE Error

!ENTRY org.eclipse.cdt.core 4 0 2026-02-26 13:23:07.402
!MESSAGE Error

!ENTRY org.eclipse.cdt.core 4 0 2026-02-26 13:23:07.402
!MESSAGE Error

!ENTRY org.eclipse.cdt.core 4 0 2026-02-26 13:23:07.402
!MESSAGE Error

!ENTRY org.eclipse.cdt.core 4 0 2026-02-26 13:23:07.402
!MESSAGE Error

!ENTRY org.eclipse.cdt.core 4 0 2026-02-26 13:23:07.403
!MESSAGE Error

!ENTRY org.eclipse.cdt.core 4 0 2026-02-26 13:23:07.403
!MESSAGE Error

!ENTRY org.eclipse.cdt.core 4 0 2026-02-26 13:23:07.403
!MESSAGE Error

!ENTRY org.eclipse.cdt.core 4 0 2026-02-26 13:23:07.403
!MESSAGE Error

!ENTRY org.eclipse.cdt.core 4 0 2026-02-26 13:23:07.403
!MESSAGE Error

!ENTRY org.eclipse.cdt.core 4 0 2026-02-26 13:23:07.403
!MESSAGE Error

!ENTRY org.eclipse.cdt.core 4 0 2026-02-26 13:23:08.419
!MESSAGE Error

!ENTRY org.eclipse.cdt.core 4 0 2026-02-26 13:23:08.422
!MESSAGE Error

!ENTRY org.eclipse.cdt.core 4 0 2026-02-26 13:23:08.423
!MESSAGE Error

!ENTRY org.eclipse.cdt.core 4 0 2026-02-26 13:23:08.423
!MESSAGE Error

!ENTRY org.eclipse.cdt.core 4 0 2026-02-26 13:23:08.423
!MESSAGE Error

!ENTRY org.eclipse.cdt.core 4 0 2026-02-26 13:23:08.423
!MESSAGE Error

!ENTRY org.eclipse.cdt.core 4 0 2026-02-26 13:23:08.423
!MESSAGE Error

!ENTRY org.eclipse.cdt.core 4 0 2026-02-26 13:23:08.423
!MESSAGE Error

!ENTRY org.eclipse.cdt.core 4 0 2026-02-26 13:23:08.424
!MESSAGE Error

!ENTRY org.eclipse.cdt.core 4 0 2026-02-26 13:23:08.424
!MESSAGE Error

!ENTRY org.eclipse.cdt.core 4 0 2026-02-26 13:23:08.424
!MESSAGE Error

!ENTRY org.eclipse.cdt.core 4 0 2026-02-26 13:23:08.424
!MESSAGE Error

!ENTRY org.eclipse.cdt.core 4 0 2026-02-26 13:23:08.424
!MESSAGE Error

!ENTRY org.eclipse.cdt.core 4 0 2026-02-26 13:23:08.425
!MESSAGE Error

!ENTRY org.eclipse.cdt.core 4 0 2026-02-26 13:23:08.425
!MESSAGE Error

!ENTRY org.eclipse.cdt.core 4 0 2026-02-26 13:23:08.425
!MESSAGE Error

!ENTRY org.eclipse.cdt.core 4 0 2026-02-26 13:23:08.426
!MESSAGE Error

!ENTRY org.eclipse.cdt.core 4 0 2026-02-26 13:23:08.426
!MESSAGE Error

!ENTRY org.eclipse.cdt.core 4 0 2026-02-26 13:23:08.426
!MESSAGE Error

!ENTRY org.eclipse.cdt.core 4 0 2026-02-26 13:23:08.427
!MESSAGE Error

!ENTRY org.eclipse.cdt.core 4 0 2026-02-26 13:23:08.427
!MESSAGE Error

!ENTRY org.eclipse.cdt.core 4 0 2026-02-26 13:23:08.427
!MESSAGE Error

!ENTRY org.eclipse.cdt.core 4 0 2026-02-26 13:23:08.427
!MESSAGE Error

!ENTRY org.eclipse.cdt.core 4 0 2026-02-26 13:23:08.427
!MESSAGE Error

!ENTRY org.eclipse.cdt.core 4 0 2026-02-26 13:23:08.427
!MESSAGE Error

!ENTRY org.eclipse.cdt.core 4 0 2026-02-26 13:23:08.428
!MESSAGE Error

!ENTRY org.eclipse.cdt.core 4 0 2026-02-26 13:23:08.428
!MESSAGE Error

!ENTRY org.eclipse.cdt.core 4 0 2026-02-26 13:23:08.428
!MESSAGE Error

!ENTRY org.eclipse.cdt.core 4 0 2026-02-26 13:23:08.429
!MESSAGE Error

!ENTRY org.eclipse.cdt.core 4 0 2026-02-26 13:23:08.429
!MESSAGE Error

!ENTRY org.eclipse.cdt.core 4 0 2026-02-26 13:23:08.429
!MESSAGE Error

!ENTRY org.eclipse.cdt.core 4 0 2026-02-26 13:23:08.429
!MESSAGE Error

!ENTRY org.eclipse.cdt.core 4 0 2026-02-26 13:23:08.429
!MESSAGE Error

!ENTRY org.eclipse.cdt.core 4 0 2026-02-26 13:23:08.429
!MESSAGE Error

!ENTRY org.eclipse.cdt.core 4 0 2026-02-26 13:23:08.429
!MESSAGE Error

!ENTRY org.eclipse.cdt.core 4 0 2026-02-26 13:23:08.430
!MESSAGE Error

!ENTRY org.eclipse.cdt.core 4 0 2026-02-26 13:23:08.430
!MESSAGE Error

!ENTRY org.eclipse.cdt.core 4 0 2026-02-26 13:23:08.430
!MESSAGE Error

!ENTRY org.eclipse.cdt.core 4 0 2026-02-26 13:23:08.430
!MESSAGE Error

!ENTRY org.eclipse.cdt.core 4 0 2026-02-26 13:23:08.430
!MESSAGE Error

!ENTRY org.eclipse.cdt.core 4 0 2026-02-26 13:23:08.430
!MESSAGE Error

!ENTRY org.eclipse.cdt.core 4 0 2026-02-26 13:23:08.430
!MESSAGE Error

!ENTRY org.eclipse.cdt.core 4 0 2026-02-26 13:23:08.431
!MESSAGE Error

!ENTRY org.eclipse.cdt.core 4 0 2026-02-26 13:23:08.431
!MESSAGE Error

!ENTRY org.eclipse.cdt.core 4 0 2026-02-26 13:23:08.431
!MESSAGE Error

!ENTRY org.eclipse.cdt.core 4 0 2026-02-26 13:23:08.431
!MESSAGE Error

!ENTRY org.eclipse.cdt.core 4 0 2026-02-26 13:23:08.431
!MESSAGE Error

!ENTRY org.eclipse.cdt.core 4 0 2026-02-26 13:23:08.431
!MESSAGE Error

!ENTRY org.eclipse.cdt.core 4 0 2026-02-26 13:23:08.432
!MESSAGE Error

!ENTRY org.eclipse.cdt.core 4 0 2026-02-26 13:23:08.432
!MESSAGE Error

!ENTRY org.eclipse.cdt.core 4 0 2026-02-26 13:23:08.432
!MESSAGE Error

!ENTRY org.eclipse.cdt.core 4 0 2026-02-26 13:23:08.432
!MESSAGE Error

!ENTRY org.eclipse.cdt.core 4 0 2026-02-26 13:23:08.432
!MESSAGE Error

!ENTRY org.eclipse.cdt.core 4 0 2026-02-26 13:23:08.432
!MESSAGE Error

!ENTRY org.eclipse.cdt.core 4 0 2026-02-26 13:23:08.432
!MESSAGE Error

!ENTRY org.eclipse.cdt.core 4 0 2026-02-26 13:23:08.432
!MESSAGE Error

!ENTRY org.eclipse.cdt.core 4 0 2026-02-26 13:23:08.432
!MESSAGE Error

!ENTRY org.eclipse.cdt.core 4 0 2026-02-26 13:23:08.432
!MESSAGE Error

!ENTRY org.eclipse.cdt.core 4 0 2026-02-26 13:23:08.433
!MESSAGE Error

!ENTRY org.eclipse.cdt.core 4 0 2026-02-26 13:23:08.433
!MESSAGE Error

!ENTRY org.eclipse.cdt.core 4 0 2026-02-26 13:23:08.433
!MESSAGE Error

!ENTRY org.eclipse.cdt.core 4 0 2026-02-26 13:23:08.433
!MESSAGE Error

!ENTRY org.eclipse.cdt.core 4 0 2026-02-26 13:23:08.433
!MESSAGE Error

!ENTRY org.eclipse.cdt.core 4 0 2026-02-26 13:23:08.433
!MESSAGE Error

!ENTRY org.eclipse.cdt.core 4 0 2026-02-26 13:23:08.434
!MESSAGE Error

!ENTRY org.eclipse.cdt.core 4 0 2026-02-26 13:23:08.434
!MESSAGE Error

!ENTRY org.eclipse.cdt.core 4 0 2026-02-26 13:23:08.434
!MESSAGE Error

!ENTRY org.eclipse.cdt.core 4 0 2026-02-26 13:23:08.434
!MESSAGE Error

!ENTRY org.eclipse.cdt.core 4 0 2026-02-26 13:23:08.434
!MESSAGE Error

!ENTRY org.eclipse.cdt.core 4 0 2026-02-26 13:23:08.436
!MESSAGE Error

!ENTRY org.eclipse.cdt.core 4 0 2026-02-26 13:23:08.436
!MESSAGE Error

!ENTRY org.eclipse.cdt.core 4 0 2026-02-26 13:23:08.436
!MESSAGE Error

!ENTRY org.eclipse.cdt.core 4 0 2026-02-26 13:23:08.437
!MESSAGE Error

!ENTRY org.eclipse.cdt.core 4 0 2026-02-26 13:23:08.437
!MESSAGE Error

!ENTRY org.eclipse.cdt.core 4 0 2026-02-26 13:23:11.504
!MESSAGE Error

!ENTRY org.eclipse.cdt.core 4 0 2026-02-26 13:23:11.508
!MESSAGE Error

!ENTRY org.eclipse.cdt.core 4 0 2026-02-26 13:23:11.509
!MESSAGE Error

!ENTRY org.eclipse.cdt.core 4 0 2026-02-26 13:23:11.510
!MESSAGE Error

!ENTRY org.eclipse.cdt.core 4 0 2026-02-26 13:23:11.510
!MESSAGE Error

!ENTRY org.eclipse.cdt.core 4 0 2026-02-26 13:23:11.510
!MESSAGE Error

!ENTRY org.eclipse.cdt.core 4 0 2026-02-26 13:23:11.511
!MESSAGE Error

!ENTRY org.eclipse.cdt.core 4 0 2026-02-26 13:23:11.511
!MESSAGE Error

!ENTRY org.eclipse.cdt.core 4 0 2026-02-26 13:23:11.511
!MESSAGE Error

!ENTRY org.eclipse.cdt.core 4 0 2026-02-26 13:23:11.511
!MESSAGE Error

!ENTRY org.eclipse.cdt.core 4 0 2026-02-26 13:23:11.511
!MESSAGE Error

!ENTRY org.eclipse.cdt.core 4 0 2026-02-26 13:23:11.512
!MESSAGE Error

!ENTRY org.eclipse.cdt.core 4 0 2026-02-26 13:23:11.512
!MESSAGE Error

!ENTRY org.eclipse.cdt.core 4 0 2026-02-26 13:23:11.512
!MESSAGE Error

!ENTRY org.eclipse.cdt.core 4 0 2026-02-26 13:23:11.512
!MESSAGE Error

!ENTRY org.eclipse.cdt.core 4 0 2026-02-26 13:23:11.512
!MESSAGE Error

!ENTRY org.eclipse.cdt.core 4 0 2026-02-26 13:23:11.513
!MESSAGE Error

!ENTRY org.eclipse.cdt.core 4 0 2026-02-26 13:23:11.513
!MESSAGE Error

!ENTRY org.eclipse.cdt.core 4 0 2026-02-26 13:23:11.513
!MESSAGE Error

!ENTRY org.eclipse.cdt.core 4 0 2026-02-26 13:23:11.513
!MESSAGE Error

!ENTRY org.eclipse.cdt.core 4 0 2026-02-26 13:23:11.513
!MESSAGE Error

!ENTRY org.eclipse.cdt.core 4 0 2026-02-26 13:23:11.513
!MESSAGE Error

!ENTRY org.eclipse.cdt.core 4 0 2026-02-26 13:23:11.514
!MESSAGE Error

!ENTRY org.eclipse.cdt.core 4 0 2026-02-26 13:23:11.514
!MESSAGE Error

!ENTRY org.eclipse.cdt.core 4 0 2026-02-26 13:23:11.514
!MESSAGE Error

!ENTRY org.eclipse.cdt.core 4 0 2026-02-26 13:23:11.514
!MESSAGE Error

!ENTRY org.eclipse.cdt.core 4 0 2026-02-26 13:23:11.514
!MESSAGE Error

!ENTRY org.eclipse.cdt.core 4 0 2026-02-26 13:23:11.514
!MESSAGE Error

!ENTRY org.eclipse.cdt.core 4 0 2026-02-26 13:23:11.515
!MESSAGE Error

!ENTRY org.eclipse.cdt.core 4 0 2026-02-26 13:23:11.515
!MESSAGE Error

!ENTRY org.eclipse.cdt.core 4 0 2026-02-26 13:23:11.515
!MESSAGE Error

!ENTRY org.eclipse.cdt.core 4 0 2026-02-26 13:23:11.515
!MESSAGE Error

!ENTRY org.eclipse.cdt.core 4 0 2026-02-26 13:23:11.515
!MESSAGE Error

!ENTRY org.eclipse.cdt.core 4 0 2026-02-26 13:23:11.515
!MESSAGE Error

!ENTRY org.eclipse.cdt.core 4 0 2026-02-26 13:23:11.515
!MESSAGE Error

!ENTRY org.eclipse.cdt.core 4 0 2026-02-26 13:23:11.516
!MESSAGE Error

!ENTRY org.eclipse.cdt.core 4 0 2026-02-26 13:23:11.516
!MESSAGE Error

!ENTRY org.eclipse.cdt.core 4 0 2026-02-26 13:23:11.516
!MESSAGE Error

!ENTRY org.eclipse.cdt.core 4 0 2026-02-26 13:23:11.516
!MESSAGE Error

!ENTRY org.eclipse.cdt.core 4 0 2026-02-26 13:23:11.516
!MESSAGE Error

!ENTRY org.eclipse.cdt.core 4 0 2026-02-26 13:23:11.516
!MESSAGE Error

!ENTRY org.eclipse.cdt.core 4 0 2026-02-26 13:23:11.517
!MESSAGE Error

!ENTRY org.eclipse.cdt.core 4 0 2026-02-26 13:23:11.517
!MESSAGE Error

!ENTRY org.eclipse.cdt.core 4 0 2026-02-26 13:23:11.517
!MESSAGE Error

!ENTRY org.eclipse.cdt.core 4 0 2026-02-26 13:23:11.517
!MESSAGE Error

!ENTRY org.eclipse.cdt.core 4 0 2026-02-26 13:23:11.517
!MESSAGE Error

!ENTRY org.eclipse.cdt.core 4 0 2026-02-26 13:23:11.517
!MESSAGE Error

!ENTRY org.eclipse.cdt.core 4 0 2026-02-26 13:23:11.517
!MESSAGE Error

!ENTRY org.eclipse.cdt.core 4 0 2026-02-26 13:23:11.517
!MESSAGE Error

!ENTRY org.eclipse.cdt.core 4 0 2026-02-26 13:23:11.518
!MESSAGE Error

!ENTRY org.eclipse.cdt.core 4 0 2026-02-26 13:23:11.518
!MESSAGE Error

!ENTRY org.eclipse.cdt.core 4 0 2026-02-26 13:23:11.518
!MESSAGE Error

!ENTRY org.eclipse.cdt.core 4 0 2026-02-26 13:23:11.518
!MESSAGE Error

!ENTRY org.eclipse.cdt.core 4 0 2026-02-26 13:23:11.518
!MESSAGE Error

!ENTRY org.eclipse.cdt.core 4 0 2026-02-26 13:23:11.518
!MESSAGE Error

!ENTRY org.eclipse.cdt.core 4 0 2026-02-26 13:23:11.518
!MESSAGE Error

!ENTRY org.eclipse.cdt.core 4 0 2026-02-26 13:23:11.519
!MESSAGE Error

!ENTRY org.eclipse.cdt.core 4 0 2026-02-26 13:23:11.519
!MESSAGE Error

!ENTRY org.eclipse.cdt.core 4 0 2026-02-26 13:23:11.519
!MESSAGE Error

!ENTRY org.eclipse.cdt.core 4 0 2026-02-26 13:23:11.519
!MESSAGE Error

!ENTRY org.eclipse.cdt.core 4 0 2026-02-26 13:23:11.519
!MESSAGE Error

!ENTRY org.eclipse.cdt.core 4 0 2026-02-26 13:23:11.519
!MESSAGE Error

!ENTRY org.eclipse.cdt.core 4 0 2026-02-26 13:23:11.520
!MESSAGE Error

!ENTRY org.eclipse.cdt.core 4 0 2026-02-26 13:23:11.520
!MESSAGE Error

!ENTRY org.eclipse.cdt.core 4 0 2026-02-26 13:23:11.520
!MESSAGE Error

!ENTRY org.eclipse.cdt.core 4 0 2026-02-26 13:23:11.521
!MESSAGE Error

!ENTRY org.eclipse.cdt.core 4 0 2026-02-26 13:23:11.521
!MESSAGE Error

!ENTRY org.eclipse.cdt.core 4 0 2026-02-26 13:23:11.521
!MESSAGE Error

!ENTRY org.eclipse.cdt.core 4 0 2026-02-26 13:23:11.521
!MESSAGE Error

!ENTRY org.eclipse.cdt.core 4 0 2026-02-26 13:23:11.521
!MESSAGE Error

!ENTRY org.eclipse.cdt.core 4 0 2026-02-26 13:23:11.521
!MESSAGE Error

!ENTRY org.eclipse.cdt.core 4 0 2026-02-26 13:23:11.521
!MESSAGE Error

!ENTRY org.eclipse.cdt.core 4 0 2026-02-26 13:23:11.522
!MESSAGE Error

!ENTRY org.eclipse.cdt.core 4 0 2026-02-26 13:23:11.522
!MESSAGE Error

!ENTRY org.eclipse.cdt.core 4 0 2026-02-26 13:23:11.564
!MESSAGE Error

!ENTRY org.eclipse.cdt.core 4 0 2026-02-26 13:23:11.567
!MESSAGE Error

!ENTRY org.eclipse.cdt.core 4 0 2026-02-26 13:23:13.555
!MESSAGE Error

!ENTRY org.eclipse.cdt.core 4 0 2026-02-26 13:23:13.558
!MESSAGE Error

!ENTRY org.eclipse.cdt.core 4 0 2026-02-26 13:23:13.558
!MESSAGE Error

!ENTRY org.eclipse.cdt.core 4 0 2026-02-26 13:23:13.559
!MESSAGE Error

!ENTRY org.eclipse.cdt.core 4 0 2026-02-26 13:23:13.559
!MESSAGE Error

!ENTRY org.eclipse.cdt.core 4 0 2026-02-26 13:23:13.559
!MESSAGE Error

!ENTRY org.eclipse.cdt.core 4 0 2026-02-26 13:23:13.559
!MESSAGE Error

!ENTRY org.eclipse.cdt.core 4 0 2026-02-26 13:23:13.559
!MESSAGE Error

!ENTRY org.eclipse.cdt.core 4 0 2026-02-26 13:23:13.559
!MESSAGE Error

!ENTRY org.eclipse.cdt.core 4 0 2026-02-26 13:23:13.559
!MESSAGE Error

!ENTRY org.eclipse.cdt.core 4 0 2026-02-26 13:23:13.560
!MESSAGE Error

!ENTRY org.eclipse.cdt.core 4 0 2026-02-26 13:23:13.560
!MESSAGE Error

!ENTRY org.eclipse.cdt.core 4 0 2026-02-26 13:23:13.560
!MESSAGE Error

!ENTRY org.eclipse.cdt.core 4 0 2026-02-26 13:23:13.560
!MESSAGE Error

!ENTRY org.eclipse.cdt.core 4 0 2026-02-26 13:23:13.560
!MESSAGE Error

!ENTRY org.eclipse.cdt.core 4 0 2026-02-26 13:23:13.560
!MESSAGE Error

!ENTRY org.eclipse.cdt.core 4 0 2026-02-26 13:23:13.561
!MESSAGE Error

!ENTRY org.eclipse.cdt.core 4 0 2026-02-26 13:23:13.561
!MESSAGE Error

!ENTRY org.eclipse.cdt.core 4 0 2026-02-26 13:23:13.561
!MESSAGE Error

!ENTRY org.eclipse.cdt.core 4 0 2026-02-26 13:23:13.561
!MESSAGE Error

!ENTRY org.eclipse.cdt.core 4 0 2026-02-26 13:23:13.562
!MESSAGE Error

!ENTRY org.eclipse.cdt.core 4 0 2026-02-26 13:23:13.562
!MESSAGE Error

!ENTRY org.eclipse.cdt.core 4 0 2026-02-26 13:23:13.562
!MESSAGE Error

!ENTRY org.eclipse.cdt.core 4 0 2026-02-26 13:23:13.562
!MESSAGE Error

!ENTRY org.eclipse.cdt.core 4 0 2026-02-26 13:23:13.562
!MESSAGE Error

!ENTRY org.eclipse.cdt.core 4 0 2026-02-26 13:23:13.562
!MESSAGE Error

!ENTRY org.eclipse.cdt.core 4 0 2026-02-26 13:23:13.563
!MESSAGE Error

!ENTRY org.eclipse.cdt.core 4 0 2026-02-26 13:23:13.563
!MESSAGE Error

!ENTRY org.eclipse.cdt.core 4 0 2026-02-26 13:23:13.563
!MESSAGE Error

!ENTRY org.eclipse.cdt.core 4 0 2026-02-26 13:23:13.563
!MESSAGE Error

!ENTRY org.eclipse.cdt.core 4 0 2026-02-26 13:23:13.563
!MESSAGE Error

!ENTRY org.eclipse.cdt.core 4 0 2026-02-26 13:23:13.563
!MESSAGE Error

!ENTRY org.eclipse.cdt.core 4 0 2026-02-26 13:23:13.563
!MESSAGE Error

!ENTRY org.eclipse.cdt.core 4 0 2026-02-26 13:23:13.564
!MESSAGE Error

!ENTRY org.eclipse.cdt.core 4 0 2026-02-26 13:23:13.564
!MESSAGE Error

!ENTRY org.eclipse.cdt.core 4 0 2026-02-26 13:23:13.564
!MESSAGE Error

!ENTRY org.eclipse.cdt.core 4 0 2026-02-26 13:23:13.564
!MESSAGE Error

!ENTRY org.eclipse.cdt.core 4 0 2026-02-26 13:23:13.564
!MESSAGE Error

!ENTRY org.eclipse.cdt.core 4 0 2026-02-26 13:23:13.564
!MESSAGE Error

!ENTRY org.eclipse.cdt.core 4 0 2026-02-26 13:23:13.564
!MESSAGE Error

!ENTRY org.eclipse.cdt.core 4 0 2026-02-26 13:23:13.565
!MESSAGE Error

!ENTRY org.eclipse.cdt.core 4 0 2026-02-26 13:23:13.565
!MESSAGE Error

!ENTRY org.eclipse.cdt.core 4 0 2026-02-26 13:23:13.565
!MESSAGE Error

!ENTRY org.eclipse.cdt.core 4 0 2026-02-26 13:23:13.566
!MESSAGE Error

!ENTRY org.eclipse.cdt.core 4 0 2026-02-26 13:23:13.566
!MESSAGE Error

!ENTRY org.eclipse.cdt.core 4 0 2026-02-26 13:23:13.566
!MESSAGE Error

!ENTRY org.eclipse.cdt.core 4 0 2026-02-26 13:23:13.566
!MESSAGE Error

!ENTRY org.eclipse.cdt.core 4 0 2026-02-26 13:23:13.566
!MESSAGE Error

!ENTRY org.eclipse.cdt.core 4 0 2026-02-26 13:23:13.567
!MESSAGE Error

!ENTRY org.eclipse.cdt.core 4 0 2026-02-26 13:23:13.567
!MESSAGE Error

!ENTRY org.eclipse.cdt.core 4 0 2026-02-26 13:23:13.567
!MESSAGE Error

!ENTRY org.eclipse.cdt.core 4 0 2026-02-26 13:23:13.567
!MESSAGE Error

!ENTRY org.eclipse.cdt.core 4 0 2026-02-26 13:23:13.567
!MESSAGE Error

!ENTRY org.eclipse.cdt.core 4 0 2026-02-26 13:23:13.567
!MESSAGE Error

!ENTRY org.eclipse.cdt.core 4 0 2026-02-26 13:23:13.567
!MESSAGE Error

!ENTRY org.eclipse.cdt.core 4 0 2026-02-26 13:23:13.568
!MESSAGE Error

!ENTRY org.eclipse.cdt.core 4 0 2026-02-26 13:23:13.568
!MESSAGE Error

!ENTRY org.eclipse.cdt.core 4 0 2026-02-26 13:23:13.568
!MESSAGE Error

!ENTRY org.eclipse.cdt.core 4 0 2026-02-26 13:23:13.568
!MESSAGE Error

!ENTRY org.eclipse.cdt.core 4 0 2026-02-26 13:23:13.568
!MESSAGE Error

!ENTRY org.eclipse.cdt.core 4 0 2026-02-26 13:23:13.568
!MESSAGE Error

!ENTRY org.eclipse.cdt.core 4 0 2026-02-26 13:23:13.568
!MESSAGE Error

!ENTRY org.eclipse.cdt.core 4 0 2026-02-26 13:23:13.568
!MESSAGE Error

!ENTRY org.eclipse.cdt.core 4 0 2026-02-26 13:23:13.568
!MESSAGE Error

!ENTRY org.eclipse.cdt.core 4 0 2026-02-26 13:23:13.569
!MESSAGE Error

!ENTRY org.eclipse.cdt.core 4 0 2026-02-26 13:23:13.569
!MESSAGE Error

!ENTRY org.eclipse.cdt.core 4 0 2026-02-26 13:23:13.569
!MESSAGE Error

!ENTRY org.eclipse.cdt.core 4 0 2026-02-26 13:23:13.569
!MESSAGE Error

!ENTRY org.eclipse.cdt.core 4 0 2026-02-26 13:23:13.569
!MESSAGE Error

!ENTRY org.eclipse.cdt.core 4 0 2026-02-26 13:23:13.570
!MESSAGE Error

!ENTRY org.eclipse.cdt.core 4 0 2026-02-26 13:23:13.570
!MESSAGE Error

!ENTRY org.eclipse.cdt.core 4 0 2026-02-26 13:23:13.570
!MESSAGE Error

!ENTRY org.eclipse.cdt.core 4 0 2026-02-26 13:23:13.570
!MESSAGE Error

!ENTRY org.eclipse.cdt.core 4 0 2026-02-26 13:23:13.570
!MESSAGE Error

!ENTRY org.eclipse.cdt.core 4 0 2026-02-26 13:23:17.160
!MESSAGE Error

!ENTRY org.eclipse.cdt.core 4 0 2026-02-26 13:23:17.165
!MESSAGE Error

!ENTRY org.eclipse.cdt.core 4 0 2026-02-26 13:23:17.167
!MESSAGE Error

!ENTRY org.eclipse.cdt.core 4 0 2026-02-26 13:23:17.167
!MESSAGE Error

!ENTRY org.eclipse.cdt.core 4 0 2026-02-26 13:23:17.168
!MESSAGE Error

!ENTRY org.eclipse.cdt.core 4 0 2026-02-26 13:23:17.168
!MESSAGE Error

!ENTRY org.eclipse.cdt.core 4 0 2026-02-26 13:23:17.169
!MESSAGE Error

!ENTRY org.eclipse.cdt.core 4 0 2026-02-26 13:23:17.169
!MESSAGE Error

!ENTRY org.eclipse.cdt.core 4 0 2026-02-26 13:23:17.170
!MESSAGE Error

!ENTRY org.eclipse.cdt.core 4 0 2026-02-26 13:23:17.170
!MESSAGE Error

!ENTRY org.eclipse.cdt.core 4 0 2026-02-26 13:23:17.170
!MESSAGE Error

!ENTRY org.eclipse.cdt.core 4 0 2026-02-26 13:23:17.171
!MESSAGE Error

!ENTRY org.eclipse.cdt.core 4 0 2026-02-26 13:23:17.171
!MESSAGE Error

!ENTRY org.eclipse.cdt.core 4 0 2026-02-26 13:23:17.172
!MESSAGE Error

!ENTRY org.eclipse.cdt.core 4 0 2026-02-26 13:23:17.172
!MESSAGE Error

!ENTRY org.eclipse.cdt.core 4 0 2026-02-26 13:23:17.172
!MESSAGE Error

!ENTRY org.eclipse.cdt.core 4 0 2026-02-26 13:23:17.172
!MESSAGE Error

!ENTRY org.eclipse.cdt.core 4 0 2026-02-26 13:23:17.172
!MESSAGE Error

!ENTRY org.eclipse.cdt.core 4 0 2026-02-26 13:23:17.173
!MESSAGE Error

!ENTRY org.eclipse.cdt.core 4 0 2026-02-26 13:23:17.173
!MESSAGE Error

!ENTRY org.eclipse.cdt.core 4 0 2026-02-26 13:23:17.174
!MESSAGE Error

!ENTRY org.eclipse.cdt.core 4 0 2026-02-26 13:23:17.174
!MESSAGE Error

!ENTRY org.eclipse.cdt.core 4 0 2026-02-26 13:23:17.174
!MESSAGE Error

!ENTRY org.eclipse.cdt.core 4 0 2026-02-26 13:23:17.175
!MESSAGE Error

!ENTRY org.eclipse.cdt.core 4 0 2026-02-26 13:23:17.175
!MESSAGE Error

!ENTRY org.eclipse.cdt.core 4 0 2026-02-26 13:23:17.175
!MESSAGE Error

!ENTRY org.eclipse.cdt.core 4 0 2026-02-26 13:23:17.176
!MESSAGE Error

!ENTRY org.eclipse.cdt.core 4 0 2026-02-26 13:23:17.176
!MESSAGE Error

!ENTRY org.eclipse.cdt.core 4 0 2026-02-26 13:23:17.176
!MESSAGE Error

!ENTRY org.eclipse.cdt.core 4 0 2026-02-26 13:23:17.177
!MESSAGE Error

!ENTRY org.eclipse.cdt.core 4 0 2026-02-26 13:23:17.177
!MESSAGE Error

!ENTRY org.eclipse.cdt.core 4 0 2026-02-26 13:23:17.178
!MESSAGE Error

!ENTRY org.eclipse.cdt.core 4 0 2026-02-26 13:23:17.178
!MESSAGE Error

!ENTRY org.eclipse.cdt.core 4 0 2026-02-26 13:23:17.178
!MESSAGE Error

!ENTRY org.eclipse.cdt.core 4 0 2026-02-26 13:23:17.179
!MESSAGE Error

!ENTRY org.eclipse.cdt.core 4 0 2026-02-26 13:23:17.179
!MESSAGE Error

!ENTRY org.eclipse.cdt.core 4 0 2026-02-26 13:23:17.179
!MESSAGE Error

!ENTRY org.eclipse.cdt.core 4 0 2026-02-26 13:23:17.180
!MESSAGE Error

!ENTRY org.eclipse.cdt.core 4 0 2026-02-26 13:23:17.180
!MESSAGE Error

!ENTRY org.eclipse.cdt.core 4 0 2026-02-26 13:23:17.181
!MESSAGE Error

!ENTRY org.eclipse.cdt.core 4 0 2026-02-26 13:23:17.181
!MESSAGE Error

!ENTRY org.eclipse.cdt.core 4 0 2026-02-26 13:23:17.181
!MESSAGE Error

!ENTRY org.eclipse.cdt.core 4 0 2026-02-26 13:23:17.181
!MESSAGE Error

!ENTRY org.eclipse.cdt.core 4 0 2026-02-26 13:23:17.181
!MESSAGE Error

!ENTRY org.eclipse.cdt.core 4 0 2026-02-26 13:23:17.181
!MESSAGE Error

!ENTRY org.eclipse.cdt.core 4 0 2026-02-26 13:23:17.182
!MESSAGE Error

!ENTRY org.eclipse.cdt.core 4 0 2026-02-26 13:23:17.182
!MESSAGE Error

!ENTRY org.eclipse.cdt.core 4 0 2026-02-26 13:23:17.182
!MESSAGE Error

!ENTRY org.eclipse.cdt.core 4 0 2026-02-26 13:23:17.182
!MESSAGE Error

!ENTRY org.eclipse.cdt.core 4 0 2026-02-26 13:23:17.182
!MESSAGE Error

!ENTRY org.eclipse.cdt.core 4 0 2026-02-26 13:23:17.182
!MESSAGE Error

!ENTRY org.eclipse.cdt.core 4 0 2026-02-26 13:23:17.182
!MESSAGE Error

!ENTRY org.eclipse.cdt.core 4 0 2026-02-26 13:23:17.183
!MESSAGE Error

!ENTRY org.eclipse.cdt.core 4 0 2026-02-26 13:23:17.183
!MESSAGE Error

!ENTRY org.eclipse.cdt.core 4 0 2026-02-26 13:23:17.183
!MESSAGE Error

!ENTRY org.eclipse.cdt.core 4 0 2026-02-26 13:23:17.183
!MESSAGE Error

!ENTRY org.eclipse.cdt.core 4 0 2026-02-26 13:23:17.183
!MESSAGE Error

!ENTRY org.eclipse.cdt.core 4 0 2026-02-26 13:23:17.183
!MESSAGE Error

!ENTRY org.eclipse.cdt.core 4 0 2026-02-26 13:23:17.183
!MESSAGE Error

!ENTRY org.eclipse.cdt.core 4 0 2026-02-26 13:23:17.184
!MESSAGE Error

!ENTRY org.eclipse.cdt.core 4 0 2026-02-26 13:23:17.184
!MESSAGE Error

!ENTRY org.eclipse.cdt.core 4 0 2026-02-26 13:23:17.185
!MESSAGE Error

!ENTRY org.eclipse.cdt.core 4 0 2026-02-26 13:23:17.185
!MESSAGE Error

!ENTRY org.eclipse.cdt.core 4 0 2026-02-26 13:23:17.185
!MESSAGE Error

!ENTRY org.eclipse.cdt.core 4 0 2026-02-26 13:23:17.185
!MESSAGE Error

!ENTRY org.eclipse.cdt.core 4 0 2026-02-26 13:23:17.185
!MESSAGE Error

!ENTRY org.eclipse.cdt.core 4 0 2026-02-26 13:23:17.185
!MESSAGE Error

!ENTRY org.eclipse.cdt.core 4 0 2026-02-26 13:23:17.186
!MESSAGE Error

!ENTRY org.eclipse.cdt.core 4 0 2026-02-26 13:23:17.186
!MESSAGE Error

!ENTRY org.eclipse.cdt.core 4 0 2026-02-26 13:23:17.186
!MESSAGE Error

!ENTRY org.eclipse.cdt.core 4 0 2026-02-26 13:23:17.186
!MESSAGE Error

!ENTRY org.eclipse.cdt.core 4 0 2026-02-26 13:23:17.186
!MESSAGE Error

!ENTRY org.eclipse.cdt.core 4 0 2026-02-26 13:23:17.186
!MESSAGE Error

!ENTRY org.eclipse.cdt.core 4 0 2026-02-26 13:23:17.186
!MESSAGE Error

!ENTRY org.eclipse.cdt.core 4 0 2026-02-26 13:23:25.891
!MESSAGE Error

!ENTRY org.eclipse.cdt.core 4 0 2026-02-26 13:23:25.896
!MESSAGE Error

!ENTRY org.eclipse.cdt.core 4 0 2026-02-26 13:23:25.898
!MESSAGE Error

!ENTRY org.eclipse.cdt.core 4 0 2026-02-26 13:23:25.899
!MESSAGE Error

!ENTRY org.eclipse.cdt.core 4 0 2026-02-26 13:23:25.899
!MESSAGE Error

!ENTRY org.eclipse.cdt.core 4 0 2026-02-26 13:23:25.899
!MESSAGE Error

!ENTRY org.eclipse.cdt.core 4 0 2026-02-26 13:23:25.900
!MESSAGE Error

!ENTRY org.eclipse.cdt.core 4 0 2026-02-26 13:23:25.900
!MESSAGE Error

!ENTRY org.eclipse.cdt.core 4 0 2026-02-26 13:23:25.901
!MESSAGE Error

!ENTRY org.eclipse.cdt.core 4 0 2026-02-26 13:23:25.901
!MESSAGE Error

!ENTRY org.eclipse.cdt.core 4 0 2026-02-26 13:23:25.901
!MESSAGE Error

!ENTRY org.eclipse.cdt.core 4 0 2026-02-26 13:23:25.901
!MESSAGE Error

!ENTRY org.eclipse.cdt.core 4 0 2026-02-26 13:23:25.902
!MESSAGE Error

!ENTRY org.eclipse.cdt.core 4 0 2026-02-26 13:23:25.902
!MESSAGE Error

!ENTRY org.eclipse.cdt.core 4 0 2026-02-26 13:23:25.902
!MESSAGE Error

!ENTRY org.eclipse.cdt.core 4 0 2026-02-26 13:23:25.903
!MESSAGE Error

!ENTRY org.eclipse.cdt.core 4 0 2026-02-26 13:23:25.903
!MESSAGE Error

!ENTRY org.eclipse.cdt.core 4 0 2026-02-26 13:23:25.903
!MESSAGE Error

!ENTRY org.eclipse.cdt.core 4 0 2026-02-26 13:23:25.904
!MESSAGE Error

!ENTRY org.eclipse.cdt.core 4 0 2026-02-26 13:23:25.905
!MESSAGE Error

!ENTRY org.eclipse.cdt.core 4 0 2026-02-26 13:23:25.905
!MESSAGE Error

!ENTRY org.eclipse.cdt.core 4 0 2026-02-26 13:23:25.905
!MESSAGE Error

!ENTRY org.eclipse.cdt.core 4 0 2026-02-26 13:23:25.906
!MESSAGE Error

!ENTRY org.eclipse.cdt.core 4 0 2026-02-26 13:23:25.906
!MESSAGE Error

!ENTRY org.eclipse.cdt.core 4 0 2026-02-26 13:23:25.906
!MESSAGE Error

!ENTRY org.eclipse.cdt.core 4 0 2026-02-26 13:23:25.906
!MESSAGE Error

!ENTRY org.eclipse.cdt.core 4 0 2026-02-26 13:23:25.907
!MESSAGE Error

!ENTRY org.eclipse.cdt.core 4 0 2026-02-26 13:23:25.907
!MESSAGE Error

!ENTRY org.eclipse.cdt.core 4 0 2026-02-26 13:23:25.908
!MESSAGE Error

!ENTRY org.eclipse.cdt.core 4 0 2026-02-26 13:23:25.908
!MESSAGE Error

!ENTRY org.eclipse.cdt.core 4 0 2026-02-26 13:23:25.908
!MESSAGE Error

!ENTRY org.eclipse.cdt.core 4 0 2026-02-26 13:23:25.908
!MESSAGE Error

!ENTRY org.eclipse.cdt.core 4 0 2026-02-26 13:23:25.908
!MESSAGE Error

!ENTRY org.eclipse.cdt.core 4 0 2026-02-26 13:23:25.909
!MESSAGE Error

!ENTRY org.eclipse.cdt.core 4 0 2026-02-26 13:23:25.909
!MESSAGE Error

!ENTRY org.eclipse.cdt.core 4 0 2026-02-26 13:23:25.909
!MESSAGE Error

!ENTRY org.eclipse.cdt.core 4 0 2026-02-26 13:23:25.910
!MESSAGE Error

!ENTRY org.eclipse.cdt.core 4 0 2026-02-26 13:23:25.910
!MESSAGE Error

!ENTRY org.eclipse.cdt.core 4 0 2026-02-26 13:23:25.910
!MESSAGE Error

!ENTRY org.eclipse.cdt.core 4 0 2026-02-26 13:23:25.911
!MESSAGE Error

!ENTRY org.eclipse.cdt.core 4 0 2026-02-26 13:23:25.911
!MESSAGE Error

!ENTRY org.eclipse.cdt.core 4 0 2026-02-26 13:23:25.912
!MESSAGE Error

!ENTRY org.eclipse.cdt.core 4 0 2026-02-26 13:23:25.912
!MESSAGE Error

!ENTRY org.eclipse.cdt.core 4 0 2026-02-26 13:23:25.912
!MESSAGE Error

!ENTRY org.eclipse.cdt.core 4 0 2026-02-26 13:23:25.912
!MESSAGE Error

!ENTRY org.eclipse.cdt.core 4 0 2026-02-26 13:23:25.912
!MESSAGE Error

!ENTRY org.eclipse.cdt.core 4 0 2026-02-26 13:23:25.912
!MESSAGE Error

!ENTRY org.eclipse.cdt.core 4 0 2026-02-26 13:23:25.912
!MESSAGE Error

!ENTRY org.eclipse.cdt.core 4 0 2026-02-26 13:23:25.913
!MESSAGE Error

!ENTRY org.eclipse.cdt.core 4 0 2026-02-26 13:23:25.913
!MESSAGE Error

!ENTRY org.eclipse.cdt.core 4 0 2026-02-26 13:23:25.913
!MESSAGE Error

!ENTRY org.eclipse.cdt.core 4 0 2026-02-26 13:23:25.913
!MESSAGE Error

!ENTRY org.eclipse.cdt.core 4 0 2026-02-26 13:23:25.913
!MESSAGE Error

!ENTRY org.eclipse.cdt.core 4 0 2026-02-26 13:23:25.913
!MESSAGE Error

!ENTRY org.eclipse.cdt.core 4 0 2026-02-26 13:23:25.914
!MESSAGE Error

!ENTRY org.eclipse.cdt.core 4 0 2026-02-26 13:23:25.914
!MESSAGE Error

!ENTRY org.eclipse.cdt.core 4 0 2026-02-26 13:23:25.914
!MESSAGE Error

!ENTRY org.eclipse.cdt.core 4 0 2026-02-26 13:23:25.914
!MESSAGE Error

!ENTRY org.eclipse.cdt.core 4 0 2026-02-26 13:23:25.914
!MESSAGE Error

!ENTRY org.eclipse.cdt.core 4 0 2026-02-26 13:23:25.914
!MESSAGE Error

!ENTRY org.eclipse.cdt.core 4 0 2026-02-26 13:23:25.914
!MESSAGE Error

!ENTRY org.eclipse.cdt.core 4 0 2026-02-26 13:23:25.914
!MESSAGE Error

!ENTRY org.eclipse.cdt.core 4 0 2026-02-26 13:23:25.914
!MESSAGE Error

!ENTRY org.eclipse.cdt.core 4 0 2026-02-26 13:23:25.914
!MESSAGE Error

!ENTRY org.eclipse.cdt.core 4 0 2026-02-26 13:23:25.914
!MESSAGE Error

!ENTRY org.eclipse.cdt.core 4 0 2026-02-26 13:23:25.915
!MESSAGE Error

!ENTRY org.eclipse.cdt.core 4 0 2026-02-26 13:23:25.915
!MESSAGE Error

!ENTRY org.eclipse.cdt.core 4 0 2026-02-26 13:23:25.915
!MESSAGE Error

!ENTRY org.eclipse.cdt.core 4 0 2026-02-26 13:23:25.915
!MESSAGE Error

!ENTRY org.eclipse.cdt.core 4 0 2026-02-26 13:23:25.915
!MESSAGE Error

!ENTRY org.eclipse.cdt.core 4 0 2026-02-26 13:23:25.915
!MESSAGE Error

!ENTRY org.eclipse.cdt.core 4 0 2026-02-26 13:23:25.915
!MESSAGE Error

!ENTRY org.eclipse.cdt.core 4 0 2026-02-26 13:23:25.916
!MESSAGE Error

!ENTRY org.eclipse.cdt.core 4 0 2026-02-26 13:23:25.916
!MESSAGE Error

!ENTRY org.eclipse.cdt.core 4 0 2026-02-26 13:23:26.933
!MESSAGE Error

!ENTRY org.eclipse.cdt.core 4 0 2026-02-26 13:23:26.938
!MESSAGE Error

!ENTRY org.eclipse.cdt.core 4 0 2026-02-26 13:23:26.940
!MESSAGE Error

!ENTRY org.eclipse.cdt.core 4 0 2026-02-26 13:23:26.940
!MESSAGE Error

!ENTRY org.eclipse.cdt.core 4 0 2026-02-26 13:23:26.941
!MESSAGE Error

!ENTRY org.eclipse.cdt.core 4 0 2026-02-26 13:23:26.941
!MESSAGE Error

!ENTRY org.eclipse.cdt.core 4 0 2026-02-26 13:23:26.941
!MESSAGE Error

!ENTRY org.eclipse.cdt.core 4 0 2026-02-26 13:23:26.941
!MESSAGE Error

!ENTRY org.eclipse.cdt.core 4 0 2026-02-26 13:23:26.942
!MESSAGE Error

!ENTRY org.eclipse.cdt.core 4 0 2026-02-26 13:23:26.942
!MESSAGE Error

!ENTRY org.eclipse.cdt.core 4 0 2026-02-26 13:23:26.942
!MESSAGE Error

!ENTRY org.eclipse.cdt.core 4 0 2026-02-26 13:23:26.943
!MESSAGE Error

!ENTRY org.eclipse.cdt.core 4 0 2026-02-26 13:23:26.943
!MESSAGE Error

!ENTRY org.eclipse.cdt.core 4 0 2026-02-26 13:23:26.944
!MESSAGE Error

!ENTRY org.eclipse.cdt.core 4 0 2026-02-26 13:23:26.944
!MESSAGE Error

!ENTRY org.eclipse.cdt.core 4 0 2026-02-26 13:23:26.944
!MESSAGE Error

!ENTRY org.eclipse.cdt.core 4 0 2026-02-26 13:23:26.945
!MESSAGE Error

!ENTRY org.eclipse.cdt.core 4 0 2026-02-26 13:23:26.945
!MESSAGE Error

!ENTRY org.eclipse.cdt.core 4 0 2026-02-26 13:23:26.945
!MESSAGE Error

!ENTRY org.eclipse.cdt.core 4 0 2026-02-26 13:23:26.945
!MESSAGE Error

!ENTRY org.eclipse.cdt.core 4 0 2026-02-26 13:23:26.945
!MESSAGE Error

!ENTRY org.eclipse.cdt.core 4 0 2026-02-26 13:23:26.946
!MESSAGE Error

!ENTRY org.eclipse.cdt.core 4 0 2026-02-26 13:23:26.946
!MESSAGE Error

!ENTRY org.eclipse.cdt.core 4 0 2026-02-26 13:23:26.946
!MESSAGE Error

!ENTRY org.eclipse.cdt.core 4 0 2026-02-26 13:23:26.946
!MESSAGE Error

!ENTRY org.eclipse.cdt.core 4 0 2026-02-26 13:23:26.947
!MESSAGE Error

!ENTRY org.eclipse.cdt.core 4 0 2026-02-26 13:23:26.947
!MESSAGE Error

!ENTRY org.eclipse.cdt.core 4 0 2026-02-26 13:23:26.947
!MESSAGE Error

!ENTRY org.eclipse.cdt.core 4 0 2026-02-26 13:23:26.947
!MESSAGE Error

!ENTRY org.eclipse.cdt.core 4 0 2026-02-26 13:23:26.947
!MESSAGE Error

!ENTRY org.eclipse.cdt.core 4 0 2026-02-26 13:23:26.947
!MESSAGE Error

!ENTRY org.eclipse.cdt.core 4 0 2026-02-26 13:23:26.947
!MESSAGE Error

!ENTRY org.eclipse.cdt.core 4 0 2026-02-26 13:23:26.947
!MESSAGE Error

!ENTRY org.eclipse.cdt.core 4 0 2026-02-26 13:23:26.947
!MESSAGE Error

!ENTRY org.eclipse.cdt.core 4 0 2026-02-26 13:23:26.949
!MESSAGE Error

!ENTRY org.eclipse.cdt.core 4 0 2026-02-26 13:23:26.949
!MESSAGE Error

!ENTRY org.eclipse.cdt.core 4 0 2026-02-26 13:23:26.949
!MESSAGE Error

!ENTRY org.eclipse.cdt.core 4 0 2026-02-26 13:23:26.949
!MESSAGE Error

!ENTRY org.eclipse.cdt.core 4 0 2026-02-26 13:23:26.949
!MESSAGE Error

!ENTRY org.eclipse.cdt.core 4 0 2026-02-26 13:23:26.950
!MESSAGE Error

!ENTRY org.eclipse.cdt.core 4 0 2026-02-26 13:23:26.950
!MESSAGE Error

!ENTRY org.eclipse.cdt.core 4 0 2026-02-26 13:23:26.950
!MESSAGE Error

!ENTRY org.eclipse.cdt.core 4 0 2026-02-26 13:23:26.950
!MESSAGE Error

!ENTRY org.eclipse.cdt.core 4 0 2026-02-26 13:23:26.950
!MESSAGE Error

!ENTRY org.eclipse.cdt.core 4 0 2026-02-26 13:23:26.950
!MESSAGE Error

!ENTRY org.eclipse.cdt.core 4 0 2026-02-26 13:23:26.951
!MESSAGE Error

!ENTRY org.eclipse.cdt.core 4 0 2026-02-26 13:23:26.951
!MESSAGE Error

!ENTRY org.eclipse.cdt.core 4 0 2026-02-26 13:23:26.951
!MESSAGE Error

!ENTRY org.eclipse.cdt.core 4 0 2026-02-26 13:23:26.951
!MESSAGE Error

!ENTRY org.eclipse.cdt.core 4 0 2026-02-26 13:23:26.951
!MESSAGE Error

!ENTRY org.eclipse.cdt.core 4 0 2026-02-26 13:23:26.951
!MESSAGE Error

!ENTRY org.eclipse.cdt.core 4 0 2026-02-26 13:23:26.951
!MESSAGE Error

!ENTRY org.eclipse.cdt.core 4 0 2026-02-26 13:23:26.952
!MESSAGE Error

!ENTRY org.eclipse.cdt.core 4 0 2026-02-26 13:23:26.952
!MESSAGE Error

!ENTRY org.eclipse.cdt.core 4 0 2026-02-26 13:23:26.952
!MESSAGE Error

!ENTRY org.eclipse.cdt.core 4 0 2026-02-26 13:23:26.952
!MESSAGE Error

!ENTRY org.eclipse.cdt.core 4 0 2026-02-26 13:23:26.952
!MESSAGE Error

!ENTRY org.eclipse.cdt.core 4 0 2026-02-26 13:23:26.952
!MESSAGE Error

!ENTRY org.eclipse.cdt.core 4 0 2026-02-26 13:23:26.952
!MESSAGE Error

!ENTRY org.eclipse.cdt.core 4 0 2026-02-26 13:23:26.952
!MESSAGE Error

!ENTRY org.eclipse.cdt.core 4 0 2026-02-26 13:23:26.952
!MESSAGE Error

!ENTRY org.eclipse.cdt.core 4 0 2026-02-26 13:23:26.953
!MESSAGE Error

!ENTRY org.eclipse.cdt.core 4 0 2026-02-26 13:23:26.953
!MESSAGE Error

!ENTRY org.eclipse.cdt.core 4 0 2026-02-26 13:23:26.953
!MESSAGE Error

!ENTRY org.eclipse.cdt.core 4 0 2026-02-26 13:23:26.953
!MESSAGE Error

!ENTRY org.eclipse.cdt.core 4 0 2026-02-26 13:23:26.953
!MESSAGE Error

!ENTRY org.eclipse.cdt.core 4 0 2026-02-26 13:23:26.953
!MESSAGE Error

!ENTRY org.eclipse.cdt.core 4 0 2026-02-26 13:23:26.953
!MESSAGE Error

!ENTRY org.eclipse.cdt.core 4 0 2026-02-26 13:23:26.954
!MESSAGE Error

!ENTRY org.eclipse.cdt.core 4 0 2026-02-26 13:23:26.954
!MESSAGE Error

!ENTRY org.eclipse.cdt.core 4 0 2026-02-26 13:23:26.954
!MESSAGE Error

!ENTRY org.eclipse.cdt.core 4 0 2026-02-26 13:23:26.954
!MESSAGE Error

!ENTRY org.eclipse.cdt.core 4 0 2026-02-26 13:23:29.511
!MESSAGE Error

!ENTRY org.eclipse.cdt.core 4 0 2026-02-26 13:23:29.516
!MESSAGE Error

!ENTRY org.eclipse.cdt.core 4 0 2026-02-26 13:23:29.518
!MESSAGE Error

!ENTRY org.eclipse.cdt.core 4 0 2026-02-26 13:23:29.518
!MESSAGE Error

!ENTRY org.eclipse.cdt.core 4 0 2026-02-26 13:23:29.519
!MESSAGE Error

!ENTRY org.eclipse.cdt.core 4 0 2026-02-26 13:23:29.519
!MESSAGE Error

!ENTRY org.eclipse.cdt.core 4 0 2026-02-26 13:23:29.519
!MESSAGE Error

!ENTRY org.eclipse.cdt.core 4 0 2026-02-26 13:23:29.520
!MESSAGE Error

!ENTRY org.eclipse.cdt.core 4 0 2026-02-26 13:23:29.520
!MESSAGE Error

!ENTRY org.eclipse.cdt.core 4 0 2026-02-26 13:23:29.520
!MESSAGE Error

!ENTRY org.eclipse.cdt.core 4 0 2026-02-26 13:23:29.521
!MESSAGE Error

!ENTRY org.eclipse.cdt.core 4 0 2026-02-26 13:23:29.521
!MESSAGE Error

!ENTRY org.eclipse.cdt.core 4 0 2026-02-26 13:23:29.521
!MESSAGE Error

!ENTRY org.eclipse.cdt.core 4 0 2026-02-26 13:23:29.521
!MESSAGE Error

!ENTRY org.eclipse.cdt.core 4 0 2026-02-26 13:23:29.521
!MESSAGE Error

!ENTRY org.eclipse.cdt.core 4 0 2026-02-26 13:23:29.522
!MESSAGE Error

!ENTRY org.eclipse.cdt.core 4 0 2026-02-26 13:23:29.522
!MESSAGE Error

!ENTRY org.eclipse.cdt.core 4 0 2026-02-26 13:23:29.523
!MESSAGE Error

!ENTRY org.eclipse.cdt.core 4 0 2026-02-26 13:23:29.523
!MESSAGE Error

!ENTRY org.eclipse.cdt.core 4 0 2026-02-26 13:23:29.523
!MESSAGE Error

!ENTRY org.eclipse.cdt.core 4 0 2026-02-26 13:23:29.524
!MESSAGE Error

!ENTRY org.eclipse.cdt.core 4 0 2026-02-26 13:23:29.524
!MESSAGE Error

!ENTRY org.eclipse.cdt.core 4 0 2026-02-26 13:23:29.524
!MESSAGE Error

!ENTRY org.eclipse.cdt.core 4 0 2026-02-26 13:23:29.525
!MESSAGE Error

!ENTRY org.eclipse.cdt.core 4 0 2026-02-26 13:23:29.525
!MESSAGE Error

!ENTRY org.eclipse.cdt.core 4 0 2026-02-26 13:23:29.525
!MESSAGE Error

!ENTRY org.eclipse.cdt.core 4 0 2026-02-26 13:23:29.526
!MESSAGE Error

!ENTRY org.eclipse.cdt.core 4 0 2026-02-26 13:23:29.526
!MESSAGE Error

!ENTRY org.eclipse.cdt.core 4 0 2026-02-26 13:23:29.526
!MESSAGE Error

!ENTRY org.eclipse.cdt.core 4 0 2026-02-26 13:23:29.526
!MESSAGE Error

!ENTRY org.eclipse.cdt.core 4 0 2026-02-26 13:23:29.527
!MESSAGE Error

!ENTRY org.eclipse.cdt.core 4 0 2026-02-26 13:23:29.527
!MESSAGE Error

!ENTRY org.eclipse.cdt.core 4 0 2026-02-26 13:23:29.527
!MESSAGE Error

!ENTRY org.eclipse.cdt.core 4 0 2026-02-26 13:23:29.527
!MESSAGE Error

!ENTRY org.eclipse.cdt.core 4 0 2026-02-26 13:23:29.527
!MESSAGE Error

!ENTRY org.eclipse.cdt.core 4 0 2026-02-26 13:23:29.527
!MESSAGE Error

!ENTRY org.eclipse.cdt.core 4 0 2026-02-26 13:23:29.527
!MESSAGE Error

!ENTRY org.eclipse.cdt.core 4 0 2026-02-26 13:23:29.528
!MESSAGE Error

!ENTRY org.eclipse.cdt.core 4 0 2026-02-26 13:23:29.528
!MESSAGE Error

!ENTRY org.eclipse.cdt.core 4 0 2026-02-26 13:23:29.528
!MESSAGE Error

!ENTRY org.eclipse.cdt.core 4 0 2026-02-26 13:23:29.528
!MESSAGE Error

!ENTRY org.eclipse.cdt.core 4 0 2026-02-26 13:23:29.528
!MESSAGE Error

!ENTRY org.eclipse.cdt.core 4 0 2026-02-26 13:23:29.528
!MESSAGE Error

!ENTRY org.eclipse.cdt.core 4 0 2026-02-26 13:23:29.528
!MESSAGE Error

!ENTRY org.eclipse.cdt.core 4 0 2026-02-26 13:23:29.529
!MESSAGE Error

!ENTRY org.eclipse.cdt.core 4 0 2026-02-26 13:23:29.529
!MESSAGE Error

!ENTRY org.eclipse.cdt.core 4 0 2026-02-26 13:23:29.529
!MESSAGE Error

!ENTRY org.eclipse.cdt.core 4 0 2026-02-26 13:23:29.529
!MESSAGE Error

!ENTRY org.eclipse.cdt.core 4 0 2026-02-26 13:23:29.529
!MESSAGE Error

!ENTRY org.eclipse.cdt.core 4 0 2026-02-26 13:23:29.529
!MESSAGE Error

!ENTRY org.eclipse.cdt.core 4 0 2026-02-26 13:23:29.529
!MESSAGE Error

!ENTRY org.eclipse.cdt.core 4 0 2026-02-26 13:23:29.529
!MESSAGE Error

!ENTRY org.eclipse.cdt.core 4 0 2026-02-26 13:23:29.530
!MESSAGE Error

!ENTRY org.eclipse.cdt.core 4 0 2026-02-26 13:23:29.530
!MESSAGE Error

!ENTRY org.eclipse.cdt.core 4 0 2026-02-26 13:23:29.530
!MESSAGE Error

!ENTRY org.eclipse.cdt.core 4 0 2026-02-26 13:23:29.530
!MESSAGE Error

!ENTRY org.eclipse.cdt.core 4 0 2026-02-26 13:23:29.530
!MESSAGE Error

!ENTRY org.eclipse.cdt.core 4 0 2026-02-26 13:23:29.530
!MESSAGE Error

!ENTRY org.eclipse.cdt.core 4 0 2026-02-26 13:23:29.530
!MESSAGE Error

!ENTRY org.eclipse.cdt.core 4 0 2026-02-26 13:23:29.531
!MESSAGE Error

!ENTRY org.eclipse.cdt.core 4 0 2026-02-26 13:23:29.531
!MESSAGE Error

!ENTRY org.eclipse.cdt.core 4 0 2026-02-26 13:23:29.531
!MESSAGE Error

!ENTRY org.eclipse.cdt.core 4 0 2026-02-26 13:23:29.531
!MESSAGE Error

!ENTRY org.eclipse.cdt.core 4 0 2026-02-26 13:23:29.531
!MESSAGE Error

!ENTRY org.eclipse.cdt.core 4 0 2026-02-26 13:23:29.531
!MESSAGE Error

!ENTRY org.eclipse.cdt.core 4 0 2026-02-26 13:23:29.531
!MESSAGE Error

!ENTRY org.eclipse.cdt.core 4 0 2026-02-26 13:23:29.532
!MESSAGE Error

!ENTRY org.eclipse.cdt.core 4 0 2026-02-26 13:23:29.532
!MESSAGE Error

!ENTRY org.eclipse.cdt.core 4 0 2026-02-26 13:23:29.532
!MESSAGE Error

!ENTRY org.eclipse.cdt.core 4 0 2026-02-26 13:23:29.532
!MESSAGE Error

!ENTRY org.eclipse.cdt.core 4 0 2026-02-26 13:23:29.532
!MESSAGE Error

!ENTRY org.eclipse.cdt.core 4 0 2026-02-26 13:23:29.532
!MESSAGE Error

!ENTRY org.eclipse.cdt.core 4 0 2026-02-26 13:23:29.532
!MESSAGE Error

!ENTRY org.eclipse.cdt.core 4 0 2026-02-26 13:23:29.533
!MESSAGE Error

!ENTRY org.eclipse.cdt.core 4 0 2026-02-26 13:23:52.552
!MESSAGE Error

!ENTRY org.eclipse.cdt.core 4 0 2026-02-26 13:23:52.556
!MESSAGE Error

!ENTRY org.eclipse.cdt.core 4 0 2026-02-26 13:23:52.557
!MESSAGE Error

!ENTRY org.eclipse.cdt.core 4 0 2026-02-26 13:23:52.557
!MESSAGE Error

!ENTRY org.eclipse.cdt.core 4 0 2026-02-26 13:23:52.557
!MESSAGE Error

!ENTRY org.eclipse.cdt.core 4 0 2026-02-26 13:23:52.557
!MESSAGE Error

!ENTRY org.eclipse.cdt.core 4 0 2026-02-26 13:23:52.557
!MESSAGE Error

!ENTRY org.eclipse.cdt.core 4 0 2026-02-26 13:23:52.557
!MESSAGE Error

!ENTRY org.eclipse.cdt.core 4 0 2026-02-26 13:23:52.558
!MESSAGE Error

!ENTRY org.eclipse.cdt.core 4 0 2026-02-26 13:23:52.558
!MESSAGE Error

!ENTRY org.eclipse.cdt.core 4 0 2026-02-26 13:23:52.558
!MESSAGE Error

!ENTRY org.eclipse.cdt.core 4 0 2026-02-26 13:23:52.558
!MESSAGE Error

!ENTRY org.eclipse.cdt.core 4 0 2026-02-26 13:23:52.558
!MESSAGE Error

!ENTRY org.eclipse.cdt.core 4 0 2026-02-26 13:23:52.558
!MESSAGE Error

!ENTRY org.eclipse.cdt.core 4 0 2026-02-26 13:23:52.559
!MESSAGE Error

!ENTRY org.eclipse.cdt.core 4 0 2026-02-26 13:23:52.559
!MESSAGE Error

!ENTRY org.eclipse.cdt.core 4 0 2026-02-26 13:23:52.559
!MESSAGE Error

!ENTRY org.eclipse.cdt.core 4 0 2026-02-26 13:23:52.559
!MESSAGE Error

!ENTRY org.eclipse.cdt.core 4 0 2026-02-26 13:23:52.559
!MESSAGE Error

!ENTRY org.eclipse.cdt.core 4 0 2026-02-26 13:23:52.559
!MESSAGE Error

!ENTRY org.eclipse.cdt.core 4 0 2026-02-26 13:23:52.559
!MESSAGE Error

!ENTRY org.eclipse.cdt.core 4 0 2026-02-26 13:23:52.559
!MESSAGE Error

!ENTRY org.eclipse.cdt.core 4 0 2026-02-26 13:23:52.559
!MESSAGE Error

!ENTRY org.eclipse.cdt.core 4 0 2026-02-26 13:23:52.559
!MESSAGE Error

!ENTRY org.eclipse.cdt.core 4 0 2026-02-26 13:23:52.559
!MESSAGE Error

!ENTRY org.eclipse.cdt.core 4 0 2026-02-26 13:23:52.560
!MESSAGE Error

!ENTRY org.eclipse.cdt.core 4 0 2026-02-26 13:23:52.560
!MESSAGE Error

!ENTRY org.eclipse.cdt.core 4 0 2026-02-26 13:23:52.560
!MESSAGE Error

!ENTRY org.eclipse.cdt.core 4 0 2026-02-26 13:23:52.560
!MESSAGE Error

!ENTRY org.eclipse.cdt.core 4 0 2026-02-26 13:23:52.560
!MESSAGE Error

!ENTRY org.eclipse.cdt.core 4 0 2026-02-26 13:23:52.560
!MESSAGE Error

!ENTRY org.eclipse.cdt.core 4 0 2026-02-26 13:23:52.560
!MESSAGE Error

!ENTRY org.eclipse.cdt.core 4 0 2026-02-26 13:23:52.561
!MESSAGE Error

!ENTRY org.eclipse.cdt.core 4 0 2026-02-26 13:23:52.561
!MESSAGE Error

!ENTRY org.eclipse.cdt.core 4 0 2026-02-26 13:23:52.561
!MESSAGE Error

!ENTRY org.eclipse.cdt.core 4 0 2026-02-26 13:23:52.561
!MESSAGE Error

!ENTRY org.eclipse.cdt.core 4 0 2026-02-26 13:23:52.561
!MESSAGE Error

!ENTRY org.eclipse.cdt.core 4 0 2026-02-26 13:23:52.561
!MESSAGE Error

!ENTRY org.eclipse.cdt.core 4 0 2026-02-26 13:23:52.562
!MESSAGE Error

!ENTRY org.eclipse.cdt.core 4 0 2026-02-26 13:23:52.562
!MESSAGE Error

!ENTRY org.eclipse.cdt.core 4 0 2026-02-26 13:23:52.562
!MESSAGE Error

!ENTRY org.eclipse.cdt.core 4 0 2026-02-26 13:23:52.563
!MESSAGE Error

!ENTRY org.eclipse.cdt.core 4 0 2026-02-26 13:23:52.563
!MESSAGE Error

!ENTRY org.eclipse.cdt.core 4 0 2026-02-26 13:23:52.564
!MESSAGE Error

!ENTRY org.eclipse.cdt.core 4 0 2026-02-26 13:23:52.564
!MESSAGE Error

!ENTRY org.eclipse.cdt.core 4 0 2026-02-26 13:23:52.564
!MESSAGE Error

!ENTRY org.eclipse.cdt.core 4 0 2026-02-26 13:23:52.565
!MESSAGE Error

!ENTRY org.eclipse.cdt.core 4 0 2026-02-26 13:23:52.565
!MESSAGE Error

!ENTRY org.eclipse.cdt.core 4 0 2026-02-26 13:23:52.565
!MESSAGE Error

!ENTRY org.eclipse.cdt.core 4 0 2026-02-26 13:23:52.565
!MESSAGE Error

!ENTRY org.eclipse.cdt.core 4 0 2026-02-26 13:23:52.566
!MESSAGE Error

!ENTRY org.eclipse.cdt.core 4 0 2026-02-26 13:23:52.566
!MESSAGE Error

!ENTRY org.eclipse.cdt.core 4 0 2026-02-26 13:23:52.566
!MESSAGE Error

!ENTRY org.eclipse.cdt.core 4 0 2026-02-26 13:23:52.566
!MESSAGE Error

!ENTRY org.eclipse.cdt.core 4 0 2026-02-26 13:23:52.566
!MESSAGE Error

!ENTRY org.eclipse.cdt.core 4 0 2026-02-26 13:23:52.566
!MESSAGE Error

!ENTRY org.eclipse.cdt.core 4 0 2026-02-26 13:23:52.566
!MESSAGE Error

!ENTRY org.eclipse.cdt.core 4 0 2026-02-26 13:23:52.566
!MESSAGE Error

!ENTRY org.eclipse.cdt.core 4 0 2026-02-26 13:23:52.567
!MESSAGE Error

!ENTRY org.eclipse.cdt.core 4 0 2026-02-26 13:23:52.567
!MESSAGE Error

!ENTRY org.eclipse.cdt.core 4 0 2026-02-26 13:23:52.567
!MESSAGE Error

!ENTRY org.eclipse.cdt.core 4 0 2026-02-26 13:23:52.567
!MESSAGE Error

!ENTRY org.eclipse.cdt.core 4 0 2026-02-26 13:23:52.568
!MESSAGE Error

!ENTRY org.eclipse.cdt.core 4 0 2026-02-26 13:23:52.568
!MESSAGE Error

!ENTRY org.eclipse.cdt.core 4 0 2026-02-26 13:23:52.568
!MESSAGE Error

!ENTRY org.eclipse.cdt.core 4 0 2026-02-26 13:23:52.568
!MESSAGE Error

!ENTRY org.eclipse.cdt.core 4 0 2026-02-26 13:23:52.568
!MESSAGE Error

!ENTRY org.eclipse.cdt.core 4 0 2026-02-26 13:23:52.568
!MESSAGE Error

!ENTRY org.eclipse.cdt.core 4 0 2026-02-26 13:23:52.569
!MESSAGE Error

!ENTRY org.eclipse.cdt.core 4 0 2026-02-26 13:23:52.569
!MESSAGE Error

!ENTRY org.eclipse.cdt.core 4 0 2026-02-26 13:23:52.569
!MESSAGE Error

!ENTRY org.eclipse.cdt.core 4 0 2026-02-26 13:23:52.570
!MESSAGE Error

!ENTRY org.eclipse.cdt.core 4 0 2026-02-26 13:23:52.570
!MESSAGE Error

!ENTRY org.eclipse.cdt.core 4 0 2026-02-26 13:23:52.570
!MESSAGE Error

!ENTRY org.eclipse.cdt.core 4 0 2026-02-26 13:23:52.570
!MESSAGE Error

!ENTRY org.eclipse.cdt.core 4 0 2026-02-26 13:23:52.570
!MESSAGE Error

!ENTRY org.eclipse.cdt.core 4 0 2026-02-26 13:23:55.123
!MESSAGE Error

!ENTRY org.eclipse.cdt.core 4 0 2026-02-26 13:23:55.127
!MESSAGE Error

!ENTRY org.eclipse.cdt.core 4 0 2026-02-26 13:23:55.128
!MESSAGE Error

!ENTRY org.eclipse.cdt.core 4 0 2026-02-26 13:23:55.128
!MESSAGE Error

!ENTRY org.eclipse.cdt.core 4 0 2026-02-26 13:23:55.128
!MESSAGE Error

!ENTRY org.eclipse.cdt.core 4 0 2026-02-26 13:23:55.128
!MESSAGE Error

!ENTRY org.eclipse.cdt.core 4 0 2026-02-26 13:23:55.128
!MESSAGE Error

!ENTRY org.eclipse.cdt.core 4 0 2026-02-26 13:23:55.128
!MESSAGE Error

!ENTRY org.eclipse.cdt.core 4 0 2026-02-26 13:23:55.128
!MESSAGE Error

!ENTRY org.eclipse.cdt.core 4 0 2026-02-26 13:23:55.128
!MESSAGE Error

!ENTRY org.eclipse.cdt.core 4 0 2026-02-26 13:23:55.129
!MESSAGE Error

!ENTRY org.eclipse.cdt.core 4 0 2026-02-26 13:23:55.129
!MESSAGE Error

!ENTRY org.eclipse.cdt.core 4 0 2026-02-26 13:23:55.129
!MESSAGE Error

!ENTRY org.eclipse.cdt.core 4 0 2026-02-26 13:23:55.129
!MESSAGE Error

!ENTRY org.eclipse.cdt.core 4 0 2026-02-26 13:23:55.129
!MESSAGE Error

!ENTRY org.eclipse.cdt.core 4 0 2026-02-26 13:23:55.129
!MESSAGE Error

!ENTRY org.eclipse.cdt.core 4 0 2026-02-26 13:23:55.129
!MESSAGE Error

!ENTRY org.eclipse.cdt.core 4 0 2026-02-26 13:23:55.130
!MESSAGE Error

!ENTRY org.eclipse.cdt.core 4 0 2026-02-26 13:23:55.130
!MESSAGE Error

!ENTRY org.eclipse.cdt.core 4 0 2026-02-26 13:23:55.130
!MESSAGE Error

!ENTRY org.eclipse.cdt.core 4 0 2026-02-26 13:23:55.130
!MESSAGE Error

!ENTRY org.eclipse.cdt.core 4 0 2026-02-26 13:23:55.130
!MESSAGE Error

!ENTRY org.eclipse.cdt.core 4 0 2026-02-26 13:23:55.130
!MESSAGE Error

!ENTRY org.eclipse.cdt.core 4 0 2026-02-26 13:23:55.130
!MESSAGE Error

!ENTRY org.eclipse.cdt.core 4 0 2026-02-26 13:23:55.131
!MESSAGE Error

!ENTRY org.eclipse.cdt.core 4 0 2026-02-26 13:23:55.131
!MESSAGE Error

!ENTRY org.eclipse.cdt.core 4 0 2026-02-26 13:23:55.131
!MESSAGE Error

!ENTRY org.eclipse.cdt.core 4 0 2026-02-26 13:23:55.131
!MESSAGE Error

!ENTRY org.eclipse.cdt.core 4 0 2026-02-26 13:23:55.131
!MESSAGE Error

!ENTRY org.eclipse.cdt.core 4 0 2026-02-26 13:23:55.131
!MESSAGE Error

!ENTRY org.eclipse.cdt.core 4 0 2026-02-26 13:23:55.131
!MESSAGE Error

!ENTRY org.eclipse.cdt.core 4 0 2026-02-26 13:23:55.131
!MESSAGE Error

!ENTRY org.eclipse.cdt.core 4 0 2026-02-26 13:23:55.131
!MESSAGE Error

!ENTRY org.eclipse.cdt.core 4 0 2026-02-26 13:23:55.132
!MESSAGE Error

!ENTRY org.eclipse.cdt.core 4 0 2026-02-26 13:23:55.132
!MESSAGE Error

!ENTRY org.eclipse.cdt.core 4 0 2026-02-26 13:23:55.132
!MESSAGE Error

!ENTRY org.eclipse.cdt.core 4 0 2026-02-26 13:23:55.132
!MESSAGE Error

!ENTRY org.eclipse.cdt.core 4 0 2026-02-26 13:23:55.132
!MESSAGE Error

!ENTRY org.eclipse.cdt.core 4 0 2026-02-26 13:23:55.132
!MESSAGE Error

!ENTRY org.eclipse.cdt.core 4 0 2026-02-26 13:23:55.132
!MESSAGE Error

!ENTRY org.eclipse.cdt.core 4 0 2026-02-26 13:23:55.133
!MESSAGE Error

!ENTRY org.eclipse.cdt.core 4 0 2026-02-26 13:23:55.133
!MESSAGE Error

!ENTRY org.eclipse.cdt.core 4 0 2026-02-26 13:23:55.133
!MESSAGE Error

!ENTRY org.eclipse.cdt.core 4 0 2026-02-26 13:23:55.133
!MESSAGE Error

!ENTRY org.eclipse.cdt.core 4 0 2026-02-26 13:23:55.133
!MESSAGE Error

!ENTRY org.eclipse.cdt.core 4 0 2026-02-26 13:23:55.133
!MESSAGE Error

!ENTRY org.eclipse.cdt.core 4 0 2026-02-26 13:23:55.133
!MESSAGE Error

!ENTRY org.eclipse.cdt.core 4 0 2026-02-26 13:23:55.133
!MESSAGE Error

!ENTRY org.eclipse.cdt.core 4 0 2026-02-26 13:23:55.134
!MESSAGE Error

!ENTRY org.eclipse.cdt.core 4 0 2026-02-26 13:23:55.134
!MESSAGE Error

!ENTRY org.eclipse.cdt.core 4 0 2026-02-26 13:23:55.134
!MESSAGE Error

!ENTRY org.eclipse.cdt.core 4 0 2026-02-26 13:23:55.134
!MESSAGE Error

!ENTRY org.eclipse.cdt.core 4 0 2026-02-26 13:23:55.134
!MESSAGE Error

!ENTRY org.eclipse.cdt.core 4 0 2026-02-26 13:23:55.134
!MESSAGE Error

!ENTRY org.eclipse.cdt.core 4 0 2026-02-26 13:23:55.134
!MESSAGE Error

!ENTRY org.eclipse.cdt.core 4 0 2026-02-26 13:23:55.135
!MESSAGE Error

!ENTRY org.eclipse.cdt.core 4 0 2026-02-26 13:23:55.135
!MESSAGE Error

!ENTRY org.eclipse.cdt.core 4 0 2026-02-26 13:23:55.135
!MESSAGE Error

!ENTRY org.eclipse.cdt.core 4 0 2026-02-26 13:23:55.135
!MESSAGE Error

!ENTRY org.eclipse.cdt.core 4 0 2026-02-26 13:23:55.135
!MESSAGE Error

!ENTRY org.eclipse.cdt.core 4 0 2026-02-26 13:23:55.135
!MESSAGE Error

!ENTRY org.eclipse.cdt.core 4 0 2026-02-26 13:23:55.135
!MESSAGE Error

!ENTRY org.eclipse.cdt.core 4 0 2026-02-26 13:23:55.135
!MESSAGE Error

!ENTRY org.eclipse.cdt.core 4 0 2026-02-26 13:23:55.136
!MESSAGE Error

!ENTRY org.eclipse.cdt.core 4 0 2026-02-26 13:23:55.136
!MESSAGE Error

!ENTRY org.eclipse.cdt.core 4 0 2026-02-26 13:23:55.136
!MESSAGE Error

!ENTRY org.eclipse.cdt.core 4 0 2026-02-26 13:23:55.136
!MESSAGE Error

!ENTRY org.eclipse.cdt.core 4 0 2026-02-26 13:23:55.136
!MESSAGE Error

!ENTRY org.eclipse.cdt.core 4 0 2026-02-26 13:23:55.136
!MESSAGE Error

!ENTRY org.eclipse.cdt.core 4 0 2026-02-26 13:23:55.136
!MESSAGE Error

!ENTRY org.eclipse.cdt.core 4 0 2026-02-26 13:23:55.137
!MESSAGE Error

!ENTRY org.eclipse.cdt.core 4 0 2026-02-26 13:23:55.137
!MESSAGE Error

!ENTRY org.eclipse.cdt.core 4 0 2026-02-26 13:23:55.137
!MESSAGE Error

!ENTRY org.eclipse.cdt.core 4 0 2026-02-26 13:23:55.137
!MESSAGE Error

!ENTRY org.eclipse.cdt.core 4 0 2026-02-26 13:23:55.137
!MESSAGE Error

!ENTRY org.eclipse.cdt.core 4 0 2026-02-26 13:23:55.137
!MESSAGE Error

!ENTRY org.eclipse.cdt.core 4 0 2026-02-26 13:23:55.320
!MESSAGE Error

!ENTRY org.eclipse.cdt.core 4 0 2026-02-26 13:23:55.324
!MESSAGE Error

!ENTRY org.eclipse.cdt.core 4 0 2026-02-26 13:24:00.390
!MESSAGE Error

!ENTRY org.eclipse.cdt.core 4 0 2026-02-26 13:24:00.391
!MESSAGE Error

!ENTRY org.eclipse.cdt.core 4 0 2026-02-26 13:24:00.391
!MESSAGE Error

!ENTRY org.eclipse.cdt.core 4 0 2026-02-26 13:24:00.391
!MESSAGE Error

!ENTRY org.eclipse.cdt.core 4 0 2026-02-26 13:24:00.391
!MESSAGE Error

!ENTRY org.eclipse.cdt.core 4 0 2026-02-26 13:24:01.251
!MESSAGE Error

!ENTRY org.eclipse.cdt.core 4 0 2026-02-26 13:24:01.255
!MESSAGE Error

!ENTRY org.eclipse.cdt.core 4 0 2026-02-26 13:24:01.258
!MESSAGE Error

!ENTRY org.eclipse.cdt.core 4 0 2026-02-26 13:24:01.258
!MESSAGE Error

!ENTRY org.eclipse.cdt.core 4 0 2026-02-26 13:24:01.258
!MESSAGE Error

!ENTRY org.eclipse.cdt.core 4 0 2026-02-26 13:24:01.259
!MESSAGE Error

!ENTRY org.eclipse.cdt.core 4 0 2026-02-26 13:24:01.259
!MESSAGE Error

!ENTRY org.eclipse.cdt.core 4 0 2026-02-26 13:24:01.259
!MESSAGE Error

!ENTRY org.eclipse.cdt.core 4 0 2026-02-26 13:24:01.260
!MESSAGE Error

!ENTRY org.eclipse.cdt.core 4 0 2026-02-26 13:24:01.260
!MESSAGE Error

!ENTRY org.eclipse.cdt.core 4 0 2026-02-26 13:24:01.260
!MESSAGE Error

!ENTRY org.eclipse.cdt.core 4 0 2026-02-26 13:24:01.261
!MESSAGE Error

!ENTRY org.eclipse.cdt.core 4 0 2026-02-26 13:24:01.261
!MESSAGE Error

!ENTRY org.eclipse.cdt.core 4 0 2026-02-26 13:24:01.262
!MESSAGE Error

!ENTRY org.eclipse.cdt.core 4 0 2026-02-26 13:24:01.262
!MESSAGE Error

!ENTRY org.eclipse.cdt.core 4 0 2026-02-26 13:24:01.262
!MESSAGE Error

!ENTRY org.eclipse.cdt.core 4 0 2026-02-26 13:24:01.263
!MESSAGE Error

!ENTRY org.eclipse.cdt.core 4 0 2026-02-26 13:24:01.263
!MESSAGE Error

!ENTRY org.eclipse.cdt.core 4 0 2026-02-26 13:24:01.263
!MESSAGE Error

!ENTRY org.eclipse.cdt.core 4 0 2026-02-26 13:24:01.264
!MESSAGE Error

!ENTRY org.eclipse.cdt.core 4 0 2026-02-26 13:24:01.264
!MESSAGE Error

!ENTRY org.eclipse.cdt.core 4 0 2026-02-26 13:24:01.264
!MESSAGE Error

!ENTRY org.eclipse.cdt.core 4 0 2026-02-26 13:24:01.264
!MESSAGE Error

!ENTRY org.eclipse.cdt.core 4 0 2026-02-26 13:24:01.264
!MESSAGE Error

!ENTRY org.eclipse.cdt.core 4 0 2026-02-26 13:24:01.265
!MESSAGE Error

!ENTRY org.eclipse.cdt.core 4 0 2026-02-26 13:24:01.265
!MESSAGE Error

!ENTRY org.eclipse.cdt.core 4 0 2026-02-26 13:24:01.265
!MESSAGE Error

!ENTRY org.eclipse.cdt.core 4 0 2026-02-26 13:24:01.266
!MESSAGE Error

!ENTRY org.eclipse.cdt.core 4 0 2026-02-26 13:24:01.266
!MESSAGE Error

!ENTRY org.eclipse.cdt.core 4 0 2026-02-26 13:24:01.266
!MESSAGE Error

!ENTRY org.eclipse.cdt.core 4 0 2026-02-26 13:24:01.266
!MESSAGE Error

!ENTRY org.eclipse.cdt.core 4 0 2026-02-26 13:24:01.266
!MESSAGE Error

!ENTRY org.eclipse.cdt.core 4 0 2026-02-26 13:24:01.267
!MESSAGE Error

!ENTRY org.eclipse.cdt.core 4 0 2026-02-26 13:24:01.267
!MESSAGE Error

!ENTRY org.eclipse.cdt.core 4 0 2026-02-26 13:24:01.267
!MESSAGE Error

!ENTRY org.eclipse.cdt.core 4 0 2026-02-26 13:24:01.267
!MESSAGE Error

!ENTRY org.eclipse.cdt.core 4 0 2026-02-26 13:24:01.268
!MESSAGE Error

!ENTRY org.eclipse.cdt.core 4 0 2026-02-26 13:24:01.268
!MESSAGE Error

!ENTRY org.eclipse.cdt.core 4 0 2026-02-26 13:24:01.268
!MESSAGE Error

!ENTRY org.eclipse.cdt.core 4 0 2026-02-26 13:24:01.268
!MESSAGE Error

!ENTRY org.eclipse.cdt.core 4 0 2026-02-26 13:24:01.268
!MESSAGE Error

!ENTRY org.eclipse.cdt.core 4 0 2026-02-26 13:24:01.268
!MESSAGE Error

!ENTRY org.eclipse.cdt.core 4 0 2026-02-26 13:24:01.268
!MESSAGE Error

!ENTRY org.eclipse.cdt.core 4 0 2026-02-26 13:24:01.269
!MESSAGE Error

!ENTRY org.eclipse.cdt.core 4 0 2026-02-26 13:24:01.269
!MESSAGE Error

!ENTRY org.eclipse.cdt.core 4 0 2026-02-26 13:24:01.269
!MESSAGE Error

!ENTRY org.eclipse.cdt.core 4 0 2026-02-26 13:24:01.269
!MESSAGE Error

!ENTRY org.eclipse.cdt.core 4 0 2026-02-26 13:24:01.269
!MESSAGE Error

!ENTRY org.eclipse.cdt.core 4 0 2026-02-26 13:24:01.269
!MESSAGE Error

!ENTRY org.eclipse.cdt.core 4 0 2026-02-26 13:24:01.269
!MESSAGE Error

!ENTRY org.eclipse.cdt.core 4 0 2026-02-26 13:24:01.270
!MESSAGE Error

!ENTRY org.eclipse.cdt.core 4 0 2026-02-26 13:24:01.270
!MESSAGE Error

!ENTRY org.eclipse.cdt.core 4 0 2026-02-26 13:24:01.270
!MESSAGE Error

!ENTRY org.eclipse.cdt.core 4 0 2026-02-26 13:24:01.270
!MESSAGE Error

!ENTRY org.eclipse.cdt.core 4 0 2026-02-26 13:24:01.270
!MESSAGE Error

!ENTRY org.eclipse.cdt.core 4 0 2026-02-26 13:24:01.270
!MESSAGE Error

!ENTRY org.eclipse.cdt.core 4 0 2026-02-26 13:24:01.270
!MESSAGE Error

!ENTRY org.eclipse.cdt.core 4 0 2026-02-26 13:24:01.270
!MESSAGE Error

!ENTRY org.eclipse.cdt.core 4 0 2026-02-26 13:24:01.271
!MESSAGE Error

!ENTRY org.eclipse.cdt.core 4 0 2026-02-26 13:24:01.271
!MESSAGE Error

!ENTRY org.eclipse.cdt.core 4 0 2026-02-26 13:24:01.271
!MESSAGE Error

!ENTRY org.eclipse.cdt.core 4 0 2026-02-26 13:24:01.271
!MESSAGE Error

!ENTRY org.eclipse.cdt.core 4 0 2026-02-26 13:24:01.271
!MESSAGE Error

!ENTRY org.eclipse.cdt.core 4 0 2026-02-26 13:24:01.271
!MESSAGE Error

!ENTRY org.eclipse.cdt.core 4 0 2026-02-26 13:24:01.271
!MESSAGE Error

!ENTRY org.eclipse.cdt.core 4 0 2026-02-26 13:24:01.271
!MESSAGE Error

!ENTRY org.eclipse.cdt.core 4 0 2026-02-26 13:24:01.271
!MESSAGE Error

!ENTRY org.eclipse.cdt.core 4 0 2026-02-26 13:24:01.271
!MESSAGE Error

!ENTRY org.eclipse.cdt.core 4 0 2026-02-26 13:24:01.271
!MESSAGE Error

!ENTRY org.eclipse.cdt.core 4 0 2026-02-26 13:24:01.272
!MESSAGE Error

!ENTRY org.eclipse.cdt.core 4 0 2026-02-26 13:24:01.272
!MESSAGE Error

!ENTRY org.eclipse.cdt.core 4 0 2026-02-26 13:24:01.272
!MESSAGE Error

!ENTRY org.eclipse.cdt.core 4 0 2026-02-26 13:24:01.272
!MESSAGE Error

!ENTRY org.eclipse.cdt.core 4 0 2026-02-26 13:24:01.272
!MESSAGE Error

!ENTRY org.eclipse.cdt.core 4 0 2026-02-26 13:24:01.272
!MESSAGE Error

!ENTRY org.eclipse.cdt.core 4 0 2026-02-26 13:24:01.272
!MESSAGE Error

!ENTRY org.eclipse.cdt.core 4 0 2026-02-26 13:24:03.833
!MESSAGE Error

!ENTRY org.eclipse.cdt.core 4 0 2026-02-26 13:24:03.837
!MESSAGE Error

!ENTRY org.eclipse.cdt.core 4 0 2026-02-26 13:24:03.839
!MESSAGE Error

!ENTRY org.eclipse.cdt.core 4 0 2026-02-26 13:24:03.840
!MESSAGE Error

!ENTRY org.eclipse.cdt.core 4 0 2026-02-26 13:24:03.840
!MESSAGE Error

!ENTRY org.eclipse.cdt.core 4 0 2026-02-26 13:24:03.840
!MESSAGE Error

!ENTRY org.eclipse.cdt.core 4 0 2026-02-26 13:24:03.841
!MESSAGE Error

!ENTRY org.eclipse.cdt.core 4 0 2026-02-26 13:24:03.841
!MESSAGE Error

!ENTRY org.eclipse.cdt.core 4 0 2026-02-26 13:24:03.841
!MESSAGE Error

!ENTRY org.eclipse.cdt.core 4 0 2026-02-26 13:24:03.842
!MESSAGE Error

!ENTRY org.eclipse.cdt.core 4 0 2026-02-26 13:24:03.842
!MESSAGE Error

!ENTRY org.eclipse.cdt.core 4 0 2026-02-26 13:24:03.843
!MESSAGE Error

!ENTRY org.eclipse.cdt.core 4 0 2026-02-26 13:24:03.843
!MESSAGE Error

!ENTRY org.eclipse.cdt.core 4 0 2026-02-26 13:24:03.844
!MESSAGE Error

!ENTRY org.eclipse.cdt.core 4 0 2026-02-26 13:24:03.844
!MESSAGE Error

!ENTRY org.eclipse.cdt.core 4 0 2026-02-26 13:24:03.844
!MESSAGE Error

!ENTRY org.eclipse.cdt.core 4 0 2026-02-26 13:24:03.845
!MESSAGE Error

!ENTRY org.eclipse.cdt.core 4 0 2026-02-26 13:24:03.845
!MESSAGE Error

!ENTRY org.eclipse.cdt.core 4 0 2026-02-26 13:24:03.846
!MESSAGE Error

!ENTRY org.eclipse.cdt.core 4 0 2026-02-26 13:24:03.846
!MESSAGE Error

!ENTRY org.eclipse.cdt.core 4 0 2026-02-26 13:24:03.846
!MESSAGE Error

!ENTRY org.eclipse.cdt.core 4 0 2026-02-26 13:24:03.847
!MESSAGE Error

!ENTRY org.eclipse.cdt.core 4 0 2026-02-26 13:24:03.847
!MESSAGE Error

!ENTRY org.eclipse.cdt.core 4 0 2026-02-26 13:24:03.847
!MESSAGE Error

!ENTRY org.eclipse.cdt.core 4 0 2026-02-26 13:24:03.847
!MESSAGE Error

!ENTRY org.eclipse.cdt.core 4 0 2026-02-26 13:24:03.847
!MESSAGE Error

!ENTRY org.eclipse.cdt.core 4 0 2026-02-26 13:24:03.847
!MESSAGE Error

!ENTRY org.eclipse.cdt.core 4 0 2026-02-26 13:24:03.848
!MESSAGE Error

!ENTRY org.eclipse.cdt.core 4 0 2026-02-26 13:24:03.848
!MESSAGE Error

!ENTRY org.eclipse.cdt.core 4 0 2026-02-26 13:24:03.848
!MESSAGE Error

!ENTRY org.eclipse.cdt.core 4 0 2026-02-26 13:24:03.848
!MESSAGE Error

!ENTRY org.eclipse.cdt.core 4 0 2026-02-26 13:24:03.848
!MESSAGE Error

!ENTRY org.eclipse.cdt.core 4 0 2026-02-26 13:24:03.848
!MESSAGE Error

!ENTRY org.eclipse.cdt.core 4 0 2026-02-26 13:24:03.848
!MESSAGE Error

!ENTRY org.eclipse.cdt.core 4 0 2026-02-26 13:24:03.848
!MESSAGE Error

!ENTRY org.eclipse.cdt.core 4 0 2026-02-26 13:24:03.848
!MESSAGE Error

!ENTRY org.eclipse.cdt.core 4 0 2026-02-26 13:24:03.849
!MESSAGE Error

!ENTRY org.eclipse.cdt.core 4 0 2026-02-26 13:24:03.849
!MESSAGE Error

!ENTRY org.eclipse.cdt.core 4 0 2026-02-26 13:24:03.849
!MESSAGE Error

!ENTRY org.eclipse.cdt.core 4 0 2026-02-26 13:24:03.849
!MESSAGE Error

!ENTRY org.eclipse.cdt.core 4 0 2026-02-26 13:24:03.849
!MESSAGE Error

!ENTRY org.eclipse.cdt.core 4 0 2026-02-26 13:24:03.849
!MESSAGE Error

!ENTRY org.eclipse.cdt.core 4 0 2026-02-26 13:24:03.849
!MESSAGE Error

!ENTRY org.eclipse.cdt.core 4 0 2026-02-26 13:24:03.850
!MESSAGE Error

!ENTRY org.eclipse.cdt.core 4 0 2026-02-26 13:24:03.850
!MESSAGE Error

!ENTRY org.eclipse.cdt.core 4 0 2026-02-26 13:24:03.850
!MESSAGE Error

!ENTRY org.eclipse.cdt.core 4 0 2026-02-26 13:24:03.850
!MESSAGE Error

!ENTRY org.eclipse.cdt.core 4 0 2026-02-26 13:24:03.850
!MESSAGE Error

!ENTRY org.eclipse.cdt.core 4 0 2026-02-26 13:24:03.850
!MESSAGE Error

!ENTRY org.eclipse.cdt.core 4 0 2026-02-26 13:24:03.850
!MESSAGE Error

!ENTRY org.eclipse.cdt.core 4 0 2026-02-26 13:24:03.851
!MESSAGE Error

!ENTRY org.eclipse.cdt.core 4 0 2026-02-26 13:24:03.851
!MESSAGE Error

!ENTRY org.eclipse.cdt.core 4 0 2026-02-26 13:24:03.851
!MESSAGE Error

!ENTRY org.eclipse.cdt.core 4 0 2026-02-26 13:24:03.851
!MESSAGE Error

!ENTRY org.eclipse.cdt.core 4 0 2026-02-26 13:24:03.851
!MESSAGE Error

!ENTRY org.eclipse.cdt.core 4 0 2026-02-26 13:24:03.851
!MESSAGE Error

!ENTRY org.eclipse.cdt.core 4 0 2026-02-26 13:24:03.851
!MESSAGE Error

!ENTRY org.eclipse.cdt.core 4 0 2026-02-26 13:24:03.851
!MESSAGE Error

!ENTRY org.eclipse.cdt.core 4 0 2026-02-26 13:24:03.852
!MESSAGE Error

!ENTRY org.eclipse.cdt.core 4 0 2026-02-26 13:24:03.852
!MESSAGE Error

!ENTRY org.eclipse.cdt.core 4 0 2026-02-26 13:24:03.852
!MESSAGE Error

!ENTRY org.eclipse.cdt.core 4 0 2026-02-26 13:24:03.852
!MESSAGE Error

!ENTRY org.eclipse.cdt.core 4 0 2026-02-26 13:24:03.852
!MESSAGE Error

!ENTRY org.eclipse.cdt.core 4 0 2026-02-26 13:24:03.852
!MESSAGE Error

!ENTRY org.eclipse.cdt.core 4 0 2026-02-26 13:24:03.852
!MESSAGE Error

!ENTRY org.eclipse.cdt.core 4 0 2026-02-26 13:24:03.853
!MESSAGE Error

!ENTRY org.eclipse.cdt.core 4 0 2026-02-26 13:24:03.853
!MESSAGE Error

!ENTRY org.eclipse.cdt.core 4 0 2026-02-26 13:24:03.853
!MESSAGE Error

!ENTRY org.eclipse.cdt.core 4 0 2026-02-26 13:24:03.853
!MESSAGE Error

!ENTRY org.eclipse.cdt.core 4 0 2026-02-26 13:24:03.853
!MESSAGE Error

!ENTRY org.eclipse.cdt.core 4 0 2026-02-26 13:24:03.853
!MESSAGE Error

!ENTRY org.eclipse.cdt.core 4 0 2026-02-26 13:24:03.853
!MESSAGE Error

!ENTRY org.eclipse.cdt.core 4 0 2026-02-26 13:24:03.853
!MESSAGE Error

!ENTRY org.eclipse.cdt.core 4 0 2026-02-26 13:24:03.854
!MESSAGE Error

!ENTRY org.eclipse.cdt.core 4 0 2026-02-26 13:24:03.854
!MESSAGE Error

!ENTRY org.eclipse.cdt.core 4 0 2026-02-26 13:24:03.854
!MESSAGE Error

!ENTRY org.eclipse.cdt.core 4 0 2026-02-26 13:24:09.920
!MESSAGE Error

!ENTRY org.eclipse.cdt.core 4 0 2026-02-26 13:24:09.923
!MESSAGE Error

!ENTRY org.eclipse.cdt.core 4 0 2026-02-26 13:24:09.924
!MESSAGE Error

!ENTRY org.eclipse.cdt.core 4 0 2026-02-26 13:24:09.924
!MESSAGE Error

!ENTRY org.eclipse.cdt.core 4 0 2026-02-26 13:24:09.924
!MESSAGE Error

!ENTRY org.eclipse.cdt.core 4 0 2026-02-26 13:24:09.924
!MESSAGE Error

!ENTRY org.eclipse.cdt.core 4 0 2026-02-26 13:24:09.925
!MESSAGE Error

!ENTRY org.eclipse.cdt.core 4 0 2026-02-26 13:24:09.925
!MESSAGE Error

!ENTRY org.eclipse.cdt.core 4 0 2026-02-26 13:24:09.925
!MESSAGE Error

!ENTRY org.eclipse.cdt.core 4 0 2026-02-26 13:24:09.925
!MESSAGE Error

!ENTRY org.eclipse.cdt.core 4 0 2026-02-26 13:24:09.925
!MESSAGE Error

!ENTRY org.eclipse.cdt.core 4 0 2026-02-26 13:24:09.925
!MESSAGE Error

!ENTRY org.eclipse.cdt.core 4 0 2026-02-26 13:24:09.925
!MESSAGE Error

!ENTRY org.eclipse.cdt.core 4 0 2026-02-26 13:24:09.926
!MESSAGE Error

!ENTRY org.eclipse.cdt.core 4 0 2026-02-26 13:24:09.926
!MESSAGE Error

!ENTRY org.eclipse.cdt.core 4 0 2026-02-26 13:24:09.926
!MESSAGE Error

!ENTRY org.eclipse.cdt.core 4 0 2026-02-26 13:24:09.926
!MESSAGE Error

!ENTRY org.eclipse.cdt.core 4 0 2026-02-26 13:24:09.926
!MESSAGE Error

!ENTRY org.eclipse.cdt.core 4 0 2026-02-26 13:24:09.926
!MESSAGE Error

!ENTRY org.eclipse.cdt.core 4 0 2026-02-26 13:24:09.926
!MESSAGE Error

!ENTRY org.eclipse.cdt.core 4 0 2026-02-26 13:24:09.926
!MESSAGE Error

!ENTRY org.eclipse.cdt.core 4 0 2026-02-26 13:24:09.927
!MESSAGE Error

!ENTRY org.eclipse.cdt.core 4 0 2026-02-26 13:24:09.927
!MESSAGE Error

!ENTRY org.eclipse.cdt.core 4 0 2026-02-26 13:24:09.927
!MESSAGE Error

!ENTRY org.eclipse.cdt.core 4 0 2026-02-26 13:24:09.927
!MESSAGE Error

!ENTRY org.eclipse.cdt.core 4 0 2026-02-26 13:24:09.927
!MESSAGE Error

!ENTRY org.eclipse.cdt.core 4 0 2026-02-26 13:24:09.927
!MESSAGE Error

!ENTRY org.eclipse.cdt.core 4 0 2026-02-26 13:24:09.927
!MESSAGE Error

!ENTRY org.eclipse.cdt.core 4 0 2026-02-26 13:24:09.928
!MESSAGE Error

!ENTRY org.eclipse.cdt.core 4 0 2026-02-26 13:24:09.928
!MESSAGE Error

!ENTRY org.eclipse.cdt.core 4 0 2026-02-26 13:24:09.928
!MESSAGE Error

!ENTRY org.eclipse.cdt.core 4 0 2026-02-26 13:24:09.928
!MESSAGE Error

!ENTRY org.eclipse.cdt.core 4 0 2026-02-26 13:24:09.928
!MESSAGE Error

!ENTRY org.eclipse.cdt.core 4 0 2026-02-26 13:24:09.928
!MESSAGE Error

!ENTRY org.eclipse.cdt.core 4 0 2026-02-26 13:24:09.928
!MESSAGE Error

!ENTRY org.eclipse.cdt.core 4 0 2026-02-26 13:24:09.929
!MESSAGE Error

!ENTRY org.eclipse.cdt.core 4 0 2026-02-26 13:24:09.929
!MESSAGE Error

!ENTRY org.eclipse.cdt.core 4 0 2026-02-26 13:24:09.929
!MESSAGE Error

!ENTRY org.eclipse.cdt.core 4 0 2026-02-26 13:24:09.930
!MESSAGE Error

!ENTRY org.eclipse.cdt.core 4 0 2026-02-26 13:24:09.930
!MESSAGE Error

!ENTRY org.eclipse.cdt.core 4 0 2026-02-26 13:24:09.930
!MESSAGE Error

!ENTRY org.eclipse.cdt.core 4 0 2026-02-26 13:24:09.931
!MESSAGE Error

!ENTRY org.eclipse.cdt.core 4 0 2026-02-26 13:24:09.931
!MESSAGE Error

!ENTRY org.eclipse.cdt.core 4 0 2026-02-26 13:24:09.931
!MESSAGE Error

!ENTRY org.eclipse.cdt.core 4 0 2026-02-26 13:24:09.931
!MESSAGE Error

!ENTRY org.eclipse.cdt.core 4 0 2026-02-26 13:24:09.932
!MESSAGE Error

!ENTRY org.eclipse.cdt.core 4 0 2026-02-26 13:24:09.932
!MESSAGE Error

!ENTRY org.eclipse.cdt.core 4 0 2026-02-26 13:24:09.932
!MESSAGE Error

!ENTRY org.eclipse.cdt.core 4 0 2026-02-26 13:24:09.933
!MESSAGE Error

!ENTRY org.eclipse.cdt.core 4 0 2026-02-26 13:24:09.933
!MESSAGE Error

!ENTRY org.eclipse.cdt.core 4 0 2026-02-26 13:24:09.933
!MESSAGE Error

!ENTRY org.eclipse.cdt.core 4 0 2026-02-26 13:24:09.933
!MESSAGE Error

!ENTRY org.eclipse.cdt.core 4 0 2026-02-26 13:24:09.934
!MESSAGE Error

!ENTRY org.eclipse.cdt.core 4 0 2026-02-26 13:24:09.934
!MESSAGE Error

!ENTRY org.eclipse.cdt.core 4 0 2026-02-26 13:24:09.934
!MESSAGE Error

!ENTRY org.eclipse.cdt.core 4 0 2026-02-26 13:24:09.934
!MESSAGE Error

!ENTRY org.eclipse.cdt.core 4 0 2026-02-26 13:24:09.934
!MESSAGE Error

!ENTRY org.eclipse.cdt.core 4 0 2026-02-26 13:24:09.934
!MESSAGE Error

!ENTRY org.eclipse.cdt.core 4 0 2026-02-26 13:24:09.935
!MESSAGE Error

!ENTRY org.eclipse.cdt.core 4 0 2026-02-26 13:24:09.935
!MESSAGE Error

!ENTRY org.eclipse.cdt.core 4 0 2026-02-26 13:24:09.935
!MESSAGE Error

!ENTRY org.eclipse.cdt.core 4 0 2026-02-26 13:24:09.935
!MESSAGE Error

!ENTRY org.eclipse.cdt.core 4 0 2026-02-26 13:24:09.935
!MESSAGE Error

!ENTRY org.eclipse.cdt.core 4 0 2026-02-26 13:24:09.935
!MESSAGE Error

!ENTRY org.eclipse.cdt.core 4 0 2026-02-26 13:24:09.935
!MESSAGE Error

!ENTRY org.eclipse.cdt.core 4 0 2026-02-26 13:24:09.935
!MESSAGE Error

!ENTRY org.eclipse.cdt.core 4 0 2026-02-26 13:24:09.935
!MESSAGE Error

!ENTRY org.eclipse.cdt.core 4 0 2026-02-26 13:24:09.936
!MESSAGE Error

!ENTRY org.eclipse.cdt.core 4 0 2026-02-26 13:24:09.936
!MESSAGE Error

!ENTRY org.eclipse.cdt.core 4 0 2026-02-26 13:24:09.936
!MESSAGE Error

!ENTRY org.eclipse.cdt.core 4 0 2026-02-26 13:24:09.936
!MESSAGE Error

!ENTRY org.eclipse.cdt.core 4 0 2026-02-26 13:24:09.936
!MESSAGE Error

!ENTRY org.eclipse.cdt.core 4 0 2026-02-26 13:24:09.936
!MESSAGE Error

!ENTRY org.eclipse.cdt.core 4 0 2026-02-26 13:24:09.936
!MESSAGE Error

!ENTRY org.eclipse.cdt.core 4 0 2026-02-26 13:24:09.937
!MESSAGE Error

!ENTRY org.eclipse.cdt.core 4 0 2026-02-26 13:24:09.937
!MESSAGE Error

!ENTRY org.eclipse.cdt.core 4 0 2026-02-26 13:24:10.010
!MESSAGE Error

!ENTRY org.eclipse.cdt.core 4 0 2026-02-26 13:24:10.014
!MESSAGE Error

!ENTRY org.eclipse.cdt.core 4 0 2026-02-26 13:24:13.492
!MESSAGE Error

!ENTRY org.eclipse.cdt.core 4 0 2026-02-26 13:24:13.495
!MESSAGE Error

!ENTRY org.eclipse.cdt.core 4 0 2026-02-26 13:24:13.496
!MESSAGE Error

!ENTRY org.eclipse.cdt.core 4 0 2026-02-26 13:24:13.497
!MESSAGE Error

!ENTRY org.eclipse.cdt.core 4 0 2026-02-26 13:24:13.497
!MESSAGE Error

!ENTRY org.eclipse.cdt.core 4 0 2026-02-26 13:24:13.497
!MESSAGE Error

!ENTRY org.eclipse.cdt.core 4 0 2026-02-26 13:24:13.498
!MESSAGE Error

!ENTRY org.eclipse.cdt.core 4 0 2026-02-26 13:24:13.498
!MESSAGE Error

!ENTRY org.eclipse.cdt.core 4 0 2026-02-26 13:24:13.498
!MESSAGE Error

!ENTRY org.eclipse.cdt.core 4 0 2026-02-26 13:24:13.498
!MESSAGE Error

!ENTRY org.eclipse.cdt.core 4 0 2026-02-26 13:24:13.498
!MESSAGE Error

!ENTRY org.eclipse.cdt.core 4 0 2026-02-26 13:24:13.498
!MESSAGE Error

!ENTRY org.eclipse.cdt.core 4 0 2026-02-26 13:24:13.499
!MESSAGE Error

!ENTRY org.eclipse.cdt.core 4 0 2026-02-26 13:24:13.499
!MESSAGE Error

!ENTRY org.eclipse.cdt.core 4 0 2026-02-26 13:24:13.499
!MESSAGE Error

!ENTRY org.eclipse.cdt.core 4 0 2026-02-26 13:24:13.499
!MESSAGE Error

!ENTRY org.eclipse.cdt.core 4 0 2026-02-26 13:24:13.499
!MESSAGE Error

!ENTRY org.eclipse.cdt.core 4 0 2026-02-26 13:24:13.499
!MESSAGE Error

!ENTRY org.eclipse.cdt.core 4 0 2026-02-26 13:24:13.499
!MESSAGE Error

!ENTRY org.eclipse.cdt.core 4 0 2026-02-26 13:24:13.499
!MESSAGE Error

!ENTRY org.eclipse.cdt.core 4 0 2026-02-26 13:24:13.500
!MESSAGE Error

!ENTRY org.eclipse.cdt.core 4 0 2026-02-26 13:24:13.500
!MESSAGE Error

!ENTRY org.eclipse.cdt.core 4 0 2026-02-26 13:24:13.500
!MESSAGE Error

!ENTRY org.eclipse.cdt.core 4 0 2026-02-26 13:24:13.500
!MESSAGE Error

!ENTRY org.eclipse.cdt.core 4 0 2026-02-26 13:24:13.500
!MESSAGE Error

!ENTRY org.eclipse.cdt.core 4 0 2026-02-26 13:24:13.500
!MESSAGE Error

!ENTRY org.eclipse.cdt.core 4 0 2026-02-26 13:24:13.500
!MESSAGE Error

!ENTRY org.eclipse.cdt.core 4 0 2026-02-26 13:24:13.501
!MESSAGE Error

!ENTRY org.eclipse.cdt.core 4 0 2026-02-26 13:24:13.501
!MESSAGE Error

!ENTRY org.eclipse.cdt.core 4 0 2026-02-26 13:24:13.501
!MESSAGE Error

!ENTRY org.eclipse.cdt.core 4 0 2026-02-26 13:24:13.502
!MESSAGE Error

!ENTRY org.eclipse.cdt.core 4 0 2026-02-26 13:24:13.502
!MESSAGE Error

!ENTRY org.eclipse.cdt.core 4 0 2026-02-26 13:24:13.502
!MESSAGE Error

!ENTRY org.eclipse.cdt.core 4 0 2026-02-26 13:24:13.502
!MESSAGE Error

!ENTRY org.eclipse.cdt.core 4 0 2026-02-26 13:24:13.503
!MESSAGE Error

!ENTRY org.eclipse.cdt.core 4 0 2026-02-26 13:24:13.503
!MESSAGE Error

!ENTRY org.eclipse.cdt.core 4 0 2026-02-26 13:24:13.503
!MESSAGE Error

!ENTRY org.eclipse.cdt.core 4 0 2026-02-26 13:24:13.504
!MESSAGE Error

!ENTRY org.eclipse.cdt.core 4 0 2026-02-26 13:24:13.504
!MESSAGE Error

!ENTRY org.eclipse.cdt.core 4 0 2026-02-26 13:24:13.504
!MESSAGE Error

!ENTRY org.eclipse.cdt.core 4 0 2026-02-26 13:24:13.505
!MESSAGE Error

!ENTRY org.eclipse.cdt.core 4 0 2026-02-26 13:24:13.505
!MESSAGE Error

!ENTRY org.eclipse.cdt.core 4 0 2026-02-26 13:24:13.505
!MESSAGE Error

!ENTRY org.eclipse.cdt.core 4 0 2026-02-26 13:24:13.506
!MESSAGE Error

!ENTRY org.eclipse.cdt.core 4 0 2026-02-26 13:24:13.506
!MESSAGE Error

!ENTRY org.eclipse.cdt.core 4 0 2026-02-26 13:24:13.506
!MESSAGE Error

!ENTRY org.eclipse.cdt.core 4 0 2026-02-26 13:24:13.506
!MESSAGE Error

!ENTRY org.eclipse.cdt.core 4 0 2026-02-26 13:24:13.506
!MESSAGE Error

!ENTRY org.eclipse.cdt.core 4 0 2026-02-26 13:24:13.506
!MESSAGE Error

!ENTRY org.eclipse.cdt.core 4 0 2026-02-26 13:24:13.507
!MESSAGE Error

!ENTRY org.eclipse.cdt.core 4 0 2026-02-26 13:24:13.507
!MESSAGE Error

!ENTRY org.eclipse.cdt.core 4 0 2026-02-26 13:24:13.507
!MESSAGE Error

!ENTRY org.eclipse.cdt.core 4 0 2026-02-26 13:24:13.507
!MESSAGE Error

!ENTRY org.eclipse.cdt.core 4 0 2026-02-26 13:24:13.507
!MESSAGE Error

!ENTRY org.eclipse.cdt.core 4 0 2026-02-26 13:24:13.507
!MESSAGE Error

!ENTRY org.eclipse.cdt.core 4 0 2026-02-26 13:24:13.507
!MESSAGE Error

!ENTRY org.eclipse.cdt.core 4 0 2026-02-26 13:24:13.507
!MESSAGE Error

!ENTRY org.eclipse.cdt.core 4 0 2026-02-26 13:24:13.508
!MESSAGE Error

!ENTRY org.eclipse.cdt.core 4 0 2026-02-26 13:24:13.508
!MESSAGE Error

!ENTRY org.eclipse.cdt.core 4 0 2026-02-26 13:24:13.508
!MESSAGE Error

!ENTRY org.eclipse.cdt.core 4 0 2026-02-26 13:24:13.508
!MESSAGE Error

!ENTRY org.eclipse.cdt.core 4 0 2026-02-26 13:24:13.508
!MESSAGE Error

!ENTRY org.eclipse.cdt.core 4 0 2026-02-26 13:24:13.508
!MESSAGE Error

!ENTRY org.eclipse.cdt.core 4 0 2026-02-26 13:24:13.509
!MESSAGE Error

!ENTRY org.eclipse.cdt.core 4 0 2026-02-26 13:24:13.509
!MESSAGE Error

!ENTRY org.eclipse.cdt.core 4 0 2026-02-26 13:24:13.509
!MESSAGE Error

!ENTRY org.eclipse.cdt.core 4 0 2026-02-26 13:24:13.509
!MESSAGE Error

!ENTRY org.eclipse.cdt.core 4 0 2026-02-26 13:24:13.509
!MESSAGE Error

!ENTRY org.eclipse.cdt.core 4 0 2026-02-26 13:24:13.509
!MESSAGE Error

!ENTRY org.eclipse.cdt.core 4 0 2026-02-26 13:24:13.509
!MESSAGE Error

!ENTRY org.eclipse.cdt.core 4 0 2026-02-26 13:24:13.509
!MESSAGE Error

!ENTRY org.eclipse.cdt.core 4 0 2026-02-26 13:24:13.509
!MESSAGE Error

!ENTRY org.eclipse.cdt.core 4 0 2026-02-26 13:24:13.509
!MESSAGE Error

!ENTRY org.eclipse.cdt.core 4 0 2026-02-26 13:24:13.509
!MESSAGE Error

!ENTRY org.eclipse.cdt.core 4 0 2026-02-26 13:24:13.510
!MESSAGE Error

!ENTRY org.eclipse.cdt.core 4 0 2026-02-26 13:24:13.510
!MESSAGE Error

!ENTRY org.eclipse.cdt.core 4 0 2026-02-26 13:24:15.035
!MESSAGE Error

!ENTRY org.eclipse.cdt.core 4 0 2026-02-26 13:24:15.039
!MESSAGE Error

!ENTRY org.eclipse.cdt.core 4 0 2026-02-26 13:24:15.041
!MESSAGE Error

!ENTRY org.eclipse.cdt.core 4 0 2026-02-26 13:24:15.041
!MESSAGE Error

!ENTRY org.eclipse.cdt.core 4 0 2026-02-26 13:24:15.041
!MESSAGE Error

!ENTRY org.eclipse.cdt.core 4 0 2026-02-26 13:24:15.042
!MESSAGE Error

!ENTRY org.eclipse.cdt.core 4 0 2026-02-26 13:24:15.042
!MESSAGE Error

!ENTRY org.eclipse.cdt.core 4 0 2026-02-26 13:24:15.042
!MESSAGE Error

!ENTRY org.eclipse.cdt.core 4 0 2026-02-26 13:24:15.043
!MESSAGE Error

!ENTRY org.eclipse.cdt.core 4 0 2026-02-26 13:24:15.043
!MESSAGE Error

!ENTRY org.eclipse.cdt.core 4 0 2026-02-26 13:24:15.043
!MESSAGE Error

!ENTRY org.eclipse.cdt.core 4 0 2026-02-26 13:24:15.044
!MESSAGE Error

!ENTRY org.eclipse.cdt.core 4 0 2026-02-26 13:24:15.044
!MESSAGE Error

!ENTRY org.eclipse.cdt.core 4 0 2026-02-26 13:24:15.044
!MESSAGE Error

!ENTRY org.eclipse.cdt.core 4 0 2026-02-26 13:24:15.044
!MESSAGE Error

!ENTRY org.eclipse.cdt.core 4 0 2026-02-26 13:24:15.044
!MESSAGE Error

!ENTRY org.eclipse.cdt.core 4 0 2026-02-26 13:24:15.045
!MESSAGE Error

!ENTRY org.eclipse.cdt.core 4 0 2026-02-26 13:24:15.045
!MESSAGE Error

!ENTRY org.eclipse.cdt.core 4 0 2026-02-26 13:24:15.045
!MESSAGE Error

!ENTRY org.eclipse.cdt.core 4 0 2026-02-26 13:24:15.046
!MESSAGE Error

!ENTRY org.eclipse.cdt.core 4 0 2026-02-26 13:24:15.046
!MESSAGE Error

!ENTRY org.eclipse.cdt.core 4 0 2026-02-26 13:24:15.046
!MESSAGE Error

!ENTRY org.eclipse.cdt.core 4 0 2026-02-26 13:24:15.047
!MESSAGE Error

!ENTRY org.eclipse.cdt.core 4 0 2026-02-26 13:24:15.047
!MESSAGE Error

!ENTRY org.eclipse.cdt.core 4 0 2026-02-26 13:24:15.048
!MESSAGE Error

!ENTRY org.eclipse.cdt.core 4 0 2026-02-26 13:24:15.048
!MESSAGE Error

!ENTRY org.eclipse.cdt.core 4 0 2026-02-26 13:24:15.048
!MESSAGE Error

!ENTRY org.eclipse.cdt.core 4 0 2026-02-26 13:24:15.049
!MESSAGE Error

!ENTRY org.eclipse.cdt.core 4 0 2026-02-26 13:24:15.049
!MESSAGE Error

!ENTRY org.eclipse.cdt.core 4 0 2026-02-26 13:24:15.050
!MESSAGE Error

!ENTRY org.eclipse.cdt.core 4 0 2026-02-26 13:24:15.050
!MESSAGE Error

!ENTRY org.eclipse.cdt.core 4 0 2026-02-26 13:24:15.050
!MESSAGE Error

!ENTRY org.eclipse.cdt.core 4 0 2026-02-26 13:24:15.051
!MESSAGE Error

!ENTRY org.eclipse.cdt.core 4 0 2026-02-26 13:24:15.051
!MESSAGE Error

!ENTRY org.eclipse.cdt.core 4 0 2026-02-26 13:24:15.051
!MESSAGE Error

!ENTRY org.eclipse.cdt.core 4 0 2026-02-26 13:24:15.051
!MESSAGE Error

!ENTRY org.eclipse.cdt.core 4 0 2026-02-26 13:24:15.051
!MESSAGE Error

!ENTRY org.eclipse.cdt.core 4 0 2026-02-26 13:24:15.051
!MESSAGE Error

!ENTRY org.eclipse.cdt.core 4 0 2026-02-26 13:24:15.051
!MESSAGE Error

!ENTRY org.eclipse.cdt.core 4 0 2026-02-26 13:24:15.051
!MESSAGE Error

!ENTRY org.eclipse.cdt.core 4 0 2026-02-26 13:24:15.051
!MESSAGE Error

!ENTRY org.eclipse.cdt.core 4 0 2026-02-26 13:24:15.051
!MESSAGE Error

!ENTRY org.eclipse.cdt.core 4 0 2026-02-26 13:24:15.051
!MESSAGE Error

!ENTRY org.eclipse.cdt.core 4 0 2026-02-26 13:24:15.052
!MESSAGE Error

!ENTRY org.eclipse.cdt.core 4 0 2026-02-26 13:24:15.052
!MESSAGE Error

!ENTRY org.eclipse.cdt.core 4 0 2026-02-26 13:24:15.052
!MESSAGE Error

!ENTRY org.eclipse.cdt.core 4 0 2026-02-26 13:24:15.052
!MESSAGE Error

!ENTRY org.eclipse.cdt.core 4 0 2026-02-26 13:24:15.052
!MESSAGE Error

!ENTRY org.eclipse.cdt.core 4 0 2026-02-26 13:24:15.052
!MESSAGE Error

!ENTRY org.eclipse.cdt.core 4 0 2026-02-26 13:24:15.052
!MESSAGE Error

!ENTRY org.eclipse.cdt.core 4 0 2026-02-26 13:24:15.052
!MESSAGE Error

!ENTRY org.eclipse.cdt.core 4 0 2026-02-26 13:24:15.053
!MESSAGE Error

!ENTRY org.eclipse.cdt.core 4 0 2026-02-26 13:24:15.053
!MESSAGE Error

!ENTRY org.eclipse.cdt.core 4 0 2026-02-26 13:24:15.053
!MESSAGE Error

!ENTRY org.eclipse.cdt.core 4 0 2026-02-26 13:24:15.053
!MESSAGE Error

!ENTRY org.eclipse.cdt.core 4 0 2026-02-26 13:24:15.053
!MESSAGE Error

!ENTRY org.eclipse.cdt.core 4 0 2026-02-26 13:24:15.053
!MESSAGE Error

!ENTRY org.eclipse.cdt.core 4 0 2026-02-26 13:24:15.053
!MESSAGE Error

!ENTRY org.eclipse.cdt.core 4 0 2026-02-26 13:24:15.053
!MESSAGE Error

!ENTRY org.eclipse.cdt.core 4 0 2026-02-26 13:24:15.054
!MESSAGE Error

!ENTRY org.eclipse.cdt.core 4 0 2026-02-26 13:24:15.054
!MESSAGE Error

!ENTRY org.eclipse.cdt.core 4 0 2026-02-26 13:24:15.054
!MESSAGE Error

!ENTRY org.eclipse.cdt.core 4 0 2026-02-26 13:24:15.054
!MESSAGE Error

!ENTRY org.eclipse.cdt.core 4 0 2026-02-26 13:24:15.054
!MESSAGE Error

!ENTRY org.eclipse.cdt.core 4 0 2026-02-26 13:24:15.055
!MESSAGE Error

!ENTRY org.eclipse.cdt.core 4 0 2026-02-26 13:24:15.055
!MESSAGE Error

!ENTRY org.eclipse.cdt.core 4 0 2026-02-26 13:24:15.055
!MESSAGE Error

!ENTRY org.eclipse.cdt.core 4 0 2026-02-26 13:24:15.055
!MESSAGE Error

!ENTRY org.eclipse.cdt.core 4 0 2026-02-26 13:24:15.055
!MESSAGE Error

!ENTRY org.eclipse.cdt.core 4 0 2026-02-26 13:24:15.055
!MESSAGE Error

!ENTRY org.eclipse.cdt.core 4 0 2026-02-26 13:24:15.055
!MESSAGE Error

!ENTRY org.eclipse.cdt.core 4 0 2026-02-26 13:24:15.055
!MESSAGE Error

!ENTRY org.eclipse.cdt.core 4 0 2026-02-26 13:24:15.056
!MESSAGE Error

!ENTRY org.eclipse.cdt.core 4 0 2026-02-26 13:24:15.056
!MESSAGE Error

!ENTRY org.eclipse.cdt.core 4 0 2026-02-26 13:24:15.056
!MESSAGE Error

!ENTRY org.eclipse.cdt.core 4 0 2026-02-26 13:24:15.056
!MESSAGE Error

!ENTRY org.eclipse.cdt.core 4 0 2026-02-26 13:24:17.090
!MESSAGE Error

!ENTRY org.eclipse.cdt.core 4 0 2026-02-26 13:24:17.095
!MESSAGE Error

!ENTRY org.eclipse.cdt.core 4 0 2026-02-26 13:24:17.096
!MESSAGE Error

!ENTRY org.eclipse.cdt.core 4 0 2026-02-26 13:24:17.096
!MESSAGE Error

!ENTRY org.eclipse.cdt.core 4 0 2026-02-26 13:24:17.097
!MESSAGE Error

!ENTRY org.eclipse.cdt.core 4 0 2026-02-26 13:24:17.097
!MESSAGE Error

!ENTRY org.eclipse.cdt.core 4 0 2026-02-26 13:24:17.097
!MESSAGE Error

!ENTRY org.eclipse.cdt.core 4 0 2026-02-26 13:24:17.098
!MESSAGE Error

!ENTRY org.eclipse.cdt.core 4 0 2026-02-26 13:24:17.098
!MESSAGE Error

!ENTRY org.eclipse.cdt.core 4 0 2026-02-26 13:24:17.099
!MESSAGE Error

!ENTRY org.eclipse.cdt.core 4 0 2026-02-26 13:24:17.099
!MESSAGE Error

!ENTRY org.eclipse.cdt.core 4 0 2026-02-26 13:24:17.099
!MESSAGE Error

!ENTRY org.eclipse.cdt.core 4 0 2026-02-26 13:24:17.100
!MESSAGE Error

!ENTRY org.eclipse.cdt.core 4 0 2026-02-26 13:24:17.100
!MESSAGE Error

!ENTRY org.eclipse.cdt.core 4 0 2026-02-26 13:24:17.100
!MESSAGE Error

!ENTRY org.eclipse.cdt.core 4 0 2026-02-26 13:24:17.101
!MESSAGE Error

!ENTRY org.eclipse.cdt.core 4 0 2026-02-26 13:24:17.101
!MESSAGE Error

!ENTRY org.eclipse.cdt.core 4 0 2026-02-26 13:24:17.102
!MESSAGE Error

!ENTRY org.eclipse.cdt.core 4 0 2026-02-26 13:24:17.102
!MESSAGE Error

!ENTRY org.eclipse.cdt.core 4 0 2026-02-26 13:24:17.102
!MESSAGE Error

!ENTRY org.eclipse.cdt.core 4 0 2026-02-26 13:24:17.103
!MESSAGE Error

!ENTRY org.eclipse.cdt.core 4 0 2026-02-26 13:24:17.103
!MESSAGE Error

!ENTRY org.eclipse.cdt.core 4 0 2026-02-26 13:24:17.103
!MESSAGE Error

!ENTRY org.eclipse.cdt.core 4 0 2026-02-26 13:24:17.104
!MESSAGE Error

!ENTRY org.eclipse.cdt.core 4 0 2026-02-26 13:24:17.104
!MESSAGE Error

!ENTRY org.eclipse.cdt.core 4 0 2026-02-26 13:24:17.104
!MESSAGE Error

!ENTRY org.eclipse.cdt.core 4 0 2026-02-26 13:24:17.105
!MESSAGE Error

!ENTRY org.eclipse.cdt.core 4 0 2026-02-26 13:24:17.105
!MESSAGE Error

!ENTRY org.eclipse.cdt.core 4 0 2026-02-26 13:24:17.105
!MESSAGE Error

!ENTRY org.eclipse.cdt.core 4 0 2026-02-26 13:24:17.105
!MESSAGE Error

!ENTRY org.eclipse.cdt.core 4 0 2026-02-26 13:24:17.105
!MESSAGE Error

!ENTRY org.eclipse.cdt.core 4 0 2026-02-26 13:24:17.106
!MESSAGE Error

!ENTRY org.eclipse.cdt.core 4 0 2026-02-26 13:24:17.106
!MESSAGE Error

!ENTRY org.eclipse.cdt.core 4 0 2026-02-26 13:24:17.106
!MESSAGE Error

!ENTRY org.eclipse.cdt.core 4 0 2026-02-26 13:24:17.106
!MESSAGE Error

!ENTRY org.eclipse.cdt.core 4 0 2026-02-26 13:24:17.106
!MESSAGE Error

!ENTRY org.eclipse.cdt.core 4 0 2026-02-26 13:24:17.106
!MESSAGE Error

!ENTRY org.eclipse.cdt.core 4 0 2026-02-26 13:24:17.107
!MESSAGE Error

!ENTRY org.eclipse.cdt.core 4 0 2026-02-26 13:24:17.107
!MESSAGE Error

!ENTRY org.eclipse.cdt.core 4 0 2026-02-26 13:24:17.107
!MESSAGE Error

!ENTRY org.eclipse.cdt.core 4 0 2026-02-26 13:24:17.107
!MESSAGE Error

!ENTRY org.eclipse.cdt.core 4 0 2026-02-26 13:24:17.107
!MESSAGE Error

!ENTRY org.eclipse.cdt.core 4 0 2026-02-26 13:24:17.107
!MESSAGE Error

!ENTRY org.eclipse.cdt.core 4 0 2026-02-26 13:24:17.107
!MESSAGE Error

!ENTRY org.eclipse.cdt.core 4 0 2026-02-26 13:24:17.107
!MESSAGE Error

!ENTRY org.eclipse.cdt.core 4 0 2026-02-26 13:24:17.108
!MESSAGE Error

!ENTRY org.eclipse.cdt.core 4 0 2026-02-26 13:24:17.108
!MESSAGE Error

!ENTRY org.eclipse.cdt.core 4 0 2026-02-26 13:24:17.108
!MESSAGE Error

!ENTRY org.eclipse.cdt.core 4 0 2026-02-26 13:24:17.108
!MESSAGE Error

!ENTRY org.eclipse.cdt.core 4 0 2026-02-26 13:24:17.108
!MESSAGE Error

!ENTRY org.eclipse.cdt.core 4 0 2026-02-26 13:24:17.108
!MESSAGE Error

!ENTRY org.eclipse.cdt.core 4 0 2026-02-26 13:24:17.108
!MESSAGE Error

!ENTRY org.eclipse.cdt.core 4 0 2026-02-26 13:24:17.108
!MESSAGE Error

!ENTRY org.eclipse.cdt.core 4 0 2026-02-26 13:24:17.109
!MESSAGE Error

!ENTRY org.eclipse.cdt.core 4 0 2026-02-26 13:24:17.109
!MESSAGE Error

!ENTRY org.eclipse.cdt.core 4 0 2026-02-26 13:24:17.109
!MESSAGE Error

!ENTRY org.eclipse.cdt.core 4 0 2026-02-26 13:24:17.109
!MESSAGE Error

!ENTRY org.eclipse.cdt.core 4 0 2026-02-26 13:24:17.109
!MESSAGE Error

!ENTRY org.eclipse.cdt.core 4 0 2026-02-26 13:24:17.109
!MESSAGE Error

!ENTRY org.eclipse.cdt.core 4 0 2026-02-26 13:24:17.109
!MESSAGE Error

!ENTRY org.eclipse.cdt.core 4 0 2026-02-26 13:24:17.109
!MESSAGE Error

!ENTRY org.eclipse.cdt.core 4 0 2026-02-26 13:24:17.109
!MESSAGE Error

!ENTRY org.eclipse.cdt.core 4 0 2026-02-26 13:24:17.110
!MESSAGE Error

!ENTRY org.eclipse.cdt.core 4 0 2026-02-26 13:24:17.110
!MESSAGE Error

!ENTRY org.eclipse.cdt.core 4 0 2026-02-26 13:24:17.110
!MESSAGE Error

!ENTRY org.eclipse.cdt.core 4 0 2026-02-26 13:24:17.110
!MESSAGE Error

!ENTRY org.eclipse.cdt.core 4 0 2026-02-26 13:24:17.110
!MESSAGE Error

!ENTRY org.eclipse.cdt.core 4 0 2026-02-26 13:24:17.110
!MESSAGE Error

!ENTRY org.eclipse.cdt.core 4 0 2026-02-26 13:24:17.110
!MESSAGE Error

!ENTRY org.eclipse.cdt.core 4 0 2026-02-26 13:24:17.110
!MESSAGE Error

!ENTRY org.eclipse.cdt.core 4 0 2026-02-26 13:24:17.111
!MESSAGE Error

!ENTRY org.eclipse.cdt.core 4 0 2026-02-26 13:24:17.111
!MESSAGE Error

!ENTRY org.eclipse.cdt.core 4 0 2026-02-26 13:24:17.111
!MESSAGE Error

!ENTRY org.eclipse.cdt.core 4 0 2026-02-26 13:24:17.111
!MESSAGE Error

!ENTRY org.eclipse.cdt.core 4 0 2026-02-26 13:24:17.111
!MESSAGE Error

!ENTRY org.eclipse.cdt.core 4 0 2026-02-26 13:24:17.111
!MESSAGE Error

!ENTRY org.eclipse.cdt.core 4 0 2026-02-26 13:24:20.182
!MESSAGE Error

!ENTRY org.eclipse.cdt.core 4 0 2026-02-26 13:24:20.185
!MESSAGE Error

!ENTRY org.eclipse.cdt.core 4 0 2026-02-26 13:24:20.185
!MESSAGE Error

!ENTRY org.eclipse.cdt.core 4 0 2026-02-26 13:24:20.185
!MESSAGE Error

!ENTRY org.eclipse.cdt.core 4 0 2026-02-26 13:24:20.185
!MESSAGE Error

!ENTRY org.eclipse.cdt.core 4 0 2026-02-26 13:24:20.186
!MESSAGE Error

!ENTRY org.eclipse.cdt.core 4 0 2026-02-26 13:24:20.186
!MESSAGE Error

!ENTRY org.eclipse.cdt.core 4 0 2026-02-26 13:24:20.186
!MESSAGE Error

!ENTRY org.eclipse.cdt.core 4 0 2026-02-26 13:24:20.186
!MESSAGE Error

!ENTRY org.eclipse.cdt.core 4 0 2026-02-26 13:24:20.192
!MESSAGE Error

!ENTRY org.eclipse.cdt.core 4 0 2026-02-26 13:24:20.192
!MESSAGE Error

!ENTRY org.eclipse.cdt.core 4 0 2026-02-26 13:24:20.192
!MESSAGE Error

!ENTRY org.eclipse.cdt.core 4 0 2026-02-26 13:24:20.193
!MESSAGE Error

!ENTRY org.eclipse.cdt.core 4 0 2026-02-26 13:24:20.193
!MESSAGE Error

!ENTRY org.eclipse.cdt.core 4 0 2026-02-26 13:24:20.193
!MESSAGE Error

!ENTRY org.eclipse.cdt.core 4 0 2026-02-26 13:24:20.194
!MESSAGE Error

!ENTRY org.eclipse.cdt.core 4 0 2026-02-26 13:24:20.194
!MESSAGE Error

!ENTRY org.eclipse.cdt.core 4 0 2026-02-26 13:24:20.194
!MESSAGE Error

!ENTRY org.eclipse.cdt.core 4 0 2026-02-26 13:24:20.194
!MESSAGE Error

!ENTRY org.eclipse.cdt.core 4 0 2026-02-26 13:24:20.194
!MESSAGE Error

!ENTRY org.eclipse.cdt.core 4 0 2026-02-26 13:24:20.194
!MESSAGE Error

!ENTRY org.eclipse.cdt.core 4 0 2026-02-26 13:24:20.194
!MESSAGE Error

!ENTRY org.eclipse.cdt.core 4 0 2026-02-26 13:24:20.194
!MESSAGE Error

!ENTRY org.eclipse.cdt.core 4 0 2026-02-26 13:24:20.194
!MESSAGE Error

!ENTRY org.eclipse.cdt.core 4 0 2026-02-26 13:24:20.195
!MESSAGE Error

!ENTRY org.eclipse.cdt.core 4 0 2026-02-26 13:24:20.195
!MESSAGE Error

!ENTRY org.eclipse.cdt.core 4 0 2026-02-26 13:24:20.195
!MESSAGE Error

!ENTRY org.eclipse.cdt.core 4 0 2026-02-26 13:24:20.195
!MESSAGE Error

!ENTRY org.eclipse.cdt.core 4 0 2026-02-26 13:24:20.195
!MESSAGE Error

!ENTRY org.eclipse.cdt.core 4 0 2026-02-26 13:24:20.195
!MESSAGE Error

!ENTRY org.eclipse.cdt.core 4 0 2026-02-26 13:24:20.195
!MESSAGE Error

!ENTRY org.eclipse.cdt.core 4 0 2026-02-26 13:24:20.195
!MESSAGE Error

!ENTRY org.eclipse.cdt.core 4 0 2026-02-26 13:24:20.196
!MESSAGE Error

!ENTRY org.eclipse.cdt.core 4 0 2026-02-26 13:24:20.196
!MESSAGE Error

!ENTRY org.eclipse.cdt.core 4 0 2026-02-26 13:24:20.196
!MESSAGE Error

!ENTRY org.eclipse.cdt.core 4 0 2026-02-26 13:24:20.196
!MESSAGE Error

!ENTRY org.eclipse.cdt.core 4 0 2026-02-26 13:24:20.196
!MESSAGE Error

!ENTRY org.eclipse.cdt.core 4 0 2026-02-26 13:24:20.196
!MESSAGE Error

!ENTRY org.eclipse.cdt.core 4 0 2026-02-26 13:24:20.196
!MESSAGE Error

!ENTRY org.eclipse.cdt.core 4 0 2026-02-26 13:24:20.196
!MESSAGE Error

!ENTRY org.eclipse.cdt.core 4 0 2026-02-26 13:24:20.196
!MESSAGE Error

!ENTRY org.eclipse.cdt.core 4 0 2026-02-26 13:24:20.196
!MESSAGE Error

!ENTRY org.eclipse.cdt.core 4 0 2026-02-26 13:24:20.196
!MESSAGE Error

!ENTRY org.eclipse.cdt.core 4 0 2026-02-26 13:24:20.197
!MESSAGE Error

!ENTRY org.eclipse.cdt.core 4 0 2026-02-26 13:24:20.197
!MESSAGE Error

!ENTRY org.eclipse.cdt.core 4 0 2026-02-26 13:24:20.197
!MESSAGE Error

!ENTRY org.eclipse.cdt.core 4 0 2026-02-26 13:24:20.197
!MESSAGE Error

!ENTRY org.eclipse.cdt.core 4 0 2026-02-26 13:24:20.197
!MESSAGE Error

!ENTRY org.eclipse.cdt.core 4 0 2026-02-26 13:24:20.197
!MESSAGE Error

!ENTRY org.eclipse.cdt.core 4 0 2026-02-26 13:24:20.197
!MESSAGE Error

!ENTRY org.eclipse.cdt.core 4 0 2026-02-26 13:24:20.197
!MESSAGE Error

!ENTRY org.eclipse.cdt.core 4 0 2026-02-26 13:24:20.198
!MESSAGE Error

!ENTRY org.eclipse.cdt.core 4 0 2026-02-26 13:24:20.198
!MESSAGE Error

!ENTRY org.eclipse.cdt.core 4 0 2026-02-26 13:24:20.198
!MESSAGE Error

!ENTRY org.eclipse.cdt.core 4 0 2026-02-26 13:24:20.198
!MESSAGE Error

!ENTRY org.eclipse.cdt.core 4 0 2026-02-26 13:24:20.198
!MESSAGE Error

!ENTRY org.eclipse.cdt.core 4 0 2026-02-26 13:24:20.198
!MESSAGE Error

!ENTRY org.eclipse.cdt.core 4 0 2026-02-26 13:24:20.198
!MESSAGE Error

!ENTRY org.eclipse.cdt.core 4 0 2026-02-26 13:24:20.198
!MESSAGE Error

!ENTRY org.eclipse.cdt.core 4 0 2026-02-26 13:24:20.199
!MESSAGE Error

!ENTRY org.eclipse.cdt.core 4 0 2026-02-26 13:24:20.199
!MESSAGE Error

!ENTRY org.eclipse.cdt.core 4 0 2026-02-26 13:24:20.199
!MESSAGE Error

!ENTRY org.eclipse.cdt.core 4 0 2026-02-26 13:24:20.199
!MESSAGE Error

!ENTRY org.eclipse.cdt.core 4 0 2026-02-26 13:24:20.199
!MESSAGE Error

!ENTRY org.eclipse.cdt.core 4 0 2026-02-26 13:24:20.200
!MESSAGE Error

!ENTRY org.eclipse.cdt.core 4 0 2026-02-26 13:24:20.200
!MESSAGE Error

!ENTRY org.eclipse.cdt.core 4 0 2026-02-26 13:24:20.200
!MESSAGE Error

!ENTRY org.eclipse.cdt.core 4 0 2026-02-26 13:24:20.200
!MESSAGE Error

!ENTRY org.eclipse.cdt.core 4 0 2026-02-26 13:24:20.200
!MESSAGE Error

!ENTRY org.eclipse.cdt.core 4 0 2026-02-26 13:24:20.200
!MESSAGE Error

!ENTRY org.eclipse.cdt.core 4 0 2026-02-26 13:24:20.200
!MESSAGE Error

!ENTRY org.eclipse.cdt.core 4 0 2026-02-26 13:24:20.200
!MESSAGE Error

!ENTRY org.eclipse.cdt.core 4 0 2026-02-26 13:24:20.201
!MESSAGE Error

!ENTRY org.eclipse.cdt.core 4 0 2026-02-26 13:24:20.201
!MESSAGE Error

!ENTRY org.eclipse.cdt.core 4 0 2026-02-26 13:24:20.201
!MESSAGE Error

!ENTRY org.eclipse.cdt.core 4 0 2026-02-26 13:24:20.201
!MESSAGE Error

!ENTRY org.eclipse.cdt.core 4 0 2026-02-26 13:24:21.723
!MESSAGE Error

!ENTRY org.eclipse.cdt.core 4 0 2026-02-26 13:24:21.728
!MESSAGE Error

!ENTRY org.eclipse.cdt.core 4 0 2026-02-26 13:24:21.730
!MESSAGE Error

!ENTRY org.eclipse.cdt.core 4 0 2026-02-26 13:24:21.730
!MESSAGE Error

!ENTRY org.eclipse.cdt.core 4 0 2026-02-26 13:24:21.730
!MESSAGE Error

!ENTRY org.eclipse.cdt.core 4 0 2026-02-26 13:24:21.730
!MESSAGE Error

!ENTRY org.eclipse.cdt.core 4 0 2026-02-26 13:24:21.731
!MESSAGE Error

!ENTRY org.eclipse.cdt.core 4 0 2026-02-26 13:24:21.731
!MESSAGE Error

!ENTRY org.eclipse.cdt.core 4 0 2026-02-26 13:24:21.732
!MESSAGE Error

!ENTRY org.eclipse.cdt.core 4 0 2026-02-26 13:24:21.732
!MESSAGE Error

!ENTRY org.eclipse.cdt.core 4 0 2026-02-26 13:24:21.732
!MESSAGE Error

!ENTRY org.eclipse.cdt.core 4 0 2026-02-26 13:24:21.733
!MESSAGE Error

!ENTRY org.eclipse.cdt.core 4 0 2026-02-26 13:24:21.733
!MESSAGE Error

!ENTRY org.eclipse.cdt.core 4 0 2026-02-26 13:24:21.733
!MESSAGE Error

!ENTRY org.eclipse.cdt.core 4 0 2026-02-26 13:24:21.734
!MESSAGE Error

!ENTRY org.eclipse.cdt.core 4 0 2026-02-26 13:24:21.734
!MESSAGE Error

!ENTRY org.eclipse.cdt.core 4 0 2026-02-26 13:24:21.734
!MESSAGE Error

!ENTRY org.eclipse.cdt.core 4 0 2026-02-26 13:24:21.735
!MESSAGE Error

!ENTRY org.eclipse.cdt.core 4 0 2026-02-26 13:24:21.735
!MESSAGE Error

!ENTRY org.eclipse.cdt.core 4 0 2026-02-26 13:24:21.736
!MESSAGE Error

!ENTRY org.eclipse.cdt.core 4 0 2026-02-26 13:24:21.736
!MESSAGE Error

!ENTRY org.eclipse.cdt.core 4 0 2026-02-26 13:24:21.736
!MESSAGE Error

!ENTRY org.eclipse.cdt.core 4 0 2026-02-26 13:24:21.737
!MESSAGE Error

!ENTRY org.eclipse.cdt.core 4 0 2026-02-26 13:24:21.737
!MESSAGE Error

!ENTRY org.eclipse.cdt.core 4 0 2026-02-26 13:24:21.737
!MESSAGE Error

!ENTRY org.eclipse.cdt.core 4 0 2026-02-26 13:24:21.738
!MESSAGE Error

!ENTRY org.eclipse.cdt.core 4 0 2026-02-26 13:24:21.738
!MESSAGE Error

!ENTRY org.eclipse.cdt.core 4 0 2026-02-26 13:24:21.738
!MESSAGE Error

!ENTRY org.eclipse.cdt.core 4 0 2026-02-26 13:24:21.739
!MESSAGE Error

!ENTRY org.eclipse.cdt.core 4 0 2026-02-26 13:24:21.739
!MESSAGE Error

!ENTRY org.eclipse.cdt.core 4 0 2026-02-26 13:24:21.739
!MESSAGE Error

!ENTRY org.eclipse.cdt.core 4 0 2026-02-26 13:24:21.739
!MESSAGE Error

!ENTRY org.eclipse.cdt.core 4 0 2026-02-26 13:24:21.740
!MESSAGE Error

!ENTRY org.eclipse.cdt.core 4 0 2026-02-26 13:24:21.740
!MESSAGE Error

!ENTRY org.eclipse.cdt.core 4 0 2026-02-26 13:24:21.740
!MESSAGE Error

!ENTRY org.eclipse.cdt.core 4 0 2026-02-26 13:24:21.741
!MESSAGE Error

!ENTRY org.eclipse.cdt.core 4 0 2026-02-26 13:24:21.741
!MESSAGE Error

!ENTRY org.eclipse.cdt.core 4 0 2026-02-26 13:24:21.741
!MESSAGE Error

!ENTRY org.eclipse.cdt.core 4 0 2026-02-26 13:24:21.742
!MESSAGE Error

!ENTRY org.eclipse.cdt.core 4 0 2026-02-26 13:24:21.742
!MESSAGE Error

!ENTRY org.eclipse.cdt.core 4 0 2026-02-26 13:24:21.742
!MESSAGE Error

!ENTRY org.eclipse.cdt.core 4 0 2026-02-26 13:24:21.742
!MESSAGE Error

!ENTRY org.eclipse.cdt.core 4 0 2026-02-26 13:24:21.742
!MESSAGE Error

!ENTRY org.eclipse.cdt.core 4 0 2026-02-26 13:24:21.742
!MESSAGE Error

!ENTRY org.eclipse.cdt.core 4 0 2026-02-26 13:24:21.742
!MESSAGE Error

!ENTRY org.eclipse.cdt.core 4 0 2026-02-26 13:24:21.742
!MESSAGE Error

!ENTRY org.eclipse.cdt.core 4 0 2026-02-26 13:24:21.742
!MESSAGE Error

!ENTRY org.eclipse.cdt.core 4 0 2026-02-26 13:24:21.743
!MESSAGE Error

!ENTRY org.eclipse.cdt.core 4 0 2026-02-26 13:24:21.743
!MESSAGE Error

!ENTRY org.eclipse.cdt.core 4 0 2026-02-26 13:24:21.743
!MESSAGE Error

!ENTRY org.eclipse.cdt.core 4 0 2026-02-26 13:24:21.743
!MESSAGE Error

!ENTRY org.eclipse.cdt.core 4 0 2026-02-26 13:24:21.743
!MESSAGE Error

!ENTRY org.eclipse.cdt.core 4 0 2026-02-26 13:24:21.743
!MESSAGE Error

!ENTRY org.eclipse.cdt.core 4 0 2026-02-26 13:24:21.743
!MESSAGE Error

!ENTRY org.eclipse.cdt.core 4 0 2026-02-26 13:24:21.743
!MESSAGE Error

!ENTRY org.eclipse.cdt.core 4 0 2026-02-26 13:24:21.743
!MESSAGE Error

!ENTRY org.eclipse.cdt.core 4 0 2026-02-26 13:24:21.744
!MESSAGE Error

!ENTRY org.eclipse.cdt.core 4 0 2026-02-26 13:24:21.744
!MESSAGE Error

!ENTRY org.eclipse.cdt.core 4 0 2026-02-26 13:24:21.744
!MESSAGE Error

!ENTRY org.eclipse.cdt.core 4 0 2026-02-26 13:24:21.744
!MESSAGE Error

!ENTRY org.eclipse.cdt.core 4 0 2026-02-26 13:24:21.744
!MESSAGE Error

!ENTRY org.eclipse.cdt.core 4 0 2026-02-26 13:24:21.744
!MESSAGE Error

!ENTRY org.eclipse.cdt.core 4 0 2026-02-26 13:24:21.744
!MESSAGE Error

!ENTRY org.eclipse.cdt.core 4 0 2026-02-26 13:24:21.745
!MESSAGE Error

!ENTRY org.eclipse.cdt.core 4 0 2026-02-26 13:24:21.745
!MESSAGE Error

!ENTRY org.eclipse.cdt.core 4 0 2026-02-26 13:24:21.745
!MESSAGE Error

!ENTRY org.eclipse.cdt.core 4 0 2026-02-26 13:24:21.745
!MESSAGE Error

!ENTRY org.eclipse.cdt.core 4 0 2026-02-26 13:24:21.746
!MESSAGE Error

!ENTRY org.eclipse.cdt.core 4 0 2026-02-26 13:24:21.746
!MESSAGE Error

!ENTRY org.eclipse.cdt.core 4 0 2026-02-26 13:24:21.746
!MESSAGE Error

!ENTRY org.eclipse.cdt.core 4 0 2026-02-26 13:24:21.746
!MESSAGE Error

!ENTRY org.eclipse.cdt.core 4 0 2026-02-26 13:24:21.746
!MESSAGE Error

!ENTRY org.eclipse.cdt.core 4 0 2026-02-26 13:24:21.746
!MESSAGE Error

!ENTRY org.eclipse.cdt.core 4 0 2026-02-26 13:24:21.746
!MESSAGE Error

!ENTRY org.eclipse.cdt.core 4 0 2026-02-26 13:24:21.746
!MESSAGE Error

!ENTRY org.eclipse.cdt.core 4 0 2026-02-26 13:24:21.747
!MESSAGE Error

!ENTRY org.eclipse.cdt.core 4 0 2026-02-26 13:24:24.309
!MESSAGE Error

!ENTRY org.eclipse.cdt.core 4 0 2026-02-26 13:24:24.314
!MESSAGE Error

!ENTRY org.eclipse.cdt.core 4 0 2026-02-26 13:24:24.316
!MESSAGE Error

!ENTRY org.eclipse.cdt.core 4 0 2026-02-26 13:24:24.316
!MESSAGE Error

!ENTRY org.eclipse.cdt.core 4 0 2026-02-26 13:24:24.316
!MESSAGE Error

!ENTRY org.eclipse.cdt.core 4 0 2026-02-26 13:24:24.317
!MESSAGE Error

!ENTRY org.eclipse.cdt.core 4 0 2026-02-26 13:24:24.318
!MESSAGE Error

!ENTRY org.eclipse.cdt.core 4 0 2026-02-26 13:24:24.318
!MESSAGE Error

!ENTRY org.eclipse.cdt.core 4 0 2026-02-26 13:24:24.318
!MESSAGE Error

!ENTRY org.eclipse.cdt.core 4 0 2026-02-26 13:24:24.318
!MESSAGE Error

!ENTRY org.eclipse.cdt.core 4 0 2026-02-26 13:24:24.319
!MESSAGE Error

!ENTRY org.eclipse.cdt.core 4 0 2026-02-26 13:24:24.319
!MESSAGE Error

!ENTRY org.eclipse.cdt.core 4 0 2026-02-26 13:24:24.320
!MESSAGE Error

!ENTRY org.eclipse.cdt.core 4 0 2026-02-26 13:24:24.320
!MESSAGE Error

!ENTRY org.eclipse.cdt.core 4 0 2026-02-26 13:24:24.320
!MESSAGE Error

!ENTRY org.eclipse.cdt.core 4 0 2026-02-26 13:24:24.321
!MESSAGE Error

!ENTRY org.eclipse.cdt.core 4 0 2026-02-26 13:24:24.321
!MESSAGE Error

!ENTRY org.eclipse.cdt.core 4 0 2026-02-26 13:24:24.321
!MESSAGE Error

!ENTRY org.eclipse.cdt.core 4 0 2026-02-26 13:24:24.321
!MESSAGE Error

!ENTRY org.eclipse.cdt.core 4 0 2026-02-26 13:24:24.321
!MESSAGE Error

!ENTRY org.eclipse.cdt.core 4 0 2026-02-26 13:24:24.321
!MESSAGE Error

!ENTRY org.eclipse.cdt.core 4 0 2026-02-26 13:24:24.321
!MESSAGE Error

!ENTRY org.eclipse.cdt.core 4 0 2026-02-26 13:24:24.321
!MESSAGE Error

!ENTRY org.eclipse.cdt.core 4 0 2026-02-26 13:24:24.322
!MESSAGE Error

!ENTRY org.eclipse.cdt.core 4 0 2026-02-26 13:24:24.322
!MESSAGE Error

!ENTRY org.eclipse.cdt.core 4 0 2026-02-26 13:24:24.322
!MESSAGE Error

!ENTRY org.eclipse.cdt.core 4 0 2026-02-26 13:24:24.322
!MESSAGE Error

!ENTRY org.eclipse.cdt.core 4 0 2026-02-26 13:24:24.322
!MESSAGE Error

!ENTRY org.eclipse.cdt.core 4 0 2026-02-26 13:24:24.322
!MESSAGE Error

!ENTRY org.eclipse.cdt.core 4 0 2026-02-26 13:24:24.322
!MESSAGE Error

!ENTRY org.eclipse.cdt.core 4 0 2026-02-26 13:24:24.322
!MESSAGE Error

!ENTRY org.eclipse.cdt.core 4 0 2026-02-26 13:24:24.323
!MESSAGE Error

!ENTRY org.eclipse.cdt.core 4 0 2026-02-26 13:24:24.323
!MESSAGE Error

!ENTRY org.eclipse.cdt.core 4 0 2026-02-26 13:24:24.323
!MESSAGE Error

!ENTRY org.eclipse.cdt.core 4 0 2026-02-26 13:24:24.323
!MESSAGE Error

!ENTRY org.eclipse.cdt.core 4 0 2026-02-26 13:24:24.323
!MESSAGE Error

!ENTRY org.eclipse.cdt.core 4 0 2026-02-26 13:24:24.323
!MESSAGE Error

!ENTRY org.eclipse.cdt.core 4 0 2026-02-26 13:24:24.323
!MESSAGE Error

!ENTRY org.eclipse.cdt.core 4 0 2026-02-26 13:24:24.323
!MESSAGE Error

!ENTRY org.eclipse.cdt.core 4 0 2026-02-26 13:24:24.324
!MESSAGE Error

!ENTRY org.eclipse.cdt.core 4 0 2026-02-26 13:24:24.324
!MESSAGE Error

!ENTRY org.eclipse.cdt.core 4 0 2026-02-26 13:24:24.324
!MESSAGE Error

!ENTRY org.eclipse.cdt.core 4 0 2026-02-26 13:24:24.324
!MESSAGE Error

!ENTRY org.eclipse.cdt.core 4 0 2026-02-26 13:24:24.325
!MESSAGE Error

!ENTRY org.eclipse.cdt.core 4 0 2026-02-26 13:24:24.325
!MESSAGE Error

!ENTRY org.eclipse.cdt.core 4 0 2026-02-26 13:24:24.325
!MESSAGE Error

!ENTRY org.eclipse.cdt.core 4 0 2026-02-26 13:24:24.325
!MESSAGE Error

!ENTRY org.eclipse.cdt.core 4 0 2026-02-26 13:24:24.325
!MESSAGE Error

!ENTRY org.eclipse.cdt.core 4 0 2026-02-26 13:24:24.325
!MESSAGE Error

!ENTRY org.eclipse.cdt.core 4 0 2026-02-26 13:24:24.325
!MESSAGE Error

!ENTRY org.eclipse.cdt.core 4 0 2026-02-26 13:24:24.325
!MESSAGE Error

!ENTRY org.eclipse.cdt.core 4 0 2026-02-26 13:24:24.326
!MESSAGE Error

!ENTRY org.eclipse.cdt.core 4 0 2026-02-26 13:24:24.326
!MESSAGE Error

!ENTRY org.eclipse.cdt.core 4 0 2026-02-26 13:24:24.326
!MESSAGE Error

!ENTRY org.eclipse.cdt.core 4 0 2026-02-26 13:24:24.326
!MESSAGE Error

!ENTRY org.eclipse.cdt.core 4 0 2026-02-26 13:24:24.326
!MESSAGE Error

!ENTRY org.eclipse.cdt.core 4 0 2026-02-26 13:24:24.326
!MESSAGE Error

!ENTRY org.eclipse.cdt.core 4 0 2026-02-26 13:24:24.326
!MESSAGE Error

!ENTRY org.eclipse.cdt.core 4 0 2026-02-26 13:24:24.327
!MESSAGE Error

!ENTRY org.eclipse.cdt.core 4 0 2026-02-26 13:24:24.327
!MESSAGE Error

!ENTRY org.eclipse.cdt.core 4 0 2026-02-26 13:24:24.327
!MESSAGE Error

!ENTRY org.eclipse.cdt.core 4 0 2026-02-26 13:24:24.327
!MESSAGE Error

!ENTRY org.eclipse.cdt.core 4 0 2026-02-26 13:24:24.327
!MESSAGE Error

!ENTRY org.eclipse.cdt.core 4 0 2026-02-26 13:24:24.327
!MESSAGE Error

!ENTRY org.eclipse.cdt.core 4 0 2026-02-26 13:24:24.327
!MESSAGE Error

!ENTRY org.eclipse.cdt.core 4 0 2026-02-26 13:24:24.327
!MESSAGE Error

!ENTRY org.eclipse.cdt.core 4 0 2026-02-26 13:24:24.327
!MESSAGE Error

!ENTRY org.eclipse.cdt.core 4 0 2026-02-26 13:24:24.328
!MESSAGE Error

!ENTRY org.eclipse.cdt.core 4 0 2026-02-26 13:24:24.328
!MESSAGE Error

!ENTRY org.eclipse.cdt.core 4 0 2026-02-26 13:24:24.328
!MESSAGE Error

!ENTRY org.eclipse.cdt.core 4 0 2026-02-26 13:24:24.328
!MESSAGE Error

!ENTRY org.eclipse.cdt.core 4 0 2026-02-26 13:24:24.328
!MESSAGE Error

!ENTRY org.eclipse.cdt.core 4 0 2026-02-26 13:24:24.328
!MESSAGE Error

!ENTRY org.eclipse.cdt.core 4 0 2026-02-26 13:24:24.328
!MESSAGE Error

!ENTRY org.eclipse.cdt.core 4 0 2026-02-26 13:24:24.328
!MESSAGE Error

!ENTRY org.eclipse.cdt.core 4 0 2026-02-26 13:24:24.329
!MESSAGE Error

!ENTRY org.eclipse.cdt.core 4 0 2026-02-26 13:24:24.329
!MESSAGE Error

!ENTRY org.eclipse.cdt.core 4 0 2026-02-26 13:24:27.390
!MESSAGE Error

!ENTRY org.eclipse.cdt.core 4 0 2026-02-26 13:24:27.395
!MESSAGE Error

!ENTRY org.eclipse.cdt.core 4 0 2026-02-26 13:24:27.396
!MESSAGE Error

!ENTRY org.eclipse.cdt.core 4 0 2026-02-26 13:24:27.397
!MESSAGE Error

!ENTRY org.eclipse.cdt.core 4 0 2026-02-26 13:24:27.397
!MESSAGE Error

!ENTRY org.eclipse.cdt.core 4 0 2026-02-26 13:24:27.398
!MESSAGE Error

!ENTRY org.eclipse.cdt.core 4 0 2026-02-26 13:24:27.398
!MESSAGE Error

!ENTRY org.eclipse.cdt.core 4 0 2026-02-26 13:24:27.399
!MESSAGE Error

!ENTRY org.eclipse.cdt.core 4 0 2026-02-26 13:24:27.399
!MESSAGE Error

!ENTRY org.eclipse.cdt.core 4 0 2026-02-26 13:24:27.399
!MESSAGE Error

!ENTRY org.eclipse.cdt.core 4 0 2026-02-26 13:24:27.400
!MESSAGE Error

!ENTRY org.eclipse.cdt.core 4 0 2026-02-26 13:24:27.400
!MESSAGE Error

!ENTRY org.eclipse.cdt.core 4 0 2026-02-26 13:24:27.400
!MESSAGE Error

!ENTRY org.eclipse.cdt.core 4 0 2026-02-26 13:24:27.401
!MESSAGE Error

!ENTRY org.eclipse.cdt.core 4 0 2026-02-26 13:24:27.401
!MESSAGE Error

!ENTRY org.eclipse.cdt.core 4 0 2026-02-26 13:24:27.401
!MESSAGE Error

!ENTRY org.eclipse.cdt.core 4 0 2026-02-26 13:24:27.401
!MESSAGE Error

!ENTRY org.eclipse.cdt.core 4 0 2026-02-26 13:24:27.401
!MESSAGE Error

!ENTRY org.eclipse.cdt.core 4 0 2026-02-26 13:24:27.402
!MESSAGE Error

!ENTRY org.eclipse.cdt.core 4 0 2026-02-26 13:24:27.402
!MESSAGE Error

!ENTRY org.eclipse.cdt.core 4 0 2026-02-26 13:24:27.402
!MESSAGE Error

!ENTRY org.eclipse.cdt.core 4 0 2026-02-26 13:24:27.403
!MESSAGE Error

!ENTRY org.eclipse.cdt.core 4 0 2026-02-26 13:24:27.403
!MESSAGE Error

!ENTRY org.eclipse.cdt.core 4 0 2026-02-26 13:24:27.403
!MESSAGE Error

!ENTRY org.eclipse.cdt.core 4 0 2026-02-26 13:24:27.404
!MESSAGE Error

!ENTRY org.eclipse.cdt.core 4 0 2026-02-26 13:24:27.404
!MESSAGE Error

!ENTRY org.eclipse.cdt.core 4 0 2026-02-26 13:24:27.405
!MESSAGE Error

!ENTRY org.eclipse.cdt.core 4 0 2026-02-26 13:24:27.405
!MESSAGE Error

!ENTRY org.eclipse.cdt.core 4 0 2026-02-26 13:24:27.405
!MESSAGE Error

!ENTRY org.eclipse.cdt.core 4 0 2026-02-26 13:24:27.406
!MESSAGE Error

!ENTRY org.eclipse.cdt.core 4 0 2026-02-26 13:24:27.406
!MESSAGE Error

!ENTRY org.eclipse.cdt.core 4 0 2026-02-26 13:24:27.406
!MESSAGE Error

!ENTRY org.eclipse.cdt.core 4 0 2026-02-26 13:24:27.406
!MESSAGE Error

!ENTRY org.eclipse.cdt.core 4 0 2026-02-26 13:24:27.407
!MESSAGE Error

!ENTRY org.eclipse.cdt.core 4 0 2026-02-26 13:24:27.407
!MESSAGE Error

!ENTRY org.eclipse.cdt.core 4 0 2026-02-26 13:24:27.407
!MESSAGE Error

!ENTRY org.eclipse.cdt.core 4 0 2026-02-26 13:24:27.408
!MESSAGE Error

!ENTRY org.eclipse.cdt.core 4 0 2026-02-26 13:24:27.408
!MESSAGE Error

!ENTRY org.eclipse.cdt.core 4 0 2026-02-26 13:24:27.408
!MESSAGE Error

!ENTRY org.eclipse.cdt.core 4 0 2026-02-26 13:24:27.409
!MESSAGE Error

!ENTRY org.eclipse.cdt.core 4 0 2026-02-26 13:24:27.409
!MESSAGE Error

!ENTRY org.eclipse.cdt.core 4 0 2026-02-26 13:24:27.409
!MESSAGE Error

!ENTRY org.eclipse.cdt.core 4 0 2026-02-26 13:24:27.409
!MESSAGE Error

!ENTRY org.eclipse.cdt.core 4 0 2026-02-26 13:24:27.409
!MESSAGE Error

!ENTRY org.eclipse.cdt.core 4 0 2026-02-26 13:24:27.409
!MESSAGE Error

!ENTRY org.eclipse.cdt.core 4 0 2026-02-26 13:24:27.410
!MESSAGE Error

!ENTRY org.eclipse.cdt.core 4 0 2026-02-26 13:24:27.410
!MESSAGE Error

!ENTRY org.eclipse.cdt.core 4 0 2026-02-26 13:24:27.410
!MESSAGE Error

!ENTRY org.eclipse.cdt.core 4 0 2026-02-26 13:24:27.410
!MESSAGE Error

!ENTRY org.eclipse.cdt.core 4 0 2026-02-26 13:24:27.411
!MESSAGE Error

!ENTRY org.eclipse.cdt.core 4 0 2026-02-26 13:24:27.411
!MESSAGE Error

!ENTRY org.eclipse.cdt.core 4 0 2026-02-26 13:24:27.411
!MESSAGE Error

!ENTRY org.eclipse.cdt.core 4 0 2026-02-26 13:24:27.411
!MESSAGE Error

!ENTRY org.eclipse.cdt.core 4 0 2026-02-26 13:24:27.411
!MESSAGE Error

!ENTRY org.eclipse.cdt.core 4 0 2026-02-26 13:24:27.411
!MESSAGE Error

!ENTRY org.eclipse.cdt.core 4 0 2026-02-26 13:24:27.411
!MESSAGE Error

!ENTRY org.eclipse.cdt.core 4 0 2026-02-26 13:24:27.411
!MESSAGE Error

!ENTRY org.eclipse.cdt.core 4 0 2026-02-26 13:24:27.412
!MESSAGE Error

!ENTRY org.eclipse.cdt.core 4 0 2026-02-26 13:24:27.412
!MESSAGE Error

!ENTRY org.eclipse.cdt.core 4 0 2026-02-26 13:24:27.412
!MESSAGE Error

!ENTRY org.eclipse.cdt.core 4 0 2026-02-26 13:24:27.412
!MESSAGE Error

!ENTRY org.eclipse.cdt.core 4 0 2026-02-26 13:24:27.412
!MESSAGE Error

!ENTRY org.eclipse.cdt.core 4 0 2026-02-26 13:24:27.412
!MESSAGE Error

!ENTRY org.eclipse.cdt.core 4 0 2026-02-26 13:24:27.412
!MESSAGE Error

!ENTRY org.eclipse.cdt.core 4 0 2026-02-26 13:24:27.412
!MESSAGE Error

!ENTRY org.eclipse.cdt.core 4 0 2026-02-26 13:24:27.413
!MESSAGE Error

!ENTRY org.eclipse.cdt.core 4 0 2026-02-26 13:24:27.413
!MESSAGE Error

!ENTRY org.eclipse.cdt.core 4 0 2026-02-26 13:24:27.413
!MESSAGE Error

!ENTRY org.eclipse.cdt.core 4 0 2026-02-26 13:24:27.413
!MESSAGE Error

!ENTRY org.eclipse.cdt.core 4 0 2026-02-26 13:24:27.413
!MESSAGE Error

!ENTRY org.eclipse.cdt.core 4 0 2026-02-26 13:24:27.413
!MESSAGE Error

!ENTRY org.eclipse.cdt.core 4 0 2026-02-26 13:24:27.413
!MESSAGE Error

!ENTRY org.eclipse.cdt.core 4 0 2026-02-26 13:24:27.414
!MESSAGE Error

!ENTRY org.eclipse.cdt.core 4 0 2026-02-26 13:24:27.414
!MESSAGE Error

!ENTRY org.eclipse.cdt.core 4 0 2026-02-26 13:24:27.414
!MESSAGE Error

!ENTRY org.eclipse.cdt.core 4 0 2026-02-26 13:24:27.414
!MESSAGE Error

!ENTRY org.eclipse.cdt.core 4 0 2026-02-26 13:24:27.414
!MESSAGE Error

!ENTRY org.eclipse.cdt.core 4 0 2026-02-26 13:24:29.946
!MESSAGE Error

!ENTRY org.eclipse.cdt.core 4 0 2026-02-26 13:24:29.951
!MESSAGE Error

!ENTRY org.eclipse.cdt.core 4 0 2026-02-26 13:24:29.953
!MESSAGE Error

!ENTRY org.eclipse.cdt.core 4 0 2026-02-26 13:24:29.953
!MESSAGE Error

!ENTRY org.eclipse.cdt.core 4 0 2026-02-26 13:24:29.954
!MESSAGE Error

!ENTRY org.eclipse.cdt.core 4 0 2026-02-26 13:24:29.954
!MESSAGE Error

!ENTRY org.eclipse.cdt.core 4 0 2026-02-26 13:24:29.954
!MESSAGE Error

!ENTRY org.eclipse.cdt.core 4 0 2026-02-26 13:24:29.955
!MESSAGE Error

!ENTRY org.eclipse.cdt.core 4 0 2026-02-26 13:24:29.955
!MESSAGE Error

!ENTRY org.eclipse.cdt.core 4 0 2026-02-26 13:24:29.955
!MESSAGE Error

!ENTRY org.eclipse.cdt.core 4 0 2026-02-26 13:24:29.956
!MESSAGE Error

!ENTRY org.eclipse.cdt.core 4 0 2026-02-26 13:24:29.956
!MESSAGE Error

!ENTRY org.eclipse.cdt.core 4 0 2026-02-26 13:24:29.956
!MESSAGE Error

!ENTRY org.eclipse.cdt.core 4 0 2026-02-26 13:24:29.957
!MESSAGE Error

!ENTRY org.eclipse.cdt.core 4 0 2026-02-26 13:24:29.957
!MESSAGE Error

!ENTRY org.eclipse.cdt.core 4 0 2026-02-26 13:24:29.957
!MESSAGE Error

!ENTRY org.eclipse.cdt.core 4 0 2026-02-26 13:24:29.958
!MESSAGE Error

!ENTRY org.eclipse.cdt.core 4 0 2026-02-26 13:24:29.958
!MESSAGE Error

!ENTRY org.eclipse.cdt.core 4 0 2026-02-26 13:24:29.958
!MESSAGE Error

!ENTRY org.eclipse.cdt.core 4 0 2026-02-26 13:24:29.959
!MESSAGE Error

!ENTRY org.eclipse.cdt.core 4 0 2026-02-26 13:24:29.959
!MESSAGE Error

!ENTRY org.eclipse.cdt.core 4 0 2026-02-26 13:24:29.959
!MESSAGE Error

!ENTRY org.eclipse.cdt.core 4 0 2026-02-26 13:24:29.959
!MESSAGE Error

!ENTRY org.eclipse.cdt.core 4 0 2026-02-26 13:24:29.960
!MESSAGE Error

!ENTRY org.eclipse.cdt.core 4 0 2026-02-26 13:24:29.960
!MESSAGE Error

!ENTRY org.eclipse.cdt.core 4 0 2026-02-26 13:24:29.960
!MESSAGE Error

!ENTRY org.eclipse.cdt.core 4 0 2026-02-26 13:24:29.961
!MESSAGE Error

!ENTRY org.eclipse.cdt.core 4 0 2026-02-26 13:24:29.961
!MESSAGE Error

!ENTRY org.eclipse.cdt.core 4 0 2026-02-26 13:24:29.961
!MESSAGE Error

!ENTRY org.eclipse.cdt.core 4 0 2026-02-26 13:24:29.961
!MESSAGE Error

!ENTRY org.eclipse.cdt.core 4 0 2026-02-26 13:24:29.961
!MESSAGE Error

!ENTRY org.eclipse.cdt.core 4 0 2026-02-26 13:24:29.962
!MESSAGE Error

!ENTRY org.eclipse.cdt.core 4 0 2026-02-26 13:24:29.962
!MESSAGE Error

!ENTRY org.eclipse.cdt.core 4 0 2026-02-26 13:24:29.962
!MESSAGE Error

!ENTRY org.eclipse.cdt.core 4 0 2026-02-26 13:24:29.962
!MESSAGE Error

!ENTRY org.eclipse.cdt.core 4 0 2026-02-26 13:24:29.962
!MESSAGE Error

!ENTRY org.eclipse.cdt.core 4 0 2026-02-26 13:24:29.962
!MESSAGE Error

!ENTRY org.eclipse.cdt.core 4 0 2026-02-26 13:24:29.962
!MESSAGE Error

!ENTRY org.eclipse.cdt.core 4 0 2026-02-26 13:24:29.962
!MESSAGE Error

!ENTRY org.eclipse.cdt.core 4 0 2026-02-26 13:24:29.963
!MESSAGE Error

!ENTRY org.eclipse.cdt.core 4 0 2026-02-26 13:24:29.963
!MESSAGE Error

!ENTRY org.eclipse.cdt.core 4 0 2026-02-26 13:24:29.963
!MESSAGE Error

!ENTRY org.eclipse.cdt.core 4 0 2026-02-26 13:24:29.963
!MESSAGE Error

!ENTRY org.eclipse.cdt.core 4 0 2026-02-26 13:24:29.963
!MESSAGE Error

!ENTRY org.eclipse.cdt.core 4 0 2026-02-26 13:24:29.963
!MESSAGE Error

!ENTRY org.eclipse.cdt.core 4 0 2026-02-26 13:24:29.964
!MESSAGE Error

!ENTRY org.eclipse.cdt.core 4 0 2026-02-26 13:24:29.964
!MESSAGE Error

!ENTRY org.eclipse.cdt.core 4 0 2026-02-26 13:24:29.964
!MESSAGE Error

!ENTRY org.eclipse.cdt.core 4 0 2026-02-26 13:24:29.964
!MESSAGE Error

!ENTRY org.eclipse.cdt.core 4 0 2026-02-26 13:24:29.964
!MESSAGE Error

!ENTRY org.eclipse.cdt.core 4 0 2026-02-26 13:24:29.964
!MESSAGE Error

!ENTRY org.eclipse.cdt.core 4 0 2026-02-26 13:24:29.964
!MESSAGE Error

!ENTRY org.eclipse.cdt.core 4 0 2026-02-26 13:24:29.964
!MESSAGE Error

!ENTRY org.eclipse.cdt.core 4 0 2026-02-26 13:24:29.965
!MESSAGE Error

!ENTRY org.eclipse.cdt.core 4 0 2026-02-26 13:24:29.965
!MESSAGE Error

!ENTRY org.eclipse.cdt.core 4 0 2026-02-26 13:24:29.965
!MESSAGE Error

!ENTRY org.eclipse.cdt.core 4 0 2026-02-26 13:24:29.965
!MESSAGE Error

!ENTRY org.eclipse.cdt.core 4 0 2026-02-26 13:24:29.965
!MESSAGE Error

!ENTRY org.eclipse.cdt.core 4 0 2026-02-26 13:24:29.965
!MESSAGE Error

!ENTRY org.eclipse.cdt.core 4 0 2026-02-26 13:24:29.965
!MESSAGE Error

!ENTRY org.eclipse.cdt.core 4 0 2026-02-26 13:24:29.965
!MESSAGE Error

!ENTRY org.eclipse.cdt.core 4 0 2026-02-26 13:24:29.965
!MESSAGE Error

!ENTRY org.eclipse.cdt.core 4 0 2026-02-26 13:24:29.965
!MESSAGE Error

!ENTRY org.eclipse.cdt.core 4 0 2026-02-26 13:24:29.965
!MESSAGE Error

!ENTRY org.eclipse.cdt.core 4 0 2026-02-26 13:24:29.965
!MESSAGE Error

!ENTRY org.eclipse.cdt.core 4 0 2026-02-26 13:24:29.965
!MESSAGE Error

!ENTRY org.eclipse.cdt.core 4 0 2026-02-26 13:24:29.966
!MESSAGE Error

!ENTRY org.eclipse.cdt.core 4 0 2026-02-26 13:24:29.966
!MESSAGE Error

!ENTRY org.eclipse.cdt.core 4 0 2026-02-26 13:24:29.966
!MESSAGE Error

!ENTRY org.eclipse.cdt.core 4 0 2026-02-26 13:24:29.966
!MESSAGE Error

!ENTRY org.eclipse.cdt.core 4 0 2026-02-26 13:24:29.966
!MESSAGE Error

!ENTRY org.eclipse.cdt.core 4 0 2026-02-26 13:24:29.967
!MESSAGE Error

!ENTRY org.eclipse.cdt.core 4 0 2026-02-26 13:24:29.967
!MESSAGE Error

!ENTRY org.eclipse.cdt.core 4 0 2026-02-26 13:24:29.967
!MESSAGE Error

!ENTRY org.eclipse.cdt.core 4 0 2026-02-26 13:24:29.967
!MESSAGE Error

!ENTRY org.eclipse.cdt.core 4 0 2026-02-26 13:24:29.967
!MESSAGE Error

!ENTRY org.eclipse.cdt.core 4 0 2026-02-26 13:24:29.968
!MESSAGE Error

!ENTRY org.eclipse.cdt.core 4 0 2026-02-26 13:24:29.971
!MESSAGE Error

!ENTRY org.eclipse.cdt.core 4 0 2026-02-26 13:24:32.016
!MESSAGE Error

!ENTRY org.eclipse.cdt.core 4 0 2026-02-26 13:24:32.019
!MESSAGE Error

!ENTRY org.eclipse.cdt.core 4 0 2026-02-26 13:24:32.020
!MESSAGE Error

!ENTRY org.eclipse.cdt.core 4 0 2026-02-26 13:24:32.020
!MESSAGE Error

!ENTRY org.eclipse.cdt.core 4 0 2026-02-26 13:24:32.020
!MESSAGE Error

!ENTRY org.eclipse.cdt.core 4 0 2026-02-26 13:24:32.020
!MESSAGE Error

!ENTRY org.eclipse.cdt.core 4 0 2026-02-26 13:24:32.020
!MESSAGE Error

!ENTRY org.eclipse.cdt.core 4 0 2026-02-26 13:24:32.020
!MESSAGE Error

!ENTRY org.eclipse.cdt.core 4 0 2026-02-26 13:24:32.021
!MESSAGE Error

!ENTRY org.eclipse.cdt.core 4 0 2026-02-26 13:24:32.021
!MESSAGE Error

!ENTRY org.eclipse.cdt.core 4 0 2026-02-26 13:24:32.021
!MESSAGE Error

!ENTRY org.eclipse.cdt.core 4 0 2026-02-26 13:24:32.021
!MESSAGE Error

!ENTRY org.eclipse.cdt.core 4 0 2026-02-26 13:24:32.021
!MESSAGE Error

!ENTRY org.eclipse.cdt.core 4 0 2026-02-26 13:24:32.021
!MESSAGE Error

!ENTRY org.eclipse.cdt.core 4 0 2026-02-26 13:24:32.021
!MESSAGE Error

!ENTRY org.eclipse.cdt.core 4 0 2026-02-26 13:24:32.021
!MESSAGE Error

!ENTRY org.eclipse.cdt.core 4 0 2026-02-26 13:24:32.022
!MESSAGE Error

!ENTRY org.eclipse.cdt.core 4 0 2026-02-26 13:24:32.022
!MESSAGE Error

!ENTRY org.eclipse.cdt.core 4 0 2026-02-26 13:24:32.022
!MESSAGE Error

!ENTRY org.eclipse.cdt.core 4 0 2026-02-26 13:24:32.022
!MESSAGE Error

!ENTRY org.eclipse.cdt.core 4 0 2026-02-26 13:24:32.022
!MESSAGE Error

!ENTRY org.eclipse.cdt.core 4 0 2026-02-26 13:24:32.022
!MESSAGE Error

!ENTRY org.eclipse.cdt.core 4 0 2026-02-26 13:24:32.022
!MESSAGE Error

!ENTRY org.eclipse.cdt.core 4 0 2026-02-26 13:24:32.022
!MESSAGE Error

!ENTRY org.eclipse.cdt.core 4 0 2026-02-26 13:24:32.023
!MESSAGE Error

!ENTRY org.eclipse.cdt.core 4 0 2026-02-26 13:24:32.023
!MESSAGE Error

!ENTRY org.eclipse.cdt.core 4 0 2026-02-26 13:24:32.023
!MESSAGE Error

!ENTRY org.eclipse.cdt.core 4 0 2026-02-26 13:24:32.023
!MESSAGE Error

!ENTRY org.eclipse.cdt.core 4 0 2026-02-26 13:24:32.024
!MESSAGE Error

!ENTRY org.eclipse.cdt.core 4 0 2026-02-26 13:24:32.024
!MESSAGE Error

!ENTRY org.eclipse.cdt.core 4 0 2026-02-26 13:24:32.024
!MESSAGE Error

!ENTRY org.eclipse.cdt.core 4 0 2026-02-26 13:24:32.024
!MESSAGE Error

!ENTRY org.eclipse.cdt.core 4 0 2026-02-26 13:24:32.024
!MESSAGE Error

!ENTRY org.eclipse.cdt.core 4 0 2026-02-26 13:24:32.024
!MESSAGE Error

!ENTRY org.eclipse.cdt.core 4 0 2026-02-26 13:24:32.024
!MESSAGE Error

!ENTRY org.eclipse.cdt.core 4 0 2026-02-26 13:24:32.024
!MESSAGE Error

!ENTRY org.eclipse.cdt.core 4 0 2026-02-26 13:24:32.025
!MESSAGE Error

!ENTRY org.eclipse.cdt.core 4 0 2026-02-26 13:24:32.025
!MESSAGE Error

!ENTRY org.eclipse.cdt.core 4 0 2026-02-26 13:24:32.025
!MESSAGE Error

!ENTRY org.eclipse.cdt.core 4 0 2026-02-26 13:24:32.025
!MESSAGE Error

!ENTRY org.eclipse.cdt.core 4 0 2026-02-26 13:24:32.025
!MESSAGE Error

!ENTRY org.eclipse.cdt.core 4 0 2026-02-26 13:24:32.025
!MESSAGE Error

!ENTRY org.eclipse.cdt.core 4 0 2026-02-26 13:24:32.025
!MESSAGE Error

!ENTRY org.eclipse.cdt.core 4 0 2026-02-26 13:24:32.025
!MESSAGE Error

!ENTRY org.eclipse.cdt.core 4 0 2026-02-26 13:24:32.025
!MESSAGE Error

!ENTRY org.eclipse.cdt.core 4 0 2026-02-26 13:24:32.026
!MESSAGE Error

!ENTRY org.eclipse.cdt.core 4 0 2026-02-26 13:24:32.026
!MESSAGE Error

!ENTRY org.eclipse.cdt.core 4 0 2026-02-26 13:24:32.026
!MESSAGE Error

!ENTRY org.eclipse.cdt.core 4 0 2026-02-26 13:24:32.026
!MESSAGE Error

!ENTRY org.eclipse.cdt.core 4 0 2026-02-26 13:24:32.026
!MESSAGE Error

!ENTRY org.eclipse.cdt.core 4 0 2026-02-26 13:24:32.026
!MESSAGE Error

!ENTRY org.eclipse.cdt.core 4 0 2026-02-26 13:24:32.026
!MESSAGE Error

!ENTRY org.eclipse.cdt.core 4 0 2026-02-26 13:24:32.026
!MESSAGE Error

!ENTRY org.eclipse.cdt.core 4 0 2026-02-26 13:24:32.026
!MESSAGE Error

!ENTRY org.eclipse.cdt.core 4 0 2026-02-26 13:24:32.027
!MESSAGE Error

!ENTRY org.eclipse.cdt.core 4 0 2026-02-26 13:24:32.027
!MESSAGE Error

!ENTRY org.eclipse.cdt.core 4 0 2026-02-26 13:24:32.027
!MESSAGE Error

!ENTRY org.eclipse.cdt.core 4 0 2026-02-26 13:24:32.027
!MESSAGE Error

!ENTRY org.eclipse.cdt.core 4 0 2026-02-26 13:24:32.027
!MESSAGE Error

!ENTRY org.eclipse.cdt.core 4 0 2026-02-26 13:24:32.027
!MESSAGE Error

!ENTRY org.eclipse.cdt.core 4 0 2026-02-26 13:24:32.028
!MESSAGE Error

!ENTRY org.eclipse.cdt.core 4 0 2026-02-26 13:24:32.028
!MESSAGE Error

!ENTRY org.eclipse.cdt.core 4 0 2026-02-26 13:24:32.028
!MESSAGE Error

!ENTRY org.eclipse.cdt.core 4 0 2026-02-26 13:24:32.028
!MESSAGE Error

!ENTRY org.eclipse.cdt.core 4 0 2026-02-26 13:24:32.029
!MESSAGE Error

!ENTRY org.eclipse.cdt.core 4 0 2026-02-26 13:24:32.029
!MESSAGE Error

!ENTRY org.eclipse.cdt.core 4 0 2026-02-26 13:24:32.029
!MESSAGE Error

!ENTRY org.eclipse.cdt.core 4 0 2026-02-26 13:24:32.030
!MESSAGE Error

!ENTRY org.eclipse.cdt.core 4 0 2026-02-26 13:24:32.030
!MESSAGE Error

!ENTRY org.eclipse.cdt.core 4 0 2026-02-26 13:24:32.031
!MESSAGE Error

!ENTRY org.eclipse.cdt.core 4 0 2026-02-26 13:24:32.031
!MESSAGE Error

!ENTRY org.eclipse.cdt.core 4 0 2026-02-26 13:24:32.031
!MESSAGE Error

!ENTRY org.eclipse.cdt.core 4 0 2026-02-26 13:24:32.032
!MESSAGE Error

!ENTRY org.eclipse.cdt.core 4 0 2026-02-26 13:24:32.032
!MESSAGE Error

!ENTRY org.eclipse.cdt.core 4 0 2026-02-26 13:24:32.032
!MESSAGE Error

!ENTRY org.eclipse.cdt.core 4 0 2026-02-26 13:24:32.032
!MESSAGE Error

!ENTRY org.eclipse.cdt.core 4 0 2026-02-26 13:24:34.085
!MESSAGE Error

!ENTRY org.eclipse.cdt.core 4 0 2026-02-26 13:24:34.090
!MESSAGE Error

!ENTRY org.eclipse.cdt.core 4 0 2026-02-26 13:24:34.092
!MESSAGE Error

!ENTRY org.eclipse.cdt.core 4 0 2026-02-26 13:24:34.092
!MESSAGE Error

!ENTRY org.eclipse.cdt.core 4 0 2026-02-26 13:24:34.092
!MESSAGE Error

!ENTRY org.eclipse.cdt.core 4 0 2026-02-26 13:24:34.092
!MESSAGE Error

!ENTRY org.eclipse.cdt.core 4 0 2026-02-26 13:24:34.093
!MESSAGE Error

!ENTRY org.eclipse.cdt.core 4 0 2026-02-26 13:24:34.093
!MESSAGE Error

!ENTRY org.eclipse.cdt.core 4 0 2026-02-26 13:24:34.094
!MESSAGE Error

!ENTRY org.eclipse.cdt.core 4 0 2026-02-26 13:24:34.094
!MESSAGE Error

!ENTRY org.eclipse.cdt.core 4 0 2026-02-26 13:24:34.095
!MESSAGE Error

!ENTRY org.eclipse.cdt.core 4 0 2026-02-26 13:24:34.095
!MESSAGE Error

!ENTRY org.eclipse.cdt.core 4 0 2026-02-26 13:24:34.095
!MESSAGE Error

!ENTRY org.eclipse.cdt.core 4 0 2026-02-26 13:24:34.096
!MESSAGE Error

!ENTRY org.eclipse.cdt.core 4 0 2026-02-26 13:24:34.097
!MESSAGE Error

!ENTRY org.eclipse.cdt.core 4 0 2026-02-26 13:24:34.097
!MESSAGE Error

!ENTRY org.eclipse.cdt.core 4 0 2026-02-26 13:24:34.097
!MESSAGE Error

!ENTRY org.eclipse.cdt.core 4 0 2026-02-26 13:24:34.098
!MESSAGE Error

!ENTRY org.eclipse.cdt.core 4 0 2026-02-26 13:24:34.098
!MESSAGE Error

!ENTRY org.eclipse.cdt.core 4 0 2026-02-26 13:24:34.098
!MESSAGE Error

!ENTRY org.eclipse.cdt.core 4 0 2026-02-26 13:24:34.099
!MESSAGE Error

!ENTRY org.eclipse.cdt.core 4 0 2026-02-26 13:24:34.099
!MESSAGE Error

!ENTRY org.eclipse.cdt.core 4 0 2026-02-26 13:24:34.099
!MESSAGE Error

!ENTRY org.eclipse.cdt.core 4 0 2026-02-26 13:24:34.100
!MESSAGE Error

!ENTRY org.eclipse.cdt.core 4 0 2026-02-26 13:24:34.100
!MESSAGE Error

!ENTRY org.eclipse.cdt.core 4 0 2026-02-26 13:24:34.101
!MESSAGE Error

!ENTRY org.eclipse.cdt.core 4 0 2026-02-26 13:24:34.101
!MESSAGE Error

!ENTRY org.eclipse.cdt.core 4 0 2026-02-26 13:24:34.101
!MESSAGE Error

!ENTRY org.eclipse.cdt.core 4 0 2026-02-26 13:24:34.101
!MESSAGE Error

!ENTRY org.eclipse.cdt.core 4 0 2026-02-26 13:24:34.101
!MESSAGE Error

!ENTRY org.eclipse.cdt.core 4 0 2026-02-26 13:24:34.101
!MESSAGE Error

!ENTRY org.eclipse.cdt.core 4 0 2026-02-26 13:24:34.102
!MESSAGE Error

!ENTRY org.eclipse.cdt.core 4 0 2026-02-26 13:24:34.102
!MESSAGE Error

!ENTRY org.eclipse.cdt.core 4 0 2026-02-26 13:24:34.102
!MESSAGE Error

!ENTRY org.eclipse.cdt.core 4 0 2026-02-26 13:24:34.102
!MESSAGE Error

!ENTRY org.eclipse.cdt.core 4 0 2026-02-26 13:24:34.102
!MESSAGE Error

!ENTRY org.eclipse.cdt.core 4 0 2026-02-26 13:24:34.102
!MESSAGE Error

!ENTRY org.eclipse.cdt.core 4 0 2026-02-26 13:24:34.102
!MESSAGE Error

!ENTRY org.eclipse.cdt.core 4 0 2026-02-26 13:24:34.102
!MESSAGE Error

!ENTRY org.eclipse.cdt.core 4 0 2026-02-26 13:24:34.102
!MESSAGE Error

!ENTRY org.eclipse.cdt.core 4 0 2026-02-26 13:24:34.103
!MESSAGE Error

!ENTRY org.eclipse.cdt.core 4 0 2026-02-26 13:24:34.103
!MESSAGE Error

!ENTRY org.eclipse.cdt.core 4 0 2026-02-26 13:24:34.103
!MESSAGE Error

!ENTRY org.eclipse.cdt.core 4 0 2026-02-26 13:24:34.103
!MESSAGE Error

!ENTRY org.eclipse.cdt.core 4 0 2026-02-26 13:24:34.103
!MESSAGE Error

!ENTRY org.eclipse.cdt.core 4 0 2026-02-26 13:24:34.103
!MESSAGE Error

!ENTRY org.eclipse.cdt.core 4 0 2026-02-26 13:24:34.103
!MESSAGE Error

!ENTRY org.eclipse.cdt.core 4 0 2026-02-26 13:24:34.103
!MESSAGE Error

!ENTRY org.eclipse.cdt.core 4 0 2026-02-26 13:24:34.104
!MESSAGE Error

!ENTRY org.eclipse.cdt.core 4 0 2026-02-26 13:24:34.104
!MESSAGE Error

!ENTRY org.eclipse.cdt.core 4 0 2026-02-26 13:24:34.104
!MESSAGE Error

!ENTRY org.eclipse.cdt.core 4 0 2026-02-26 13:24:34.104
!MESSAGE Error

!ENTRY org.eclipse.cdt.core 4 0 2026-02-26 13:24:34.104
!MESSAGE Error

!ENTRY org.eclipse.cdt.core 4 0 2026-02-26 13:24:34.104
!MESSAGE Error

!ENTRY org.eclipse.cdt.core 4 0 2026-02-26 13:24:34.105
!MESSAGE Error

!ENTRY org.eclipse.cdt.core 4 0 2026-02-26 13:24:34.105
!MESSAGE Error

!ENTRY org.eclipse.cdt.core 4 0 2026-02-26 13:24:34.105
!MESSAGE Error

!ENTRY org.eclipse.cdt.core 4 0 2026-02-26 13:24:34.105
!MESSAGE Error

!ENTRY org.eclipse.cdt.core 4 0 2026-02-26 13:24:34.105
!MESSAGE Error

!ENTRY org.eclipse.cdt.core 4 0 2026-02-26 13:24:34.106
!MESSAGE Error

!ENTRY org.eclipse.cdt.core 4 0 2026-02-26 13:24:34.106
!MESSAGE Error

!ENTRY org.eclipse.cdt.core 4 0 2026-02-26 13:24:34.106
!MESSAGE Error

!ENTRY org.eclipse.cdt.core 4 0 2026-02-26 13:24:34.106
!MESSAGE Error

!ENTRY org.eclipse.cdt.core 4 0 2026-02-26 13:24:34.106
!MESSAGE Error

!ENTRY org.eclipse.cdt.core 4 0 2026-02-26 13:24:34.106
!MESSAGE Error

!ENTRY org.eclipse.cdt.core 4 0 2026-02-26 13:24:34.106
!MESSAGE Error

!ENTRY org.eclipse.cdt.core 4 0 2026-02-26 13:24:34.106
!MESSAGE Error

!ENTRY org.eclipse.cdt.core 4 0 2026-02-26 13:24:34.107
!MESSAGE Error

!ENTRY org.eclipse.cdt.core 4 0 2026-02-26 13:24:34.107
!MESSAGE Error

!ENTRY org.eclipse.cdt.core 4 0 2026-02-26 13:24:34.107
!MESSAGE Error

!ENTRY org.eclipse.cdt.core 4 0 2026-02-26 13:24:34.107
!MESSAGE Error

!ENTRY org.eclipse.cdt.core 4 0 2026-02-26 13:24:34.107
!MESSAGE Error

!ENTRY org.eclipse.cdt.core 4 0 2026-02-26 13:24:34.107
!MESSAGE Error

!ENTRY org.eclipse.cdt.core 4 0 2026-02-26 13:24:34.107
!MESSAGE Error

!ENTRY org.eclipse.cdt.core 4 0 2026-02-26 13:24:34.107
!MESSAGE Error

!ENTRY org.eclipse.cdt.core 4 0 2026-02-26 13:24:34.107
!MESSAGE Error

!ENTRY org.eclipse.cdt.core 4 0 2026-02-26 13:24:34.108
!MESSAGE Error

!ENTRY org.eclipse.cdt.core 4 0 2026-02-26 13:24:34.108
!MESSAGE Error

!ENTRY org.eclipse.cdt.core 4 0 2026-02-26 13:24:35.131
!MESSAGE Error

!ENTRY org.eclipse.cdt.core 4 0 2026-02-26 13:24:35.136
!MESSAGE Error

!ENTRY org.eclipse.cdt.core 4 0 2026-02-26 13:24:35.138
!MESSAGE Error

!ENTRY org.eclipse.cdt.core 4 0 2026-02-26 13:24:35.139
!MESSAGE Error

!ENTRY org.eclipse.cdt.core 4 0 2026-02-26 13:24:35.139
!MESSAGE Error

!ENTRY org.eclipse.cdt.core 4 0 2026-02-26 13:24:35.139
!MESSAGE Error

!ENTRY org.eclipse.cdt.core 4 0 2026-02-26 13:24:35.140
!MESSAGE Error

!ENTRY org.eclipse.cdt.core 4 0 2026-02-26 13:24:35.140
!MESSAGE Error

!ENTRY org.eclipse.cdt.core 4 0 2026-02-26 13:24:35.140
!MESSAGE Error

!ENTRY org.eclipse.cdt.core 4 0 2026-02-26 13:24:35.141
!MESSAGE Error

!ENTRY org.eclipse.cdt.core 4 0 2026-02-26 13:24:35.141
!MESSAGE Error

!ENTRY org.eclipse.cdt.core 4 0 2026-02-26 13:24:35.141
!MESSAGE Error

!ENTRY org.eclipse.cdt.core 4 0 2026-02-26 13:24:35.141
!MESSAGE Error

!ENTRY org.eclipse.cdt.core 4 0 2026-02-26 13:24:35.142
!MESSAGE Error

!ENTRY org.eclipse.cdt.core 4 0 2026-02-26 13:24:35.142
!MESSAGE Error

!ENTRY org.eclipse.cdt.core 4 0 2026-02-26 13:24:35.142
!MESSAGE Error

!ENTRY org.eclipse.cdt.core 4 0 2026-02-26 13:24:35.143
!MESSAGE Error

!ENTRY org.eclipse.cdt.core 4 0 2026-02-26 13:24:35.143
!MESSAGE Error

!ENTRY org.eclipse.cdt.core 4 0 2026-02-26 13:24:35.143
!MESSAGE Error

!ENTRY org.eclipse.cdt.core 4 0 2026-02-26 13:24:35.144
!MESSAGE Error

!ENTRY org.eclipse.cdt.core 4 0 2026-02-26 13:24:35.145
!MESSAGE Error

!ENTRY org.eclipse.cdt.core 4 0 2026-02-26 13:24:35.145
!MESSAGE Error

!ENTRY org.eclipse.cdt.core 4 0 2026-02-26 13:24:35.145
!MESSAGE Error

!ENTRY org.eclipse.cdt.core 4 0 2026-02-26 13:24:35.145
!MESSAGE Error

!ENTRY org.eclipse.cdt.core 4 0 2026-02-26 13:24:35.146
!MESSAGE Error

!ENTRY org.eclipse.cdt.core 4 0 2026-02-26 13:24:35.146
!MESSAGE Error

!ENTRY org.eclipse.cdt.core 4 0 2026-02-26 13:24:35.147
!MESSAGE Error

!ENTRY org.eclipse.cdt.core 4 0 2026-02-26 13:24:35.147
!MESSAGE Error

!ENTRY org.eclipse.cdt.core 4 0 2026-02-26 13:24:35.147
!MESSAGE Error

!ENTRY org.eclipse.cdt.core 4 0 2026-02-26 13:24:35.148
!MESSAGE Error

!ENTRY org.eclipse.cdt.core 4 0 2026-02-26 13:24:35.148
!MESSAGE Error

!ENTRY org.eclipse.cdt.core 4 0 2026-02-26 13:24:35.148
!MESSAGE Error

!ENTRY org.eclipse.cdt.core 4 0 2026-02-26 13:24:35.149
!MESSAGE Error

!ENTRY org.eclipse.cdt.core 4 0 2026-02-26 13:24:35.149
!MESSAGE Error

!ENTRY org.eclipse.cdt.core 4 0 2026-02-26 13:24:35.149
!MESSAGE Error

!ENTRY org.eclipse.cdt.core 4 0 2026-02-26 13:24:35.150
!MESSAGE Error

!ENTRY org.eclipse.cdt.core 4 0 2026-02-26 13:24:35.150
!MESSAGE Error

!ENTRY org.eclipse.cdt.core 4 0 2026-02-26 13:24:35.151
!MESSAGE Error

!ENTRY org.eclipse.cdt.core 4 0 2026-02-26 13:24:35.151
!MESSAGE Error

!ENTRY org.eclipse.cdt.core 4 0 2026-02-26 13:24:35.151
!MESSAGE Error

!ENTRY org.eclipse.cdt.core 4 0 2026-02-26 13:24:35.151
!MESSAGE Error

!ENTRY org.eclipse.cdt.core 4 0 2026-02-26 13:24:35.151
!MESSAGE Error

!ENTRY org.eclipse.cdt.core 4 0 2026-02-26 13:24:35.151
!MESSAGE Error

!ENTRY org.eclipse.cdt.core 4 0 2026-02-26 13:24:35.152
!MESSAGE Error

!ENTRY org.eclipse.cdt.core 4 0 2026-02-26 13:24:35.152
!MESSAGE Error

!ENTRY org.eclipse.cdt.core 4 0 2026-02-26 13:24:35.152
!MESSAGE Error

!ENTRY org.eclipse.cdt.core 4 0 2026-02-26 13:24:35.152
!MESSAGE Error

!ENTRY org.eclipse.cdt.core 4 0 2026-02-26 13:24:35.152
!MESSAGE Error

!ENTRY org.eclipse.cdt.core 4 0 2026-02-26 13:24:35.152
!MESSAGE Error

!ENTRY org.eclipse.cdt.core 4 0 2026-02-26 13:24:35.152
!MESSAGE Error

!ENTRY org.eclipse.cdt.core 4 0 2026-02-26 13:24:35.152
!MESSAGE Error

!ENTRY org.eclipse.cdt.core 4 0 2026-02-26 13:24:35.152
!MESSAGE Error

!ENTRY org.eclipse.cdt.core 4 0 2026-02-26 13:24:35.152
!MESSAGE Error

!ENTRY org.eclipse.cdt.core 4 0 2026-02-26 13:24:35.152
!MESSAGE Error

!ENTRY org.eclipse.cdt.core 4 0 2026-02-26 13:24:35.152
!MESSAGE Error

!ENTRY org.eclipse.cdt.core 4 0 2026-02-26 13:24:35.153
!MESSAGE Error

!ENTRY org.eclipse.cdt.core 4 0 2026-02-26 13:24:35.153
!MESSAGE Error

!ENTRY org.eclipse.cdt.core 4 0 2026-02-26 13:24:35.153
!MESSAGE Error

!ENTRY org.eclipse.cdt.core 4 0 2026-02-26 13:24:35.153
!MESSAGE Error

!ENTRY org.eclipse.cdt.core 4 0 2026-02-26 13:24:35.153
!MESSAGE Error

!ENTRY org.eclipse.cdt.core 4 0 2026-02-26 13:24:35.153
!MESSAGE Error

!ENTRY org.eclipse.cdt.core 4 0 2026-02-26 13:24:35.153
!MESSAGE Error

!ENTRY org.eclipse.cdt.core 4 0 2026-02-26 13:24:35.153
!MESSAGE Error

!ENTRY org.eclipse.cdt.core 4 0 2026-02-26 13:24:35.154
!MESSAGE Error

!ENTRY org.eclipse.cdt.core 4 0 2026-02-26 13:24:35.154
!MESSAGE Error

!ENTRY org.eclipse.cdt.core 4 0 2026-02-26 13:24:35.154
!MESSAGE Error

!ENTRY org.eclipse.cdt.core 4 0 2026-02-26 13:24:35.154
!MESSAGE Error

!ENTRY org.eclipse.cdt.core 4 0 2026-02-26 13:24:35.154
!MESSAGE Error

!ENTRY org.eclipse.cdt.core 4 0 2026-02-26 13:24:35.154
!MESSAGE Error

!ENTRY org.eclipse.cdt.core 4 0 2026-02-26 13:24:35.154
!MESSAGE Error

!ENTRY org.eclipse.cdt.core 4 0 2026-02-26 13:24:35.154
!MESSAGE Error

!ENTRY org.eclipse.cdt.core 4 0 2026-02-26 13:24:35.155
!MESSAGE Error

!ENTRY org.eclipse.cdt.core 4 0 2026-02-26 13:24:35.155
!MESSAGE Error

!ENTRY org.eclipse.cdt.core 4 0 2026-02-26 13:24:35.155
!MESSAGE Error

!ENTRY org.eclipse.cdt.core 4 0 2026-02-26 13:24:35.155
!MESSAGE Error

!ENTRY org.eclipse.cdt.core 4 0 2026-02-26 13:24:35.155
!MESSAGE Error

!ENTRY org.eclipse.cdt.core 4 0 2026-02-26 13:24:35.155
!MESSAGE Error

!ENTRY org.eclipse.cdt.core 4 0 2026-02-26 13:24:35.155
!MESSAGE Error

!ENTRY org.eclipse.cdt.core 4 0 2026-02-26 13:24:39.741
!MESSAGE Error

!ENTRY org.eclipse.cdt.core 4 0 2026-02-26 13:24:39.746
!MESSAGE Error

!ENTRY org.eclipse.cdt.core 4 0 2026-02-26 13:24:39.747
!MESSAGE Error

!ENTRY org.eclipse.cdt.core 4 0 2026-02-26 13:24:39.748
!MESSAGE Error

!ENTRY org.eclipse.cdt.core 4 0 2026-02-26 13:24:39.748
!MESSAGE Error

!ENTRY org.eclipse.cdt.core 4 0 2026-02-26 13:24:39.748
!MESSAGE Error

!ENTRY org.eclipse.cdt.core 4 0 2026-02-26 13:24:39.749
!MESSAGE Error

!ENTRY org.eclipse.cdt.core 4 0 2026-02-26 13:24:39.749
!MESSAGE Error

!ENTRY org.eclipse.cdt.core 4 0 2026-02-26 13:24:39.749
!MESSAGE Error

!ENTRY org.eclipse.cdt.core 4 0 2026-02-26 13:24:39.750
!MESSAGE Error

!ENTRY org.eclipse.cdt.core 4 0 2026-02-26 13:24:39.750
!MESSAGE Error

!ENTRY org.eclipse.cdt.core 4 0 2026-02-26 13:24:39.750
!MESSAGE Error

!ENTRY org.eclipse.cdt.core 4 0 2026-02-26 13:24:39.751
!MESSAGE Error

!ENTRY org.eclipse.cdt.core 4 0 2026-02-26 13:24:39.751
!MESSAGE Error

!ENTRY org.eclipse.cdt.core 4 0 2026-02-26 13:24:39.752
!MESSAGE Error

!ENTRY org.eclipse.cdt.core 4 0 2026-02-26 13:24:39.752
!MESSAGE Error

!ENTRY org.eclipse.cdt.core 4 0 2026-02-26 13:24:39.752
!MESSAGE Error

!ENTRY org.eclipse.cdt.core 4 0 2026-02-26 13:24:39.753
!MESSAGE Error

!ENTRY org.eclipse.cdt.core 4 0 2026-02-26 13:24:39.753
!MESSAGE Error

!ENTRY org.eclipse.cdt.core 4 0 2026-02-26 13:24:39.753
!MESSAGE Error

!ENTRY org.eclipse.cdt.core 4 0 2026-02-26 13:24:39.754
!MESSAGE Error

!ENTRY org.eclipse.cdt.core 4 0 2026-02-26 13:24:39.754
!MESSAGE Error

!ENTRY org.eclipse.cdt.core 4 0 2026-02-26 13:24:39.754
!MESSAGE Error

!ENTRY org.eclipse.cdt.core 4 0 2026-02-26 13:24:39.755
!MESSAGE Error

!ENTRY org.eclipse.cdt.core 4 0 2026-02-26 13:24:39.755
!MESSAGE Error

!ENTRY org.eclipse.cdt.core 4 0 2026-02-26 13:24:39.755
!MESSAGE Error

!ENTRY org.eclipse.cdt.core 4 0 2026-02-26 13:24:39.756
!MESSAGE Error

!ENTRY org.eclipse.cdt.core 4 0 2026-02-26 13:24:39.756
!MESSAGE Error

!ENTRY org.eclipse.cdt.core 4 0 2026-02-26 13:24:39.756
!MESSAGE Error

!ENTRY org.eclipse.cdt.core 4 0 2026-02-26 13:24:39.757
!MESSAGE Error

!ENTRY org.eclipse.cdt.core 4 0 2026-02-26 13:24:39.757
!MESSAGE Error

!ENTRY org.eclipse.cdt.core 4 0 2026-02-26 13:24:39.757
!MESSAGE Error

!ENTRY org.eclipse.cdt.core 4 0 2026-02-26 13:24:39.758
!MESSAGE Error

!ENTRY org.eclipse.cdt.core 4 0 2026-02-26 13:24:39.758
!MESSAGE Error

!ENTRY org.eclipse.cdt.core 4 0 2026-02-26 13:24:39.758
!MESSAGE Error

!ENTRY org.eclipse.cdt.core 4 0 2026-02-26 13:24:39.758
!MESSAGE Error

!ENTRY org.eclipse.cdt.core 4 0 2026-02-26 13:24:39.758
!MESSAGE Error

!ENTRY org.eclipse.cdt.core 4 0 2026-02-26 13:24:39.758
!MESSAGE Error

!ENTRY org.eclipse.cdt.core 4 0 2026-02-26 13:24:39.758
!MESSAGE Error

!ENTRY org.eclipse.cdt.core 4 0 2026-02-26 13:24:39.758
!MESSAGE Error

!ENTRY org.eclipse.cdt.core 4 0 2026-02-26 13:24:39.759
!MESSAGE Error

!ENTRY org.eclipse.cdt.core 4 0 2026-02-26 13:24:39.759
!MESSAGE Error

!ENTRY org.eclipse.cdt.core 4 0 2026-02-26 13:24:39.759
!MESSAGE Error

!ENTRY org.eclipse.cdt.core 4 0 2026-02-26 13:24:39.759
!MESSAGE Error

!ENTRY org.eclipse.cdt.core 4 0 2026-02-26 13:24:39.759
!MESSAGE Error

!ENTRY org.eclipse.cdt.core 4 0 2026-02-26 13:24:39.759
!MESSAGE Error

!ENTRY org.eclipse.cdt.core 4 0 2026-02-26 13:24:39.759
!MESSAGE Error

!ENTRY org.eclipse.cdt.core 4 0 2026-02-26 13:24:39.760
!MESSAGE Error

!ENTRY org.eclipse.cdt.core 4 0 2026-02-26 13:24:39.760
!MESSAGE Error

!ENTRY org.eclipse.cdt.core 4 0 2026-02-26 13:24:39.760
!MESSAGE Error

!ENTRY org.eclipse.cdt.core 4 0 2026-02-26 13:24:39.760
!MESSAGE Error

!ENTRY org.eclipse.cdt.core 4 0 2026-02-26 13:24:39.760
!MESSAGE Error

!ENTRY org.eclipse.cdt.core 4 0 2026-02-26 13:24:39.760
!MESSAGE Error

!ENTRY org.eclipse.cdt.core 4 0 2026-02-26 13:24:39.760
!MESSAGE Error

!ENTRY org.eclipse.cdt.core 4 0 2026-02-26 13:24:39.760
!MESSAGE Error

!ENTRY org.eclipse.cdt.core 4 0 2026-02-26 13:24:39.761
!MESSAGE Error

!ENTRY org.eclipse.cdt.core 4 0 2026-02-26 13:24:39.761
!MESSAGE Error

!ENTRY org.eclipse.cdt.core 4 0 2026-02-26 13:24:39.761
!MESSAGE Error

!ENTRY org.eclipse.cdt.core 4 0 2026-02-26 13:24:39.761
!MESSAGE Error

!ENTRY org.eclipse.cdt.core 4 0 2026-02-26 13:24:39.761
!MESSAGE Error

!ENTRY org.eclipse.cdt.core 4 0 2026-02-26 13:24:39.762
!MESSAGE Error

!ENTRY org.eclipse.cdt.core 4 0 2026-02-26 13:24:39.762
!MESSAGE Error

!ENTRY org.eclipse.cdt.core 4 0 2026-02-26 13:24:39.762
!MESSAGE Error

!ENTRY org.eclipse.cdt.core 4 0 2026-02-26 13:24:39.762
!MESSAGE Error

!ENTRY org.eclipse.cdt.core 4 0 2026-02-26 13:24:39.762
!MESSAGE Error

!ENTRY org.eclipse.cdt.core 4 0 2026-02-26 13:24:39.762
!MESSAGE Error

!ENTRY org.eclipse.cdt.core 4 0 2026-02-26 13:24:39.762
!MESSAGE Error

!ENTRY org.eclipse.cdt.core 4 0 2026-02-26 13:24:39.762
!MESSAGE Error

!ENTRY org.eclipse.cdt.core 4 0 2026-02-26 13:24:39.763
!MESSAGE Error

!ENTRY org.eclipse.cdt.core 4 0 2026-02-26 13:24:39.763
!MESSAGE Error

!ENTRY org.eclipse.cdt.core 4 0 2026-02-26 13:24:39.763
!MESSAGE Error

!ENTRY org.eclipse.cdt.core 4 0 2026-02-26 13:24:39.763
!MESSAGE Error

!ENTRY org.eclipse.cdt.core 4 0 2026-02-26 13:24:39.763
!MESSAGE Error

!ENTRY org.eclipse.cdt.core 4 0 2026-02-26 13:24:39.763
!MESSAGE Error

!ENTRY org.eclipse.cdt.core 4 0 2026-02-26 13:24:39.763
!MESSAGE Error

!ENTRY org.eclipse.cdt.core 4 0 2026-02-26 13:24:39.764
!MESSAGE Error

!ENTRY org.eclipse.cdt.core 4 0 2026-02-26 13:24:39.764
!MESSAGE Error

!ENTRY org.eclipse.cdt.core 4 0 2026-02-26 13:24:39.764
!MESSAGE Error

!ENTRY org.eclipse.cdt.core 4 0 2026-02-26 13:24:39.764
!MESSAGE Error

!ENTRY org.eclipse.cdt.core 4 0 2026-02-26 13:24:39.764
!MESSAGE Error

!ENTRY org.eclipse.cdt.core 4 0 2026-02-26 13:24:44.867
!MESSAGE Error

!ENTRY org.eclipse.cdt.core 4 0 2026-02-26 13:24:44.872
!MESSAGE Error

!ENTRY org.eclipse.cdt.core 4 0 2026-02-26 13:24:44.873
!MESSAGE Error

!ENTRY org.eclipse.cdt.core 4 0 2026-02-26 13:24:44.874
!MESSAGE Error

!ENTRY org.eclipse.cdt.core 4 0 2026-02-26 13:24:44.874
!MESSAGE Error

!ENTRY org.eclipse.cdt.core 4 0 2026-02-26 13:24:44.874
!MESSAGE Error

!ENTRY org.eclipse.cdt.core 4 0 2026-02-26 13:24:44.875
!MESSAGE Error

!ENTRY org.eclipse.cdt.core 4 0 2026-02-26 13:24:44.875
!MESSAGE Error

!ENTRY org.eclipse.cdt.core 4 0 2026-02-26 13:24:44.875
!MESSAGE Error

!ENTRY org.eclipse.cdt.core 4 0 2026-02-26 13:24:44.876
!MESSAGE Error

!ENTRY org.eclipse.cdt.core 4 0 2026-02-26 13:24:44.877
!MESSAGE Error

!ENTRY org.eclipse.cdt.core 4 0 2026-02-26 13:24:44.877
!MESSAGE Error

!ENTRY org.eclipse.cdt.core 4 0 2026-02-26 13:24:44.877
!MESSAGE Error

!ENTRY org.eclipse.cdt.core 4 0 2026-02-26 13:24:44.877
!MESSAGE Error

!ENTRY org.eclipse.cdt.core 4 0 2026-02-26 13:24:44.878
!MESSAGE Error

!ENTRY org.eclipse.cdt.core 4 0 2026-02-26 13:24:44.878
!MESSAGE Error

!ENTRY org.eclipse.cdt.core 4 0 2026-02-26 13:24:44.878
!MESSAGE Error

!ENTRY org.eclipse.cdt.core 4 0 2026-02-26 13:24:44.879
!MESSAGE Error

!ENTRY org.eclipse.cdt.core 4 0 2026-02-26 13:24:44.879
!MESSAGE Error

!ENTRY org.eclipse.cdt.core 4 0 2026-02-26 13:24:44.879
!MESSAGE Error

!ENTRY org.eclipse.cdt.core 4 0 2026-02-26 13:24:44.879
!MESSAGE Error

!ENTRY org.eclipse.cdt.core 4 0 2026-02-26 13:24:44.880
!MESSAGE Error

!ENTRY org.eclipse.cdt.core 4 0 2026-02-26 13:24:44.880
!MESSAGE Error

!ENTRY org.eclipse.cdt.core 4 0 2026-02-26 13:24:44.880
!MESSAGE Error

!ENTRY org.eclipse.cdt.core 4 0 2026-02-26 13:24:44.880
!MESSAGE Error

!ENTRY org.eclipse.cdt.core 4 0 2026-02-26 13:24:44.880
!MESSAGE Error

!ENTRY org.eclipse.cdt.core 4 0 2026-02-26 13:24:44.881
!MESSAGE Error

!ENTRY org.eclipse.cdt.core 4 0 2026-02-26 13:24:44.881
!MESSAGE Error

!ENTRY org.eclipse.cdt.core 4 0 2026-02-26 13:24:44.881
!MESSAGE Error

!ENTRY org.eclipse.cdt.core 4 0 2026-02-26 13:24:44.882
!MESSAGE Error

!ENTRY org.eclipse.cdt.core 4 0 2026-02-26 13:24:44.882
!MESSAGE Error

!ENTRY org.eclipse.cdt.core 4 0 2026-02-26 13:24:44.882
!MESSAGE Error

!ENTRY org.eclipse.cdt.core 4 0 2026-02-26 13:24:44.883
!MESSAGE Error

!ENTRY org.eclipse.cdt.core 4 0 2026-02-26 13:24:44.883
!MESSAGE Error

!ENTRY org.eclipse.cdt.core 4 0 2026-02-26 13:24:44.883
!MESSAGE Error

!ENTRY org.eclipse.cdt.core 4 0 2026-02-26 13:24:44.883
!MESSAGE Error

!ENTRY org.eclipse.cdt.core 4 0 2026-02-26 13:24:44.884
!MESSAGE Error

!ENTRY org.eclipse.cdt.core 4 0 2026-02-26 13:24:44.884
!MESSAGE Error

!ENTRY org.eclipse.cdt.core 4 0 2026-02-26 13:24:44.884
!MESSAGE Error

!ENTRY org.eclipse.cdt.core 4 0 2026-02-26 13:24:44.885
!MESSAGE Error

!ENTRY org.eclipse.cdt.core 4 0 2026-02-26 13:24:44.885
!MESSAGE Error

!ENTRY org.eclipse.cdt.core 4 0 2026-02-26 13:24:44.885
!MESSAGE Error

!ENTRY org.eclipse.cdt.core 4 0 2026-02-26 13:24:44.886
!MESSAGE Error

!ENTRY org.eclipse.cdt.core 4 0 2026-02-26 13:24:44.886
!MESSAGE Error

!ENTRY org.eclipse.cdt.core 4 0 2026-02-26 13:24:44.886
!MESSAGE Error

!ENTRY org.eclipse.cdt.core 4 0 2026-02-26 13:24:44.886
!MESSAGE Error

!ENTRY org.eclipse.cdt.core 4 0 2026-02-26 13:24:44.886
!MESSAGE Error

!ENTRY org.eclipse.cdt.core 4 0 2026-02-26 13:24:44.886
!MESSAGE Error

!ENTRY org.eclipse.cdt.core 4 0 2026-02-26 13:24:44.887
!MESSAGE Error

!ENTRY org.eclipse.cdt.core 4 0 2026-02-26 13:24:44.887
!MESSAGE Error

!ENTRY org.eclipse.cdt.core 4 0 2026-02-26 13:24:44.887
!MESSAGE Error

!ENTRY org.eclipse.cdt.core 4 0 2026-02-26 13:24:44.887
!MESSAGE Error

!ENTRY org.eclipse.cdt.core 4 0 2026-02-26 13:24:44.887
!MESSAGE Error

!ENTRY org.eclipse.cdt.core 4 0 2026-02-26 13:24:44.887
!MESSAGE Error

!ENTRY org.eclipse.cdt.core 4 0 2026-02-26 13:24:44.887
!MESSAGE Error

!ENTRY org.eclipse.cdt.core 4 0 2026-02-26 13:24:44.887
!MESSAGE Error

!ENTRY org.eclipse.cdt.core 4 0 2026-02-26 13:24:44.887
!MESSAGE Error

!ENTRY org.eclipse.cdt.core 4 0 2026-02-26 13:24:44.888
!MESSAGE Error

!ENTRY org.eclipse.cdt.core 4 0 2026-02-26 13:24:44.888
!MESSAGE Error

!ENTRY org.eclipse.cdt.core 4 0 2026-02-26 13:24:44.888
!MESSAGE Error

!ENTRY org.eclipse.cdt.core 4 0 2026-02-26 13:24:44.888
!MESSAGE Error

!ENTRY org.eclipse.cdt.core 4 0 2026-02-26 13:24:44.888
!MESSAGE Error

!ENTRY org.eclipse.cdt.core 4 0 2026-02-26 13:24:44.888
!MESSAGE Error

!ENTRY org.eclipse.cdt.core 4 0 2026-02-26 13:24:44.888
!MESSAGE Error

!ENTRY org.eclipse.cdt.core 4 0 2026-02-26 13:24:44.888
!MESSAGE Error

!ENTRY org.eclipse.cdt.core 4 0 2026-02-26 13:24:44.889
!MESSAGE Error

!ENTRY org.eclipse.cdt.core 4 0 2026-02-26 13:24:44.889
!MESSAGE Error

!ENTRY org.eclipse.cdt.core 4 0 2026-02-26 13:24:44.889
!MESSAGE Error

!ENTRY org.eclipse.cdt.core 4 0 2026-02-26 13:24:44.889
!MESSAGE Error

!ENTRY org.eclipse.cdt.core 4 0 2026-02-26 13:24:44.889
!MESSAGE Error

!ENTRY org.eclipse.cdt.core 4 0 2026-02-26 13:24:44.889
!MESSAGE Error

!ENTRY org.eclipse.cdt.core 4 0 2026-02-26 13:24:44.889
!MESSAGE Error

!ENTRY org.eclipse.cdt.core 4 0 2026-02-26 13:24:44.889
!MESSAGE Error

!ENTRY org.eclipse.cdt.core 4 0 2026-02-26 13:24:44.889
!MESSAGE Error

!ENTRY org.eclipse.cdt.core 4 0 2026-02-26 13:24:44.890
!MESSAGE Error

!ENTRY org.eclipse.cdt.core 4 0 2026-02-26 13:24:44.890
!MESSAGE Error

!ENTRY org.eclipse.cdt.core 4 0 2026-02-26 13:24:44.890
!MESSAGE Error

!ENTRY org.eclipse.cdt.core 4 0 2026-02-26 13:24:44.890
!MESSAGE Error

!ENTRY org.eclipse.cdt.core 4 0 2026-02-26 13:24:44.890
!MESSAGE Error

!ENTRY org.eclipse.cdt.core 4 0 2026-02-26 13:24:44.890
!MESSAGE Error

!ENTRY org.eclipse.cdt.core 4 0 2026-02-26 13:24:48.460
!MESSAGE Error

!ENTRY org.eclipse.cdt.core 4 0 2026-02-26 13:24:48.463
!MESSAGE Error

!ENTRY org.eclipse.cdt.core 4 0 2026-02-26 13:24:48.464
!MESSAGE Error

!ENTRY org.eclipse.cdt.core 4 0 2026-02-26 13:24:48.464
!MESSAGE Error

!ENTRY org.eclipse.cdt.core 4 0 2026-02-26 13:24:48.464
!MESSAGE Error

!ENTRY org.eclipse.cdt.core 4 0 2026-02-26 13:24:48.464
!MESSAGE Error

!ENTRY org.eclipse.cdt.core 4 0 2026-02-26 13:24:48.464
!MESSAGE Error

!ENTRY org.eclipse.cdt.core 4 0 2026-02-26 13:24:48.465
!MESSAGE Error

!ENTRY org.eclipse.cdt.core 4 0 2026-02-26 13:24:48.465
!MESSAGE Error

!ENTRY org.eclipse.cdt.core 4 0 2026-02-26 13:24:48.465
!MESSAGE Error

!ENTRY org.eclipse.cdt.core 4 0 2026-02-26 13:24:48.465
!MESSAGE Error

!ENTRY org.eclipse.cdt.core 4 0 2026-02-26 13:24:48.465
!MESSAGE Error

!ENTRY org.eclipse.cdt.core 4 0 2026-02-26 13:24:48.465
!MESSAGE Error

!ENTRY org.eclipse.cdt.core 4 0 2026-02-26 13:24:48.465
!MESSAGE Error

!ENTRY org.eclipse.cdt.core 4 0 2026-02-26 13:24:48.465
!MESSAGE Error

!ENTRY org.eclipse.cdt.core 4 0 2026-02-26 13:24:48.466
!MESSAGE Error

!ENTRY org.eclipse.cdt.core 4 0 2026-02-26 13:24:48.466
!MESSAGE Error

!ENTRY org.eclipse.cdt.core 4 0 2026-02-26 13:24:48.466
!MESSAGE Error

!ENTRY org.eclipse.cdt.core 4 0 2026-02-26 13:24:48.466
!MESSAGE Error

!ENTRY org.eclipse.cdt.core 4 0 2026-02-26 13:24:48.466
!MESSAGE Error

!ENTRY org.eclipse.cdt.core 4 0 2026-02-26 13:24:48.466
!MESSAGE Error

!ENTRY org.eclipse.cdt.core 4 0 2026-02-26 13:24:48.466
!MESSAGE Error

!ENTRY org.eclipse.cdt.core 4 0 2026-02-26 13:24:48.466
!MESSAGE Error

!ENTRY org.eclipse.cdt.core 4 0 2026-02-26 13:24:48.467
!MESSAGE Error

!ENTRY org.eclipse.cdt.core 4 0 2026-02-26 13:24:48.467
!MESSAGE Error

!ENTRY org.eclipse.cdt.core 4 0 2026-02-26 13:24:48.467
!MESSAGE Error

!ENTRY org.eclipse.cdt.core 4 0 2026-02-26 13:24:48.467
!MESSAGE Error

!ENTRY org.eclipse.cdt.core 4 0 2026-02-26 13:24:48.467
!MESSAGE Error

!ENTRY org.eclipse.cdt.core 4 0 2026-02-26 13:24:48.467
!MESSAGE Error

!ENTRY org.eclipse.cdt.core 4 0 2026-02-26 13:24:48.467
!MESSAGE Error

!ENTRY org.eclipse.cdt.core 4 0 2026-02-26 13:24:48.467
!MESSAGE Error

!ENTRY org.eclipse.cdt.core 4 0 2026-02-26 13:24:48.467
!MESSAGE Error

!ENTRY org.eclipse.cdt.core 4 0 2026-02-26 13:24:48.468
!MESSAGE Error

!ENTRY org.eclipse.cdt.core 4 0 2026-02-26 13:24:48.468
!MESSAGE Error

!ENTRY org.eclipse.cdt.core 4 0 2026-02-26 13:24:48.468
!MESSAGE Error

!ENTRY org.eclipse.cdt.core 4 0 2026-02-26 13:24:48.468
!MESSAGE Error

!ENTRY org.eclipse.cdt.core 4 0 2026-02-26 13:24:48.468
!MESSAGE Error

!ENTRY org.eclipse.cdt.core 4 0 2026-02-26 13:24:48.468
!MESSAGE Error

!ENTRY org.eclipse.cdt.core 4 0 2026-02-26 13:24:48.468
!MESSAGE Error

!ENTRY org.eclipse.cdt.core 4 0 2026-02-26 13:24:48.469
!MESSAGE Error

!ENTRY org.eclipse.cdt.core 4 0 2026-02-26 13:24:48.469
!MESSAGE Error

!ENTRY org.eclipse.cdt.core 4 0 2026-02-26 13:24:48.469
!MESSAGE Error

!ENTRY org.eclipse.cdt.core 4 0 2026-02-26 13:24:48.469
!MESSAGE Error

!ENTRY org.eclipse.cdt.core 4 0 2026-02-26 13:24:48.469
!MESSAGE Error

!ENTRY org.eclipse.cdt.core 4 0 2026-02-26 13:24:48.469
!MESSAGE Error

!ENTRY org.eclipse.cdt.core 4 0 2026-02-26 13:24:48.470
!MESSAGE Error

!ENTRY org.eclipse.cdt.core 4 0 2026-02-26 13:24:48.470
!MESSAGE Error

!ENTRY org.eclipse.cdt.core 4 0 2026-02-26 13:24:48.470
!MESSAGE Error

!ENTRY org.eclipse.cdt.core 4 0 2026-02-26 13:24:48.471
!MESSAGE Error

!ENTRY org.eclipse.cdt.core 4 0 2026-02-26 13:24:48.471
!MESSAGE Error

!ENTRY org.eclipse.cdt.core 4 0 2026-02-26 13:24:48.471
!MESSAGE Error

!ENTRY org.eclipse.cdt.core 4 0 2026-02-26 13:24:48.471
!MESSAGE Error

!ENTRY org.eclipse.cdt.core 4 0 2026-02-26 13:24:48.471
!MESSAGE Error

!ENTRY org.eclipse.cdt.core 4 0 2026-02-26 13:24:48.471
!MESSAGE Error

!ENTRY org.eclipse.cdt.core 4 0 2026-02-26 13:24:48.471
!MESSAGE Error

!ENTRY org.eclipse.cdt.core 4 0 2026-02-26 13:24:48.472
!MESSAGE Error

!ENTRY org.eclipse.cdt.core 4 0 2026-02-26 13:24:48.472
!MESSAGE Error

!ENTRY org.eclipse.cdt.core 4 0 2026-02-26 13:24:48.472
!MESSAGE Error

!ENTRY org.eclipse.cdt.core 4 0 2026-02-26 13:24:48.472
!MESSAGE Error

!ENTRY org.eclipse.cdt.core 4 0 2026-02-26 13:24:48.472
!MESSAGE Error

!ENTRY org.eclipse.cdt.core 4 0 2026-02-26 13:24:48.472
!MESSAGE Error

!ENTRY org.eclipse.cdt.core 4 0 2026-02-26 13:24:48.472
!MESSAGE Error

!ENTRY org.eclipse.cdt.core 4 0 2026-02-26 13:24:48.472
!MESSAGE Error

!ENTRY org.eclipse.cdt.core 4 0 2026-02-26 13:24:48.473
!MESSAGE Error

!ENTRY org.eclipse.cdt.core 4 0 2026-02-26 13:24:48.473
!MESSAGE Error

!ENTRY org.eclipse.cdt.core 4 0 2026-02-26 13:24:48.473
!MESSAGE Error

!ENTRY org.eclipse.cdt.core 4 0 2026-02-26 13:24:48.473
!MESSAGE Error

!ENTRY org.eclipse.cdt.core 4 0 2026-02-26 13:24:48.473
!MESSAGE Error

!ENTRY org.eclipse.cdt.core 4 0 2026-02-26 13:24:48.473
!MESSAGE Error

!ENTRY org.eclipse.cdt.core 4 0 2026-02-26 13:24:48.473
!MESSAGE Error

!ENTRY org.eclipse.cdt.core 4 0 2026-02-26 13:24:48.473
!MESSAGE Error

!ENTRY org.eclipse.cdt.core 4 0 2026-02-26 13:24:48.474
!MESSAGE Error

!ENTRY org.eclipse.cdt.core 4 0 2026-02-26 13:24:48.474
!MESSAGE Error

!ENTRY org.eclipse.cdt.core 4 0 2026-02-26 13:24:48.474
!MESSAGE Error

!ENTRY org.eclipse.cdt.core 4 0 2026-02-26 13:24:48.474
!MESSAGE Error

!ENTRY org.eclipse.cdt.core 4 0 2026-02-26 13:24:48.474
!MESSAGE Error

!ENTRY org.eclipse.cdt.core 4 0 2026-02-26 13:24:48.474
!MESSAGE Error

!ENTRY org.eclipse.cdt.core 4 0 2026-02-26 13:24:48.474
!MESSAGE Error

!ENTRY org.eclipse.cdt.core 4 0 2026-02-26 13:24:48.474
!MESSAGE Error

!ENTRY org.eclipse.cdt.core 4 0 2026-02-26 13:24:48.475
!MESSAGE Error

!ENTRY org.eclipse.cdt.core 4 0 2026-02-26 13:24:48.642
!MESSAGE Error

!ENTRY org.eclipse.cdt.core 4 0 2026-02-26 13:24:48.647
!MESSAGE Error

!ENTRY org.eclipse.cdt.core 4 0 2026-02-26 13:24:49.923
!MESSAGE Error

!ENTRY org.eclipse.cdt.core 4 0 2026-02-26 13:24:49.923
!MESSAGE Error

!ENTRY org.eclipse.cdt.core 4 0 2026-02-26 13:24:49.923
!MESSAGE Error

!ENTRY org.eclipse.cdt.core 4 0 2026-02-26 13:24:49.923
!MESSAGE Error

!ENTRY org.eclipse.cdt.core 4 0 2026-02-26 13:24:49.923
!MESSAGE Error

!ENTRY org.eclipse.cdt.core 4 0 2026-02-26 13:24:49.923
!MESSAGE Error

!ENTRY org.eclipse.cdt.core 4 0 2026-02-26 13:24:51.533
!MESSAGE Error

!ENTRY org.eclipse.cdt.core 4 0 2026-02-26 13:24:51.536
!MESSAGE Error

!ENTRY org.eclipse.cdt.core 4 0 2026-02-26 13:24:51.536
!MESSAGE Error

!ENTRY org.eclipse.cdt.core 4 0 2026-02-26 13:24:51.536
!MESSAGE Error

!ENTRY org.eclipse.cdt.core 4 0 2026-02-26 13:24:51.537
!MESSAGE Error

!ENTRY org.eclipse.cdt.core 4 0 2026-02-26 13:24:51.537
!MESSAGE Error

!ENTRY org.eclipse.cdt.core 4 0 2026-02-26 13:24:51.537
!MESSAGE Error

!ENTRY org.eclipse.cdt.core 4 0 2026-02-26 13:24:51.537
!MESSAGE Error

!ENTRY org.eclipse.cdt.core 4 0 2026-02-26 13:24:51.537
!MESSAGE Error

!ENTRY org.eclipse.cdt.core 4 0 2026-02-26 13:24:51.537
!MESSAGE Error

!ENTRY org.eclipse.cdt.core 4 0 2026-02-26 13:24:51.537
!MESSAGE Error

!ENTRY org.eclipse.cdt.core 4 0 2026-02-26 13:24:51.537
!MESSAGE Error

!ENTRY org.eclipse.cdt.core 4 0 2026-02-26 13:24:51.538
!MESSAGE Error

!ENTRY org.eclipse.cdt.core 4 0 2026-02-26 13:24:51.538
!MESSAGE Error

!ENTRY org.eclipse.cdt.core 4 0 2026-02-26 13:24:51.538
!MESSAGE Error

!ENTRY org.eclipse.cdt.core 4 0 2026-02-26 13:24:51.538
!MESSAGE Error

!ENTRY org.eclipse.cdt.core 4 0 2026-02-26 13:24:51.538
!MESSAGE Error

!ENTRY org.eclipse.cdt.core 4 0 2026-02-26 13:24:51.538
!MESSAGE Error

!ENTRY org.eclipse.cdt.core 4 0 2026-02-26 13:24:51.538
!MESSAGE Error

!ENTRY org.eclipse.cdt.core 4 0 2026-02-26 13:24:51.538
!MESSAGE Error

!ENTRY org.eclipse.cdt.core 4 0 2026-02-26 13:24:51.539
!MESSAGE Error

!ENTRY org.eclipse.cdt.core 4 0 2026-02-26 13:24:51.539
!MESSAGE Error

!ENTRY org.eclipse.cdt.core 4 0 2026-02-26 13:24:51.539
!MESSAGE Error

!ENTRY org.eclipse.cdt.core 4 0 2026-02-26 13:24:51.539
!MESSAGE Error

!ENTRY org.eclipse.cdt.core 4 0 2026-02-26 13:24:51.540
!MESSAGE Error

!ENTRY org.eclipse.cdt.core 4 0 2026-02-26 13:24:51.540
!MESSAGE Error

!ENTRY org.eclipse.cdt.core 4 0 2026-02-26 13:24:51.540
!MESSAGE Error

!ENTRY org.eclipse.cdt.core 4 0 2026-02-26 13:24:51.540
!MESSAGE Error

!ENTRY org.eclipse.cdt.core 4 0 2026-02-26 13:24:51.540
!MESSAGE Error

!ENTRY org.eclipse.cdt.core 4 0 2026-02-26 13:24:51.540
!MESSAGE Error

!ENTRY org.eclipse.cdt.core 4 0 2026-02-26 13:24:51.540
!MESSAGE Error

!ENTRY org.eclipse.cdt.core 4 0 2026-02-26 13:24:51.541
!MESSAGE Error

!ENTRY org.eclipse.cdt.core 4 0 2026-02-26 13:24:51.541
!MESSAGE Error

!ENTRY org.eclipse.cdt.core 4 0 2026-02-26 13:24:51.541
!MESSAGE Error

!ENTRY org.eclipse.cdt.core 4 0 2026-02-26 13:24:51.541
!MESSAGE Error

!ENTRY org.eclipse.cdt.core 4 0 2026-02-26 13:24:51.541
!MESSAGE Error

!ENTRY org.eclipse.cdt.core 4 0 2026-02-26 13:24:51.541
!MESSAGE Error

!ENTRY org.eclipse.cdt.core 4 0 2026-02-26 13:24:51.541
!MESSAGE Error

!ENTRY org.eclipse.cdt.core 4 0 2026-02-26 13:24:51.541
!MESSAGE Error

!ENTRY org.eclipse.cdt.core 4 0 2026-02-26 13:24:51.542
!MESSAGE Error

!ENTRY org.eclipse.cdt.core 4 0 2026-02-26 13:24:51.542
!MESSAGE Error

!ENTRY org.eclipse.cdt.core 4 0 2026-02-26 13:24:51.542
!MESSAGE Error

!ENTRY org.eclipse.cdt.core 4 0 2026-02-26 13:24:51.542
!MESSAGE Error

!ENTRY org.eclipse.cdt.core 4 0 2026-02-26 13:24:51.542
!MESSAGE Error

!ENTRY org.eclipse.cdt.core 4 0 2026-02-26 13:24:51.542
!MESSAGE Error

!ENTRY org.eclipse.cdt.core 4 0 2026-02-26 13:24:51.542
!MESSAGE Error

!ENTRY org.eclipse.cdt.core 4 0 2026-02-26 13:24:51.542
!MESSAGE Error

!ENTRY org.eclipse.cdt.core 4 0 2026-02-26 13:24:51.543
!MESSAGE Error

!ENTRY org.eclipse.cdt.core 4 0 2026-02-26 13:24:51.543
!MESSAGE Error

!ENTRY org.eclipse.cdt.core 4 0 2026-02-26 13:24:51.543
!MESSAGE Error

!ENTRY org.eclipse.cdt.core 4 0 2026-02-26 13:24:51.543
!MESSAGE Error

!ENTRY org.eclipse.cdt.core 4 0 2026-02-26 13:24:51.543
!MESSAGE Error

!ENTRY org.eclipse.cdt.core 4 0 2026-02-26 13:24:51.543
!MESSAGE Error

!ENTRY org.eclipse.cdt.core 4 0 2026-02-26 13:24:51.543
!MESSAGE Error

!ENTRY org.eclipse.cdt.core 4 0 2026-02-26 13:24:51.543
!MESSAGE Error

!ENTRY org.eclipse.cdt.core 4 0 2026-02-26 13:24:51.543
!MESSAGE Error

!ENTRY org.eclipse.cdt.core 4 0 2026-02-26 13:24:51.543
!MESSAGE Error

!ENTRY org.eclipse.cdt.core 4 0 2026-02-26 13:24:51.543
!MESSAGE Error

!ENTRY org.eclipse.cdt.core 4 0 2026-02-26 13:24:51.543
!MESSAGE Error

!ENTRY org.eclipse.cdt.core 4 0 2026-02-26 13:24:51.543
!MESSAGE Error

!ENTRY org.eclipse.cdt.core 4 0 2026-02-26 13:24:51.544
!MESSAGE Error

!ENTRY org.eclipse.cdt.core 4 0 2026-02-26 13:24:51.544
!MESSAGE Error

!ENTRY org.eclipse.cdt.core 4 0 2026-02-26 13:24:51.544
!MESSAGE Error

!ENTRY org.eclipse.cdt.core 4 0 2026-02-26 13:24:51.544
!MESSAGE Error

!ENTRY org.eclipse.cdt.core 4 0 2026-02-26 13:24:51.544
!MESSAGE Error

!ENTRY org.eclipse.cdt.core 4 0 2026-02-26 13:24:51.544
!MESSAGE Error

!ENTRY org.eclipse.cdt.core 4 0 2026-02-26 13:24:51.544
!MESSAGE Error

!ENTRY org.eclipse.cdt.core 4 0 2026-02-26 13:24:51.544
!MESSAGE Error

!ENTRY org.eclipse.cdt.core 4 0 2026-02-26 13:24:51.545
!MESSAGE Error

!ENTRY org.eclipse.cdt.core 4 0 2026-02-26 13:24:51.545
!MESSAGE Error

!ENTRY org.eclipse.cdt.core 4 0 2026-02-26 13:24:51.545
!MESSAGE Error

!ENTRY org.eclipse.cdt.core 4 0 2026-02-26 13:24:51.545
!MESSAGE Error

!ENTRY org.eclipse.cdt.core 4 0 2026-02-26 13:24:51.545
!MESSAGE Error

!ENTRY org.eclipse.cdt.core 4 0 2026-02-26 13:24:51.545
!MESSAGE Error

!ENTRY org.eclipse.cdt.core 4 0 2026-02-26 13:24:51.545
!MESSAGE Error

!ENTRY org.eclipse.cdt.core 4 0 2026-02-26 13:24:51.545
!MESSAGE Error

!ENTRY org.eclipse.cdt.core 4 0 2026-02-26 13:24:51.546
!MESSAGE Error

!ENTRY org.eclipse.cdt.core 4 0 2026-02-26 13:24:51.546
!MESSAGE Error

!ENTRY org.eclipse.cdt.core 4 0 2026-02-26 13:24:51.546
!MESSAGE Error

!ENTRY org.eclipse.cdt.core 4 0 2026-02-26 13:24:51.547
!MESSAGE Error

!ENTRY org.eclipse.cdt.core 4 0 2026-02-26 13:24:53.077
!MESSAGE Error

!ENTRY org.eclipse.cdt.core 4 0 2026-02-26 13:24:53.082
!MESSAGE Error

!ENTRY org.eclipse.cdt.core 4 0 2026-02-26 13:24:53.083
!MESSAGE Error

!ENTRY org.eclipse.cdt.core 4 0 2026-02-26 13:24:53.083
!MESSAGE Error

!ENTRY org.eclipse.cdt.core 4 0 2026-02-26 13:24:53.084
!MESSAGE Error

!ENTRY org.eclipse.cdt.core 4 0 2026-02-26 13:24:53.084
!MESSAGE Error

!ENTRY org.eclipse.cdt.core 4 0 2026-02-26 13:24:53.084
!MESSAGE Error

!ENTRY org.eclipse.cdt.core 4 0 2026-02-26 13:24:53.085
!MESSAGE Error

!ENTRY org.eclipse.cdt.core 4 0 2026-02-26 13:24:53.085
!MESSAGE Error

!ENTRY org.eclipse.cdt.core 4 0 2026-02-26 13:24:53.085
!MESSAGE Error

!ENTRY org.eclipse.cdt.core 4 0 2026-02-26 13:24:53.086
!MESSAGE Error

!ENTRY org.eclipse.cdt.core 4 0 2026-02-26 13:24:53.086
!MESSAGE Error

!ENTRY org.eclipse.cdt.core 4 0 2026-02-26 13:24:53.086
!MESSAGE Error

!ENTRY org.eclipse.cdt.core 4 0 2026-02-26 13:24:53.087
!MESSAGE Error

!ENTRY org.eclipse.cdt.core 4 0 2026-02-26 13:24:53.087
!MESSAGE Error

!ENTRY org.eclipse.cdt.core 4 0 2026-02-26 13:24:53.087
!MESSAGE Error

!ENTRY org.eclipse.cdt.core 4 0 2026-02-26 13:24:53.087
!MESSAGE Error

!ENTRY org.eclipse.cdt.core 4 0 2026-02-26 13:24:53.088
!MESSAGE Error

!ENTRY org.eclipse.cdt.core 4 0 2026-02-26 13:24:53.088
!MESSAGE Error

!ENTRY org.eclipse.cdt.core 4 0 2026-02-26 13:24:53.089
!MESSAGE Error

!ENTRY org.eclipse.cdt.core 4 0 2026-02-26 13:24:53.089
!MESSAGE Error

!ENTRY org.eclipse.cdt.core 4 0 2026-02-26 13:24:53.089
!MESSAGE Error

!ENTRY org.eclipse.cdt.core 4 0 2026-02-26 13:24:53.090
!MESSAGE Error

!ENTRY org.eclipse.cdt.core 4 0 2026-02-26 13:24:53.090
!MESSAGE Error

!ENTRY org.eclipse.cdt.core 4 0 2026-02-26 13:24:53.090
!MESSAGE Error

!ENTRY org.eclipse.cdt.core 4 0 2026-02-26 13:24:53.090
!MESSAGE Error

!ENTRY org.eclipse.cdt.core 4 0 2026-02-26 13:24:53.091
!MESSAGE Error

!ENTRY org.eclipse.cdt.core 4 0 2026-02-26 13:24:53.091
!MESSAGE Error

!ENTRY org.eclipse.cdt.core 4 0 2026-02-26 13:24:53.091
!MESSAGE Error

!ENTRY org.eclipse.cdt.core 4 0 2026-02-26 13:24:53.092
!MESSAGE Error

!ENTRY org.eclipse.cdt.core 4 0 2026-02-26 13:24:53.092
!MESSAGE Error

!ENTRY org.eclipse.cdt.core 4 0 2026-02-26 13:24:53.092
!MESSAGE Error

!ENTRY org.eclipse.cdt.core 4 0 2026-02-26 13:24:53.093
!MESSAGE Error

!ENTRY org.eclipse.cdt.core 4 0 2026-02-26 13:24:53.093
!MESSAGE Error

!ENTRY org.eclipse.cdt.core 4 0 2026-02-26 13:24:53.093
!MESSAGE Error

!ENTRY org.eclipse.cdt.core 4 0 2026-02-26 13:24:53.093
!MESSAGE Error

!ENTRY org.eclipse.cdt.core 4 0 2026-02-26 13:24:53.093
!MESSAGE Error

!ENTRY org.eclipse.cdt.core 4 0 2026-02-26 13:24:53.093
!MESSAGE Error

!ENTRY org.eclipse.cdt.core 4 0 2026-02-26 13:24:53.094
!MESSAGE Error

!ENTRY org.eclipse.cdt.core 4 0 2026-02-26 13:24:53.094
!MESSAGE Error

!ENTRY org.eclipse.cdt.core 4 0 2026-02-26 13:24:53.094
!MESSAGE Error

!ENTRY org.eclipse.cdt.core 4 0 2026-02-26 13:24:53.094
!MESSAGE Error

!ENTRY org.eclipse.cdt.core 4 0 2026-02-26 13:24:53.094
!MESSAGE Error

!ENTRY org.eclipse.cdt.core 4 0 2026-02-26 13:24:53.094
!MESSAGE Error

!ENTRY org.eclipse.cdt.core 4 0 2026-02-26 13:24:53.094
!MESSAGE Error

!ENTRY org.eclipse.cdt.core 4 0 2026-02-26 13:24:53.095
!MESSAGE Error

!ENTRY org.eclipse.cdt.core 4 0 2026-02-26 13:24:53.095
!MESSAGE Error

!ENTRY org.eclipse.cdt.core 4 0 2026-02-26 13:24:53.095
!MESSAGE Error

!ENTRY org.eclipse.cdt.core 4 0 2026-02-26 13:24:53.095
!MESSAGE Error

!ENTRY org.eclipse.cdt.core 4 0 2026-02-26 13:24:53.095
!MESSAGE Error

!ENTRY org.eclipse.cdt.core 4 0 2026-02-26 13:24:53.095
!MESSAGE Error

!ENTRY org.eclipse.cdt.core 4 0 2026-02-26 13:24:53.095
!MESSAGE Error

!ENTRY org.eclipse.cdt.core 4 0 2026-02-26 13:24:53.095
!MESSAGE Error

!ENTRY org.eclipse.cdt.core 4 0 2026-02-26 13:24:53.096
!MESSAGE Error

!ENTRY org.eclipse.cdt.core 4 0 2026-02-26 13:24:53.096
!MESSAGE Error

!ENTRY org.eclipse.cdt.core 4 0 2026-02-26 13:24:53.096
!MESSAGE Error

!ENTRY org.eclipse.cdt.core 4 0 2026-02-26 13:24:53.096
!MESSAGE Error

!ENTRY org.eclipse.cdt.core 4 0 2026-02-26 13:24:53.096
!MESSAGE Error

!ENTRY org.eclipse.cdt.core 4 0 2026-02-26 13:24:53.096
!MESSAGE Error

!ENTRY org.eclipse.cdt.core 4 0 2026-02-26 13:24:53.097
!MESSAGE Error

!ENTRY org.eclipse.cdt.core 4 0 2026-02-26 13:24:53.097
!MESSAGE Error

!ENTRY org.eclipse.cdt.core 4 0 2026-02-26 13:24:53.097
!MESSAGE Error

!ENTRY org.eclipse.cdt.core 4 0 2026-02-26 13:24:53.097
!MESSAGE Error

!ENTRY org.eclipse.cdt.core 4 0 2026-02-26 13:24:53.097
!MESSAGE Error

!ENTRY org.eclipse.cdt.core 4 0 2026-02-26 13:24:53.097
!MESSAGE Error

!ENTRY org.eclipse.cdt.core 4 0 2026-02-26 13:24:53.097
!MESSAGE Error

!ENTRY org.eclipse.cdt.core 4 0 2026-02-26 13:24:53.097
!MESSAGE Error

!ENTRY org.eclipse.cdt.core 4 0 2026-02-26 13:24:53.097
!MESSAGE Error

!ENTRY org.eclipse.cdt.core 4 0 2026-02-26 13:24:53.097
!MESSAGE Error

!ENTRY org.eclipse.cdt.core 4 0 2026-02-26 13:24:53.097
!MESSAGE Error

!ENTRY org.eclipse.cdt.core 4 0 2026-02-26 13:24:53.097
!MESSAGE Error

!ENTRY org.eclipse.cdt.core 4 0 2026-02-26 13:24:53.098
!MESSAGE Error

!ENTRY org.eclipse.cdt.core 4 0 2026-02-26 13:24:53.098
!MESSAGE Error

!ENTRY org.eclipse.cdt.core 4 0 2026-02-26 13:24:53.098
!MESSAGE Error

!ENTRY org.eclipse.cdt.core 4 0 2026-02-26 13:24:53.098
!MESSAGE Error

!ENTRY org.eclipse.cdt.core 4 0 2026-02-26 13:24:53.098
!MESSAGE Error

!ENTRY org.eclipse.cdt.core 4 0 2026-02-26 13:24:53.098
!MESSAGE Error

!ENTRY org.eclipse.cdt.core 4 0 2026-02-26 13:24:53.098
!MESSAGE Error

!ENTRY org.eclipse.cdt.core 4 0 2026-02-26 13:24:53.098
!MESSAGE Error

!ENTRY org.eclipse.cdt.core 4 0 2026-02-26 13:24:53.099
!MESSAGE Error

!ENTRY org.eclipse.cdt.core 4 0 2026-02-26 13:24:54.617
!MESSAGE Error

!ENTRY org.eclipse.cdt.core 4 0 2026-02-26 13:24:54.619
!MESSAGE Error

!ENTRY org.eclipse.cdt.core 4 0 2026-02-26 13:24:54.620
!MESSAGE Error

!ENTRY org.eclipse.cdt.core 4 0 2026-02-26 13:24:54.620
!MESSAGE Error

!ENTRY org.eclipse.cdt.core 4 0 2026-02-26 13:24:54.621
!MESSAGE Error

!ENTRY org.eclipse.cdt.core 4 0 2026-02-26 13:24:54.621
!MESSAGE Error

!ENTRY org.eclipse.cdt.core 4 0 2026-02-26 13:24:54.621
!MESSAGE Error

!ENTRY org.eclipse.cdt.core 4 0 2026-02-26 13:24:54.621
!MESSAGE Error

!ENTRY org.eclipse.cdt.core 4 0 2026-02-26 13:24:54.621
!MESSAGE Error

!ENTRY org.eclipse.cdt.core 4 0 2026-02-26 13:24:54.621
!MESSAGE Error

!ENTRY org.eclipse.cdt.core 4 0 2026-02-26 13:24:54.621
!MESSAGE Error

!ENTRY org.eclipse.cdt.core 4 0 2026-02-26 13:24:54.621
!MESSAGE Error

!ENTRY org.eclipse.cdt.core 4 0 2026-02-26 13:24:54.621
!MESSAGE Error

!ENTRY org.eclipse.cdt.core 4 0 2026-02-26 13:24:54.621
!MESSAGE Error

!ENTRY org.eclipse.cdt.core 4 0 2026-02-26 13:24:54.621
!MESSAGE Error

!ENTRY org.eclipse.cdt.core 4 0 2026-02-26 13:24:54.622
!MESSAGE Error

!ENTRY org.eclipse.cdt.core 4 0 2026-02-26 13:24:54.622
!MESSAGE Error

!ENTRY org.eclipse.cdt.core 4 0 2026-02-26 13:24:54.622
!MESSAGE Error

!ENTRY org.eclipse.cdt.core 4 0 2026-02-26 13:24:54.622
!MESSAGE Error

!ENTRY org.eclipse.cdt.core 4 0 2026-02-26 13:24:54.622
!MESSAGE Error

!ENTRY org.eclipse.cdt.core 4 0 2026-02-26 13:24:54.622
!MESSAGE Error

!ENTRY org.eclipse.cdt.core 4 0 2026-02-26 13:24:54.622
!MESSAGE Error

!ENTRY org.eclipse.cdt.core 4 0 2026-02-26 13:24:54.622
!MESSAGE Error

!ENTRY org.eclipse.cdt.core 4 0 2026-02-26 13:24:54.622
!MESSAGE Error

!ENTRY org.eclipse.cdt.core 4 0 2026-02-26 13:24:54.623
!MESSAGE Error

!ENTRY org.eclipse.cdt.core 4 0 2026-02-26 13:24:54.623
!MESSAGE Error

!ENTRY org.eclipse.cdt.core 4 0 2026-02-26 13:24:54.623
!MESSAGE Error

!ENTRY org.eclipse.cdt.core 4 0 2026-02-26 13:24:54.623
!MESSAGE Error

!ENTRY org.eclipse.cdt.core 4 0 2026-02-26 13:24:54.623
!MESSAGE Error

!ENTRY org.eclipse.cdt.core 4 0 2026-02-26 13:24:54.623
!MESSAGE Error

!ENTRY org.eclipse.cdt.core 4 0 2026-02-26 13:24:54.623
!MESSAGE Error

!ENTRY org.eclipse.cdt.core 4 0 2026-02-26 13:24:54.623
!MESSAGE Error

!ENTRY org.eclipse.cdt.core 4 0 2026-02-26 13:24:54.624
!MESSAGE Error

!ENTRY org.eclipse.cdt.core 4 0 2026-02-26 13:24:54.624
!MESSAGE Error

!ENTRY org.eclipse.cdt.core 4 0 2026-02-26 13:24:54.624
!MESSAGE Error

!ENTRY org.eclipse.cdt.core 4 0 2026-02-26 13:24:54.624
!MESSAGE Error

!ENTRY org.eclipse.cdt.core 4 0 2026-02-26 13:24:54.624
!MESSAGE Error

!ENTRY org.eclipse.cdt.core 4 0 2026-02-26 13:24:54.624
!MESSAGE Error

!ENTRY org.eclipse.cdt.core 4 0 2026-02-26 13:24:54.624
!MESSAGE Error

!ENTRY org.eclipse.cdt.core 4 0 2026-02-26 13:24:54.624
!MESSAGE Error

!ENTRY org.eclipse.cdt.core 4 0 2026-02-26 13:24:54.624
!MESSAGE Error

!ENTRY org.eclipse.cdt.core 4 0 2026-02-26 13:24:54.625
!MESSAGE Error

!ENTRY org.eclipse.cdt.core 4 0 2026-02-26 13:24:54.625
!MESSAGE Error

!ENTRY org.eclipse.cdt.core 4 0 2026-02-26 13:24:54.625
!MESSAGE Error

!ENTRY org.eclipse.cdt.core 4 0 2026-02-26 13:24:54.625
!MESSAGE Error

!ENTRY org.eclipse.cdt.core 4 0 2026-02-26 13:24:54.625
!MESSAGE Error

!ENTRY org.eclipse.cdt.core 4 0 2026-02-26 13:24:54.625
!MESSAGE Error

!ENTRY org.eclipse.cdt.core 4 0 2026-02-26 13:24:54.625
!MESSAGE Error

!ENTRY org.eclipse.cdt.core 4 0 2026-02-26 13:24:54.625
!MESSAGE Error

!ENTRY org.eclipse.cdt.core 4 0 2026-02-26 13:24:54.625
!MESSAGE Error

!ENTRY org.eclipse.cdt.core 4 0 2026-02-26 13:24:54.625
!MESSAGE Error

!ENTRY org.eclipse.cdt.core 4 0 2026-02-26 13:24:54.625
!MESSAGE Error

!ENTRY org.eclipse.cdt.core 4 0 2026-02-26 13:24:54.626
!MESSAGE Error

!ENTRY org.eclipse.cdt.core 4 0 2026-02-26 13:24:54.626
!MESSAGE Error

!ENTRY org.eclipse.cdt.core 4 0 2026-02-26 13:24:54.626
!MESSAGE Error

!ENTRY org.eclipse.cdt.core 4 0 2026-02-26 13:24:54.627
!MESSAGE Error

!ENTRY org.eclipse.cdt.core 4 0 2026-02-26 13:24:54.627
!MESSAGE Error

!ENTRY org.eclipse.cdt.core 4 0 2026-02-26 13:24:54.627
!MESSAGE Error

!ENTRY org.eclipse.cdt.core 4 0 2026-02-26 13:24:54.627
!MESSAGE Error

!ENTRY org.eclipse.cdt.core 4 0 2026-02-26 13:24:54.628
!MESSAGE Error

!ENTRY org.eclipse.cdt.core 4 0 2026-02-26 13:24:54.629
!MESSAGE Error

!ENTRY org.eclipse.cdt.core 4 0 2026-02-26 13:24:54.629
!MESSAGE Error

!ENTRY org.eclipse.cdt.core 4 0 2026-02-26 13:24:54.629
!MESSAGE Error

!ENTRY org.eclipse.cdt.core 4 0 2026-02-26 13:24:54.630
!MESSAGE Error

!ENTRY org.eclipse.cdt.core 4 0 2026-02-26 13:24:54.630
!MESSAGE Error

!ENTRY org.eclipse.cdt.core 4 0 2026-02-26 13:24:54.630
!MESSAGE Error

!ENTRY org.eclipse.cdt.core 4 0 2026-02-26 13:24:54.630
!MESSAGE Error

!ENTRY org.eclipse.cdt.core 4 0 2026-02-26 13:24:54.631
!MESSAGE Error

!ENTRY org.eclipse.cdt.core 4 0 2026-02-26 13:24:54.631
!MESSAGE Error

!ENTRY org.eclipse.cdt.core 4 0 2026-02-26 13:24:54.631
!MESSAGE Error

!ENTRY org.eclipse.cdt.core 4 0 2026-02-26 13:24:54.632
!MESSAGE Error

!ENTRY org.eclipse.cdt.core 4 0 2026-02-26 13:24:54.632
!MESSAGE Error

!ENTRY org.eclipse.cdt.core 4 0 2026-02-26 13:24:54.632
!MESSAGE Error

!ENTRY org.eclipse.cdt.core 4 0 2026-02-26 13:24:54.632
!MESSAGE Error

!ENTRY org.eclipse.cdt.core 4 0 2026-02-26 13:24:54.632
!MESSAGE Error

!ENTRY org.eclipse.cdt.core 4 0 2026-02-26 13:24:54.633
!MESSAGE Error

!ENTRY org.eclipse.cdt.core 4 0 2026-02-26 13:24:54.633
!MESSAGE Error

!ENTRY org.eclipse.cdt.core 4 0 2026-02-26 13:24:54.633
!MESSAGE Error

!ENTRY org.eclipse.cdt.core 4 0 2026-02-26 13:24:54.634
!MESSAGE Error

!ENTRY org.eclipse.cdt.core 4 0 2026-02-26 13:24:54.634
!MESSAGE Error

!ENTRY org.eclipse.cdt.core 4 0 2026-02-26 13:24:55.655
!MESSAGE Error

!ENTRY org.eclipse.cdt.core 4 0 2026-02-26 13:24:55.661
!MESSAGE Error

!ENTRY org.eclipse.cdt.core 4 0 2026-02-26 13:24:55.662
!MESSAGE Error

!ENTRY org.eclipse.cdt.core 4 0 2026-02-26 13:24:55.663
!MESSAGE Error

!ENTRY org.eclipse.cdt.core 4 0 2026-02-26 13:24:55.663
!MESSAGE Error

!ENTRY org.eclipse.cdt.core 4 0 2026-02-26 13:24:55.664
!MESSAGE Error

!ENTRY org.eclipse.cdt.core 4 0 2026-02-26 13:24:55.664
!MESSAGE Error

!ENTRY org.eclipse.cdt.core 4 0 2026-02-26 13:24:55.664
!MESSAGE Error

!ENTRY org.eclipse.cdt.core 4 0 2026-02-26 13:24:55.664
!MESSAGE Error

!ENTRY org.eclipse.cdt.core 4 0 2026-02-26 13:24:55.665
!MESSAGE Error

!ENTRY org.eclipse.cdt.core 4 0 2026-02-26 13:24:55.665
!MESSAGE Error

!ENTRY org.eclipse.cdt.core 4 0 2026-02-26 13:24:55.666
!MESSAGE Error

!ENTRY org.eclipse.cdt.core 4 0 2026-02-26 13:24:55.666
!MESSAGE Error

!ENTRY org.eclipse.cdt.core 4 0 2026-02-26 13:24:55.666
!MESSAGE Error

!ENTRY org.eclipse.cdt.core 4 0 2026-02-26 13:24:55.667
!MESSAGE Error

!ENTRY org.eclipse.cdt.core 4 0 2026-02-26 13:24:55.667
!MESSAGE Error

!ENTRY org.eclipse.cdt.core 4 0 2026-02-26 13:24:55.667
!MESSAGE Error

!ENTRY org.eclipse.cdt.core 4 0 2026-02-26 13:24:55.668
!MESSAGE Error

!ENTRY org.eclipse.cdt.core 4 0 2026-02-26 13:24:55.668
!MESSAGE Error

!ENTRY org.eclipse.cdt.core 4 0 2026-02-26 13:24:55.668
!MESSAGE Error

!ENTRY org.eclipse.cdt.core 4 0 2026-02-26 13:24:55.669
!MESSAGE Error

!ENTRY org.eclipse.cdt.core 4 0 2026-02-26 13:24:55.669
!MESSAGE Error

!ENTRY org.eclipse.cdt.core 4 0 2026-02-26 13:24:55.669
!MESSAGE Error

!ENTRY org.eclipse.cdt.core 4 0 2026-02-26 13:24:55.669
!MESSAGE Error

!ENTRY org.eclipse.cdt.core 4 0 2026-02-26 13:24:55.670
!MESSAGE Error

!ENTRY org.eclipse.cdt.core 4 0 2026-02-26 13:24:55.670
!MESSAGE Error

!ENTRY org.eclipse.cdt.core 4 0 2026-02-26 13:24:55.670
!MESSAGE Error

!ENTRY org.eclipse.cdt.core 4 0 2026-02-26 13:24:55.671
!MESSAGE Error

!ENTRY org.eclipse.cdt.core 4 0 2026-02-26 13:24:55.671
!MESSAGE Error

!ENTRY org.eclipse.cdt.core 4 0 2026-02-26 13:24:55.671
!MESSAGE Error

!ENTRY org.eclipse.cdt.core 4 0 2026-02-26 13:24:55.671
!MESSAGE Error

!ENTRY org.eclipse.cdt.core 4 0 2026-02-26 13:24:55.671
!MESSAGE Error

!ENTRY org.eclipse.cdt.core 4 0 2026-02-26 13:24:55.671
!MESSAGE Error

!ENTRY org.eclipse.cdt.core 4 0 2026-02-26 13:24:55.672
!MESSAGE Error

!ENTRY org.eclipse.cdt.core 4 0 2026-02-26 13:24:55.672
!MESSAGE Error

!ENTRY org.eclipse.cdt.core 4 0 2026-02-26 13:24:55.672
!MESSAGE Error

!ENTRY org.eclipse.cdt.core 4 0 2026-02-26 13:24:55.672
!MESSAGE Error

!ENTRY org.eclipse.cdt.core 4 0 2026-02-26 13:24:55.672
!MESSAGE Error

!ENTRY org.eclipse.cdt.core 4 0 2026-02-26 13:24:55.672
!MESSAGE Error

!ENTRY org.eclipse.cdt.core 4 0 2026-02-26 13:24:55.672
!MESSAGE Error

!ENTRY org.eclipse.cdt.core 4 0 2026-02-26 13:24:55.672
!MESSAGE Error

!ENTRY org.eclipse.cdt.core 4 0 2026-02-26 13:24:55.672
!MESSAGE Error

!ENTRY org.eclipse.cdt.core 4 0 2026-02-26 13:24:55.672
!MESSAGE Error

!ENTRY org.eclipse.cdt.core 4 0 2026-02-26 13:24:55.672
!MESSAGE Error

!ENTRY org.eclipse.cdt.core 4 0 2026-02-26 13:24:55.672
!MESSAGE Error

!ENTRY org.eclipse.cdt.core 4 0 2026-02-26 13:24:55.673
!MESSAGE Error

!ENTRY org.eclipse.cdt.core 4 0 2026-02-26 13:24:55.673
!MESSAGE Error

!ENTRY org.eclipse.cdt.core 4 0 2026-02-26 13:24:55.673
!MESSAGE Error

!ENTRY org.eclipse.cdt.core 4 0 2026-02-26 13:24:55.673
!MESSAGE Error

!ENTRY org.eclipse.cdt.core 4 0 2026-02-26 13:24:55.673
!MESSAGE Error

!ENTRY org.eclipse.cdt.core 4 0 2026-02-26 13:24:55.673
!MESSAGE Error

!ENTRY org.eclipse.cdt.core 4 0 2026-02-26 13:24:55.673
!MESSAGE Error

!ENTRY org.eclipse.cdt.core 4 0 2026-02-26 13:24:55.673
!MESSAGE Error

!ENTRY org.eclipse.cdt.core 4 0 2026-02-26 13:24:55.674
!MESSAGE Error

!ENTRY org.eclipse.cdt.core 4 0 2026-02-26 13:24:55.674
!MESSAGE Error

!ENTRY org.eclipse.cdt.core 4 0 2026-02-26 13:24:55.674
!MESSAGE Error

!ENTRY org.eclipse.cdt.core 4 0 2026-02-26 13:24:55.674
!MESSAGE Error

!ENTRY org.eclipse.cdt.core 4 0 2026-02-26 13:24:55.674
!MESSAGE Error

!ENTRY org.eclipse.cdt.core 4 0 2026-02-26 13:24:55.674
!MESSAGE Error

!ENTRY org.eclipse.cdt.core 4 0 2026-02-26 13:24:55.674
!MESSAGE Error

!ENTRY org.eclipse.cdt.core 4 0 2026-02-26 13:24:55.674
!MESSAGE Error

!ENTRY org.eclipse.cdt.core 4 0 2026-02-26 13:24:55.674
!MESSAGE Error

!ENTRY org.eclipse.cdt.core 4 0 2026-02-26 13:24:55.675
!MESSAGE Error

!ENTRY org.eclipse.cdt.core 4 0 2026-02-26 13:24:55.675
!MESSAGE Error

!ENTRY org.eclipse.cdt.core 4 0 2026-02-26 13:24:55.675
!MESSAGE Error

!ENTRY org.eclipse.cdt.core 4 0 2026-02-26 13:24:55.675
!MESSAGE Error

!ENTRY org.eclipse.cdt.core 4 0 2026-02-26 13:24:55.676
!MESSAGE Error

!ENTRY org.eclipse.cdt.core 4 0 2026-02-26 13:24:55.676
!MESSAGE Error

!ENTRY org.eclipse.cdt.core 4 0 2026-02-26 13:24:55.676
!MESSAGE Error

!ENTRY org.eclipse.cdt.core 4 0 2026-02-26 13:24:55.676
!MESSAGE Error

!ENTRY org.eclipse.cdt.core 4 0 2026-02-26 13:24:55.676
!MESSAGE Error

!ENTRY org.eclipse.cdt.core 4 0 2026-02-26 13:24:55.676
!MESSAGE Error

!ENTRY org.eclipse.cdt.core 4 0 2026-02-26 13:24:55.676
!MESSAGE Error

!ENTRY org.eclipse.cdt.core 4 0 2026-02-26 13:24:55.676
!MESSAGE Error

!ENTRY org.eclipse.cdt.core 4 0 2026-02-26 13:24:55.677
!MESSAGE Error

!ENTRY org.eclipse.cdt.core 4 0 2026-02-26 13:24:55.677
!MESSAGE Error

!ENTRY org.eclipse.cdt.core 4 0 2026-02-26 13:24:55.677
!MESSAGE Error

!ENTRY org.eclipse.cdt.core 4 0 2026-02-26 13:24:55.677
!MESSAGE Error

!ENTRY org.eclipse.cdt.core 4 0 2026-02-26 13:24:55.677
!MESSAGE Error

!ENTRY org.eclipse.cdt.core 4 0 2026-02-26 13:24:55.677
!MESSAGE Error

!ENTRY org.eclipse.cdt.core 4 0 2026-02-26 13:24:56.696
!MESSAGE Error

!ENTRY org.eclipse.cdt.core 4 0 2026-02-26 13:24:56.701
!MESSAGE Error

!ENTRY org.eclipse.cdt.core 4 0 2026-02-26 13:24:56.702
!MESSAGE Error

!ENTRY org.eclipse.cdt.core 4 0 2026-02-26 13:24:56.702
!MESSAGE Error

!ENTRY org.eclipse.cdt.core 4 0 2026-02-26 13:24:56.703
!MESSAGE Error

!ENTRY org.eclipse.cdt.core 4 0 2026-02-26 13:24:56.703
!MESSAGE Error

!ENTRY org.eclipse.cdt.core 4 0 2026-02-26 13:24:56.703
!MESSAGE Error

!ENTRY org.eclipse.cdt.core 4 0 2026-02-26 13:24:56.704
!MESSAGE Error

!ENTRY org.eclipse.cdt.core 4 0 2026-02-26 13:24:56.704
!MESSAGE Error

!ENTRY org.eclipse.cdt.core 4 0 2026-02-26 13:24:56.704
!MESSAGE Error

!ENTRY org.eclipse.cdt.core 4 0 2026-02-26 13:24:56.705
!MESSAGE Error

!ENTRY org.eclipse.cdt.core 4 0 2026-02-26 13:24:56.705
!MESSAGE Error

!ENTRY org.eclipse.cdt.core 4 0 2026-02-26 13:24:56.706
!MESSAGE Error

!ENTRY org.eclipse.cdt.core 4 0 2026-02-26 13:24:56.706
!MESSAGE Error

!ENTRY org.eclipse.cdt.core 4 0 2026-02-26 13:24:56.706
!MESSAGE Error

!ENTRY org.eclipse.cdt.core 4 0 2026-02-26 13:24:56.707
!MESSAGE Error

!ENTRY org.eclipse.cdt.core 4 0 2026-02-26 13:24:56.707
!MESSAGE Error

!ENTRY org.eclipse.cdt.core 4 0 2026-02-26 13:24:56.707
!MESSAGE Error

!ENTRY org.eclipse.cdt.core 4 0 2026-02-26 13:24:56.707
!MESSAGE Error

!ENTRY org.eclipse.cdt.core 4 0 2026-02-26 13:24:56.708
!MESSAGE Error

!ENTRY org.eclipse.cdt.core 4 0 2026-02-26 13:24:56.708
!MESSAGE Error

!ENTRY org.eclipse.cdt.core 4 0 2026-02-26 13:24:56.708
!MESSAGE Error

!ENTRY org.eclipse.cdt.core 4 0 2026-02-26 13:24:56.709
!MESSAGE Error

!ENTRY org.eclipse.cdt.core 4 0 2026-02-26 13:24:56.709
!MESSAGE Error

!ENTRY org.eclipse.cdt.core 4 0 2026-02-26 13:24:56.709
!MESSAGE Error

!ENTRY org.eclipse.cdt.core 4 0 2026-02-26 13:24:56.709
!MESSAGE Error

!ENTRY org.eclipse.cdt.core 4 0 2026-02-26 13:24:56.709
!MESSAGE Error

!ENTRY org.eclipse.cdt.core 4 0 2026-02-26 13:24:56.709
!MESSAGE Error

!ENTRY org.eclipse.cdt.core 4 0 2026-02-26 13:24:56.710
!MESSAGE Error

!ENTRY org.eclipse.cdt.core 4 0 2026-02-26 13:24:56.710
!MESSAGE Error

!ENTRY org.eclipse.cdt.core 4 0 2026-02-26 13:24:56.710
!MESSAGE Error

!ENTRY org.eclipse.cdt.core 4 0 2026-02-26 13:24:56.711
!MESSAGE Error

!ENTRY org.eclipse.cdt.core 4 0 2026-02-26 13:24:56.711
!MESSAGE Error

!ENTRY org.eclipse.cdt.core 4 0 2026-02-26 13:24:56.711
!MESSAGE Error

!ENTRY org.eclipse.cdt.core 4 0 2026-02-26 13:24:56.712
!MESSAGE Error

!ENTRY org.eclipse.cdt.core 4 0 2026-02-26 13:24:56.712
!MESSAGE Error

!ENTRY org.eclipse.cdt.core 4 0 2026-02-26 13:24:56.712
!MESSAGE Error

!ENTRY org.eclipse.cdt.core 4 0 2026-02-26 13:24:56.713
!MESSAGE Error

!ENTRY org.eclipse.cdt.core 4 0 2026-02-26 13:24:56.713
!MESSAGE Error

!ENTRY org.eclipse.cdt.core 4 0 2026-02-26 13:24:56.713
!MESSAGE Error

!ENTRY org.eclipse.cdt.core 4 0 2026-02-26 13:24:56.713
!MESSAGE Error

!ENTRY org.eclipse.cdt.core 4 0 2026-02-26 13:24:56.714
!MESSAGE Error

!ENTRY org.eclipse.cdt.core 4 0 2026-02-26 13:24:56.714
!MESSAGE Error

!ENTRY org.eclipse.cdt.core 4 0 2026-02-26 13:24:56.714
!MESSAGE Error

!ENTRY org.eclipse.cdt.core 4 0 2026-02-26 13:24:56.714
!MESSAGE Error

!ENTRY org.eclipse.cdt.core 4 0 2026-02-26 13:24:56.715
!MESSAGE Error

!ENTRY org.eclipse.cdt.core 4 0 2026-02-26 13:24:56.715
!MESSAGE Error

!ENTRY org.eclipse.cdt.core 4 0 2026-02-26 13:24:56.716
!MESSAGE Error

!ENTRY org.eclipse.cdt.core 4 0 2026-02-26 13:24:56.716
!MESSAGE Error

!ENTRY org.eclipse.cdt.core 4 0 2026-02-26 13:24:56.716
!MESSAGE Error

!ENTRY org.eclipse.cdt.core 4 0 2026-02-26 13:24:56.716
!MESSAGE Error

!ENTRY org.eclipse.cdt.core 4 0 2026-02-26 13:24:56.717
!MESSAGE Error

!ENTRY org.eclipse.cdt.core 4 0 2026-02-26 13:24:56.717
!MESSAGE Error

!ENTRY org.eclipse.cdt.core 4 0 2026-02-26 13:24:56.717
!MESSAGE Error

!ENTRY org.eclipse.cdt.core 4 0 2026-02-26 13:24:56.718
!MESSAGE Error

!ENTRY org.eclipse.cdt.core 4 0 2026-02-26 13:24:56.718
!MESSAGE Error

!ENTRY org.eclipse.cdt.core 4 0 2026-02-26 13:24:56.718
!MESSAGE Error

!ENTRY org.eclipse.cdt.core 4 0 2026-02-26 13:24:56.719
!MESSAGE Error

!ENTRY org.eclipse.cdt.core 4 0 2026-02-26 13:24:56.719
!MESSAGE Error

!ENTRY org.eclipse.cdt.core 4 0 2026-02-26 13:24:56.719
!MESSAGE Error

!ENTRY org.eclipse.cdt.core 4 0 2026-02-26 13:24:56.720
!MESSAGE Error

!ENTRY org.eclipse.cdt.core 4 0 2026-02-26 13:24:56.720
!MESSAGE Error

!ENTRY org.eclipse.cdt.core 4 0 2026-02-26 13:24:56.720
!MESSAGE Error

!ENTRY org.eclipse.cdt.core 4 0 2026-02-26 13:24:56.720
!MESSAGE Error

!ENTRY org.eclipse.cdt.core 4 0 2026-02-26 13:24:56.721
!MESSAGE Error

!ENTRY org.eclipse.cdt.core 4 0 2026-02-26 13:24:56.721
!MESSAGE Error

!ENTRY org.eclipse.cdt.core 4 0 2026-02-26 13:24:56.721
!MESSAGE Error

!ENTRY org.eclipse.cdt.core 4 0 2026-02-26 13:24:56.721
!MESSAGE Error

!ENTRY org.eclipse.cdt.core 4 0 2026-02-26 13:24:56.721
!MESSAGE Error

!ENTRY org.eclipse.cdt.core 4 0 2026-02-26 13:24:56.721
!MESSAGE Error

!ENTRY org.eclipse.cdt.core 4 0 2026-02-26 13:24:56.722
!MESSAGE Error

!ENTRY org.eclipse.cdt.core 4 0 2026-02-26 13:24:56.722
!MESSAGE Error

!ENTRY org.eclipse.cdt.core 4 0 2026-02-26 13:24:56.722
!MESSAGE Error

!ENTRY org.eclipse.cdt.core 4 0 2026-02-26 13:24:56.722
!MESSAGE Error

!ENTRY org.eclipse.cdt.core 4 0 2026-02-26 13:24:56.722
!MESSAGE Error

!ENTRY org.eclipse.cdt.core 4 0 2026-02-26 13:24:56.722
!MESSAGE Error

!ENTRY org.eclipse.cdt.core 4 0 2026-02-26 13:24:56.722
!MESSAGE Error

!ENTRY org.eclipse.cdt.core 4 0 2026-02-26 13:24:56.722
!MESSAGE Error

!ENTRY org.eclipse.cdt.core 4 0 2026-02-26 13:24:56.723
!MESSAGE Error

!ENTRY org.eclipse.cdt.core 4 0 2026-02-26 13:24:56.723
!MESSAGE Error

!ENTRY org.eclipse.cdt.core 4 0 2026-02-26 13:24:57.047
!MESSAGE Error

!ENTRY org.eclipse.cdt.core 4 0 2026-02-26 13:24:57.048
!MESSAGE Error

!ENTRY org.eclipse.cdt.core 4 0 2026-02-26 13:24:57.727
!MESSAGE Error

!ENTRY org.eclipse.cdt.core 4 0 2026-02-26 13:24:57.732
!MESSAGE Error

!ENTRY org.eclipse.cdt.core 4 0 2026-02-26 13:24:57.733
!MESSAGE Error

!ENTRY org.eclipse.cdt.core 4 0 2026-02-26 13:24:57.734
!MESSAGE Error

!ENTRY org.eclipse.cdt.core 4 0 2026-02-26 13:24:57.734
!MESSAGE Error

!ENTRY org.eclipse.cdt.core 4 0 2026-02-26 13:24:57.734
!MESSAGE Error

!ENTRY org.eclipse.cdt.core 4 0 2026-02-26 13:24:57.735
!MESSAGE Error

!ENTRY org.eclipse.cdt.core 4 0 2026-02-26 13:24:57.735
!MESSAGE Error

!ENTRY org.eclipse.cdt.core 4 0 2026-02-26 13:24:57.735
!MESSAGE Error

!ENTRY org.eclipse.cdt.core 4 0 2026-02-26 13:24:57.736
!MESSAGE Error

!ENTRY org.eclipse.cdt.core 4 0 2026-02-26 13:24:57.736
!MESSAGE Error

!ENTRY org.eclipse.cdt.core 4 0 2026-02-26 13:24:57.736
!MESSAGE Error

!ENTRY org.eclipse.cdt.core 4 0 2026-02-26 13:24:57.736
!MESSAGE Error

!ENTRY org.eclipse.cdt.core 4 0 2026-02-26 13:24:57.737
!MESSAGE Error

!ENTRY org.eclipse.cdt.core 4 0 2026-02-26 13:24:57.737
!MESSAGE Error

!ENTRY org.eclipse.cdt.core 4 0 2026-02-26 13:24:57.737
!MESSAGE Error

!ENTRY org.eclipse.cdt.core 4 0 2026-02-26 13:24:57.738
!MESSAGE Error

!ENTRY org.eclipse.cdt.core 4 0 2026-02-26 13:24:57.738
!MESSAGE Error

!ENTRY org.eclipse.cdt.core 4 0 2026-02-26 13:24:57.738
!MESSAGE Error

!ENTRY org.eclipse.cdt.core 4 0 2026-02-26 13:24:57.739
!MESSAGE Error

!ENTRY org.eclipse.cdt.core 4 0 2026-02-26 13:24:57.739
!MESSAGE Error

!ENTRY org.eclipse.cdt.core 4 0 2026-02-26 13:24:57.739
!MESSAGE Error

!ENTRY org.eclipse.cdt.core 4 0 2026-02-26 13:24:57.740
!MESSAGE Error

!ENTRY org.eclipse.cdt.core 4 0 2026-02-26 13:24:57.740
!MESSAGE Error

!ENTRY org.eclipse.cdt.core 4 0 2026-02-26 13:24:57.740
!MESSAGE Error

!ENTRY org.eclipse.cdt.core 4 0 2026-02-26 13:24:57.740
!MESSAGE Error

!ENTRY org.eclipse.cdt.core 4 0 2026-02-26 13:24:57.741
!MESSAGE Error

!ENTRY org.eclipse.cdt.core 4 0 2026-02-26 13:24:57.741
!MESSAGE Error

!ENTRY org.eclipse.cdt.core 4 0 2026-02-26 13:24:57.741
!MESSAGE Error

!ENTRY org.eclipse.cdt.core 4 0 2026-02-26 13:24:57.741
!MESSAGE Error

!ENTRY org.eclipse.cdt.core 4 0 2026-02-26 13:24:57.741
!MESSAGE Error

!ENTRY org.eclipse.cdt.core 4 0 2026-02-26 13:24:57.741
!MESSAGE Error

!ENTRY org.eclipse.cdt.core 4 0 2026-02-26 13:24:57.742
!MESSAGE Error

!ENTRY org.eclipse.cdt.core 4 0 2026-02-26 13:24:57.742
!MESSAGE Error

!ENTRY org.eclipse.cdt.core 4 0 2026-02-26 13:24:57.742
!MESSAGE Error

!ENTRY org.eclipse.cdt.core 4 0 2026-02-26 13:24:57.742
!MESSAGE Error

!ENTRY org.eclipse.cdt.core 4 0 2026-02-26 13:24:57.742
!MESSAGE Error

!ENTRY org.eclipse.cdt.core 4 0 2026-02-26 13:24:57.743
!MESSAGE Error

!ENTRY org.eclipse.cdt.core 4 0 2026-02-26 13:24:57.743
!MESSAGE Error

!ENTRY org.eclipse.cdt.core 4 0 2026-02-26 13:24:57.743
!MESSAGE Error

!ENTRY org.eclipse.cdt.core 4 0 2026-02-26 13:24:57.743
!MESSAGE Error

!ENTRY org.eclipse.cdt.core 4 0 2026-02-26 13:24:57.743
!MESSAGE Error

!ENTRY org.eclipse.cdt.core 4 0 2026-02-26 13:24:57.743
!MESSAGE Error

!ENTRY org.eclipse.cdt.core 4 0 2026-02-26 13:24:57.743
!MESSAGE Error

!ENTRY org.eclipse.cdt.core 4 0 2026-02-26 13:24:57.743
!MESSAGE Error

!ENTRY org.eclipse.cdt.core 4 0 2026-02-26 13:24:57.743
!MESSAGE Error

!ENTRY org.eclipse.cdt.core 4 0 2026-02-26 13:24:57.743
!MESSAGE Error

!ENTRY org.eclipse.cdt.core 4 0 2026-02-26 13:24:57.743
!MESSAGE Error

!ENTRY org.eclipse.cdt.core 4 0 2026-02-26 13:24:57.743
!MESSAGE Error

!ENTRY org.eclipse.cdt.core 4 0 2026-02-26 13:24:57.743
!MESSAGE Error

!ENTRY org.eclipse.cdt.core 4 0 2026-02-26 13:24:57.744
!MESSAGE Error

!ENTRY org.eclipse.cdt.core 4 0 2026-02-26 13:24:57.744
!MESSAGE Error

!ENTRY org.eclipse.cdt.core 4 0 2026-02-26 13:24:57.744
!MESSAGE Error

!ENTRY org.eclipse.cdt.core 4 0 2026-02-26 13:24:57.744
!MESSAGE Error

!ENTRY org.eclipse.cdt.core 4 0 2026-02-26 13:24:57.744
!MESSAGE Error

!ENTRY org.eclipse.cdt.core 4 0 2026-02-26 13:24:57.744
!MESSAGE Error

!ENTRY org.eclipse.cdt.core 4 0 2026-02-26 13:24:57.744
!MESSAGE Error

!ENTRY org.eclipse.cdt.core 4 0 2026-02-26 13:24:57.744
!MESSAGE Error

!ENTRY org.eclipse.cdt.core 4 0 2026-02-26 13:24:57.744
!MESSAGE Error

!ENTRY org.eclipse.cdt.core 4 0 2026-02-26 13:24:57.745
!MESSAGE Error

!ENTRY org.eclipse.cdt.core 4 0 2026-02-26 13:24:57.745
!MESSAGE Error

!ENTRY org.eclipse.cdt.core 4 0 2026-02-26 13:24:57.745
!MESSAGE Error

!ENTRY org.eclipse.cdt.core 4 0 2026-02-26 13:24:57.745
!MESSAGE Error

!ENTRY org.eclipse.cdt.core 4 0 2026-02-26 13:24:57.746
!MESSAGE Error

!ENTRY org.eclipse.cdt.core 4 0 2026-02-26 13:24:57.746
!MESSAGE Error

!ENTRY org.eclipse.cdt.core 4 0 2026-02-26 13:24:57.746
!MESSAGE Error

!ENTRY org.eclipse.cdt.core 4 0 2026-02-26 13:24:57.746
!MESSAGE Error

!ENTRY org.eclipse.cdt.core 4 0 2026-02-26 13:24:57.746
!MESSAGE Error

!ENTRY org.eclipse.cdt.core 4 0 2026-02-26 13:24:57.746
!MESSAGE Error

!ENTRY org.eclipse.cdt.core 4 0 2026-02-26 13:24:57.746
!MESSAGE Error

!ENTRY org.eclipse.cdt.core 4 0 2026-02-26 13:24:57.746
!MESSAGE Error

!ENTRY org.eclipse.cdt.core 4 0 2026-02-26 13:24:57.746
!MESSAGE Error

!ENTRY org.eclipse.cdt.core 4 0 2026-02-26 13:24:57.747
!MESSAGE Error

!ENTRY org.eclipse.cdt.core 4 0 2026-02-26 13:24:57.747
!MESSAGE Error

!ENTRY org.eclipse.cdt.core 4 0 2026-02-26 13:24:57.747
!MESSAGE Error

!ENTRY org.eclipse.cdt.core 4 0 2026-02-26 13:24:57.747
!MESSAGE Error

!ENTRY org.eclipse.cdt.core 4 0 2026-02-26 13:24:57.747
!MESSAGE Error

!ENTRY org.eclipse.cdt.core 4 0 2026-02-26 13:24:57.747
!MESSAGE Error

!ENTRY org.eclipse.cdt.core 4 0 2026-02-26 13:24:57.747
!MESSAGE Error

!ENTRY org.eclipse.cdt.core 4 0 2026-02-26 13:24:57.747
!MESSAGE Error

!ENTRY org.eclipse.cdt.core 4 0 2026-02-26 13:24:58.439
!MESSAGE Error

!ENTRY org.eclipse.cdt.core 4 0 2026-02-26 13:24:58.443
!MESSAGE Error

!ENTRY org.eclipse.cdt.core 4 0 2026-02-26 13:25:44.815
!MESSAGE Error

!ENTRY org.eclipse.cdt.core 4 0 2026-02-26 13:25:44.821
!MESSAGE Error

!ENTRY org.eclipse.cdt.core 4 0 2026-02-26 13:25:44.823
!MESSAGE Error

!ENTRY org.eclipse.cdt.core 4 0 2026-02-26 13:25:44.824
!MESSAGE Error

!ENTRY org.eclipse.cdt.core 4 0 2026-02-26 13:25:44.824
!MESSAGE Error

!ENTRY org.eclipse.cdt.core 4 0 2026-02-26 13:25:44.825
!MESSAGE Error

!ENTRY org.eclipse.cdt.core 4 0 2026-02-26 13:25:44.825
!MESSAGE Error

!ENTRY org.eclipse.cdt.core 4 0 2026-02-26 13:25:44.825
!MESSAGE Error

!ENTRY org.eclipse.cdt.core 4 0 2026-02-26 13:25:44.826
!MESSAGE Error

!ENTRY org.eclipse.cdt.core 4 0 2026-02-26 13:25:44.826
!MESSAGE Error

!ENTRY org.eclipse.cdt.core 4 0 2026-02-26 13:25:44.826
!MESSAGE Error

!ENTRY org.eclipse.cdt.core 4 0 2026-02-26 13:25:44.827
!MESSAGE Error

!ENTRY org.eclipse.cdt.core 4 0 2026-02-26 13:25:44.827
!MESSAGE Error

!ENTRY org.eclipse.cdt.core 4 0 2026-02-26 13:25:44.827
!MESSAGE Error

!ENTRY org.eclipse.cdt.core 4 0 2026-02-26 13:25:44.828
!MESSAGE Error

!ENTRY org.eclipse.cdt.core 4 0 2026-02-26 13:25:44.828
!MESSAGE Error

!ENTRY org.eclipse.cdt.core 4 0 2026-02-26 13:25:44.828
!MESSAGE Error

!ENTRY org.eclipse.cdt.core 4 0 2026-02-26 13:25:44.829
!MESSAGE Error

!ENTRY org.eclipse.cdt.core 4 0 2026-02-26 13:25:44.829
!MESSAGE Error

!ENTRY org.eclipse.cdt.core 4 0 2026-02-26 13:25:44.829
!MESSAGE Error

!ENTRY org.eclipse.cdt.core 4 0 2026-02-26 13:25:44.830
!MESSAGE Error

!ENTRY org.eclipse.cdt.core 4 0 2026-02-26 13:25:44.830
!MESSAGE Error

!ENTRY org.eclipse.cdt.core 4 0 2026-02-26 13:25:44.830
!MESSAGE Error

!ENTRY org.eclipse.cdt.core 4 0 2026-02-26 13:25:44.830
!MESSAGE Error

!ENTRY org.eclipse.cdt.core 4 0 2026-02-26 13:25:44.831
!MESSAGE Error

!ENTRY org.eclipse.cdt.core 4 0 2026-02-26 13:25:44.831
!MESSAGE Error

!ENTRY org.eclipse.cdt.core 4 0 2026-02-26 13:25:44.831
!MESSAGE Error

!ENTRY org.eclipse.cdt.core 4 0 2026-02-26 13:25:44.832
!MESSAGE Error

!ENTRY org.eclipse.cdt.core 4 0 2026-02-26 13:25:44.832
!MESSAGE Error

!ENTRY org.eclipse.cdt.core 4 0 2026-02-26 13:25:44.832
!MESSAGE Error

!ENTRY org.eclipse.cdt.core 4 0 2026-02-26 13:25:44.833
!MESSAGE Error

!ENTRY org.eclipse.cdt.core 4 0 2026-02-26 13:25:44.833
!MESSAGE Error

!ENTRY org.eclipse.cdt.core 4 0 2026-02-26 13:25:44.833
!MESSAGE Error

!ENTRY org.eclipse.cdt.core 4 0 2026-02-26 13:25:44.834
!MESSAGE Error

!ENTRY org.eclipse.cdt.core 4 0 2026-02-26 13:25:44.834
!MESSAGE Error

!ENTRY org.eclipse.cdt.core 4 0 2026-02-26 13:25:44.834
!MESSAGE Error

!ENTRY org.eclipse.cdt.core 4 0 2026-02-26 13:25:44.835
!MESSAGE Error

!ENTRY org.eclipse.cdt.core 4 0 2026-02-26 13:25:44.835
!MESSAGE Error

!ENTRY org.eclipse.cdt.core 4 0 2026-02-26 13:25:44.835
!MESSAGE Error

!ENTRY org.eclipse.cdt.core 4 0 2026-02-26 13:25:44.835
!MESSAGE Error

!ENTRY org.eclipse.cdt.core 4 0 2026-02-26 13:25:44.835
!MESSAGE Error

!ENTRY org.eclipse.cdt.core 4 0 2026-02-26 13:25:44.835
!MESSAGE Error

!ENTRY org.eclipse.cdt.core 4 0 2026-02-26 13:25:44.836
!MESSAGE Error

!ENTRY org.eclipse.cdt.core 4 0 2026-02-26 13:25:44.836
!MESSAGE Error

!ENTRY org.eclipse.cdt.core 4 0 2026-02-26 13:25:44.836
!MESSAGE Error

!ENTRY org.eclipse.cdt.core 4 0 2026-02-26 13:25:44.837
!MESSAGE Error

!ENTRY org.eclipse.cdt.core 4 0 2026-02-26 13:25:44.837
!MESSAGE Error

!ENTRY org.eclipse.cdt.core 4 0 2026-02-26 13:25:44.837
!MESSAGE Error

!ENTRY org.eclipse.cdt.core 4 0 2026-02-26 13:25:44.838
!MESSAGE Error

!ENTRY org.eclipse.cdt.core 4 0 2026-02-26 13:25:44.838
!MESSAGE Error

!ENTRY org.eclipse.cdt.core 4 0 2026-02-26 13:25:44.839
!MESSAGE Error

!ENTRY org.eclipse.cdt.core 4 0 2026-02-26 13:25:44.839
!MESSAGE Error

!ENTRY org.eclipse.cdt.core 4 0 2026-02-26 13:25:44.839
!MESSAGE Error

!ENTRY org.eclipse.cdt.core 4 0 2026-02-26 13:25:44.839
!MESSAGE Error

!ENTRY org.eclipse.cdt.core 4 0 2026-02-26 13:25:44.840
!MESSAGE Error

!ENTRY org.eclipse.cdt.core 4 0 2026-02-26 13:25:44.840
!MESSAGE Error

!ENTRY org.eclipse.cdt.core 4 0 2026-02-26 13:25:44.840
!MESSAGE Error

!ENTRY org.eclipse.cdt.core 4 0 2026-02-26 13:25:44.840
!MESSAGE Error

!ENTRY org.eclipse.cdt.core 4 0 2026-02-26 13:25:44.841
!MESSAGE Error

!ENTRY org.eclipse.cdt.core 4 0 2026-02-26 13:25:44.841
!MESSAGE Error

!ENTRY org.eclipse.cdt.core 4 0 2026-02-26 13:25:44.841
!MESSAGE Error

!ENTRY org.eclipse.cdt.core 4 0 2026-02-26 13:25:44.842
!MESSAGE Error

!ENTRY org.eclipse.cdt.core 4 0 2026-02-26 13:25:44.842
!MESSAGE Error

!ENTRY org.eclipse.cdt.core 4 0 2026-02-26 13:25:44.842
!MESSAGE Error

!ENTRY org.eclipse.cdt.core 4 0 2026-02-26 13:25:44.842
!MESSAGE Error

!ENTRY org.eclipse.cdt.core 4 0 2026-02-26 13:25:44.842
!MESSAGE Error

!ENTRY org.eclipse.cdt.core 4 0 2026-02-26 13:25:44.842
!MESSAGE Error

!ENTRY org.eclipse.cdt.core 4 0 2026-02-26 13:25:44.843
!MESSAGE Error

!ENTRY org.eclipse.cdt.core 4 0 2026-02-26 13:25:44.843
!MESSAGE Error

!ENTRY org.eclipse.cdt.core 4 0 2026-02-26 13:25:44.843
!MESSAGE Error

!ENTRY org.eclipse.cdt.core 4 0 2026-02-26 13:25:44.843
!MESSAGE Error

!ENTRY org.eclipse.cdt.core 4 0 2026-02-26 13:25:44.843
!MESSAGE Error

!ENTRY org.eclipse.cdt.core 4 0 2026-02-26 13:25:44.844
!MESSAGE Error

!ENTRY org.eclipse.cdt.core 4 0 2026-02-26 13:25:44.844
!MESSAGE Error

!ENTRY org.eclipse.cdt.core 4 0 2026-02-26 13:25:44.844
!MESSAGE Error

!ENTRY org.eclipse.cdt.core 4 0 2026-02-26 13:25:44.845
!MESSAGE Error

!ENTRY org.eclipse.cdt.core 4 0 2026-02-26 13:25:44.846
!MESSAGE Error

!ENTRY org.eclipse.cdt.core 4 0 2026-02-26 13:25:44.846
!MESSAGE Error

!ENTRY org.eclipse.cdt.core 4 0 2026-02-26 13:26:24.794
!MESSAGE Error

!ENTRY org.eclipse.cdt.core 4 0 2026-02-26 13:26:24.801
!MESSAGE Error

!ENTRY org.eclipse.cdt.core 4 0 2026-02-26 13:26:24.803
!MESSAGE Error

!ENTRY org.eclipse.cdt.core 4 0 2026-02-26 13:26:24.803
!MESSAGE Error

!ENTRY org.eclipse.cdt.core 4 0 2026-02-26 13:26:24.803
!MESSAGE Error

!ENTRY org.eclipse.cdt.core 4 0 2026-02-26 13:26:24.803
!MESSAGE Error

!ENTRY org.eclipse.cdt.core 4 0 2026-02-26 13:26:24.803
!MESSAGE Error

!ENTRY org.eclipse.cdt.core 4 0 2026-02-26 13:26:24.804
!MESSAGE Error

!ENTRY org.eclipse.cdt.core 4 0 2026-02-26 13:26:24.805
!MESSAGE Error

!ENTRY org.eclipse.cdt.core 4 0 2026-02-26 13:26:24.805
!MESSAGE Error

!ENTRY org.eclipse.cdt.core 4 0 2026-02-26 13:26:24.805
!MESSAGE Error

!ENTRY org.eclipse.cdt.core 4 0 2026-02-26 13:26:24.806
!MESSAGE Error

!ENTRY org.eclipse.cdt.core 4 0 2026-02-26 13:26:24.806
!MESSAGE Error

!ENTRY org.eclipse.cdt.core 4 0 2026-02-26 13:26:24.806
!MESSAGE Error

!ENTRY org.eclipse.cdt.core 4 0 2026-02-26 13:26:24.807
!MESSAGE Error

!ENTRY org.eclipse.cdt.core 4 0 2026-02-26 13:26:24.807
!MESSAGE Error

!ENTRY org.eclipse.cdt.core 4 0 2026-02-26 13:26:24.807
!MESSAGE Error

!ENTRY org.eclipse.cdt.core 4 0 2026-02-26 13:26:24.807
!MESSAGE Error

!ENTRY org.eclipse.cdt.core 4 0 2026-02-26 13:26:24.808
!MESSAGE Error

!ENTRY org.eclipse.cdt.core 4 0 2026-02-26 13:26:24.808
!MESSAGE Error

!ENTRY org.eclipse.cdt.core 4 0 2026-02-26 13:26:24.808
!MESSAGE Error

!ENTRY org.eclipse.cdt.core 4 0 2026-02-26 13:26:24.809
!MESSAGE Error

!ENTRY org.eclipse.cdt.core 4 0 2026-02-26 13:26:24.809
!MESSAGE Error

!ENTRY org.eclipse.cdt.core 4 0 2026-02-26 13:26:24.809
!MESSAGE Error

!ENTRY org.eclipse.cdt.core 4 0 2026-02-26 13:26:24.810
!MESSAGE Error

!ENTRY org.eclipse.cdt.core 4 0 2026-02-26 13:26:24.810
!MESSAGE Error

!ENTRY org.eclipse.cdt.core 4 0 2026-02-26 13:26:24.810
!MESSAGE Error

!ENTRY org.eclipse.cdt.core 4 0 2026-02-26 13:26:24.811
!MESSAGE Error

!ENTRY org.eclipse.cdt.core 4 0 2026-02-26 13:26:24.811
!MESSAGE Error

!ENTRY org.eclipse.cdt.core 4 0 2026-02-26 13:26:24.812
!MESSAGE Error

!ENTRY org.eclipse.cdt.core 4 0 2026-02-26 13:26:24.812
!MESSAGE Error

!ENTRY org.eclipse.cdt.core 4 0 2026-02-26 13:26:24.812
!MESSAGE Error

!ENTRY org.eclipse.cdt.core 4 0 2026-02-26 13:26:24.813
!MESSAGE Error

!ENTRY org.eclipse.cdt.core 4 0 2026-02-26 13:26:24.813
!MESSAGE Error

!ENTRY org.eclipse.cdt.core 4 0 2026-02-26 13:26:24.813
!MESSAGE Error

!ENTRY org.eclipse.cdt.core 4 0 2026-02-26 13:26:24.814
!MESSAGE Error

!ENTRY org.eclipse.cdt.core 4 0 2026-02-26 13:26:24.814
!MESSAGE Error

!ENTRY org.eclipse.cdt.core 4 0 2026-02-26 13:26:24.814
!MESSAGE Error

!ENTRY org.eclipse.cdt.core 4 0 2026-02-26 13:26:24.815
!MESSAGE Error

!ENTRY org.eclipse.cdt.core 4 0 2026-02-26 13:26:24.815
!MESSAGE Error

!ENTRY org.eclipse.cdt.core 4 0 2026-02-26 13:26:24.815
!MESSAGE Error

!ENTRY org.eclipse.cdt.core 4 0 2026-02-26 13:26:24.816
!MESSAGE Error

!ENTRY org.eclipse.cdt.core 4 0 2026-02-26 13:26:24.816
!MESSAGE Error

!ENTRY org.eclipse.cdt.core 4 0 2026-02-26 13:26:24.816
!MESSAGE Error

!ENTRY org.eclipse.cdt.core 4 0 2026-02-26 13:26:24.816
!MESSAGE Error

!ENTRY org.eclipse.cdt.core 4 0 2026-02-26 13:26:24.816
!MESSAGE Error

!ENTRY org.eclipse.cdt.core 4 0 2026-02-26 13:26:24.816
!MESSAGE Error

!ENTRY org.eclipse.cdt.core 4 0 2026-02-26 13:26:24.817
!MESSAGE Error

!ENTRY org.eclipse.cdt.core 4 0 2026-02-26 13:26:24.817
!MESSAGE Error

!ENTRY org.eclipse.cdt.core 4 0 2026-02-26 13:26:24.817
!MESSAGE Error

!ENTRY org.eclipse.cdt.core 4 0 2026-02-26 13:26:24.817
!MESSAGE Error

!ENTRY org.eclipse.cdt.core 4 0 2026-02-26 13:26:24.817
!MESSAGE Error

!ENTRY org.eclipse.cdt.core 4 0 2026-02-26 13:26:24.817
!MESSAGE Error

!ENTRY org.eclipse.cdt.core 4 0 2026-02-26 13:26:24.817
!MESSAGE Error

!ENTRY org.eclipse.cdt.core 4 0 2026-02-26 13:26:24.817
!MESSAGE Error

!ENTRY org.eclipse.cdt.core 4 0 2026-02-26 13:26:24.817
!MESSAGE Error

!ENTRY org.eclipse.cdt.core 4 0 2026-02-26 13:26:24.817
!MESSAGE Error

!ENTRY org.eclipse.cdt.core 4 0 2026-02-26 13:26:24.817
!MESSAGE Error

!ENTRY org.eclipse.cdt.core 4 0 2026-02-26 13:26:24.817
!MESSAGE Error

!ENTRY org.eclipse.cdt.core 4 0 2026-02-26 13:26:24.818
!MESSAGE Error

!ENTRY org.eclipse.cdt.core 4 0 2026-02-26 13:26:24.818
!MESSAGE Error

!ENTRY org.eclipse.cdt.core 4 0 2026-02-26 13:26:24.818
!MESSAGE Error

!ENTRY org.eclipse.cdt.core 4 0 2026-02-26 13:26:24.818
!MESSAGE Error

!ENTRY org.eclipse.cdt.core 4 0 2026-02-26 13:26:24.818
!MESSAGE Error

!ENTRY org.eclipse.cdt.core 4 0 2026-02-26 13:26:24.818
!MESSAGE Error

!ENTRY org.eclipse.cdt.core 4 0 2026-02-26 13:26:24.818
!MESSAGE Error

!ENTRY org.eclipse.cdt.core 4 0 2026-02-26 13:26:24.818
!MESSAGE Error

!ENTRY org.eclipse.cdt.core 4 0 2026-02-26 13:26:24.819
!MESSAGE Error

!ENTRY org.eclipse.cdt.core 4 0 2026-02-26 13:26:24.819
!MESSAGE Error

!ENTRY org.eclipse.cdt.core 4 0 2026-02-26 13:26:24.819
!MESSAGE Error

!ENTRY org.eclipse.cdt.core 4 0 2026-02-26 13:26:24.819
!MESSAGE Error

!ENTRY org.eclipse.cdt.core 4 0 2026-02-26 13:26:24.819
!MESSAGE Error

!ENTRY org.eclipse.cdt.core 4 0 2026-02-26 13:26:24.819
!MESSAGE Error

!ENTRY org.eclipse.cdt.core 4 0 2026-02-26 13:26:24.819
!MESSAGE Error

!ENTRY org.eclipse.cdt.core 4 0 2026-02-26 13:26:24.820
!MESSAGE Error

!ENTRY org.eclipse.cdt.core 4 0 2026-02-26 13:26:24.820
!MESSAGE Error

!ENTRY org.eclipse.cdt.core 4 0 2026-02-26 13:26:24.916
!MESSAGE Error

!ENTRY org.eclipse.cdt.core 4 0 2026-02-26 13:26:24.921
!MESSAGE Error

!ENTRY org.eclipse.cdt.core 4 0 2026-02-26 13:27:07.167
!MESSAGE Error

!ENTRY org.eclipse.cdt.core 4 0 2026-02-26 13:27:07.172
!MESSAGE Error

!ENTRY org.eclipse.cdt.core 4 0 2026-02-26 13:27:07.175
!MESSAGE Error

!ENTRY org.eclipse.cdt.core 4 0 2026-02-26 13:27:07.175
!MESSAGE Error

!ENTRY org.eclipse.cdt.core 4 0 2026-02-26 13:27:07.175
!MESSAGE Error

!ENTRY org.eclipse.cdt.core 4 0 2026-02-26 13:27:07.176
!MESSAGE Error

!ENTRY org.eclipse.cdt.core 4 0 2026-02-26 13:27:07.176
!MESSAGE Error

!ENTRY org.eclipse.cdt.core 4 0 2026-02-26 13:27:07.176
!MESSAGE Error

!ENTRY org.eclipse.cdt.core 4 0 2026-02-26 13:27:07.177
!MESSAGE Error

!ENTRY org.eclipse.cdt.core 4 0 2026-02-26 13:27:07.177
!MESSAGE Error

!ENTRY org.eclipse.cdt.core 4 0 2026-02-26 13:27:07.177
!MESSAGE Error

!ENTRY org.eclipse.cdt.core 4 0 2026-02-26 13:27:07.178
!MESSAGE Error

!ENTRY org.eclipse.cdt.core 4 0 2026-02-26 13:27:07.178
!MESSAGE Error

!ENTRY org.eclipse.cdt.core 4 0 2026-02-26 13:27:07.178
!MESSAGE Error

!ENTRY org.eclipse.cdt.core 4 0 2026-02-26 13:27:07.179
!MESSAGE Error

!ENTRY org.eclipse.cdt.core 4 0 2026-02-26 13:27:07.179
!MESSAGE Error

!ENTRY org.eclipse.cdt.core 4 0 2026-02-26 13:27:07.179
!MESSAGE Error

!ENTRY org.eclipse.cdt.core 4 0 2026-02-26 13:27:07.180
!MESSAGE Error

!ENTRY org.eclipse.cdt.core 4 0 2026-02-26 13:27:07.180
!MESSAGE Error

!ENTRY org.eclipse.cdt.core 4 0 2026-02-26 13:27:07.180
!MESSAGE Error

!ENTRY org.eclipse.cdt.core 4 0 2026-02-26 13:27:07.180
!MESSAGE Error

!ENTRY org.eclipse.cdt.core 4 0 2026-02-26 13:27:07.181
!MESSAGE Error

!ENTRY org.eclipse.cdt.core 4 0 2026-02-26 13:27:07.181
!MESSAGE Error

!ENTRY org.eclipse.cdt.core 4 0 2026-02-26 13:27:07.181
!MESSAGE Error

!ENTRY org.eclipse.cdt.core 4 0 2026-02-26 13:27:07.181
!MESSAGE Error

!ENTRY org.eclipse.cdt.core 4 0 2026-02-26 13:27:07.182
!MESSAGE Error

!ENTRY org.eclipse.cdt.core 4 0 2026-02-26 13:27:07.182
!MESSAGE Error

!ENTRY org.eclipse.cdt.core 4 0 2026-02-26 13:27:07.183
!MESSAGE Error

!ENTRY org.eclipse.cdt.core 4 0 2026-02-26 13:27:07.183
!MESSAGE Error

!ENTRY org.eclipse.cdt.core 4 0 2026-02-26 13:27:07.184
!MESSAGE Error

!ENTRY org.eclipse.cdt.core 4 0 2026-02-26 13:27:07.184
!MESSAGE Error

!ENTRY org.eclipse.cdt.core 4 0 2026-02-26 13:27:07.184
!MESSAGE Error

!ENTRY org.eclipse.cdt.core 4 0 2026-02-26 13:27:07.185
!MESSAGE Error

!ENTRY org.eclipse.cdt.core 4 0 2026-02-26 13:27:07.185
!MESSAGE Error

!ENTRY org.eclipse.cdt.core 4 0 2026-02-26 13:27:07.185
!MESSAGE Error

!ENTRY org.eclipse.cdt.core 4 0 2026-02-26 13:27:07.185
!MESSAGE Error

!ENTRY org.eclipse.cdt.core 4 0 2026-02-26 13:27:07.186
!MESSAGE Error

!ENTRY org.eclipse.cdt.core 4 0 2026-02-26 13:27:07.186
!MESSAGE Error

!ENTRY org.eclipse.cdt.core 4 0 2026-02-26 13:27:07.186
!MESSAGE Error

!ENTRY org.eclipse.cdt.core 4 0 2026-02-26 13:27:07.187
!MESSAGE Error

!ENTRY org.eclipse.cdt.core 4 0 2026-02-26 13:27:07.187
!MESSAGE Error

!ENTRY org.eclipse.cdt.core 4 0 2026-02-26 13:27:07.187
!MESSAGE Error

!ENTRY org.eclipse.cdt.core 4 0 2026-02-26 13:27:07.187
!MESSAGE Error

!ENTRY org.eclipse.cdt.core 4 0 2026-02-26 13:27:07.187
!MESSAGE Error

!ENTRY org.eclipse.cdt.core 4 0 2026-02-26 13:27:07.187
!MESSAGE Error

!ENTRY org.eclipse.cdt.core 4 0 2026-02-26 13:27:07.188
!MESSAGE Error

!ENTRY org.eclipse.cdt.core 4 0 2026-02-26 13:27:07.188
!MESSAGE Error

!ENTRY org.eclipse.cdt.core 4 0 2026-02-26 13:27:07.188
!MESSAGE Error

!ENTRY org.eclipse.cdt.core 4 0 2026-02-26 13:27:07.189
!MESSAGE Error

!ENTRY org.eclipse.cdt.core 4 0 2026-02-26 13:27:07.189
!MESSAGE Error

!ENTRY org.eclipse.cdt.core 4 0 2026-02-26 13:27:07.189
!MESSAGE Error

!ENTRY org.eclipse.cdt.core 4 0 2026-02-26 13:27:07.189
!MESSAGE Error

!ENTRY org.eclipse.cdt.core 4 0 2026-02-26 13:27:07.190
!MESSAGE Error

!ENTRY org.eclipse.cdt.core 4 0 2026-02-26 13:27:07.191
!MESSAGE Error

!ENTRY org.eclipse.cdt.core 4 0 2026-02-26 13:27:07.191
!MESSAGE Error

!ENTRY org.eclipse.cdt.core 4 0 2026-02-26 13:27:07.191
!MESSAGE Error

!ENTRY org.eclipse.cdt.core 4 0 2026-02-26 13:27:07.191
!MESSAGE Error

!ENTRY org.eclipse.cdt.core 4 0 2026-02-26 13:27:07.191
!MESSAGE Error

!ENTRY org.eclipse.cdt.core 4 0 2026-02-26 13:27:07.191
!MESSAGE Error

!ENTRY org.eclipse.cdt.core 4 0 2026-02-26 13:27:07.192
!MESSAGE Error

!ENTRY org.eclipse.cdt.core 4 0 2026-02-26 13:27:07.192
!MESSAGE Error

!ENTRY org.eclipse.cdt.core 4 0 2026-02-26 13:27:07.192
!MESSAGE Error

!ENTRY org.eclipse.cdt.core 4 0 2026-02-26 13:27:07.192
!MESSAGE Error

!ENTRY org.eclipse.cdt.core 4 0 2026-02-26 13:27:07.192
!MESSAGE Error

!ENTRY org.eclipse.cdt.core 4 0 2026-02-26 13:27:07.192
!MESSAGE Error

!ENTRY org.eclipse.cdt.core 4 0 2026-02-26 13:27:07.192
!MESSAGE Error

!ENTRY org.eclipse.cdt.core 4 0 2026-02-26 13:27:07.192
!MESSAGE Error

!ENTRY org.eclipse.cdt.core 4 0 2026-02-26 13:27:07.193
!MESSAGE Error

!ENTRY org.eclipse.cdt.core 4 0 2026-02-26 13:27:07.193
!MESSAGE Error

!ENTRY org.eclipse.cdt.core 4 0 2026-02-26 13:27:07.193
!MESSAGE Error

!ENTRY org.eclipse.cdt.core 4 0 2026-02-26 13:27:07.193
!MESSAGE Error

!ENTRY org.eclipse.cdt.core 4 0 2026-02-26 13:27:07.193
!MESSAGE Error

!ENTRY org.eclipse.cdt.core 4 0 2026-02-26 13:27:07.193
!MESSAGE Error

!ENTRY org.eclipse.cdt.core 4 0 2026-02-26 13:27:07.193
!MESSAGE Error

!ENTRY org.eclipse.cdt.core 4 0 2026-02-26 13:27:07.194
!MESSAGE Error

!ENTRY org.eclipse.cdt.core 4 0 2026-02-26 13:27:07.194
!MESSAGE Error

!ENTRY org.eclipse.cdt.core 4 0 2026-02-26 13:27:07.194
!MESSAGE Error

!ENTRY org.eclipse.cdt.core 4 0 2026-02-26 13:27:07.194
!MESSAGE Error

!ENTRY org.eclipse.cdt.core 4 0 2026-02-26 13:27:08.713
!MESSAGE Error

!ENTRY org.eclipse.cdt.core 4 0 2026-02-26 13:27:08.718
!MESSAGE Error

!ENTRY org.eclipse.cdt.core 4 0 2026-02-26 13:27:08.719
!MESSAGE Error

!ENTRY org.eclipse.cdt.core 4 0 2026-02-26 13:27:08.720
!MESSAGE Error

!ENTRY org.eclipse.cdt.core 4 0 2026-02-26 13:27:08.720
!MESSAGE Error

!ENTRY org.eclipse.cdt.core 4 0 2026-02-26 13:27:08.720
!MESSAGE Error

!ENTRY org.eclipse.cdt.core 4 0 2026-02-26 13:27:08.721
!MESSAGE Error

!ENTRY org.eclipse.cdt.core 4 0 2026-02-26 13:27:08.721
!MESSAGE Error

!ENTRY org.eclipse.cdt.core 4 0 2026-02-26 13:27:08.721
!MESSAGE Error

!ENTRY org.eclipse.cdt.core 4 0 2026-02-26 13:27:08.722
!MESSAGE Error

!ENTRY org.eclipse.cdt.core 4 0 2026-02-26 13:27:08.722
!MESSAGE Error

!ENTRY org.eclipse.cdt.core 4 0 2026-02-26 13:27:08.723
!MESSAGE Error

!ENTRY org.eclipse.cdt.core 4 0 2026-02-26 13:27:08.723
!MESSAGE Error

!ENTRY org.eclipse.cdt.core 4 0 2026-02-26 13:27:08.723
!MESSAGE Error

!ENTRY org.eclipse.cdt.core 4 0 2026-02-26 13:27:08.723
!MESSAGE Error

!ENTRY org.eclipse.cdt.core 4 0 2026-02-26 13:27:08.724
!MESSAGE Error

!ENTRY org.eclipse.cdt.core 4 0 2026-02-26 13:27:08.724
!MESSAGE Error

!ENTRY org.eclipse.cdt.core 4 0 2026-02-26 13:27:08.724
!MESSAGE Error

!ENTRY org.eclipse.cdt.core 4 0 2026-02-26 13:27:08.725
!MESSAGE Error

!ENTRY org.eclipse.cdt.core 4 0 2026-02-26 13:27:08.725
!MESSAGE Error

!ENTRY org.eclipse.cdt.core 4 0 2026-02-26 13:27:08.725
!MESSAGE Error

!ENTRY org.eclipse.cdt.core 4 0 2026-02-26 13:27:08.726
!MESSAGE Error

!ENTRY org.eclipse.cdt.core 4 0 2026-02-26 13:27:08.726
!MESSAGE Error

!ENTRY org.eclipse.cdt.core 4 0 2026-02-26 13:27:08.726
!MESSAGE Error

!ENTRY org.eclipse.cdt.core 4 0 2026-02-26 13:27:08.727
!MESSAGE Error

!ENTRY org.eclipse.cdt.core 4 0 2026-02-26 13:27:08.727
!MESSAGE Error

!ENTRY org.eclipse.cdt.core 4 0 2026-02-26 13:27:08.727
!MESSAGE Error

!ENTRY org.eclipse.cdt.core 4 0 2026-02-26 13:27:08.727
!MESSAGE Error

!ENTRY org.eclipse.cdt.core 4 0 2026-02-26 13:27:08.728
!MESSAGE Error

!ENTRY org.eclipse.cdt.core 4 0 2026-02-26 13:27:08.728
!MESSAGE Error

!ENTRY org.eclipse.cdt.core 4 0 2026-02-26 13:27:08.728
!MESSAGE Error

!ENTRY org.eclipse.cdt.core 4 0 2026-02-26 13:27:08.729
!MESSAGE Error

!ENTRY org.eclipse.cdt.core 4 0 2026-02-26 13:27:08.729
!MESSAGE Error

!ENTRY org.eclipse.cdt.core 4 0 2026-02-26 13:27:08.729
!MESSAGE Error

!ENTRY org.eclipse.cdt.core 4 0 2026-02-26 13:27:08.730
!MESSAGE Error

!ENTRY org.eclipse.cdt.core 4 0 2026-02-26 13:27:08.730
!MESSAGE Error

!ENTRY org.eclipse.cdt.core 4 0 2026-02-26 13:27:08.730
!MESSAGE Error

!ENTRY org.eclipse.cdt.core 4 0 2026-02-26 13:27:08.731
!MESSAGE Error

!ENTRY org.eclipse.cdt.core 4 0 2026-02-26 13:27:08.731
!MESSAGE Error

!ENTRY org.eclipse.cdt.core 4 0 2026-02-26 13:27:08.731
!MESSAGE Error

!ENTRY org.eclipse.cdt.core 4 0 2026-02-26 13:27:08.731
!MESSAGE Error

!ENTRY org.eclipse.cdt.core 4 0 2026-02-26 13:27:08.732
!MESSAGE Error

!ENTRY org.eclipse.cdt.core 4 0 2026-02-26 13:27:08.732
!MESSAGE Error

!ENTRY org.eclipse.cdt.core 4 0 2026-02-26 13:27:08.732
!MESSAGE Error

!ENTRY org.eclipse.cdt.core 4 0 2026-02-26 13:27:08.733
!MESSAGE Error

!ENTRY org.eclipse.cdt.core 4 0 2026-02-26 13:27:08.733
!MESSAGE Error

!ENTRY org.eclipse.cdt.core 4 0 2026-02-26 13:27:08.733
!MESSAGE Error

!ENTRY org.eclipse.cdt.core 4 0 2026-02-26 13:27:08.733
!MESSAGE Error

!ENTRY org.eclipse.cdt.core 4 0 2026-02-26 13:27:08.734
!MESSAGE Error

!ENTRY org.eclipse.cdt.core 4 0 2026-02-26 13:27:08.734
!MESSAGE Error

!ENTRY org.eclipse.cdt.core 4 0 2026-02-26 13:27:08.735
!MESSAGE Error

!ENTRY org.eclipse.cdt.core 4 0 2026-02-26 13:27:08.735
!MESSAGE Error

!ENTRY org.eclipse.cdt.core 4 0 2026-02-26 13:27:08.735
!MESSAGE Error

!ENTRY org.eclipse.cdt.core 4 0 2026-02-26 13:27:08.735
!MESSAGE Error

!ENTRY org.eclipse.cdt.core 4 0 2026-02-26 13:27:08.735
!MESSAGE Error

!ENTRY org.eclipse.cdt.core 4 0 2026-02-26 13:27:08.735
!MESSAGE Error

!ENTRY org.eclipse.cdt.core 4 0 2026-02-26 13:27:08.736
!MESSAGE Error

!ENTRY org.eclipse.cdt.core 4 0 2026-02-26 13:27:08.736
!MESSAGE Error

!ENTRY org.eclipse.cdt.core 4 0 2026-02-26 13:27:08.736
!MESSAGE Error

!ENTRY org.eclipse.cdt.core 4 0 2026-02-26 13:27:08.736
!MESSAGE Error

!ENTRY org.eclipse.cdt.core 4 0 2026-02-26 13:27:08.736
!MESSAGE Error

!ENTRY org.eclipse.cdt.core 4 0 2026-02-26 13:27:08.736
!MESSAGE Error

!ENTRY org.eclipse.cdt.core 4 0 2026-02-26 13:27:08.737
!MESSAGE Error

!ENTRY org.eclipse.cdt.core 4 0 2026-02-26 13:27:08.737
!MESSAGE Error

!ENTRY org.eclipse.cdt.core 4 0 2026-02-26 13:27:08.737
!MESSAGE Error

!ENTRY org.eclipse.cdt.core 4 0 2026-02-26 13:27:08.737
!MESSAGE Error

!ENTRY org.eclipse.cdt.core 4 0 2026-02-26 13:27:08.737
!MESSAGE Error

!ENTRY org.eclipse.cdt.core 4 0 2026-02-26 13:27:08.737
!MESSAGE Error

!ENTRY org.eclipse.cdt.core 4 0 2026-02-26 13:27:08.737
!MESSAGE Error

!ENTRY org.eclipse.cdt.core 4 0 2026-02-26 13:27:08.737
!MESSAGE Error

!ENTRY org.eclipse.cdt.core 4 0 2026-02-26 13:27:08.738
!MESSAGE Error

!ENTRY org.eclipse.cdt.core 4 0 2026-02-26 13:27:08.738
!MESSAGE Error

!ENTRY org.eclipse.cdt.core 4 0 2026-02-26 13:27:08.738
!MESSAGE Error

!ENTRY org.eclipse.cdt.core 4 0 2026-02-26 13:27:08.738
!MESSAGE Error

!ENTRY org.eclipse.cdt.core 4 0 2026-02-26 13:27:08.738
!MESSAGE Error

!ENTRY org.eclipse.cdt.core 4 0 2026-02-26 13:27:08.738
!MESSAGE Error

!ENTRY org.eclipse.cdt.core 4 0 2026-02-26 13:27:08.738
!MESSAGE Error

!ENTRY org.eclipse.cdt.core 4 0 2026-02-26 13:27:08.739
!MESSAGE Error

!ENTRY org.eclipse.cdt.core 4 0 2026-02-26 13:27:08.803
!MESSAGE Error

!ENTRY org.eclipse.cdt.core 4 0 2026-02-26 13:27:08.808
!MESSAGE Error

!ENTRY org.eclipse.cdt.core 4 0 2026-02-26 13:27:12.838
!MESSAGE Error

!ENTRY org.eclipse.cdt.core 4 0 2026-02-26 13:27:12.841
!MESSAGE Error

!ENTRY org.eclipse.cdt.core 4 0 2026-02-26 13:27:12.842
!MESSAGE Error

!ENTRY org.eclipse.cdt.core 4 0 2026-02-26 13:27:12.842
!MESSAGE Error

!ENTRY org.eclipse.cdt.core 4 0 2026-02-26 13:27:12.843
!MESSAGE Error

!ENTRY org.eclipse.cdt.core 4 0 2026-02-26 13:27:12.843
!MESSAGE Error

!ENTRY org.eclipse.cdt.core 4 0 2026-02-26 13:27:12.843
!MESSAGE Error

!ENTRY org.eclipse.cdt.core 4 0 2026-02-26 13:27:12.843
!MESSAGE Error

!ENTRY org.eclipse.cdt.core 4 0 2026-02-26 13:27:12.843
!MESSAGE Error

!ENTRY org.eclipse.cdt.core 4 0 2026-02-26 13:27:12.843
!MESSAGE Error

!ENTRY org.eclipse.cdt.core 4 0 2026-02-26 13:27:12.843
!MESSAGE Error

!ENTRY org.eclipse.cdt.core 4 0 2026-02-26 13:27:12.844
!MESSAGE Error

!ENTRY org.eclipse.cdt.core 4 0 2026-02-26 13:27:12.844
!MESSAGE Error

!ENTRY org.eclipse.cdt.core 4 0 2026-02-26 13:27:12.844
!MESSAGE Error

!ENTRY org.eclipse.cdt.core 4 0 2026-02-26 13:27:12.844
!MESSAGE Error

!ENTRY org.eclipse.cdt.core 4 0 2026-02-26 13:27:12.844
!MESSAGE Error

!ENTRY org.eclipse.cdt.core 4 0 2026-02-26 13:27:12.844
!MESSAGE Error

!ENTRY org.eclipse.cdt.core 4 0 2026-02-26 13:27:12.844
!MESSAGE Error

!ENTRY org.eclipse.cdt.core 4 0 2026-02-26 13:27:12.844
!MESSAGE Error

!ENTRY org.eclipse.cdt.core 4 0 2026-02-26 13:27:12.845
!MESSAGE Error

!ENTRY org.eclipse.cdt.core 4 0 2026-02-26 13:27:12.845
!MESSAGE Error

!ENTRY org.eclipse.cdt.core 4 0 2026-02-26 13:27:12.845
!MESSAGE Error

!ENTRY org.eclipse.cdt.core 4 0 2026-02-26 13:27:12.845
!MESSAGE Error

!ENTRY org.eclipse.cdt.core 4 0 2026-02-26 13:27:12.845
!MESSAGE Error

!ENTRY org.eclipse.cdt.core 4 0 2026-02-26 13:27:12.845
!MESSAGE Error

!ENTRY org.eclipse.cdt.core 4 0 2026-02-26 13:27:12.845
!MESSAGE Error

!ENTRY org.eclipse.cdt.core 4 0 2026-02-26 13:27:12.846
!MESSAGE Error

!ENTRY org.eclipse.cdt.core 4 0 2026-02-26 13:27:12.846
!MESSAGE Error

!ENTRY org.eclipse.cdt.core 4 0 2026-02-26 13:27:12.846
!MESSAGE Error

!ENTRY org.eclipse.cdt.core 4 0 2026-02-26 13:27:12.846
!MESSAGE Error

!ENTRY org.eclipse.cdt.core 4 0 2026-02-26 13:27:12.846
!MESSAGE Error

!ENTRY org.eclipse.cdt.core 4 0 2026-02-26 13:27:12.846
!MESSAGE Error

!ENTRY org.eclipse.cdt.core 4 0 2026-02-26 13:27:12.846
!MESSAGE Error

!ENTRY org.eclipse.cdt.core 4 0 2026-02-26 13:27:12.847
!MESSAGE Error

!ENTRY org.eclipse.cdt.core 4 0 2026-02-26 13:27:12.847
!MESSAGE Error

!ENTRY org.eclipse.cdt.core 4 0 2026-02-26 13:27:12.847
!MESSAGE Error

!ENTRY org.eclipse.cdt.core 4 0 2026-02-26 13:27:12.847
!MESSAGE Error

!ENTRY org.eclipse.cdt.core 4 0 2026-02-26 13:27:12.847
!MESSAGE Error

!ENTRY org.eclipse.cdt.core 4 0 2026-02-26 13:27:12.847
!MESSAGE Error

!ENTRY org.eclipse.cdt.core 4 0 2026-02-26 13:27:12.847
!MESSAGE Error

!ENTRY org.eclipse.cdt.core 4 0 2026-02-26 13:27:12.847
!MESSAGE Error

!ENTRY org.eclipse.cdt.core 4 0 2026-02-26 13:27:12.848
!MESSAGE Error

!ENTRY org.eclipse.cdt.core 4 0 2026-02-26 13:27:12.848
!MESSAGE Error

!ENTRY org.eclipse.cdt.core 4 0 2026-02-26 13:27:12.848
!MESSAGE Error

!ENTRY org.eclipse.cdt.core 4 0 2026-02-26 13:27:12.848
!MESSAGE Error

!ENTRY org.eclipse.cdt.core 4 0 2026-02-26 13:27:12.848
!MESSAGE Error

!ENTRY org.eclipse.cdt.core 4 0 2026-02-26 13:27:12.848
!MESSAGE Error

!ENTRY org.eclipse.cdt.core 4 0 2026-02-26 13:27:12.848
!MESSAGE Error

!ENTRY org.eclipse.cdt.core 4 0 2026-02-26 13:27:12.848
!MESSAGE Error

!ENTRY org.eclipse.cdt.core 4 0 2026-02-26 13:27:12.848
!MESSAGE Error

!ENTRY org.eclipse.cdt.core 4 0 2026-02-26 13:27:12.848
!MESSAGE Error

!ENTRY org.eclipse.cdt.core 4 0 2026-02-26 13:27:12.848
!MESSAGE Error

!ENTRY org.eclipse.cdt.core 4 0 2026-02-26 13:27:12.848
!MESSAGE Error

!ENTRY org.eclipse.cdt.core 4 0 2026-02-26 13:27:12.848
!MESSAGE Error

!ENTRY org.eclipse.cdt.core 4 0 2026-02-26 13:27:12.848
!MESSAGE Error

!ENTRY org.eclipse.cdt.core 4 0 2026-02-26 13:27:12.848
!MESSAGE Error

!ENTRY org.eclipse.cdt.core 4 0 2026-02-26 13:27:12.848
!MESSAGE Error

!ENTRY org.eclipse.cdt.core 4 0 2026-02-26 13:27:12.849
!MESSAGE Error

!ENTRY org.eclipse.cdt.core 4 0 2026-02-26 13:27:12.849
!MESSAGE Error

!ENTRY org.eclipse.cdt.core 4 0 2026-02-26 13:27:12.849
!MESSAGE Error

!ENTRY org.eclipse.cdt.core 4 0 2026-02-26 13:27:12.849
!MESSAGE Error

!ENTRY org.eclipse.cdt.core 4 0 2026-02-26 13:27:12.849
!MESSAGE Error

!ENTRY org.eclipse.cdt.core 4 0 2026-02-26 13:27:12.849
!MESSAGE Error

!ENTRY org.eclipse.cdt.core 4 0 2026-02-26 13:27:12.850
!MESSAGE Error

!ENTRY org.eclipse.cdt.core 4 0 2026-02-26 13:27:12.850
!MESSAGE Error

!ENTRY org.eclipse.cdt.core 4 0 2026-02-26 13:27:12.850
!MESSAGE Error

!ENTRY org.eclipse.cdt.core 4 0 2026-02-26 13:27:12.850
!MESSAGE Error

!ENTRY org.eclipse.cdt.core 4 0 2026-02-26 13:27:12.850
!MESSAGE Error

!ENTRY org.eclipse.cdt.core 4 0 2026-02-26 13:27:12.850
!MESSAGE Error

!ENTRY org.eclipse.cdt.core 4 0 2026-02-26 13:27:12.850
!MESSAGE Error

!ENTRY org.eclipse.cdt.core 4 0 2026-02-26 13:27:12.851
!MESSAGE Error

!ENTRY org.eclipse.cdt.core 4 0 2026-02-26 13:27:12.851
!MESSAGE Error

!ENTRY org.eclipse.cdt.core 4 0 2026-02-26 13:27:12.851
!MESSAGE Error

!ENTRY org.eclipse.cdt.core 4 0 2026-02-26 13:27:12.851
!MESSAGE Error

!ENTRY org.eclipse.cdt.core 4 0 2026-02-26 13:27:12.851
!MESSAGE Error

!ENTRY org.eclipse.cdt.core 4 0 2026-02-26 13:27:12.851
!MESSAGE Error

!ENTRY org.eclipse.cdt.core 4 0 2026-02-26 13:27:12.851
!MESSAGE Error

!ENTRY org.eclipse.cdt.core 4 0 2026-02-26 13:27:12.852
!MESSAGE Error

!ENTRY org.eclipse.cdt.core 4 0 2026-02-26 13:27:12.852
!MESSAGE Error

!ENTRY org.eclipse.cdt.core 4 0 2026-02-26 13:28:28.955
!MESSAGE Error

!ENTRY org.eclipse.cdt.core 4 0 2026-02-26 13:28:28.961
!MESSAGE Error

!ENTRY org.eclipse.cdt.core 4 0 2026-02-26 13:28:28.963
!MESSAGE Error

!ENTRY org.eclipse.cdt.core 4 0 2026-02-26 13:28:28.963
!MESSAGE Error

!ENTRY org.eclipse.cdt.core 4 0 2026-02-26 13:28:28.963
!MESSAGE Error

!ENTRY org.eclipse.cdt.core 4 0 2026-02-26 13:28:28.964
!MESSAGE Error

!ENTRY org.eclipse.cdt.core 4 0 2026-02-26 13:28:28.964
!MESSAGE Error

!ENTRY org.eclipse.cdt.core 4 0 2026-02-26 13:28:28.965
!MESSAGE Error

!ENTRY org.eclipse.cdt.core 4 0 2026-02-26 13:28:28.965
!MESSAGE Error

!ENTRY org.eclipse.cdt.core 4 0 2026-02-26 13:28:28.966
!MESSAGE Error

!ENTRY org.eclipse.cdt.core 4 0 2026-02-26 13:28:28.966
!MESSAGE Error

!ENTRY org.eclipse.cdt.core 4 0 2026-02-26 13:28:28.967
!MESSAGE Error

!ENTRY org.eclipse.cdt.core 4 0 2026-02-26 13:28:28.967
!MESSAGE Error

!ENTRY org.eclipse.cdt.core 4 0 2026-02-26 13:28:28.967
!MESSAGE Error

!ENTRY org.eclipse.cdt.core 4 0 2026-02-26 13:28:28.968
!MESSAGE Error

!ENTRY org.eclipse.cdt.core 4 0 2026-02-26 13:28:28.968
!MESSAGE Error

!ENTRY org.eclipse.cdt.core 4 0 2026-02-26 13:28:28.968
!MESSAGE Error

!ENTRY org.eclipse.cdt.core 4 0 2026-02-26 13:28:28.968
!MESSAGE Error

!ENTRY org.eclipse.cdt.core 4 0 2026-02-26 13:28:28.969
!MESSAGE Error

!ENTRY org.eclipse.cdt.core 4 0 2026-02-26 13:28:28.969
!MESSAGE Error

!ENTRY org.eclipse.cdt.core 4 0 2026-02-26 13:28:28.969
!MESSAGE Error

!ENTRY org.eclipse.cdt.core 4 0 2026-02-26 13:28:28.970
!MESSAGE Error

!ENTRY org.eclipse.cdt.core 4 0 2026-02-26 13:28:28.970
!MESSAGE Error

!ENTRY org.eclipse.cdt.core 4 0 2026-02-26 13:28:28.970
!MESSAGE Error

!ENTRY org.eclipse.cdt.core 4 0 2026-02-26 13:28:28.971
!MESSAGE Error

!ENTRY org.eclipse.cdt.core 4 0 2026-02-26 13:28:28.971
!MESSAGE Error

!ENTRY org.eclipse.cdt.core 4 0 2026-02-26 13:28:28.971
!MESSAGE Error

!ENTRY org.eclipse.cdt.core 4 0 2026-02-26 13:28:28.972
!MESSAGE Error

!ENTRY org.eclipse.cdt.core 4 0 2026-02-26 13:28:28.972
!MESSAGE Error

!ENTRY org.eclipse.cdt.core 4 0 2026-02-26 13:28:28.972
!MESSAGE Error

!ENTRY org.eclipse.cdt.core 4 0 2026-02-26 13:28:28.972
!MESSAGE Error

!ENTRY org.eclipse.cdt.core 4 0 2026-02-26 13:28:28.972
!MESSAGE Error

!ENTRY org.eclipse.cdt.core 4 0 2026-02-26 13:28:28.973
!MESSAGE Error

!ENTRY org.eclipse.cdt.core 4 0 2026-02-26 13:28:28.973
!MESSAGE Error

!ENTRY org.eclipse.cdt.core 4 0 2026-02-26 13:28:28.973
!MESSAGE Error

!ENTRY org.eclipse.cdt.core 4 0 2026-02-26 13:28:28.973
!MESSAGE Error

!ENTRY org.eclipse.cdt.core 4 0 2026-02-26 13:28:28.973
!MESSAGE Error

!ENTRY org.eclipse.cdt.core 4 0 2026-02-26 13:28:28.973
!MESSAGE Error

!ENTRY org.eclipse.cdt.core 4 0 2026-02-26 13:28:28.973
!MESSAGE Error

!ENTRY org.eclipse.cdt.core 4 0 2026-02-26 13:28:28.973
!MESSAGE Error

!ENTRY org.eclipse.cdt.core 4 0 2026-02-26 13:28:28.974
!MESSAGE Error

!ENTRY org.eclipse.cdt.core 4 0 2026-02-26 13:28:28.974
!MESSAGE Error

!ENTRY org.eclipse.cdt.core 4 0 2026-02-26 13:28:28.974
!MESSAGE Error

!ENTRY org.eclipse.cdt.core 4 0 2026-02-26 13:28:28.974
!MESSAGE Error

!ENTRY org.eclipse.cdt.core 4 0 2026-02-26 13:28:28.975
!MESSAGE Error

!ENTRY org.eclipse.cdt.core 4 0 2026-02-26 13:28:28.975
!MESSAGE Error

!ENTRY org.eclipse.cdt.core 4 0 2026-02-26 13:28:28.975
!MESSAGE Error

!ENTRY org.eclipse.cdt.core 4 0 2026-02-26 13:28:28.975
!MESSAGE Error

!ENTRY org.eclipse.cdt.core 4 0 2026-02-26 13:28:28.975
!MESSAGE Error

!ENTRY org.eclipse.cdt.core 4 0 2026-02-26 13:28:28.975
!MESSAGE Error

!ENTRY org.eclipse.cdt.core 4 0 2026-02-26 13:28:28.975
!MESSAGE Error

!ENTRY org.eclipse.cdt.core 4 0 2026-02-26 13:28:28.975
!MESSAGE Error

!ENTRY org.eclipse.cdt.core 4 0 2026-02-26 13:28:28.976
!MESSAGE Error

!ENTRY org.eclipse.cdt.core 4 0 2026-02-26 13:28:28.976
!MESSAGE Error

!ENTRY org.eclipse.cdt.core 4 0 2026-02-26 13:28:28.976
!MESSAGE Error

!ENTRY org.eclipse.cdt.core 4 0 2026-02-26 13:28:28.976
!MESSAGE Error

!ENTRY org.eclipse.cdt.core 4 0 2026-02-26 13:28:28.976
!MESSAGE Error

!ENTRY org.eclipse.cdt.core 4 0 2026-02-26 13:28:28.976
!MESSAGE Error

!ENTRY org.eclipse.cdt.core 4 0 2026-02-26 13:28:28.976
!MESSAGE Error

!ENTRY org.eclipse.cdt.core 4 0 2026-02-26 13:28:28.977
!MESSAGE Error

!ENTRY org.eclipse.cdt.core 4 0 2026-02-26 13:28:28.977
!MESSAGE Error

!ENTRY org.eclipse.cdt.core 4 0 2026-02-26 13:28:28.977
!MESSAGE Error

!ENTRY org.eclipse.cdt.core 4 0 2026-02-26 13:28:28.977
!MESSAGE Error

!ENTRY org.eclipse.cdt.core 4 0 2026-02-26 13:28:28.977
!MESSAGE Error

!ENTRY org.eclipse.cdt.core 4 0 2026-02-26 13:28:28.977
!MESSAGE Error

!ENTRY org.eclipse.cdt.core 4 0 2026-02-26 13:28:28.977
!MESSAGE Error

!ENTRY org.eclipse.cdt.core 4 0 2026-02-26 13:28:28.977
!MESSAGE Error

!ENTRY org.eclipse.cdt.core 4 0 2026-02-26 13:28:28.977
!MESSAGE Error

!ENTRY org.eclipse.cdt.core 4 0 2026-02-26 13:28:28.977
!MESSAGE Error

!ENTRY org.eclipse.cdt.core 4 0 2026-02-26 13:28:28.978
!MESSAGE Error

!ENTRY org.eclipse.cdt.core 4 0 2026-02-26 13:28:28.978
!MESSAGE Error

!ENTRY org.eclipse.cdt.core 4 0 2026-02-26 13:28:28.978
!MESSAGE Error

!ENTRY org.eclipse.cdt.core 4 0 2026-02-26 13:28:28.978
!MESSAGE Error

!ENTRY org.eclipse.cdt.core 4 0 2026-02-26 13:28:28.978
!MESSAGE Error

!ENTRY org.eclipse.cdt.core 4 0 2026-02-26 13:28:28.978
!MESSAGE Error

!ENTRY org.eclipse.cdt.core 4 0 2026-02-26 13:28:28.978
!MESSAGE Error

!ENTRY org.eclipse.cdt.core 4 0 2026-02-26 13:28:28.979
!MESSAGE Error

!ENTRY org.eclipse.cdt.core 4 0 2026-02-26 13:28:28.979
!MESSAGE Error

!ENTRY org.eclipse.cdt.core 4 0 2026-02-26 13:28:28.979
!MESSAGE Error

!ENTRY org.eclipse.cdt.core 4 0 2026-02-26 13:28:36.642
!MESSAGE Error

!ENTRY org.eclipse.cdt.core 4 0 2026-02-26 13:28:36.646
!MESSAGE Error

!ENTRY org.eclipse.cdt.core 4 0 2026-02-26 13:28:36.647
!MESSAGE Error

!ENTRY org.eclipse.cdt.core 4 0 2026-02-26 13:28:36.647
!MESSAGE Error

!ENTRY org.eclipse.cdt.core 4 0 2026-02-26 13:28:36.647
!MESSAGE Error

!ENTRY org.eclipse.cdt.core 4 0 2026-02-26 13:28:36.647
!MESSAGE Error

!ENTRY org.eclipse.cdt.core 4 0 2026-02-26 13:28:36.647
!MESSAGE Error

!ENTRY org.eclipse.cdt.core 4 0 2026-02-26 13:28:36.648
!MESSAGE Error

!ENTRY org.eclipse.cdt.core 4 0 2026-02-26 13:28:36.648
!MESSAGE Error

!ENTRY org.eclipse.cdt.core 4 0 2026-02-26 13:28:36.648
!MESSAGE Error

!ENTRY org.eclipse.cdt.core 4 0 2026-02-26 13:28:36.648
!MESSAGE Error

!ENTRY org.eclipse.cdt.core 4 0 2026-02-26 13:28:36.648
!MESSAGE Error

!ENTRY org.eclipse.cdt.core 4 0 2026-02-26 13:28:36.648
!MESSAGE Error

!ENTRY org.eclipse.cdt.core 4 0 2026-02-26 13:28:36.648
!MESSAGE Error

!ENTRY org.eclipse.cdt.core 4 0 2026-02-26 13:28:36.649
!MESSAGE Error

!ENTRY org.eclipse.cdt.core 4 0 2026-02-26 13:28:36.649
!MESSAGE Error

!ENTRY org.eclipse.cdt.core 4 0 2026-02-26 13:28:36.649
!MESSAGE Error

!ENTRY org.eclipse.cdt.core 4 0 2026-02-26 13:28:36.649
!MESSAGE Error

!ENTRY org.eclipse.cdt.core 4 0 2026-02-26 13:28:36.649
!MESSAGE Error

!ENTRY org.eclipse.cdt.core 4 0 2026-02-26 13:28:36.649
!MESSAGE Error

!ENTRY org.eclipse.cdt.core 4 0 2026-02-26 13:28:36.649
!MESSAGE Error

!ENTRY org.eclipse.cdt.core 4 0 2026-02-26 13:28:36.649
!MESSAGE Error

!ENTRY org.eclipse.cdt.core 4 0 2026-02-26 13:28:36.649
!MESSAGE Error

!ENTRY org.eclipse.cdt.core 4 0 2026-02-26 13:28:36.649
!MESSAGE Error

!ENTRY org.eclipse.cdt.core 4 0 2026-02-26 13:28:36.649
!MESSAGE Error

!ENTRY org.eclipse.cdt.core 4 0 2026-02-26 13:28:36.650
!MESSAGE Error

!ENTRY org.eclipse.cdt.core 4 0 2026-02-26 13:28:36.650
!MESSAGE Error

!ENTRY org.eclipse.cdt.core 4 0 2026-02-26 13:28:36.650
!MESSAGE Error

!ENTRY org.eclipse.cdt.core 4 0 2026-02-26 13:28:36.650
!MESSAGE Error

!ENTRY org.eclipse.cdt.core 4 0 2026-02-26 13:28:36.650
!MESSAGE Error

!ENTRY org.eclipse.cdt.core 4 0 2026-02-26 13:28:36.650
!MESSAGE Error

!ENTRY org.eclipse.cdt.core 4 0 2026-02-26 13:28:36.650
!MESSAGE Error

!ENTRY org.eclipse.cdt.core 4 0 2026-02-26 13:28:36.651
!MESSAGE Error

!ENTRY org.eclipse.cdt.core 4 0 2026-02-26 13:28:36.651
!MESSAGE Error

!ENTRY org.eclipse.cdt.core 4 0 2026-02-26 13:28:36.651
!MESSAGE Error

!ENTRY org.eclipse.cdt.core 4 0 2026-02-26 13:28:36.651
!MESSAGE Error

!ENTRY org.eclipse.cdt.core 4 0 2026-02-26 13:28:36.651
!MESSAGE Error

!ENTRY org.eclipse.cdt.core 4 0 2026-02-26 13:28:36.651
!MESSAGE Error

!ENTRY org.eclipse.cdt.core 4 0 2026-02-26 13:28:36.651
!MESSAGE Error

!ENTRY org.eclipse.cdt.core 4 0 2026-02-26 13:28:36.652
!MESSAGE Error

!ENTRY org.eclipse.cdt.core 4 0 2026-02-26 13:28:36.652
!MESSAGE Error

!ENTRY org.eclipse.cdt.core 4 0 2026-02-26 13:28:36.652
!MESSAGE Error

!ENTRY org.eclipse.cdt.core 4 0 2026-02-26 13:28:36.652
!MESSAGE Error

!ENTRY org.eclipse.cdt.core 4 0 2026-02-26 13:28:36.653
!MESSAGE Error

!ENTRY org.eclipse.cdt.core 4 0 2026-02-26 13:28:36.653
!MESSAGE Error

!ENTRY org.eclipse.cdt.core 4 0 2026-02-26 13:28:36.653
!MESSAGE Error

!ENTRY org.eclipse.cdt.core 4 0 2026-02-26 13:28:36.653
!MESSAGE Error

!ENTRY org.eclipse.cdt.core 4 0 2026-02-26 13:28:36.653
!MESSAGE Error

!ENTRY org.eclipse.cdt.core 4 0 2026-02-26 13:28:36.653
!MESSAGE Error

!ENTRY org.eclipse.cdt.core 4 0 2026-02-26 13:28:36.653
!MESSAGE Error

!ENTRY org.eclipse.cdt.core 4 0 2026-02-26 13:28:36.653
!MESSAGE Error

!ENTRY org.eclipse.cdt.core 4 0 2026-02-26 13:28:36.654
!MESSAGE Error

!ENTRY org.eclipse.cdt.core 4 0 2026-02-26 13:28:36.654
!MESSAGE Error

!ENTRY org.eclipse.cdt.core 4 0 2026-02-26 13:28:36.654
!MESSAGE Error

!ENTRY org.eclipse.cdt.core 4 0 2026-02-26 13:28:36.654
!MESSAGE Error

!ENTRY org.eclipse.cdt.core 4 0 2026-02-26 13:28:36.654
!MESSAGE Error

!ENTRY org.eclipse.cdt.core 4 0 2026-02-26 13:28:36.654
!MESSAGE Error

!ENTRY org.eclipse.cdt.core 4 0 2026-02-26 13:28:36.655
!MESSAGE Error

!ENTRY org.eclipse.cdt.core 4 0 2026-02-26 13:28:36.655
!MESSAGE Error

!ENTRY org.eclipse.cdt.core 4 0 2026-02-26 13:28:36.655
!MESSAGE Error

!ENTRY org.eclipse.cdt.core 4 0 2026-02-26 13:28:36.655
!MESSAGE Error

!ENTRY org.eclipse.cdt.core 4 0 2026-02-26 13:28:36.655
!MESSAGE Error

!ENTRY org.eclipse.cdt.core 4 0 2026-02-26 13:28:36.655
!MESSAGE Error

!ENTRY org.eclipse.cdt.core 4 0 2026-02-26 13:28:36.655
!MESSAGE Error

!ENTRY org.eclipse.cdt.core 4 0 2026-02-26 13:28:36.656
!MESSAGE Error

!ENTRY org.eclipse.cdt.core 4 0 2026-02-26 13:28:36.656
!MESSAGE Error

!ENTRY org.eclipse.cdt.core 4 0 2026-02-26 13:28:36.656
!MESSAGE Error

!ENTRY org.eclipse.cdt.core 4 0 2026-02-26 13:28:36.656
!MESSAGE Error

!ENTRY org.eclipse.cdt.core 4 0 2026-02-26 13:28:36.656
!MESSAGE Error

!ENTRY org.eclipse.cdt.core 4 0 2026-02-26 13:28:36.656
!MESSAGE Error

!ENTRY org.eclipse.cdt.core 4 0 2026-02-26 13:28:36.656
!MESSAGE Error

!ENTRY org.eclipse.cdt.core 4 0 2026-02-26 13:28:36.656
!MESSAGE Error

!ENTRY org.eclipse.cdt.core 4 0 2026-02-26 13:28:36.656
!MESSAGE Error

!ENTRY org.eclipse.cdt.core 4 0 2026-02-26 13:28:36.656
!MESSAGE Error

!ENTRY org.eclipse.cdt.core 4 0 2026-02-26 13:28:36.657
!MESSAGE Error

!ENTRY org.eclipse.cdt.core 4 0 2026-02-26 13:28:36.657
!MESSAGE Error

!ENTRY org.eclipse.cdt.core 4 0 2026-02-26 13:28:36.657
!MESSAGE Error

!ENTRY org.eclipse.cdt.core 4 0 2026-02-26 13:28:36.658
!MESSAGE Error

!ENTRY org.eclipse.cdt.core 4 0 2026-02-26 13:28:36.658
!MESSAGE Error

!ENTRY org.eclipse.cdt.core 4 0 2026-02-26 13:28:36.703
!MESSAGE Error

!ENTRY org.eclipse.cdt.core 4 0 2026-02-26 13:28:36.706
!MESSAGE Error

!ENTRY org.eclipse.cdt.core 4 0 2026-02-26 13:28:43.819
!MESSAGE Error

!ENTRY org.eclipse.cdt.core 4 0 2026-02-26 13:28:43.824
!MESSAGE Error

!ENTRY org.eclipse.cdt.core 4 0 2026-02-26 13:28:43.826
!MESSAGE Error

!ENTRY org.eclipse.cdt.core 4 0 2026-02-26 13:28:43.827
!MESSAGE Error

!ENTRY org.eclipse.cdt.core 4 0 2026-02-26 13:28:43.827
!MESSAGE Error

!ENTRY org.eclipse.cdt.core 4 0 2026-02-26 13:28:43.827
!MESSAGE Error

!ENTRY org.eclipse.cdt.core 4 0 2026-02-26 13:28:43.827
!MESSAGE Error

!ENTRY org.eclipse.cdt.core 4 0 2026-02-26 13:28:43.828
!MESSAGE Error

!ENTRY org.eclipse.cdt.core 4 0 2026-02-26 13:28:43.828
!MESSAGE Error

!ENTRY org.eclipse.cdt.core 4 0 2026-02-26 13:28:43.828
!MESSAGE Error

!ENTRY org.eclipse.cdt.core 4 0 2026-02-26 13:28:43.829
!MESSAGE Error

!ENTRY org.eclipse.cdt.core 4 0 2026-02-26 13:28:43.829
!MESSAGE Error

!ENTRY org.eclipse.cdt.core 4 0 2026-02-26 13:28:43.830
!MESSAGE Error

!ENTRY org.eclipse.cdt.core 4 0 2026-02-26 13:28:43.830
!MESSAGE Error

!ENTRY org.eclipse.cdt.core 4 0 2026-02-26 13:28:43.830
!MESSAGE Error

!ENTRY org.eclipse.cdt.core 4 0 2026-02-26 13:28:43.831
!MESSAGE Error

!ENTRY org.eclipse.cdt.core 4 0 2026-02-26 13:28:43.831
!MESSAGE Error

!ENTRY org.eclipse.cdt.core 4 0 2026-02-26 13:28:43.831
!MESSAGE Error

!ENTRY org.eclipse.cdt.core 4 0 2026-02-26 13:28:43.832
!MESSAGE Error

!ENTRY org.eclipse.cdt.core 4 0 2026-02-26 13:28:43.833
!MESSAGE Error

!ENTRY org.eclipse.cdt.core 4 0 2026-02-26 13:28:43.833
!MESSAGE Error

!ENTRY org.eclipse.cdt.core 4 0 2026-02-26 13:28:43.833
!MESSAGE Error

!ENTRY org.eclipse.cdt.core 4 0 2026-02-26 13:28:43.834
!MESSAGE Error

!ENTRY org.eclipse.cdt.core 4 0 2026-02-26 13:28:43.834
!MESSAGE Error

!ENTRY org.eclipse.cdt.core 4 0 2026-02-26 13:28:43.834
!MESSAGE Error

!ENTRY org.eclipse.cdt.core 4 0 2026-02-26 13:28:43.835
!MESSAGE Error

!ENTRY org.eclipse.cdt.core 4 0 2026-02-26 13:28:43.835
!MESSAGE Error

!ENTRY org.eclipse.cdt.core 4 0 2026-02-26 13:28:43.835
!MESSAGE Error

!ENTRY org.eclipse.cdt.core 4 0 2026-02-26 13:28:43.836
!MESSAGE Error

!ENTRY org.eclipse.cdt.core 4 0 2026-02-26 13:28:43.836
!MESSAGE Error

!ENTRY org.eclipse.cdt.core 4 0 2026-02-26 13:28:43.836
!MESSAGE Error

!ENTRY org.eclipse.cdt.core 4 0 2026-02-26 13:28:43.836
!MESSAGE Error

!ENTRY org.eclipse.cdt.core 4 0 2026-02-26 13:28:43.836
!MESSAGE Error

!ENTRY org.eclipse.cdt.core 4 0 2026-02-26 13:28:43.836
!MESSAGE Error

!ENTRY org.eclipse.cdt.core 4 0 2026-02-26 13:28:43.837
!MESSAGE Error

!ENTRY org.eclipse.cdt.core 4 0 2026-02-26 13:28:43.837
!MESSAGE Error

!ENTRY org.eclipse.cdt.core 4 0 2026-02-26 13:28:43.837
!MESSAGE Error

!ENTRY org.eclipse.cdt.core 4 0 2026-02-26 13:28:43.837
!MESSAGE Error

!ENTRY org.eclipse.cdt.core 4 0 2026-02-26 13:28:43.837
!MESSAGE Error

!ENTRY org.eclipse.cdt.core 4 0 2026-02-26 13:28:43.837
!MESSAGE Error

!ENTRY org.eclipse.cdt.core 4 0 2026-02-26 13:28:43.837
!MESSAGE Error

!ENTRY org.eclipse.cdt.core 4 0 2026-02-26 13:28:43.838
!MESSAGE Error

!ENTRY org.eclipse.cdt.core 4 0 2026-02-26 13:28:43.838
!MESSAGE Error

!ENTRY org.eclipse.cdt.core 4 0 2026-02-26 13:28:43.838
!MESSAGE Error

!ENTRY org.eclipse.cdt.core 4 0 2026-02-26 13:28:43.838
!MESSAGE Error

!ENTRY org.eclipse.cdt.core 4 0 2026-02-26 13:28:43.838
!MESSAGE Error

!ENTRY org.eclipse.cdt.core 4 0 2026-02-26 13:28:43.838
!MESSAGE Error

!ENTRY org.eclipse.cdt.core 4 0 2026-02-26 13:28:43.838
!MESSAGE Error

!ENTRY org.eclipse.cdt.core 4 0 2026-02-26 13:28:43.838
!MESSAGE Error

!ENTRY org.eclipse.cdt.core 4 0 2026-02-26 13:28:43.838
!MESSAGE Error

!ENTRY org.eclipse.cdt.core 4 0 2026-02-26 13:28:43.838
!MESSAGE Error

!ENTRY org.eclipse.cdt.core 4 0 2026-02-26 13:28:43.838
!MESSAGE Error

!ENTRY org.eclipse.cdt.core 4 0 2026-02-26 13:28:43.839
!MESSAGE Error

!ENTRY org.eclipse.cdt.core 4 0 2026-02-26 13:28:43.839
!MESSAGE Error

!ENTRY org.eclipse.cdt.core 4 0 2026-02-26 13:28:43.839
!MESSAGE Error

!ENTRY org.eclipse.cdt.core 4 0 2026-02-26 13:28:43.839
!MESSAGE Error

!ENTRY org.eclipse.cdt.core 4 0 2026-02-26 13:28:43.839
!MESSAGE Error

!ENTRY org.eclipse.cdt.core 4 0 2026-02-26 13:28:43.839
!MESSAGE Error

!ENTRY org.eclipse.cdt.core 4 0 2026-02-26 13:28:43.839
!MESSAGE Error

!ENTRY org.eclipse.cdt.core 4 0 2026-02-26 13:28:43.840
!MESSAGE Error

!ENTRY org.eclipse.cdt.core 4 0 2026-02-26 13:28:43.840
!MESSAGE Error

!ENTRY org.eclipse.cdt.core 4 0 2026-02-26 13:28:43.840
!MESSAGE Error

!ENTRY org.eclipse.cdt.core 4 0 2026-02-26 13:28:43.840
!MESSAGE Error

!ENTRY org.eclipse.cdt.core 4 0 2026-02-26 13:28:43.840
!MESSAGE Error

!ENTRY org.eclipse.cdt.core 4 0 2026-02-26 13:28:43.840
!MESSAGE Error

!ENTRY org.eclipse.cdt.core 4 0 2026-02-26 13:28:43.840
!MESSAGE Error

!ENTRY org.eclipse.cdt.core 4 0 2026-02-26 13:28:43.841
!MESSAGE Error

!ENTRY org.eclipse.cdt.core 4 0 2026-02-26 13:28:43.841
!MESSAGE Error

!ENTRY org.eclipse.cdt.core 4 0 2026-02-26 13:28:43.841
!MESSAGE Error

!ENTRY org.eclipse.cdt.core 4 0 2026-02-26 13:28:43.841
!MESSAGE Error

!ENTRY org.eclipse.cdt.core 4 0 2026-02-26 13:28:43.841
!MESSAGE Error

!ENTRY org.eclipse.cdt.core 4 0 2026-02-26 13:28:43.841
!MESSAGE Error

!ENTRY org.eclipse.cdt.core 4 0 2026-02-26 13:28:43.841
!MESSAGE Error

!ENTRY org.eclipse.cdt.core 4 0 2026-02-26 13:28:43.842
!MESSAGE Error

!ENTRY org.eclipse.cdt.core 4 0 2026-02-26 13:28:43.842
!MESSAGE Error

!ENTRY org.eclipse.cdt.core 4 0 2026-02-26 13:28:43.842
!MESSAGE Error

!ENTRY org.eclipse.cdt.core 4 0 2026-02-26 13:28:43.842
!MESSAGE Error

!ENTRY org.eclipse.cdt.core 4 0 2026-02-26 13:28:43.842
!MESSAGE Error

!ENTRY org.eclipse.cdt.core 4 0 2026-02-26 13:28:43.842
!MESSAGE Error

!ENTRY org.eclipse.cdt.core 4 0 2026-02-26 13:28:46.888
!MESSAGE Error

!ENTRY org.eclipse.cdt.core 4 0 2026-02-26 13:28:46.893
!MESSAGE Error

!ENTRY org.eclipse.cdt.core 4 0 2026-02-26 13:28:46.895
!MESSAGE Error

!ENTRY org.eclipse.cdt.core 4 0 2026-02-26 13:28:46.896
!MESSAGE Error

!ENTRY org.eclipse.cdt.core 4 0 2026-02-26 13:28:46.896
!MESSAGE Error

!ENTRY org.eclipse.cdt.core 4 0 2026-02-26 13:28:46.897
!MESSAGE Error

!ENTRY org.eclipse.cdt.core 4 0 2026-02-26 13:28:46.897
!MESSAGE Error

!ENTRY org.eclipse.cdt.core 4 0 2026-02-26 13:28:46.897
!MESSAGE Error

!ENTRY org.eclipse.cdt.core 4 0 2026-02-26 13:28:46.898
!MESSAGE Error

!ENTRY org.eclipse.cdt.core 4 0 2026-02-26 13:28:46.898
!MESSAGE Error

!ENTRY org.eclipse.cdt.core 4 0 2026-02-26 13:28:46.898
!MESSAGE Error

!ENTRY org.eclipse.cdt.core 4 0 2026-02-26 13:28:46.899
!MESSAGE Error

!ENTRY org.eclipse.cdt.core 4 0 2026-02-26 13:28:46.899
!MESSAGE Error

!ENTRY org.eclipse.cdt.core 4 0 2026-02-26 13:28:46.899
!MESSAGE Error

!ENTRY org.eclipse.cdt.core 4 0 2026-02-26 13:28:46.900
!MESSAGE Error

!ENTRY org.eclipse.cdt.core 4 0 2026-02-26 13:28:46.900
!MESSAGE Error

!ENTRY org.eclipse.cdt.core 4 0 2026-02-26 13:28:46.900
!MESSAGE Error

!ENTRY org.eclipse.cdt.core 4 0 2026-02-26 13:28:46.900
!MESSAGE Error

!ENTRY org.eclipse.cdt.core 4 0 2026-02-26 13:28:46.901
!MESSAGE Error

!ENTRY org.eclipse.cdt.core 4 0 2026-02-26 13:28:46.901
!MESSAGE Error

!ENTRY org.eclipse.cdt.core 4 0 2026-02-26 13:28:46.901
!MESSAGE Error

!ENTRY org.eclipse.cdt.core 4 0 2026-02-26 13:28:46.902
!MESSAGE Error

!ENTRY org.eclipse.cdt.core 4 0 2026-02-26 13:28:46.902
!MESSAGE Error

!ENTRY org.eclipse.cdt.core 4 0 2026-02-26 13:28:46.902
!MESSAGE Error

!ENTRY org.eclipse.cdt.core 4 0 2026-02-26 13:28:46.903
!MESSAGE Error

!ENTRY org.eclipse.cdt.core 4 0 2026-02-26 13:28:46.904
!MESSAGE Error

!ENTRY org.eclipse.cdt.core 4 0 2026-02-26 13:28:46.904
!MESSAGE Error

!ENTRY org.eclipse.cdt.core 4 0 2026-02-26 13:28:46.904
!MESSAGE Error

!ENTRY org.eclipse.cdt.core 4 0 2026-02-26 13:28:46.905
!MESSAGE Error

!ENTRY org.eclipse.cdt.core 4 0 2026-02-26 13:28:46.905
!MESSAGE Error

!ENTRY org.eclipse.cdt.core 4 0 2026-02-26 13:28:46.905
!MESSAGE Error

!ENTRY org.eclipse.cdt.core 4 0 2026-02-26 13:28:46.905
!MESSAGE Error

!ENTRY org.eclipse.cdt.core 4 0 2026-02-26 13:28:46.906
!MESSAGE Error

!ENTRY org.eclipse.cdt.core 4 0 2026-02-26 13:28:46.906
!MESSAGE Error

!ENTRY org.eclipse.cdt.core 4 0 2026-02-26 13:28:46.906
!MESSAGE Error

!ENTRY org.eclipse.cdt.core 4 0 2026-02-26 13:28:46.907
!MESSAGE Error

!ENTRY org.eclipse.cdt.core 4 0 2026-02-26 13:28:46.907
!MESSAGE Error

!ENTRY org.eclipse.cdt.core 4 0 2026-02-26 13:28:46.907
!MESSAGE Error

!ENTRY org.eclipse.cdt.core 4 0 2026-02-26 13:28:46.908
!MESSAGE Error

!ENTRY org.eclipse.cdt.core 4 0 2026-02-26 13:28:46.908
!MESSAGE Error

!ENTRY org.eclipse.cdt.core 4 0 2026-02-26 13:28:46.908
!MESSAGE Error

!ENTRY org.eclipse.cdt.core 4 0 2026-02-26 13:28:46.908
!MESSAGE Error

!ENTRY org.eclipse.cdt.core 4 0 2026-02-26 13:28:46.909
!MESSAGE Error

!ENTRY org.eclipse.cdt.core 4 0 2026-02-26 13:28:46.909
!MESSAGE Error

!ENTRY org.eclipse.cdt.core 4 0 2026-02-26 13:28:46.909
!MESSAGE Error

!ENTRY org.eclipse.cdt.core 4 0 2026-02-26 13:28:46.909
!MESSAGE Error

!ENTRY org.eclipse.cdt.core 4 0 2026-02-26 13:28:46.909
!MESSAGE Error

!ENTRY org.eclipse.cdt.core 4 0 2026-02-26 13:28:46.910
!MESSAGE Error

!ENTRY org.eclipse.cdt.core 4 0 2026-02-26 13:28:46.910
!MESSAGE Error

!ENTRY org.eclipse.cdt.core 4 0 2026-02-26 13:28:46.910
!MESSAGE Error

!ENTRY org.eclipse.cdt.core 4 0 2026-02-26 13:28:46.911
!MESSAGE Error

!ENTRY org.eclipse.cdt.core 4 0 2026-02-26 13:28:46.911
!MESSAGE Error

!ENTRY org.eclipse.cdt.core 4 0 2026-02-26 13:28:46.911
!MESSAGE Error

!ENTRY org.eclipse.cdt.core 4 0 2026-02-26 13:28:46.911
!MESSAGE Error

!ENTRY org.eclipse.cdt.core 4 0 2026-02-26 13:28:46.911
!MESSAGE Error

!ENTRY org.eclipse.cdt.core 4 0 2026-02-26 13:28:46.911
!MESSAGE Error

!ENTRY org.eclipse.cdt.core 4 0 2026-02-26 13:28:46.912
!MESSAGE Error

!ENTRY org.eclipse.cdt.core 4 0 2026-02-26 13:28:46.912
!MESSAGE Error

!ENTRY org.eclipse.cdt.core 4 0 2026-02-26 13:28:46.912
!MESSAGE Error

!ENTRY org.eclipse.cdt.core 4 0 2026-02-26 13:28:46.912
!MESSAGE Error

!ENTRY org.eclipse.cdt.core 4 0 2026-02-26 13:28:46.913
!MESSAGE Error

!ENTRY org.eclipse.cdt.core 4 0 2026-02-26 13:28:46.913
!MESSAGE Error

!ENTRY org.eclipse.cdt.core 4 0 2026-02-26 13:28:46.913
!MESSAGE Error

!ENTRY org.eclipse.cdt.core 4 0 2026-02-26 13:28:46.913
!MESSAGE Error

!ENTRY org.eclipse.cdt.core 4 0 2026-02-26 13:28:46.913
!MESSAGE Error

!ENTRY org.eclipse.cdt.core 4 0 2026-02-26 13:28:46.913
!MESSAGE Error

!ENTRY org.eclipse.cdt.core 4 0 2026-02-26 13:28:46.913
!MESSAGE Error

!ENTRY org.eclipse.cdt.core 4 0 2026-02-26 13:28:46.914
!MESSAGE Error

!ENTRY org.eclipse.cdt.core 4 0 2026-02-26 13:28:46.914
!MESSAGE Error

!ENTRY org.eclipse.cdt.core 4 0 2026-02-26 13:28:46.914
!MESSAGE Error

!ENTRY org.eclipse.cdt.core 4 0 2026-02-26 13:28:46.914
!MESSAGE Error

!ENTRY org.eclipse.cdt.core 4 0 2026-02-26 13:28:46.914
!MESSAGE Error

!ENTRY org.eclipse.cdt.core 4 0 2026-02-26 13:28:46.914
!MESSAGE Error

!ENTRY org.eclipse.cdt.core 4 0 2026-02-26 13:28:46.914
!MESSAGE Error

!ENTRY org.eclipse.cdt.core 4 0 2026-02-26 13:28:46.915
!MESSAGE Error

!ENTRY org.eclipse.cdt.core 4 0 2026-02-26 13:28:46.915
!MESSAGE Error

!ENTRY org.eclipse.cdt.core 4 0 2026-02-26 13:28:46.915
!MESSAGE Error

!ENTRY org.eclipse.cdt.core 4 0 2026-02-26 13:28:46.915
!MESSAGE Error

!ENTRY org.eclipse.cdt.core 4 0 2026-02-26 13:28:46.915
!MESSAGE Error

!ENTRY org.eclipse.cdt.core 4 0 2026-02-26 13:28:46.918
!MESSAGE Error

!ENTRY org.eclipse.cdt.core 4 0 2026-02-26 13:28:46.921
!MESSAGE Error

!ENTRY org.eclipse.cdt.core 4 0 2026-02-26 13:28:50.499
!MESSAGE Error

!ENTRY org.eclipse.cdt.core 4 0 2026-02-26 13:28:50.503
!MESSAGE Error

!ENTRY org.eclipse.cdt.core 4 0 2026-02-26 13:28:50.505
!MESSAGE Error

!ENTRY org.eclipse.cdt.core 4 0 2026-02-26 13:28:50.506
!MESSAGE Error

!ENTRY org.eclipse.cdt.core 4 0 2026-02-26 13:28:50.506
!MESSAGE Error

!ENTRY org.eclipse.cdt.core 4 0 2026-02-26 13:28:50.507
!MESSAGE Error

!ENTRY org.eclipse.cdt.core 4 0 2026-02-26 13:28:50.507
!MESSAGE Error

!ENTRY org.eclipse.cdt.core 4 0 2026-02-26 13:28:50.507
!MESSAGE Error

!ENTRY org.eclipse.cdt.core 4 0 2026-02-26 13:28:50.508
!MESSAGE Error

!ENTRY org.eclipse.cdt.core 4 0 2026-02-26 13:28:50.508
!MESSAGE Error

!ENTRY org.eclipse.cdt.core 4 0 2026-02-26 13:28:50.508
!MESSAGE Error

!ENTRY org.eclipse.cdt.core 4 0 2026-02-26 13:28:50.509
!MESSAGE Error

!ENTRY org.eclipse.cdt.core 4 0 2026-02-26 13:28:50.509
!MESSAGE Error

!ENTRY org.eclipse.cdt.core 4 0 2026-02-26 13:28:50.510
!MESSAGE Error

!ENTRY org.eclipse.cdt.core 4 0 2026-02-26 13:28:50.510
!MESSAGE Error

!ENTRY org.eclipse.cdt.core 4 0 2026-02-26 13:28:50.510
!MESSAGE Error

!ENTRY org.eclipse.cdt.core 4 0 2026-02-26 13:28:50.511
!MESSAGE Error

!ENTRY org.eclipse.cdt.core 4 0 2026-02-26 13:28:50.511
!MESSAGE Error

!ENTRY org.eclipse.cdt.core 4 0 2026-02-26 13:28:50.511
!MESSAGE Error

!ENTRY org.eclipse.cdt.core 4 0 2026-02-26 13:28:50.511
!MESSAGE Error

!ENTRY org.eclipse.cdt.core 4 0 2026-02-26 13:28:50.511
!MESSAGE Error

!ENTRY org.eclipse.cdt.core 4 0 2026-02-26 13:28:50.511
!MESSAGE Error

!ENTRY org.eclipse.cdt.core 4 0 2026-02-26 13:28:50.512
!MESSAGE Error

!ENTRY org.eclipse.cdt.core 4 0 2026-02-26 13:28:50.512
!MESSAGE Error

!ENTRY org.eclipse.cdt.core 4 0 2026-02-26 13:28:50.512
!MESSAGE Error

!ENTRY org.eclipse.cdt.core 4 0 2026-02-26 13:28:50.512
!MESSAGE Error

!ENTRY org.eclipse.cdt.core 4 0 2026-02-26 13:28:50.512
!MESSAGE Error

!ENTRY org.eclipse.cdt.core 4 0 2026-02-26 13:28:50.512
!MESSAGE Error

!ENTRY org.eclipse.cdt.core 4 0 2026-02-26 13:28:50.512
!MESSAGE Error

!ENTRY org.eclipse.cdt.core 4 0 2026-02-26 13:28:50.512
!MESSAGE Error

!ENTRY org.eclipse.cdt.core 4 0 2026-02-26 13:28:50.512
!MESSAGE Error

!ENTRY org.eclipse.cdt.core 4 0 2026-02-26 13:28:50.512
!MESSAGE Error

!ENTRY org.eclipse.cdt.core 4 0 2026-02-26 13:28:50.512
!MESSAGE Error

!ENTRY org.eclipse.cdt.core 4 0 2026-02-26 13:28:50.513
!MESSAGE Error

!ENTRY org.eclipse.cdt.core 4 0 2026-02-26 13:28:50.513
!MESSAGE Error

!ENTRY org.eclipse.cdt.core 4 0 2026-02-26 13:28:50.513
!MESSAGE Error

!ENTRY org.eclipse.cdt.core 4 0 2026-02-26 13:28:50.513
!MESSAGE Error

!ENTRY org.eclipse.cdt.core 4 0 2026-02-26 13:28:50.513
!MESSAGE Error

!ENTRY org.eclipse.cdt.core 4 0 2026-02-26 13:28:50.513
!MESSAGE Error

!ENTRY org.eclipse.cdt.core 4 0 2026-02-26 13:28:50.513
!MESSAGE Error

!ENTRY org.eclipse.cdt.core 4 0 2026-02-26 13:28:50.514
!MESSAGE Error

!ENTRY org.eclipse.cdt.core 4 0 2026-02-26 13:28:50.514
!MESSAGE Error

!ENTRY org.eclipse.cdt.core 4 0 2026-02-26 13:28:50.514
!MESSAGE Error

!ENTRY org.eclipse.cdt.core 4 0 2026-02-26 13:28:50.514
!MESSAGE Error

!ENTRY org.eclipse.cdt.core 4 0 2026-02-26 13:28:50.514
!MESSAGE Error

!ENTRY org.eclipse.cdt.core 4 0 2026-02-26 13:28:50.514
!MESSAGE Error

!ENTRY org.eclipse.cdt.core 4 0 2026-02-26 13:28:50.515
!MESSAGE Error

!ENTRY org.eclipse.cdt.core 4 0 2026-02-26 13:28:50.515
!MESSAGE Error

!ENTRY org.eclipse.cdt.core 4 0 2026-02-26 13:28:50.515
!MESSAGE Error

!ENTRY org.eclipse.cdt.core 4 0 2026-02-26 13:28:50.515
!MESSAGE Error

!ENTRY org.eclipse.cdt.core 4 0 2026-02-26 13:28:50.515
!MESSAGE Error

!ENTRY org.eclipse.cdt.core 4 0 2026-02-26 13:28:50.515
!MESSAGE Error

!ENTRY org.eclipse.cdt.core 4 0 2026-02-26 13:28:50.515
!MESSAGE Error

!ENTRY org.eclipse.cdt.core 4 0 2026-02-26 13:28:50.516
!MESSAGE Error

!ENTRY org.eclipse.cdt.core 4 0 2026-02-26 13:28:50.516
!MESSAGE Error

!ENTRY org.eclipse.cdt.core 4 0 2026-02-26 13:28:50.516
!MESSAGE Error

!ENTRY org.eclipse.cdt.core 4 0 2026-02-26 13:28:50.516
!MESSAGE Error

!ENTRY org.eclipse.cdt.core 4 0 2026-02-26 13:28:50.516
!MESSAGE Error

!ENTRY org.eclipse.cdt.core 4 0 2026-02-26 13:28:50.516
!MESSAGE Error

!ENTRY org.eclipse.cdt.core 4 0 2026-02-26 13:28:50.516
!MESSAGE Error

!ENTRY org.eclipse.cdt.core 4 0 2026-02-26 13:28:50.517
!MESSAGE Error

!ENTRY org.eclipse.cdt.core 4 0 2026-02-26 13:28:50.517
!MESSAGE Error

!ENTRY org.eclipse.cdt.core 4 0 2026-02-26 13:28:50.517
!MESSAGE Error

!ENTRY org.eclipse.cdt.core 4 0 2026-02-26 13:28:50.517
!MESSAGE Error

!ENTRY org.eclipse.cdt.core 4 0 2026-02-26 13:28:50.517
!MESSAGE Error

!ENTRY org.eclipse.cdt.core 4 0 2026-02-26 13:28:50.517
!MESSAGE Error

!ENTRY org.eclipse.cdt.core 4 0 2026-02-26 13:28:50.517
!MESSAGE Error

!ENTRY org.eclipse.cdt.core 4 0 2026-02-26 13:28:50.518
!MESSAGE Error

!ENTRY org.eclipse.cdt.core 4 0 2026-02-26 13:28:50.518
!MESSAGE Error

!ENTRY org.eclipse.cdt.core 4 0 2026-02-26 13:28:50.518
!MESSAGE Error

!ENTRY org.eclipse.cdt.core 4 0 2026-02-26 13:28:50.518
!MESSAGE Error

!ENTRY org.eclipse.cdt.core 4 0 2026-02-26 13:28:50.518
!MESSAGE Error

!ENTRY org.eclipse.cdt.core 4 0 2026-02-26 13:28:50.518
!MESSAGE Error

!ENTRY org.eclipse.cdt.core 4 0 2026-02-26 13:28:50.519
!MESSAGE Error

!ENTRY org.eclipse.cdt.core 4 0 2026-02-26 13:28:50.519
!MESSAGE Error

!ENTRY org.eclipse.cdt.core 4 0 2026-02-26 13:28:50.519
!MESSAGE Error

!ENTRY org.eclipse.cdt.core 4 0 2026-02-26 13:28:50.519
!MESSAGE Error

!ENTRY org.eclipse.cdt.core 4 0 2026-02-26 13:28:50.519
!MESSAGE Error

!ENTRY org.eclipse.cdt.core 4 0 2026-02-26 13:28:50.519
!MESSAGE Error

!ENTRY org.eclipse.cdt.core 4 0 2026-02-26 13:28:51.133
!MESSAGE Error

!ENTRY org.eclipse.cdt.core 4 0 2026-02-26 13:28:51.138
!MESSAGE Error

!ENTRY org.eclipse.cdt.core 4 0 2026-02-26 13:28:56.135
!MESSAGE Error

!ENTRY org.eclipse.cdt.core 4 0 2026-02-26 13:28:56.141
!MESSAGE Error

!ENTRY org.eclipse.cdt.core 4 0 2026-02-26 13:28:56.143
!MESSAGE Error

!ENTRY org.eclipse.cdt.core 4 0 2026-02-26 13:28:56.143
!MESSAGE Error

!ENTRY org.eclipse.cdt.core 4 0 2026-02-26 13:28:56.143
!MESSAGE Error

!ENTRY org.eclipse.cdt.core 4 0 2026-02-26 13:28:56.144
!MESSAGE Error

!ENTRY org.eclipse.cdt.core 4 0 2026-02-26 13:28:56.144
!MESSAGE Error

!ENTRY org.eclipse.cdt.core 4 0 2026-02-26 13:28:56.145
!MESSAGE Error

!ENTRY org.eclipse.cdt.core 4 0 2026-02-26 13:28:56.145
!MESSAGE Error

!ENTRY org.eclipse.cdt.core 4 0 2026-02-26 13:28:56.145
!MESSAGE Error

!ENTRY org.eclipse.cdt.core 4 0 2026-02-26 13:28:56.146
!MESSAGE Error

!ENTRY org.eclipse.cdt.core 4 0 2026-02-26 13:28:56.146
!MESSAGE Error

!ENTRY org.eclipse.cdt.core 4 0 2026-02-26 13:28:56.146
!MESSAGE Error

!ENTRY org.eclipse.cdt.core 4 0 2026-02-26 13:28:56.147
!MESSAGE Error

!ENTRY org.eclipse.cdt.core 4 0 2026-02-26 13:28:56.147
!MESSAGE Error

!ENTRY org.eclipse.cdt.core 4 0 2026-02-26 13:28:56.148
!MESSAGE Error

!ENTRY org.eclipse.cdt.core 4 0 2026-02-26 13:28:56.148
!MESSAGE Error

!ENTRY org.eclipse.cdt.core 4 0 2026-02-26 13:28:56.148
!MESSAGE Error

!ENTRY org.eclipse.cdt.core 4 0 2026-02-26 13:28:56.149
!MESSAGE Error

!ENTRY org.eclipse.cdt.core 4 0 2026-02-26 13:28:56.149
!MESSAGE Error

!ENTRY org.eclipse.cdt.core 4 0 2026-02-26 13:28:56.149
!MESSAGE Error

!ENTRY org.eclipse.cdt.core 4 0 2026-02-26 13:28:56.150
!MESSAGE Error

!ENTRY org.eclipse.cdt.core 4 0 2026-02-26 13:28:56.150
!MESSAGE Error

!ENTRY org.eclipse.cdt.core 4 0 2026-02-26 13:28:56.150
!MESSAGE Error

!ENTRY org.eclipse.cdt.core 4 0 2026-02-26 13:28:56.151
!MESSAGE Error

!ENTRY org.eclipse.cdt.core 4 0 2026-02-26 13:28:56.151
!MESSAGE Error

!ENTRY org.eclipse.cdt.core 4 0 2026-02-26 13:28:56.152
!MESSAGE Error

!ENTRY org.eclipse.cdt.core 4 0 2026-02-26 13:28:56.152
!MESSAGE Error

!ENTRY org.eclipse.cdt.core 4 0 2026-02-26 13:28:56.152
!MESSAGE Error

!ENTRY org.eclipse.cdt.core 4 0 2026-02-26 13:28:56.153
!MESSAGE Error

!ENTRY org.eclipse.cdt.core 4 0 2026-02-26 13:28:56.153
!MESSAGE Error

!ENTRY org.eclipse.cdt.core 4 0 2026-02-26 13:28:56.153
!MESSAGE Error

!ENTRY org.eclipse.cdt.core 4 0 2026-02-26 13:28:56.153
!MESSAGE Error

!ENTRY org.eclipse.cdt.core 4 0 2026-02-26 13:28:56.153
!MESSAGE Error

!ENTRY org.eclipse.cdt.core 4 0 2026-02-26 13:28:56.154
!MESSAGE Error

!ENTRY org.eclipse.cdt.core 4 0 2026-02-26 13:28:56.154
!MESSAGE Error

!ENTRY org.eclipse.cdt.core 4 0 2026-02-26 13:28:56.154
!MESSAGE Error

!ENTRY org.eclipse.cdt.core 4 0 2026-02-26 13:28:56.155
!MESSAGE Error

!ENTRY org.eclipse.cdt.core 4 0 2026-02-26 13:28:56.155
!MESSAGE Error

!ENTRY org.eclipse.cdt.core 4 0 2026-02-26 13:28:56.155
!MESSAGE Error

!ENTRY org.eclipse.cdt.core 4 0 2026-02-26 13:28:56.155
!MESSAGE Error

!ENTRY org.eclipse.cdt.core 4 0 2026-02-26 13:28:56.156
!MESSAGE Error

!ENTRY org.eclipse.cdt.core 4 0 2026-02-26 13:28:56.156
!MESSAGE Error

!ENTRY org.eclipse.cdt.core 4 0 2026-02-26 13:28:56.156
!MESSAGE Error

!ENTRY org.eclipse.cdt.core 4 0 2026-02-26 13:28:56.156
!MESSAGE Error

!ENTRY org.eclipse.cdt.core 4 0 2026-02-26 13:28:56.157
!MESSAGE Error

!ENTRY org.eclipse.cdt.core 4 0 2026-02-26 13:28:56.157
!MESSAGE Error

!ENTRY org.eclipse.cdt.core 4 0 2026-02-26 13:28:56.157
!MESSAGE Error

!ENTRY org.eclipse.cdt.core 4 0 2026-02-26 13:28:56.158
!MESSAGE Error

!ENTRY org.eclipse.cdt.core 4 0 2026-02-26 13:28:56.158
!MESSAGE Error

!ENTRY org.eclipse.cdt.core 4 0 2026-02-26 13:28:56.158
!MESSAGE Error

!ENTRY org.eclipse.cdt.core 4 0 2026-02-26 13:28:56.158
!MESSAGE Error

!ENTRY org.eclipse.cdt.core 4 0 2026-02-26 13:28:56.158
!MESSAGE Error

!ENTRY org.eclipse.cdt.core 4 0 2026-02-26 13:28:56.159
!MESSAGE Error

!ENTRY org.eclipse.cdt.core 4 0 2026-02-26 13:28:56.159
!MESSAGE Error

!ENTRY org.eclipse.cdt.core 4 0 2026-02-26 13:28:56.159
!MESSAGE Error

!ENTRY org.eclipse.cdt.core 4 0 2026-02-26 13:28:56.159
!MESSAGE Error

!ENTRY org.eclipse.cdt.core 4 0 2026-02-26 13:28:56.159
!MESSAGE Error

!ENTRY org.eclipse.cdt.core 4 0 2026-02-26 13:28:56.159
!MESSAGE Error

!ENTRY org.eclipse.cdt.core 4 0 2026-02-26 13:28:56.159
!MESSAGE Error

!ENTRY org.eclipse.cdt.core 4 0 2026-02-26 13:28:56.160
!MESSAGE Error

!ENTRY org.eclipse.cdt.core 4 0 2026-02-26 13:28:56.160
!MESSAGE Error

!ENTRY org.eclipse.cdt.core 4 0 2026-02-26 13:28:56.160
!MESSAGE Error

!ENTRY org.eclipse.cdt.core 4 0 2026-02-26 13:28:56.160
!MESSAGE Error

!ENTRY org.eclipse.cdt.core 4 0 2026-02-26 13:28:56.160
!MESSAGE Error

!ENTRY org.eclipse.cdt.core 4 0 2026-02-26 13:28:56.160
!MESSAGE Error

!ENTRY org.eclipse.cdt.core 4 0 2026-02-26 13:28:56.160
!MESSAGE Error

!ENTRY org.eclipse.cdt.core 4 0 2026-02-26 13:28:56.161
!MESSAGE Error

!ENTRY org.eclipse.cdt.core 4 0 2026-02-26 13:28:56.161
!MESSAGE Error

!ENTRY org.eclipse.cdt.core 4 0 2026-02-26 13:28:56.161
!MESSAGE Error

!ENTRY org.eclipse.cdt.core 4 0 2026-02-26 13:28:56.161
!MESSAGE Error

!ENTRY org.eclipse.cdt.core 4 0 2026-02-26 13:28:56.161
!MESSAGE Error

!ENTRY org.eclipse.cdt.core 4 0 2026-02-26 13:28:56.161
!MESSAGE Error

!ENTRY org.eclipse.cdt.core 4 0 2026-02-26 13:28:56.162
!MESSAGE Error

!ENTRY org.eclipse.cdt.core 4 0 2026-02-26 13:28:56.162
!MESSAGE Error

!ENTRY org.eclipse.cdt.core 4 0 2026-02-26 13:28:56.162
!MESSAGE Error

!ENTRY org.eclipse.cdt.core 4 0 2026-02-26 13:28:56.162
!MESSAGE Error

!ENTRY org.eclipse.cdt.core 4 0 2026-02-26 13:28:56.162
!MESSAGE Error

!ENTRY org.eclipse.cdt.core 4 0 2026-02-26 13:28:56.162
!MESSAGE Error

!ENTRY org.eclipse.cdt.core 4 0 2026-02-26 13:29:00.231
!MESSAGE Error

!ENTRY org.eclipse.cdt.core 4 0 2026-02-26 13:29:00.235
!MESSAGE Error

!ENTRY org.eclipse.cdt.core 4 0 2026-02-26 13:29:00.236
!MESSAGE Error

!ENTRY org.eclipse.cdt.core 4 0 2026-02-26 13:29:00.236
!MESSAGE Error

!ENTRY org.eclipse.cdt.core 4 0 2026-02-26 13:29:00.236
!MESSAGE Error

!ENTRY org.eclipse.cdt.core 4 0 2026-02-26 13:29:00.236
!MESSAGE Error

!ENTRY org.eclipse.cdt.core 4 0 2026-02-26 13:29:00.236
!MESSAGE Error

!ENTRY org.eclipse.cdt.core 4 0 2026-02-26 13:29:00.236
!MESSAGE Error

!ENTRY org.eclipse.cdt.core 4 0 2026-02-26 13:29:00.237
!MESSAGE Error

!ENTRY org.eclipse.cdt.core 4 0 2026-02-26 13:29:00.237
!MESSAGE Error

!ENTRY org.eclipse.cdt.core 4 0 2026-02-26 13:29:00.237
!MESSAGE Error

!ENTRY org.eclipse.cdt.core 4 0 2026-02-26 13:29:00.237
!MESSAGE Error

!ENTRY org.eclipse.cdt.core 4 0 2026-02-26 13:29:00.237
!MESSAGE Error

!ENTRY org.eclipse.cdt.core 4 0 2026-02-26 13:29:00.237
!MESSAGE Error

!ENTRY org.eclipse.cdt.core 4 0 2026-02-26 13:29:00.237
!MESSAGE Error

!ENTRY org.eclipse.cdt.core 4 0 2026-02-26 13:29:00.238
!MESSAGE Error

!ENTRY org.eclipse.cdt.core 4 0 2026-02-26 13:29:00.238
!MESSAGE Error

!ENTRY org.eclipse.cdt.core 4 0 2026-02-26 13:29:00.238
!MESSAGE Error

!ENTRY org.eclipse.cdt.core 4 0 2026-02-26 13:29:00.238
!MESSAGE Error

!ENTRY org.eclipse.cdt.core 4 0 2026-02-26 13:29:00.238
!MESSAGE Error

!ENTRY org.eclipse.cdt.core 4 0 2026-02-26 13:29:00.238
!MESSAGE Error

!ENTRY org.eclipse.cdt.core 4 0 2026-02-26 13:29:00.238
!MESSAGE Error

!ENTRY org.eclipse.cdt.core 4 0 2026-02-26 13:29:00.238
!MESSAGE Error

!ENTRY org.eclipse.cdt.core 4 0 2026-02-26 13:29:00.238
!MESSAGE Error

!ENTRY org.eclipse.cdt.core 4 0 2026-02-26 13:29:00.238
!MESSAGE Error

!ENTRY org.eclipse.cdt.core 4 0 2026-02-26 13:29:00.239
!MESSAGE Error

!ENTRY org.eclipse.cdt.core 4 0 2026-02-26 13:29:00.239
!MESSAGE Error

!ENTRY org.eclipse.cdt.core 4 0 2026-02-26 13:29:00.239
!MESSAGE Error

!ENTRY org.eclipse.cdt.core 4 0 2026-02-26 13:29:00.239
!MESSAGE Error

!ENTRY org.eclipse.cdt.core 4 0 2026-02-26 13:29:00.239
!MESSAGE Error

!ENTRY org.eclipse.cdt.core 4 0 2026-02-26 13:29:00.239
!MESSAGE Error

!ENTRY org.eclipse.cdt.core 4 0 2026-02-26 13:29:00.239
!MESSAGE Error

!ENTRY org.eclipse.cdt.core 4 0 2026-02-26 13:29:00.240
!MESSAGE Error

!ENTRY org.eclipse.cdt.core 4 0 2026-02-26 13:29:00.240
!MESSAGE Error

!ENTRY org.eclipse.cdt.core 4 0 2026-02-26 13:29:00.240
!MESSAGE Error

!ENTRY org.eclipse.cdt.core 4 0 2026-02-26 13:29:00.240
!MESSAGE Error

!ENTRY org.eclipse.cdt.core 4 0 2026-02-26 13:29:00.240
!MESSAGE Error

!ENTRY org.eclipse.cdt.core 4 0 2026-02-26 13:29:00.240
!MESSAGE Error

!ENTRY org.eclipse.cdt.core 4 0 2026-02-26 13:29:00.241
!MESSAGE Error

!ENTRY org.eclipse.cdt.core 4 0 2026-02-26 13:29:00.241
!MESSAGE Error

!ENTRY org.eclipse.cdt.core 4 0 2026-02-26 13:29:00.241
!MESSAGE Error

!ENTRY org.eclipse.cdt.core 4 0 2026-02-26 13:29:00.242
!MESSAGE Error

!ENTRY org.eclipse.cdt.core 4 0 2026-02-26 13:29:00.242
!MESSAGE Error

!ENTRY org.eclipse.cdt.core 4 0 2026-02-26 13:29:00.242
!MESSAGE Error

!ENTRY org.eclipse.cdt.core 4 0 2026-02-26 13:29:00.243
!MESSAGE Error

!ENTRY org.eclipse.cdt.core 4 0 2026-02-26 13:29:00.243
!MESSAGE Error

!ENTRY org.eclipse.cdt.core 4 0 2026-02-26 13:29:00.244
!MESSAGE Error

!ENTRY org.eclipse.cdt.core 4 0 2026-02-26 13:29:00.244
!MESSAGE Error

!ENTRY org.eclipse.cdt.core 4 0 2026-02-26 13:29:00.244
!MESSAGE Error

!ENTRY org.eclipse.cdt.core 4 0 2026-02-26 13:29:00.245
!MESSAGE Error

!ENTRY org.eclipse.cdt.core 4 0 2026-02-26 13:29:00.245
!MESSAGE Error

!ENTRY org.eclipse.cdt.core 4 0 2026-02-26 13:29:00.245
!MESSAGE Error

!ENTRY org.eclipse.cdt.core 4 0 2026-02-26 13:29:00.246
!MESSAGE Error

!ENTRY org.eclipse.cdt.core 4 0 2026-02-26 13:29:00.246
!MESSAGE Error

!ENTRY org.eclipse.cdt.core 4 0 2026-02-26 13:29:00.246
!MESSAGE Error

!ENTRY org.eclipse.cdt.core 4 0 2026-02-26 13:29:00.247
!MESSAGE Error

!ENTRY org.eclipse.cdt.core 4 0 2026-02-26 13:29:00.247
!MESSAGE Error

!ENTRY org.eclipse.cdt.core 4 0 2026-02-26 13:29:00.247
!MESSAGE Error

!ENTRY org.eclipse.cdt.core 4 0 2026-02-26 13:29:00.248
!MESSAGE Error

!ENTRY org.eclipse.cdt.core 4 0 2026-02-26 13:29:00.248
!MESSAGE Error

!ENTRY org.eclipse.cdt.core 4 0 2026-02-26 13:29:00.248
!MESSAGE Error

!ENTRY org.eclipse.cdt.core 4 0 2026-02-26 13:29:00.248
!MESSAGE Error

!ENTRY org.eclipse.cdt.core 4 0 2026-02-26 13:29:00.248
!MESSAGE Error

!ENTRY org.eclipse.cdt.core 4 0 2026-02-26 13:29:00.248
!MESSAGE Error

!ENTRY org.eclipse.cdt.core 4 0 2026-02-26 13:29:00.248
!MESSAGE Error

!ENTRY org.eclipse.cdt.core 4 0 2026-02-26 13:29:00.249
!MESSAGE Error

!ENTRY org.eclipse.cdt.core 4 0 2026-02-26 13:29:00.249
!MESSAGE Error

!ENTRY org.eclipse.cdt.core 4 0 2026-02-26 13:29:00.249
!MESSAGE Error

!ENTRY org.eclipse.cdt.core 4 0 2026-02-26 13:29:00.249
!MESSAGE Error

!ENTRY org.eclipse.cdt.core 4 0 2026-02-26 13:29:00.249
!MESSAGE Error

!ENTRY org.eclipse.cdt.core 4 0 2026-02-26 13:29:00.249
!MESSAGE Error

!ENTRY org.eclipse.cdt.core 4 0 2026-02-26 13:29:00.249
!MESSAGE Error

!ENTRY org.eclipse.cdt.core 4 0 2026-02-26 13:29:00.249
!MESSAGE Error

!ENTRY org.eclipse.cdt.core 4 0 2026-02-26 13:29:00.249
!MESSAGE Error

!ENTRY org.eclipse.cdt.core 4 0 2026-02-26 13:29:00.249
!MESSAGE Error

!ENTRY org.eclipse.cdt.core 4 0 2026-02-26 13:29:00.250
!MESSAGE Error

!ENTRY org.eclipse.cdt.core 4 0 2026-02-26 13:29:00.250
!MESSAGE Error

!ENTRY org.eclipse.cdt.core 4 0 2026-02-26 13:29:00.250
!MESSAGE Error

!ENTRY org.eclipse.cdt.core 4 0 2026-02-26 13:29:00.250
!MESSAGE Error

!ENTRY org.eclipse.cdt.core 4 0 2026-02-26 13:29:18.119
!MESSAGE Error

!ENTRY org.eclipse.cdt.core 4 0 2026-02-26 13:29:18.124
!MESSAGE Error

!ENTRY org.eclipse.cdt.core 4 0 2026-02-26 13:29:18.128
!MESSAGE Error

!ENTRY org.eclipse.cdt.core 4 0 2026-02-26 13:29:18.129
!MESSAGE Error

!ENTRY org.eclipse.cdt.core 4 0 2026-02-26 13:29:18.129
!MESSAGE Error

!ENTRY org.eclipse.cdt.core 4 0 2026-02-26 13:29:18.129
!MESSAGE Error

!ENTRY org.eclipse.cdt.core 4 0 2026-02-26 13:29:18.130
!MESSAGE Error

!ENTRY org.eclipse.cdt.core 4 0 2026-02-26 13:29:18.130
!MESSAGE Error

!ENTRY org.eclipse.cdt.core 4 0 2026-02-26 13:29:18.130
!MESSAGE Error

!ENTRY org.eclipse.cdt.core 4 0 2026-02-26 13:29:18.131
!MESSAGE Error

!ENTRY org.eclipse.cdt.core 4 0 2026-02-26 13:29:18.131
!MESSAGE Error

!ENTRY org.eclipse.cdt.core 4 0 2026-02-26 13:29:18.132
!MESSAGE Error

!ENTRY org.eclipse.cdt.core 4 0 2026-02-26 13:29:18.132
!MESSAGE Error

!ENTRY org.eclipse.cdt.core 4 0 2026-02-26 13:29:18.132
!MESSAGE Error

!ENTRY org.eclipse.cdt.core 4 0 2026-02-26 13:29:18.133
!MESSAGE Error

!ENTRY org.eclipse.cdt.core 4 0 2026-02-26 13:29:18.133
!MESSAGE Error

!ENTRY org.eclipse.cdt.core 4 0 2026-02-26 13:29:18.133
!MESSAGE Error

!ENTRY org.eclipse.cdt.core 4 0 2026-02-26 13:29:18.134
!MESSAGE Error

!ENTRY org.eclipse.cdt.core 4 0 2026-02-26 13:29:18.134
!MESSAGE Error

!ENTRY org.eclipse.cdt.core 4 0 2026-02-26 13:29:18.135
!MESSAGE Error

!ENTRY org.eclipse.cdt.core 4 0 2026-02-26 13:29:18.135
!MESSAGE Error

!ENTRY org.eclipse.cdt.core 4 0 2026-02-26 13:29:18.135
!MESSAGE Error

!ENTRY org.eclipse.cdt.core 4 0 2026-02-26 13:29:18.136
!MESSAGE Error

!ENTRY org.eclipse.cdt.core 4 0 2026-02-26 13:29:18.136
!MESSAGE Error

!ENTRY org.eclipse.cdt.core 4 0 2026-02-26 13:29:18.136
!MESSAGE Error

!ENTRY org.eclipse.cdt.core 4 0 2026-02-26 13:29:18.137
!MESSAGE Error

!ENTRY org.eclipse.cdt.core 4 0 2026-02-26 13:29:18.137
!MESSAGE Error

!ENTRY org.eclipse.cdt.core 4 0 2026-02-26 13:29:18.137
!MESSAGE Error

!ENTRY org.eclipse.cdt.core 4 0 2026-02-26 13:29:18.138
!MESSAGE Error

!ENTRY org.eclipse.cdt.core 4 0 2026-02-26 13:29:18.138
!MESSAGE Error

!ENTRY org.eclipse.cdt.core 4 0 2026-02-26 13:29:18.138
!MESSAGE Error

!ENTRY org.eclipse.cdt.core 4 0 2026-02-26 13:29:18.138
!MESSAGE Error

!ENTRY org.eclipse.cdt.core 4 0 2026-02-26 13:29:18.139
!MESSAGE Error

!ENTRY org.eclipse.cdt.core 4 0 2026-02-26 13:29:18.139
!MESSAGE Error

!ENTRY org.eclipse.cdt.core 4 0 2026-02-26 13:29:18.139
!MESSAGE Error

!ENTRY org.eclipse.cdt.core 4 0 2026-02-26 13:29:18.140
!MESSAGE Error

!ENTRY org.eclipse.cdt.core 4 0 2026-02-26 13:29:18.140
!MESSAGE Error

!ENTRY org.eclipse.cdt.core 4 0 2026-02-26 13:29:18.140
!MESSAGE Error

!ENTRY org.eclipse.cdt.core 4 0 2026-02-26 13:29:18.141
!MESSAGE Error

!ENTRY org.eclipse.cdt.core 4 0 2026-02-26 13:29:18.141
!MESSAGE Error

!ENTRY org.eclipse.cdt.core 4 0 2026-02-26 13:29:18.141
!MESSAGE Error

!ENTRY org.eclipse.cdt.core 4 0 2026-02-26 13:29:18.141
!MESSAGE Error

!ENTRY org.eclipse.cdt.core 4 0 2026-02-26 13:29:18.141
!MESSAGE Error

!ENTRY org.eclipse.cdt.core 4 0 2026-02-26 13:29:18.142
!MESSAGE Error

!ENTRY org.eclipse.cdt.core 4 0 2026-02-26 13:29:18.142
!MESSAGE Error

!ENTRY org.eclipse.cdt.core 4 0 2026-02-26 13:29:18.142
!MESSAGE Error

!ENTRY org.eclipse.cdt.core 4 0 2026-02-26 13:29:18.142
!MESSAGE Error

!ENTRY org.eclipse.cdt.core 4 0 2026-02-26 13:29:18.142
!MESSAGE Error

!ENTRY org.eclipse.cdt.core 4 0 2026-02-26 13:29:18.142
!MESSAGE Error

!ENTRY org.eclipse.cdt.core 4 0 2026-02-26 13:29:18.142
!MESSAGE Error

!ENTRY org.eclipse.cdt.core 4 0 2026-02-26 13:29:18.143
!MESSAGE Error

!ENTRY org.eclipse.cdt.core 4 0 2026-02-26 13:29:18.143
!MESSAGE Error

!ENTRY org.eclipse.cdt.core 4 0 2026-02-26 13:29:18.143
!MESSAGE Error

!ENTRY org.eclipse.cdt.core 4 0 2026-02-26 13:29:18.143
!MESSAGE Error

!ENTRY org.eclipse.cdt.core 4 0 2026-02-26 13:29:18.144
!MESSAGE Error

!ENTRY org.eclipse.cdt.core 4 0 2026-02-26 13:29:18.144
!MESSAGE Error

!ENTRY org.eclipse.cdt.core 4 0 2026-02-26 13:29:18.144
!MESSAGE Error

!ENTRY org.eclipse.cdt.core 4 0 2026-02-26 13:29:18.144
!MESSAGE Error

!ENTRY org.eclipse.cdt.core 4 0 2026-02-26 13:29:18.144
!MESSAGE Error

!ENTRY org.eclipse.cdt.core 4 0 2026-02-26 13:29:18.144
!MESSAGE Error

!ENTRY org.eclipse.cdt.core 4 0 2026-02-26 13:29:18.145
!MESSAGE Error

!ENTRY org.eclipse.cdt.core 4 0 2026-02-26 13:29:18.145
!MESSAGE Error

!ENTRY org.eclipse.cdt.core 4 0 2026-02-26 13:29:18.145
!MESSAGE Error

!ENTRY org.eclipse.cdt.core 4 0 2026-02-26 13:29:18.145
!MESSAGE Error

!ENTRY org.eclipse.cdt.core 4 0 2026-02-26 13:29:18.145
!MESSAGE Error

!ENTRY org.eclipse.cdt.core 4 0 2026-02-26 13:29:18.145
!MESSAGE Error

!ENTRY org.eclipse.cdt.core 4 0 2026-02-26 13:29:18.145
!MESSAGE Error

!ENTRY org.eclipse.cdt.core 4 0 2026-02-26 13:29:18.145
!MESSAGE Error

!ENTRY org.eclipse.cdt.core 4 0 2026-02-26 13:29:18.146
!MESSAGE Error

!ENTRY org.eclipse.cdt.core 4 0 2026-02-26 13:29:18.146
!MESSAGE Error

!ENTRY org.eclipse.cdt.core 4 0 2026-02-26 13:29:18.146
!MESSAGE Error

!ENTRY org.eclipse.cdt.core 4 0 2026-02-26 13:29:18.146
!MESSAGE Error

!ENTRY org.eclipse.cdt.core 4 0 2026-02-26 13:29:18.146
!MESSAGE Error

!ENTRY org.eclipse.cdt.core 4 0 2026-02-26 13:29:18.146
!MESSAGE Error

!ENTRY org.eclipse.cdt.core 4 0 2026-02-26 13:29:18.147
!MESSAGE Error

!ENTRY org.eclipse.cdt.core 4 0 2026-02-26 13:29:18.147
!MESSAGE Error

!ENTRY org.eclipse.cdt.core 4 0 2026-02-26 13:29:18.147
!MESSAGE Error

!ENTRY org.eclipse.cdt.core 4 0 2026-02-26 13:29:18.147
!MESSAGE Error

!ENTRY org.eclipse.cdt.core 4 0 2026-02-26 13:29:18.147
!MESSAGE Error

!ENTRY org.eclipse.cdt.core 4 0 2026-02-26 13:29:18.346
!MESSAGE Error

!ENTRY org.eclipse.cdt.core 4 0 2026-02-26 13:29:18.351
!MESSAGE Error

!ENTRY org.eclipse.cdt.core 4 0 2026-02-26 13:29:20.187
!MESSAGE Error

!ENTRY org.eclipse.cdt.core 4 0 2026-02-26 13:29:20.190
!MESSAGE Error

!ENTRY org.eclipse.cdt.core 4 0 2026-02-26 13:29:20.192
!MESSAGE Error

!ENTRY org.eclipse.cdt.core 4 0 2026-02-26 13:29:20.192
!MESSAGE Error

!ENTRY org.eclipse.cdt.core 4 0 2026-02-26 13:29:20.192
!MESSAGE Error

!ENTRY org.eclipse.cdt.core 4 0 2026-02-26 13:29:20.193
!MESSAGE Error

!ENTRY org.eclipse.cdt.core 4 0 2026-02-26 13:29:20.193
!MESSAGE Error

!ENTRY org.eclipse.cdt.core 4 0 2026-02-26 13:29:20.193
!MESSAGE Error

!ENTRY org.eclipse.cdt.core 4 0 2026-02-26 13:29:20.193
!MESSAGE Error

!ENTRY org.eclipse.cdt.core 4 0 2026-02-26 13:29:20.193
!MESSAGE Error

!ENTRY org.eclipse.cdt.core 4 0 2026-02-26 13:29:20.193
!MESSAGE Error

!ENTRY org.eclipse.cdt.core 4 0 2026-02-26 13:29:20.193
!MESSAGE Error

!ENTRY org.eclipse.cdt.core 4 0 2026-02-26 13:29:20.194
!MESSAGE Error

!ENTRY org.eclipse.cdt.core 4 0 2026-02-26 13:29:20.194
!MESSAGE Error

!ENTRY org.eclipse.cdt.core 4 0 2026-02-26 13:29:20.194
!MESSAGE Error

!ENTRY org.eclipse.cdt.core 4 0 2026-02-26 13:29:20.194
!MESSAGE Error

!ENTRY org.eclipse.cdt.core 4 0 2026-02-26 13:29:20.194
!MESSAGE Error

!ENTRY org.eclipse.cdt.core 4 0 2026-02-26 13:29:20.194
!MESSAGE Error

!ENTRY org.eclipse.cdt.core 4 0 2026-02-26 13:29:20.195
!MESSAGE Error

!ENTRY org.eclipse.cdt.core 4 0 2026-02-26 13:29:20.195
!MESSAGE Error

!ENTRY org.eclipse.cdt.core 4 0 2026-02-26 13:29:20.195
!MESSAGE Error

!ENTRY org.eclipse.cdt.core 4 0 2026-02-26 13:29:20.195
!MESSAGE Error

!ENTRY org.eclipse.cdt.core 4 0 2026-02-26 13:29:20.195
!MESSAGE Error

!ENTRY org.eclipse.cdt.core 4 0 2026-02-26 13:29:20.195
!MESSAGE Error

!ENTRY org.eclipse.cdt.core 4 0 2026-02-26 13:29:20.195
!MESSAGE Error

!ENTRY org.eclipse.cdt.core 4 0 2026-02-26 13:29:20.195
!MESSAGE Error

!ENTRY org.eclipse.cdt.core 4 0 2026-02-26 13:29:20.196
!MESSAGE Error

!ENTRY org.eclipse.cdt.core 4 0 2026-02-26 13:29:20.196
!MESSAGE Error

!ENTRY org.eclipse.cdt.core 4 0 2026-02-26 13:29:20.196
!MESSAGE Error

!ENTRY org.eclipse.cdt.core 4 0 2026-02-26 13:29:20.196
!MESSAGE Error

!ENTRY org.eclipse.cdt.core 4 0 2026-02-26 13:29:20.196
!MESSAGE Error

!ENTRY org.eclipse.cdt.core 4 0 2026-02-26 13:29:20.196
!MESSAGE Error

!ENTRY org.eclipse.cdt.core 4 0 2026-02-26 13:29:20.197
!MESSAGE Error

!ENTRY org.eclipse.cdt.core 4 0 2026-02-26 13:29:20.197
!MESSAGE Error

!ENTRY org.eclipse.cdt.core 4 0 2026-02-26 13:29:20.197
!MESSAGE Error

!ENTRY org.eclipse.cdt.core 4 0 2026-02-26 13:29:20.197
!MESSAGE Error

!ENTRY org.eclipse.cdt.core 4 0 2026-02-26 13:29:20.198
!MESSAGE Error

!ENTRY org.eclipse.cdt.core 4 0 2026-02-26 13:29:20.198
!MESSAGE Error

!ENTRY org.eclipse.cdt.core 4 0 2026-02-26 13:29:20.198
!MESSAGE Error

!ENTRY org.eclipse.cdt.core 4 0 2026-02-26 13:29:20.198
!MESSAGE Error

!ENTRY org.eclipse.cdt.core 4 0 2026-02-26 13:29:20.198
!MESSAGE Error

!ENTRY org.eclipse.cdt.core 4 0 2026-02-26 13:29:20.198
!MESSAGE Error

!ENTRY org.eclipse.cdt.core 4 0 2026-02-26 13:29:20.198
!MESSAGE Error

!ENTRY org.eclipse.cdt.core 4 0 2026-02-26 13:29:20.199
!MESSAGE Error

!ENTRY org.eclipse.cdt.core 4 0 2026-02-26 13:29:20.199
!MESSAGE Error

!ENTRY org.eclipse.cdt.core 4 0 2026-02-26 13:29:20.199
!MESSAGE Error

!ENTRY org.eclipse.cdt.core 4 0 2026-02-26 13:29:20.199
!MESSAGE Error

!ENTRY org.eclipse.cdt.core 4 0 2026-02-26 13:29:20.199
!MESSAGE Error

!ENTRY org.eclipse.cdt.core 4 0 2026-02-26 13:29:20.199
!MESSAGE Error

!ENTRY org.eclipse.cdt.core 4 0 2026-02-26 13:29:20.200
!MESSAGE Error

!ENTRY org.eclipse.cdt.core 4 0 2026-02-26 13:29:20.200
!MESSAGE Error

!ENTRY org.eclipse.cdt.core 4 0 2026-02-26 13:29:20.200
!MESSAGE Error

!ENTRY org.eclipse.cdt.core 4 0 2026-02-26 13:29:20.200
!MESSAGE Error

!ENTRY org.eclipse.cdt.core 4 0 2026-02-26 13:29:20.200
!MESSAGE Error

!ENTRY org.eclipse.cdt.core 4 0 2026-02-26 13:29:20.200
!MESSAGE Error

!ENTRY org.eclipse.cdt.core 4 0 2026-02-26 13:29:20.200
!MESSAGE Error

!ENTRY org.eclipse.cdt.core 4 0 2026-02-26 13:29:20.201
!MESSAGE Error

!ENTRY org.eclipse.cdt.core 4 0 2026-02-26 13:29:20.201
!MESSAGE Error

!ENTRY org.eclipse.cdt.core 4 0 2026-02-26 13:29:20.201
!MESSAGE Error

!ENTRY org.eclipse.cdt.core 4 0 2026-02-26 13:29:20.201
!MESSAGE Error

!ENTRY org.eclipse.cdt.core 4 0 2026-02-26 13:29:20.201
!MESSAGE Error

!ENTRY org.eclipse.cdt.core 4 0 2026-02-26 13:29:20.201
!MESSAGE Error

!ENTRY org.eclipse.cdt.core 4 0 2026-02-26 13:29:20.201
!MESSAGE Error

!ENTRY org.eclipse.cdt.core 4 0 2026-02-26 13:29:20.201
!MESSAGE Error

!ENTRY org.eclipse.cdt.core 4 0 2026-02-26 13:29:20.201
!MESSAGE Error

!ENTRY org.eclipse.cdt.core 4 0 2026-02-26 13:29:20.202
!MESSAGE Error

!ENTRY org.eclipse.cdt.core 4 0 2026-02-26 13:29:20.202
!MESSAGE Error

!ENTRY org.eclipse.cdt.core 4 0 2026-02-26 13:29:20.202
!MESSAGE Error

!ENTRY org.eclipse.cdt.core 4 0 2026-02-26 13:29:20.202
!MESSAGE Error

!ENTRY org.eclipse.cdt.core 4 0 2026-02-26 13:29:20.202
!MESSAGE Error

!ENTRY org.eclipse.cdt.core 4 0 2026-02-26 13:29:20.202
!MESSAGE Error

!ENTRY org.eclipse.cdt.core 4 0 2026-02-26 13:29:20.203
!MESSAGE Error

!ENTRY org.eclipse.cdt.core 4 0 2026-02-26 13:29:20.203
!MESSAGE Error

!ENTRY org.eclipse.cdt.core 4 0 2026-02-26 13:29:20.203
!MESSAGE Error

!ENTRY org.eclipse.cdt.core 4 0 2026-02-26 13:29:20.203
!MESSAGE Error

!ENTRY org.eclipse.cdt.core 4 0 2026-02-26 13:29:20.203
!MESSAGE Error

!ENTRY org.eclipse.cdt.core 4 0 2026-02-26 13:29:20.204
!MESSAGE Error

!ENTRY org.eclipse.cdt.core 4 0 2026-02-26 13:29:20.204
!MESSAGE Error

!ENTRY org.eclipse.cdt.core 4 0 2026-02-26 13:29:20.204
!MESSAGE Error

!ENTRY org.eclipse.cdt.core 4 0 2026-02-26 13:29:20.205
!MESSAGE Error

!ENTRY org.eclipse.cdt.core 4 0 2026-02-26 13:29:20.207
!MESSAGE Error

!ENTRY org.eclipse.cdt.core 4 0 2026-02-26 13:29:21.233
!MESSAGE Error

!ENTRY org.eclipse.cdt.core 4 0 2026-02-26 13:29:21.236
!MESSAGE Error

!ENTRY org.eclipse.cdt.core 4 0 2026-02-26 13:29:21.237
!MESSAGE Error

!ENTRY org.eclipse.cdt.core 4 0 2026-02-26 13:29:21.237
!MESSAGE Error

!ENTRY org.eclipse.cdt.core 4 0 2026-02-26 13:29:21.237
!MESSAGE Error

!ENTRY org.eclipse.cdt.core 4 0 2026-02-26 13:29:21.238
!MESSAGE Error

!ENTRY org.eclipse.cdt.core 4 0 2026-02-26 13:29:21.238
!MESSAGE Error

!ENTRY org.eclipse.cdt.core 4 0 2026-02-26 13:29:21.238
!MESSAGE Error

!ENTRY org.eclipse.cdt.core 4 0 2026-02-26 13:29:21.239
!MESSAGE Error

!ENTRY org.eclipse.cdt.core 4 0 2026-02-26 13:29:21.239
!MESSAGE Error

!ENTRY org.eclipse.cdt.core 4 0 2026-02-26 13:29:21.239
!MESSAGE Error

!ENTRY org.eclipse.cdt.core 4 0 2026-02-26 13:29:21.239
!MESSAGE Error

!ENTRY org.eclipse.cdt.core 4 0 2026-02-26 13:29:21.239
!MESSAGE Error

!ENTRY org.eclipse.cdt.core 4 0 2026-02-26 13:29:21.239
!MESSAGE Error

!ENTRY org.eclipse.cdt.core 4 0 2026-02-26 13:29:21.239
!MESSAGE Error

!ENTRY org.eclipse.cdt.core 4 0 2026-02-26 13:29:21.240
!MESSAGE Error

!ENTRY org.eclipse.cdt.core 4 0 2026-02-26 13:29:21.240
!MESSAGE Error

!ENTRY org.eclipse.cdt.core 4 0 2026-02-26 13:29:21.240
!MESSAGE Error

!ENTRY org.eclipse.cdt.core 4 0 2026-02-26 13:29:21.240
!MESSAGE Error

!ENTRY org.eclipse.cdt.core 4 0 2026-02-26 13:29:21.240
!MESSAGE Error

!ENTRY org.eclipse.cdt.core 4 0 2026-02-26 13:29:21.240
!MESSAGE Error

!ENTRY org.eclipse.cdt.core 4 0 2026-02-26 13:29:21.241
!MESSAGE Error

!ENTRY org.eclipse.cdt.core 4 0 2026-02-26 13:29:21.241
!MESSAGE Error

!ENTRY org.eclipse.cdt.core 4 0 2026-02-26 13:29:21.241
!MESSAGE Error

!ENTRY org.eclipse.cdt.core 4 0 2026-02-26 13:29:21.241
!MESSAGE Error

!ENTRY org.eclipse.cdt.core 4 0 2026-02-26 13:29:21.241
!MESSAGE Error

!ENTRY org.eclipse.cdt.core 4 0 2026-02-26 13:29:21.241
!MESSAGE Error

!ENTRY org.eclipse.cdt.core 4 0 2026-02-26 13:29:21.242
!MESSAGE Error

!ENTRY org.eclipse.cdt.core 4 0 2026-02-26 13:29:21.242
!MESSAGE Error

!ENTRY org.eclipse.cdt.core 4 0 2026-02-26 13:29:21.242
!MESSAGE Error

!ENTRY org.eclipse.cdt.core 4 0 2026-02-26 13:29:21.242
!MESSAGE Error

!ENTRY org.eclipse.cdt.core 4 0 2026-02-26 13:29:21.242
!MESSAGE Error

!ENTRY org.eclipse.cdt.core 4 0 2026-02-26 13:29:21.242
!MESSAGE Error

!ENTRY org.eclipse.cdt.core 4 0 2026-02-26 13:29:21.242
!MESSAGE Error

!ENTRY org.eclipse.cdt.core 4 0 2026-02-26 13:29:21.242
!MESSAGE Error

!ENTRY org.eclipse.cdt.core 4 0 2026-02-26 13:29:21.242
!MESSAGE Error

!ENTRY org.eclipse.cdt.core 4 0 2026-02-26 13:29:21.242
!MESSAGE Error

!ENTRY org.eclipse.cdt.core 4 0 2026-02-26 13:29:21.242
!MESSAGE Error

!ENTRY org.eclipse.cdt.core 4 0 2026-02-26 13:29:21.243
!MESSAGE Error

!ENTRY org.eclipse.cdt.core 4 0 2026-02-26 13:29:21.243
!MESSAGE Error

!ENTRY org.eclipse.cdt.core 4 0 2026-02-26 13:29:21.243
!MESSAGE Error

!ENTRY org.eclipse.cdt.core 4 0 2026-02-26 13:29:21.243
!MESSAGE Error

!ENTRY org.eclipse.cdt.core 4 0 2026-02-26 13:29:21.243
!MESSAGE Error

!ENTRY org.eclipse.cdt.core 4 0 2026-02-26 13:29:21.243
!MESSAGE Error

!ENTRY org.eclipse.cdt.core 4 0 2026-02-26 13:29:21.244
!MESSAGE Error

!ENTRY org.eclipse.cdt.core 4 0 2026-02-26 13:29:21.244
!MESSAGE Error

!ENTRY org.eclipse.cdt.core 4 0 2026-02-26 13:29:21.244
!MESSAGE Error

!ENTRY org.eclipse.cdt.core 4 0 2026-02-26 13:29:21.244
!MESSAGE Error

!ENTRY org.eclipse.cdt.core 4 0 2026-02-26 13:29:21.244
!MESSAGE Error

!ENTRY org.eclipse.cdt.core 4 0 2026-02-26 13:29:21.244
!MESSAGE Error

!ENTRY org.eclipse.cdt.core 4 0 2026-02-26 13:29:21.244
!MESSAGE Error

!ENTRY org.eclipse.cdt.core 4 0 2026-02-26 13:29:21.244
!MESSAGE Error

!ENTRY org.eclipse.cdt.core 4 0 2026-02-26 13:29:21.244
!MESSAGE Error

!ENTRY org.eclipse.cdt.core 4 0 2026-02-26 13:29:21.244
!MESSAGE Error

!ENTRY org.eclipse.cdt.core 4 0 2026-02-26 13:29:21.245
!MESSAGE Error

!ENTRY org.eclipse.cdt.core 4 0 2026-02-26 13:29:21.245
!MESSAGE Error

!ENTRY org.eclipse.cdt.core 4 0 2026-02-26 13:29:21.245
!MESSAGE Error

!ENTRY org.eclipse.cdt.core 4 0 2026-02-26 13:29:21.245
!MESSAGE Error

!ENTRY org.eclipse.cdt.core 4 0 2026-02-26 13:29:21.245
!MESSAGE Error

!ENTRY org.eclipse.cdt.core 4 0 2026-02-26 13:29:21.245
!MESSAGE Error

!ENTRY org.eclipse.cdt.core 4 0 2026-02-26 13:29:21.246
!MESSAGE Error

!ENTRY org.eclipse.cdt.core 4 0 2026-02-26 13:29:21.246
!MESSAGE Error

!ENTRY org.eclipse.cdt.core 4 0 2026-02-26 13:29:21.246
!MESSAGE Error

!ENTRY org.eclipse.cdt.core 4 0 2026-02-26 13:29:21.246
!MESSAGE Error

!ENTRY org.eclipse.cdt.core 4 0 2026-02-26 13:29:21.246
!MESSAGE Error

!ENTRY org.eclipse.cdt.core 4 0 2026-02-26 13:29:21.246
!MESSAGE Error

!ENTRY org.eclipse.cdt.core 4 0 2026-02-26 13:29:21.246
!MESSAGE Error

!ENTRY org.eclipse.cdt.core 4 0 2026-02-26 13:29:21.247
!MESSAGE Error

!ENTRY org.eclipse.cdt.core 4 0 2026-02-26 13:29:21.247
!MESSAGE Error

!ENTRY org.eclipse.cdt.core 4 0 2026-02-26 13:29:21.247
!MESSAGE Error

!ENTRY org.eclipse.cdt.core 4 0 2026-02-26 13:29:21.247
!MESSAGE Error

!ENTRY org.eclipse.cdt.core 4 0 2026-02-26 13:29:21.247
!MESSAGE Error

!ENTRY org.eclipse.cdt.core 4 0 2026-02-26 13:29:21.248
!MESSAGE Error

!ENTRY org.eclipse.cdt.core 4 0 2026-02-26 13:29:21.248
!MESSAGE Error

!ENTRY org.eclipse.cdt.core 4 0 2026-02-26 13:29:21.248
!MESSAGE Error

!ENTRY org.eclipse.cdt.core 4 0 2026-02-26 13:29:21.248
!MESSAGE Error

!ENTRY org.eclipse.cdt.core 4 0 2026-02-26 13:29:21.248
!MESSAGE Error

!ENTRY org.eclipse.cdt.core 4 0 2026-02-26 13:29:21.249
!MESSAGE Error

!ENTRY org.eclipse.cdt.core 4 0 2026-02-26 13:29:21.249
!MESSAGE Error

!ENTRY org.eclipse.cdt.core 4 0 2026-02-26 13:29:23.294
!MESSAGE Error

!ENTRY org.eclipse.cdt.core 4 0 2026-02-26 13:29:23.298
!MESSAGE Error

!ENTRY org.eclipse.cdt.core 4 0 2026-02-26 13:29:23.299
!MESSAGE Error

!ENTRY org.eclipse.cdt.core 4 0 2026-02-26 13:29:23.299
!MESSAGE Error

!ENTRY org.eclipse.cdt.core 4 0 2026-02-26 13:29:23.299
!MESSAGE Error

!ENTRY org.eclipse.cdt.core 4 0 2026-02-26 13:29:23.300
!MESSAGE Error

!ENTRY org.eclipse.cdt.core 4 0 2026-02-26 13:29:23.300
!MESSAGE Error

!ENTRY org.eclipse.cdt.core 4 0 2026-02-26 13:29:23.300
!MESSAGE Error

!ENTRY org.eclipse.cdt.core 4 0 2026-02-26 13:29:23.300
!MESSAGE Error

!ENTRY org.eclipse.cdt.core 4 0 2026-02-26 13:29:23.300
!MESSAGE Error

!ENTRY org.eclipse.cdt.core 4 0 2026-02-26 13:29:23.300
!MESSAGE Error

!ENTRY org.eclipse.cdt.core 4 0 2026-02-26 13:29:23.301
!MESSAGE Error

!ENTRY org.eclipse.cdt.core 4 0 2026-02-26 13:29:23.301
!MESSAGE Error

!ENTRY org.eclipse.cdt.core 4 0 2026-02-26 13:29:23.301
!MESSAGE Error

!ENTRY org.eclipse.cdt.core 4 0 2026-02-26 13:29:23.301
!MESSAGE Error

!ENTRY org.eclipse.cdt.core 4 0 2026-02-26 13:29:23.301
!MESSAGE Error

!ENTRY org.eclipse.cdt.core 4 0 2026-02-26 13:29:23.302
!MESSAGE Error

!ENTRY org.eclipse.cdt.core 4 0 2026-02-26 13:29:23.302
!MESSAGE Error

!ENTRY org.eclipse.cdt.core 4 0 2026-02-26 13:29:23.302
!MESSAGE Error

!ENTRY org.eclipse.cdt.core 4 0 2026-02-26 13:29:23.302
!MESSAGE Error

!ENTRY org.eclipse.cdt.core 4 0 2026-02-26 13:29:23.302
!MESSAGE Error

!ENTRY org.eclipse.cdt.core 4 0 2026-02-26 13:29:23.302
!MESSAGE Error

!ENTRY org.eclipse.cdt.core 4 0 2026-02-26 13:29:23.302
!MESSAGE Error

!ENTRY org.eclipse.cdt.core 4 0 2026-02-26 13:29:23.303
!MESSAGE Error

!ENTRY org.eclipse.cdt.core 4 0 2026-02-26 13:29:23.303
!MESSAGE Error

!ENTRY org.eclipse.cdt.core 4 0 2026-02-26 13:29:23.303
!MESSAGE Error

!ENTRY org.eclipse.cdt.core 4 0 2026-02-26 13:29:23.303
!MESSAGE Error

!ENTRY org.eclipse.cdt.core 4 0 2026-02-26 13:29:23.303
!MESSAGE Error

!ENTRY org.eclipse.cdt.core 4 0 2026-02-26 13:29:23.303
!MESSAGE Error

!ENTRY org.eclipse.cdt.core 4 0 2026-02-26 13:29:23.303
!MESSAGE Error

!ENTRY org.eclipse.cdt.core 4 0 2026-02-26 13:29:23.304
!MESSAGE Error

!ENTRY org.eclipse.cdt.core 4 0 2026-02-26 13:29:23.304
!MESSAGE Error

!ENTRY org.eclipse.cdt.core 4 0 2026-02-26 13:29:23.304
!MESSAGE Error

!ENTRY org.eclipse.cdt.core 4 0 2026-02-26 13:29:23.304
!MESSAGE Error

!ENTRY org.eclipse.cdt.core 4 0 2026-02-26 13:29:23.304
!MESSAGE Error

!ENTRY org.eclipse.cdt.core 4 0 2026-02-26 13:29:23.304
!MESSAGE Error

!ENTRY org.eclipse.cdt.core 4 0 2026-02-26 13:29:23.304
!MESSAGE Error

!ENTRY org.eclipse.cdt.core 4 0 2026-02-26 13:29:23.304
!MESSAGE Error

!ENTRY org.eclipse.cdt.core 4 0 2026-02-26 13:29:23.305
!MESSAGE Error

!ENTRY org.eclipse.cdt.core 4 0 2026-02-26 13:29:23.305
!MESSAGE Error

!ENTRY org.eclipse.cdt.core 4 0 2026-02-26 13:29:23.305
!MESSAGE Error

!ENTRY org.eclipse.cdt.core 4 0 2026-02-26 13:29:23.305
!MESSAGE Error

!ENTRY org.eclipse.cdt.core 4 0 2026-02-26 13:29:23.305
!MESSAGE Error

!ENTRY org.eclipse.cdt.core 4 0 2026-02-26 13:29:23.305
!MESSAGE Error

!ENTRY org.eclipse.cdt.core 4 0 2026-02-26 13:29:23.305
!MESSAGE Error

!ENTRY org.eclipse.cdt.core 4 0 2026-02-26 13:29:23.306
!MESSAGE Error

!ENTRY org.eclipse.cdt.core 4 0 2026-02-26 13:29:23.306
!MESSAGE Error

!ENTRY org.eclipse.cdt.core 4 0 2026-02-26 13:29:23.306
!MESSAGE Error

!ENTRY org.eclipse.cdt.core 4 0 2026-02-26 13:29:23.306
!MESSAGE Error

!ENTRY org.eclipse.cdt.core 4 0 2026-02-26 13:29:23.306
!MESSAGE Error

!ENTRY org.eclipse.cdt.core 4 0 2026-02-26 13:29:23.306
!MESSAGE Error

!ENTRY org.eclipse.cdt.core 4 0 2026-02-26 13:29:23.306
!MESSAGE Error

!ENTRY org.eclipse.cdt.core 4 0 2026-02-26 13:29:23.307
!MESSAGE Error

!ENTRY org.eclipse.cdt.core 4 0 2026-02-26 13:29:23.307
!MESSAGE Error

!ENTRY org.eclipse.cdt.core 4 0 2026-02-26 13:29:23.307
!MESSAGE Error

!ENTRY org.eclipse.cdt.core 4 0 2026-02-26 13:29:23.307
!MESSAGE Error

!ENTRY org.eclipse.cdt.core 4 0 2026-02-26 13:29:23.307
!MESSAGE Error

!ENTRY org.eclipse.cdt.core 4 0 2026-02-26 13:29:23.307
!MESSAGE Error

!ENTRY org.eclipse.cdt.core 4 0 2026-02-26 13:29:23.308
!MESSAGE Error

!ENTRY org.eclipse.cdt.core 4 0 2026-02-26 13:29:23.308
!MESSAGE Error

!ENTRY org.eclipse.cdt.core 4 0 2026-02-26 13:29:23.308
!MESSAGE Error

!ENTRY org.eclipse.cdt.core 4 0 2026-02-26 13:29:23.308
!MESSAGE Error

!ENTRY org.eclipse.cdt.core 4 0 2026-02-26 13:29:23.308
!MESSAGE Error

!ENTRY org.eclipse.cdt.core 4 0 2026-02-26 13:29:23.308
!MESSAGE Error

!ENTRY org.eclipse.cdt.core 4 0 2026-02-26 13:29:23.308
!MESSAGE Error

!ENTRY org.eclipse.cdt.core 4 0 2026-02-26 13:29:23.309
!MESSAGE Error

!ENTRY org.eclipse.cdt.core 4 0 2026-02-26 13:29:23.309
!MESSAGE Error

!ENTRY org.eclipse.cdt.core 4 0 2026-02-26 13:29:23.309
!MESSAGE Error

!ENTRY org.eclipse.cdt.core 4 0 2026-02-26 13:29:23.309
!MESSAGE Error

!ENTRY org.eclipse.cdt.core 4 0 2026-02-26 13:29:23.310
!MESSAGE Error

!ENTRY org.eclipse.cdt.core 4 0 2026-02-26 13:29:23.310
!MESSAGE Error

!ENTRY org.eclipse.cdt.core 4 0 2026-02-26 13:29:23.310
!MESSAGE Error

!ENTRY org.eclipse.cdt.core 4 0 2026-02-26 13:29:23.310
!MESSAGE Error

!ENTRY org.eclipse.cdt.core 4 0 2026-02-26 13:29:23.310
!MESSAGE Error

!ENTRY org.eclipse.cdt.core 4 0 2026-02-26 13:29:23.310
!MESSAGE Error

!ENTRY org.eclipse.cdt.core 4 0 2026-02-26 13:29:23.310
!MESSAGE Error

!ENTRY org.eclipse.cdt.core 4 0 2026-02-26 13:29:23.310
!MESSAGE Error

!ENTRY org.eclipse.cdt.core 4 0 2026-02-26 13:29:23.310
!MESSAGE Error

!ENTRY org.eclipse.cdt.core 4 0 2026-02-26 13:29:23.310
!MESSAGE Error

!ENTRY org.eclipse.cdt.core 4 0 2026-02-26 13:29:23.385
!MESSAGE Error

!ENTRY org.eclipse.cdt.core 4 0 2026-02-26 13:29:23.387
!MESSAGE Error

!ENTRY org.eclipse.cdt.core 4 0 2026-02-26 13:29:27.908
!MESSAGE Error

!ENTRY org.eclipse.cdt.core 4 0 2026-02-26 13:29:27.913
!MESSAGE Error

!ENTRY org.eclipse.cdt.core 4 0 2026-02-26 13:29:27.915
!MESSAGE Error

!ENTRY org.eclipse.cdt.core 4 0 2026-02-26 13:29:27.915
!MESSAGE Error

!ENTRY org.eclipse.cdt.core 4 0 2026-02-26 13:29:27.915
!MESSAGE Error

!ENTRY org.eclipse.cdt.core 4 0 2026-02-26 13:29:27.916
!MESSAGE Error

!ENTRY org.eclipse.cdt.core 4 0 2026-02-26 13:29:27.916
!MESSAGE Error

!ENTRY org.eclipse.cdt.core 4 0 2026-02-26 13:29:27.916
!MESSAGE Error

!ENTRY org.eclipse.cdt.core 4 0 2026-02-26 13:29:27.917
!MESSAGE Error

!ENTRY org.eclipse.cdt.core 4 0 2026-02-26 13:29:27.917
!MESSAGE Error

!ENTRY org.eclipse.cdt.core 4 0 2026-02-26 13:29:27.918
!MESSAGE Error

!ENTRY org.eclipse.cdt.core 4 0 2026-02-26 13:29:27.918
!MESSAGE Error

!ENTRY org.eclipse.cdt.core 4 0 2026-02-26 13:29:27.918
!MESSAGE Error

!ENTRY org.eclipse.cdt.core 4 0 2026-02-26 13:29:27.918
!MESSAGE Error

!ENTRY org.eclipse.cdt.core 4 0 2026-02-26 13:29:27.919
!MESSAGE Error

!ENTRY org.eclipse.cdt.core 4 0 2026-02-26 13:29:27.919
!MESSAGE Error

!ENTRY org.eclipse.cdt.core 4 0 2026-02-26 13:29:27.919
!MESSAGE Error

!ENTRY org.eclipse.cdt.core 4 0 2026-02-26 13:29:27.920
!MESSAGE Error

!ENTRY org.eclipse.cdt.core 4 0 2026-02-26 13:29:27.920
!MESSAGE Error

!ENTRY org.eclipse.cdt.core 4 0 2026-02-26 13:29:27.920
!MESSAGE Error

!ENTRY org.eclipse.cdt.core 4 0 2026-02-26 13:29:27.921
!MESSAGE Error

!ENTRY org.eclipse.cdt.core 4 0 2026-02-26 13:29:27.922
!MESSAGE Error

!ENTRY org.eclipse.cdt.core 4 0 2026-02-26 13:29:27.922
!MESSAGE Error

!ENTRY org.eclipse.cdt.core 4 0 2026-02-26 13:29:27.922
!MESSAGE Error

!ENTRY org.eclipse.cdt.core 4 0 2026-02-26 13:29:27.922
!MESSAGE Error

!ENTRY org.eclipse.cdt.core 4 0 2026-02-26 13:29:27.923
!MESSAGE Error

!ENTRY org.eclipse.cdt.core 4 0 2026-02-26 13:29:27.923
!MESSAGE Error

!ENTRY org.eclipse.cdt.core 4 0 2026-02-26 13:29:27.924
!MESSAGE Error

!ENTRY org.eclipse.cdt.core 4 0 2026-02-26 13:29:27.924
!MESSAGE Error

!ENTRY org.eclipse.cdt.core 4 0 2026-02-26 13:29:27.924
!MESSAGE Error

!ENTRY org.eclipse.cdt.core 4 0 2026-02-26 13:29:27.924
!MESSAGE Error

!ENTRY org.eclipse.cdt.core 4 0 2026-02-26 13:29:27.924
!MESSAGE Error

!ENTRY org.eclipse.cdt.core 4 0 2026-02-26 13:29:27.925
!MESSAGE Error

!ENTRY org.eclipse.cdt.core 4 0 2026-02-26 13:29:27.925
!MESSAGE Error

!ENTRY org.eclipse.cdt.core 4 0 2026-02-26 13:29:27.925
!MESSAGE Error

!ENTRY org.eclipse.cdt.core 4 0 2026-02-26 13:29:27.925
!MESSAGE Error

!ENTRY org.eclipse.cdt.core 4 0 2026-02-26 13:29:27.925
!MESSAGE Error

!ENTRY org.eclipse.cdt.core 4 0 2026-02-26 13:29:27.925
!MESSAGE Error

!ENTRY org.eclipse.cdt.core 4 0 2026-02-26 13:29:27.925
!MESSAGE Error

!ENTRY org.eclipse.cdt.core 4 0 2026-02-26 13:29:27.926
!MESSAGE Error

!ENTRY org.eclipse.cdt.core 4 0 2026-02-26 13:29:27.926
!MESSAGE Error

!ENTRY org.eclipse.cdt.core 4 0 2026-02-26 13:29:27.926
!MESSAGE Error

!ENTRY org.eclipse.cdt.core 4 0 2026-02-26 13:29:27.926
!MESSAGE Error

!ENTRY org.eclipse.cdt.core 4 0 2026-02-26 13:29:27.926
!MESSAGE Error

!ENTRY org.eclipse.cdt.core 4 0 2026-02-26 13:29:27.926
!MESSAGE Error

!ENTRY org.eclipse.cdt.core 4 0 2026-02-26 13:29:27.926
!MESSAGE Error

!ENTRY org.eclipse.cdt.core 4 0 2026-02-26 13:29:27.926
!MESSAGE Error

!ENTRY org.eclipse.cdt.core 4 0 2026-02-26 13:29:27.926
!MESSAGE Error

!ENTRY org.eclipse.cdt.core 4 0 2026-02-26 13:29:27.927
!MESSAGE Error

!ENTRY org.eclipse.cdt.core 4 0 2026-02-26 13:29:27.927
!MESSAGE Error

!ENTRY org.eclipse.cdt.core 4 0 2026-02-26 13:29:27.927
!MESSAGE Error

!ENTRY org.eclipse.cdt.core 4 0 2026-02-26 13:29:27.927
!MESSAGE Error

!ENTRY org.eclipse.cdt.core 4 0 2026-02-26 13:29:27.927
!MESSAGE Error

!ENTRY org.eclipse.cdt.core 4 0 2026-02-26 13:29:27.927
!MESSAGE Error

!ENTRY org.eclipse.cdt.core 4 0 2026-02-26 13:29:27.927
!MESSAGE Error

!ENTRY org.eclipse.cdt.core 4 0 2026-02-26 13:29:27.928
!MESSAGE Error

!ENTRY org.eclipse.cdt.core 4 0 2026-02-26 13:29:27.928
!MESSAGE Error

!ENTRY org.eclipse.cdt.core 4 0 2026-02-26 13:29:27.928
!MESSAGE Error

!ENTRY org.eclipse.cdt.core 4 0 2026-02-26 13:29:27.928
!MESSAGE Error

!ENTRY org.eclipse.cdt.core 4 0 2026-02-26 13:29:27.928
!MESSAGE Error

!ENTRY org.eclipse.cdt.core 4 0 2026-02-26 13:29:27.928
!MESSAGE Error

!ENTRY org.eclipse.cdt.core 4 0 2026-02-26 13:29:27.928
!MESSAGE Error

!ENTRY org.eclipse.cdt.core 4 0 2026-02-26 13:29:27.929
!MESSAGE Error

!ENTRY org.eclipse.cdt.core 4 0 2026-02-26 13:29:27.929
!MESSAGE Error

!ENTRY org.eclipse.cdt.core 4 0 2026-02-26 13:29:27.929
!MESSAGE Error

!ENTRY org.eclipse.cdt.core 4 0 2026-02-26 13:29:27.929
!MESSAGE Error

!ENTRY org.eclipse.cdt.core 4 0 2026-02-26 13:29:27.929
!MESSAGE Error

!ENTRY org.eclipse.cdt.core 4 0 2026-02-26 13:29:27.929
!MESSAGE Error

!ENTRY org.eclipse.cdt.core 4 0 2026-02-26 13:29:27.929
!MESSAGE Error

!ENTRY org.eclipse.cdt.core 4 0 2026-02-26 13:29:27.930
!MESSAGE Error

!ENTRY org.eclipse.cdt.core 4 0 2026-02-26 13:29:27.930
!MESSAGE Error

!ENTRY org.eclipse.cdt.core 4 0 2026-02-26 13:29:27.930
!MESSAGE Error

!ENTRY org.eclipse.cdt.core 4 0 2026-02-26 13:29:27.931
!MESSAGE Error

!ENTRY org.eclipse.cdt.core 4 0 2026-02-26 13:29:27.931
!MESSAGE Error

!ENTRY org.eclipse.cdt.core 4 0 2026-02-26 13:29:27.931
!MESSAGE Error

!ENTRY org.eclipse.cdt.core 4 0 2026-02-26 13:29:27.931
!MESSAGE Error

!ENTRY org.eclipse.cdt.core 4 0 2026-02-26 13:29:27.931
!MESSAGE Error

!ENTRY org.eclipse.cdt.core 4 0 2026-02-26 13:29:27.931
!MESSAGE Error

!ENTRY org.eclipse.cdt.core 4 0 2026-02-26 13:29:27.931
!MESSAGE Error

!ENTRY org.eclipse.cdt.core 4 0 2026-02-26 13:29:29.975
!MESSAGE Error

!ENTRY org.eclipse.cdt.core 4 0 2026-02-26 13:29:29.980
!MESSAGE Error

!ENTRY org.eclipse.cdt.core 4 0 2026-02-26 13:29:29.982
!MESSAGE Error

!ENTRY org.eclipse.cdt.core 4 0 2026-02-26 13:29:29.982
!MESSAGE Error

!ENTRY org.eclipse.cdt.core 4 0 2026-02-26 13:29:29.983
!MESSAGE Error

!ENTRY org.eclipse.cdt.core 4 0 2026-02-26 13:29:29.984
!MESSAGE Error

!ENTRY org.eclipse.cdt.core 4 0 2026-02-26 13:29:29.984
!MESSAGE Error

!ENTRY org.eclipse.cdt.core 4 0 2026-02-26 13:29:29.985
!MESSAGE Error

!ENTRY org.eclipse.cdt.core 4 0 2026-02-26 13:29:29.985
!MESSAGE Error

!ENTRY org.eclipse.cdt.core 4 0 2026-02-26 13:29:29.985
!MESSAGE Error

!ENTRY org.eclipse.cdt.core 4 0 2026-02-26 13:29:29.986
!MESSAGE Error

!ENTRY org.eclipse.cdt.core 4 0 2026-02-26 13:29:29.986
!MESSAGE Error

!ENTRY org.eclipse.cdt.core 4 0 2026-02-26 13:29:29.986
!MESSAGE Error

!ENTRY org.eclipse.cdt.core 4 0 2026-02-26 13:29:29.986
!MESSAGE Error

!ENTRY org.eclipse.cdt.core 4 0 2026-02-26 13:29:29.987
!MESSAGE Error

!ENTRY org.eclipse.cdt.core 4 0 2026-02-26 13:29:29.987
!MESSAGE Error

!ENTRY org.eclipse.cdt.core 4 0 2026-02-26 13:29:29.987
!MESSAGE Error

!ENTRY org.eclipse.cdt.core 4 0 2026-02-26 13:29:29.988
!MESSAGE Error

!ENTRY org.eclipse.cdt.core 4 0 2026-02-26 13:29:29.988
!MESSAGE Error

!ENTRY org.eclipse.cdt.core 4 0 2026-02-26 13:29:29.988
!MESSAGE Error

!ENTRY org.eclipse.cdt.core 4 0 2026-02-26 13:29:29.989
!MESSAGE Error

!ENTRY org.eclipse.cdt.core 4 0 2026-02-26 13:29:29.989
!MESSAGE Error

!ENTRY org.eclipse.cdt.core 4 0 2026-02-26 13:29:29.989
!MESSAGE Error

!ENTRY org.eclipse.cdt.core 4 0 2026-02-26 13:29:29.991
!MESSAGE Error

!ENTRY org.eclipse.cdt.core 4 0 2026-02-26 13:29:29.991
!MESSAGE Error

!ENTRY org.eclipse.cdt.core 4 0 2026-02-26 13:29:29.991
!MESSAGE Error

!ENTRY org.eclipse.cdt.core 4 0 2026-02-26 13:29:29.991
!MESSAGE Error

!ENTRY org.eclipse.cdt.core 4 0 2026-02-26 13:29:29.991
!MESSAGE Error

!ENTRY org.eclipse.cdt.core 4 0 2026-02-26 13:29:29.992
!MESSAGE Error

!ENTRY org.eclipse.cdt.core 4 0 2026-02-26 13:29:29.992
!MESSAGE Error

!ENTRY org.eclipse.cdt.core 4 0 2026-02-26 13:29:29.992
!MESSAGE Error

!ENTRY org.eclipse.cdt.core 4 0 2026-02-26 13:29:29.992
!MESSAGE Error

!ENTRY org.eclipse.cdt.core 4 0 2026-02-26 13:29:29.992
!MESSAGE Error

!ENTRY org.eclipse.cdt.core 4 0 2026-02-26 13:29:29.992
!MESSAGE Error

!ENTRY org.eclipse.cdt.core 4 0 2026-02-26 13:29:29.992
!MESSAGE Error

!ENTRY org.eclipse.cdt.core 4 0 2026-02-26 13:29:29.992
!MESSAGE Error

!ENTRY org.eclipse.cdt.core 4 0 2026-02-26 13:29:29.992
!MESSAGE Error

!ENTRY org.eclipse.cdt.core 4 0 2026-02-26 13:29:29.993
!MESSAGE Error

!ENTRY org.eclipse.cdt.core 4 0 2026-02-26 13:29:29.993
!MESSAGE Error

!ENTRY org.eclipse.cdt.core 4 0 2026-02-26 13:29:29.993
!MESSAGE Error

!ENTRY org.eclipse.cdt.core 4 0 2026-02-26 13:29:29.993
!MESSAGE Error

!ENTRY org.eclipse.cdt.core 4 0 2026-02-26 13:29:29.993
!MESSAGE Error

!ENTRY org.eclipse.cdt.core 4 0 2026-02-26 13:29:29.993
!MESSAGE Error

!ENTRY org.eclipse.cdt.core 4 0 2026-02-26 13:29:29.993
!MESSAGE Error

!ENTRY org.eclipse.cdt.core 4 0 2026-02-26 13:29:29.994
!MESSAGE Error

!ENTRY org.eclipse.cdt.core 4 0 2026-02-26 13:29:29.994
!MESSAGE Error

!ENTRY org.eclipse.cdt.core 4 0 2026-02-26 13:29:29.994
!MESSAGE Error

!ENTRY org.eclipse.cdt.core 4 0 2026-02-26 13:29:29.994
!MESSAGE Error

!ENTRY org.eclipse.cdt.core 4 0 2026-02-26 13:29:29.994
!MESSAGE Error

!ENTRY org.eclipse.cdt.core 4 0 2026-02-26 13:29:29.994
!MESSAGE Error

!ENTRY org.eclipse.cdt.core 4 0 2026-02-26 13:29:29.994
!MESSAGE Error

!ENTRY org.eclipse.cdt.core 4 0 2026-02-26 13:29:29.995
!MESSAGE Error

!ENTRY org.eclipse.cdt.core 4 0 2026-02-26 13:29:29.995
!MESSAGE Error

!ENTRY org.eclipse.cdt.core 4 0 2026-02-26 13:29:29.995
!MESSAGE Error

!ENTRY org.eclipse.cdt.core 4 0 2026-02-26 13:29:29.996
!MESSAGE Error

!ENTRY org.eclipse.cdt.core 4 0 2026-02-26 13:29:29.996
!MESSAGE Error

!ENTRY org.eclipse.cdt.core 4 0 2026-02-26 13:29:29.996
!MESSAGE Error

!ENTRY org.eclipse.cdt.core 4 0 2026-02-26 13:29:29.996
!MESSAGE Error

!ENTRY org.eclipse.cdt.core 4 0 2026-02-26 13:29:29.996
!MESSAGE Error

!ENTRY org.eclipse.cdt.core 4 0 2026-02-26 13:29:29.996
!MESSAGE Error

!ENTRY org.eclipse.cdt.core 4 0 2026-02-26 13:29:29.996
!MESSAGE Error

!ENTRY org.eclipse.cdt.core 4 0 2026-02-26 13:29:29.996
!MESSAGE Error

!ENTRY org.eclipse.cdt.core 4 0 2026-02-26 13:29:29.996
!MESSAGE Error

!ENTRY org.eclipse.cdt.core 4 0 2026-02-26 13:29:29.996
!MESSAGE Error

!ENTRY org.eclipse.cdt.core 4 0 2026-02-26 13:29:29.997
!MESSAGE Error

!ENTRY org.eclipse.cdt.core 4 0 2026-02-26 13:29:29.997
!MESSAGE Error

!ENTRY org.eclipse.cdt.core 4 0 2026-02-26 13:29:29.997
!MESSAGE Error

!ENTRY org.eclipse.cdt.core 4 0 2026-02-26 13:29:29.997
!MESSAGE Error

!ENTRY org.eclipse.cdt.core 4 0 2026-02-26 13:29:29.997
!MESSAGE Error

!ENTRY org.eclipse.cdt.core 4 0 2026-02-26 13:29:29.997
!MESSAGE Error

!ENTRY org.eclipse.cdt.core 4 0 2026-02-26 13:29:29.997
!MESSAGE Error

!ENTRY org.eclipse.cdt.core 4 0 2026-02-26 13:29:29.998
!MESSAGE Error

!ENTRY org.eclipse.cdt.core 4 0 2026-02-26 13:29:29.998
!MESSAGE Error

!ENTRY org.eclipse.cdt.core 4 0 2026-02-26 13:29:29.998
!MESSAGE Error

!ENTRY org.eclipse.cdt.core 4 0 2026-02-26 13:29:29.999
!MESSAGE Error

!ENTRY org.eclipse.cdt.core 4 0 2026-02-26 13:29:29.999
!MESSAGE Error

!ENTRY org.eclipse.cdt.core 4 0 2026-02-26 13:29:29.999
!MESSAGE Error

!ENTRY org.eclipse.cdt.core 4 0 2026-02-26 13:29:29.999
!MESSAGE Error

!ENTRY org.eclipse.cdt.core 4 0 2026-02-26 13:29:29.999
!MESSAGE Error

!ENTRY org.eclipse.cdt.core 4 0 2026-02-26 13:29:32.543
!MESSAGE Error

!ENTRY org.eclipse.cdt.core 4 0 2026-02-26 13:29:32.549
!MESSAGE Error

!ENTRY org.eclipse.cdt.core 4 0 2026-02-26 13:29:32.550
!MESSAGE Error

!ENTRY org.eclipse.cdt.core 4 0 2026-02-26 13:29:32.551
!MESSAGE Error

!ENTRY org.eclipse.cdt.core 4 0 2026-02-26 13:29:32.551
!MESSAGE Error

!ENTRY org.eclipse.cdt.core 4 0 2026-02-26 13:29:32.551
!MESSAGE Error

!ENTRY org.eclipse.cdt.core 4 0 2026-02-26 13:29:32.552
!MESSAGE Error

!ENTRY org.eclipse.cdt.core 4 0 2026-02-26 13:29:32.552
!MESSAGE Error

!ENTRY org.eclipse.cdt.core 4 0 2026-02-26 13:29:32.553
!MESSAGE Error

!ENTRY org.eclipse.cdt.core 4 0 2026-02-26 13:29:32.553
!MESSAGE Error

!ENTRY org.eclipse.cdt.core 4 0 2026-02-26 13:29:32.553
!MESSAGE Error

!ENTRY org.eclipse.cdt.core 4 0 2026-02-26 13:29:32.554
!MESSAGE Error

!ENTRY org.eclipse.cdt.core 4 0 2026-02-26 13:29:32.554
!MESSAGE Error

!ENTRY org.eclipse.cdt.core 4 0 2026-02-26 13:29:32.554
!MESSAGE Error

!ENTRY org.eclipse.cdt.core 4 0 2026-02-26 13:29:32.555
!MESSAGE Error

!ENTRY org.eclipse.cdt.core 4 0 2026-02-26 13:29:32.555
!MESSAGE Error

!ENTRY org.eclipse.cdt.core 4 0 2026-02-26 13:29:32.555
!MESSAGE Error

!ENTRY org.eclipse.cdt.core 4 0 2026-02-26 13:29:32.556
!MESSAGE Error

!ENTRY org.eclipse.cdt.core 4 0 2026-02-26 13:29:32.556
!MESSAGE Error

!ENTRY org.eclipse.cdt.core 4 0 2026-02-26 13:29:32.556
!MESSAGE Error

!ENTRY org.eclipse.cdt.core 4 0 2026-02-26 13:29:32.556
!MESSAGE Error

!ENTRY org.eclipse.cdt.core 4 0 2026-02-26 13:29:32.556
!MESSAGE Error

!ENTRY org.eclipse.cdt.core 4 0 2026-02-26 13:29:32.557
!MESSAGE Error

!ENTRY org.eclipse.cdt.core 4 0 2026-02-26 13:29:32.557
!MESSAGE Error

!ENTRY org.eclipse.cdt.core 4 0 2026-02-26 13:29:32.557
!MESSAGE Error

!ENTRY org.eclipse.cdt.core 4 0 2026-02-26 13:29:32.557
!MESSAGE Error

!ENTRY org.eclipse.cdt.core 4 0 2026-02-26 13:29:32.558
!MESSAGE Error

!ENTRY org.eclipse.cdt.core 4 0 2026-02-26 13:29:32.558
!MESSAGE Error

!ENTRY org.eclipse.cdt.core 4 0 2026-02-26 13:29:32.558
!MESSAGE Error

!ENTRY org.eclipse.cdt.core 4 0 2026-02-26 13:29:32.558
!MESSAGE Error

!ENTRY org.eclipse.cdt.core 4 0 2026-02-26 13:29:32.558
!MESSAGE Error

!ENTRY org.eclipse.cdt.core 4 0 2026-02-26 13:29:32.558
!MESSAGE Error

!ENTRY org.eclipse.cdt.core 4 0 2026-02-26 13:29:32.558
!MESSAGE Error

!ENTRY org.eclipse.cdt.core 4 0 2026-02-26 13:29:32.559
!MESSAGE Error

!ENTRY org.eclipse.cdt.core 4 0 2026-02-26 13:29:32.559
!MESSAGE Error

!ENTRY org.eclipse.cdt.core 4 0 2026-02-26 13:29:32.559
!MESSAGE Error

!ENTRY org.eclipse.cdt.core 4 0 2026-02-26 13:29:32.559
!MESSAGE Error

!ENTRY org.eclipse.cdt.core 4 0 2026-02-26 13:29:32.559
!MESSAGE Error

!ENTRY org.eclipse.cdt.core 4 0 2026-02-26 13:29:32.559
!MESSAGE Error

!ENTRY org.eclipse.cdt.core 4 0 2026-02-26 13:29:32.559
!MESSAGE Error

!ENTRY org.eclipse.cdt.core 4 0 2026-02-26 13:29:32.560
!MESSAGE Error

!ENTRY org.eclipse.cdt.core 4 0 2026-02-26 13:29:32.560
!MESSAGE Error

!ENTRY org.eclipse.cdt.core 4 0 2026-02-26 13:29:32.560
!MESSAGE Error

!ENTRY org.eclipse.cdt.core 4 0 2026-02-26 13:29:32.560
!MESSAGE Error

!ENTRY org.eclipse.cdt.core 4 0 2026-02-26 13:29:32.560
!MESSAGE Error

!ENTRY org.eclipse.cdt.core 4 0 2026-02-26 13:29:32.561
!MESSAGE Error

!ENTRY org.eclipse.cdt.core 4 0 2026-02-26 13:29:32.561
!MESSAGE Error

!ENTRY org.eclipse.cdt.core 4 0 2026-02-26 13:29:32.561
!MESSAGE Error

!ENTRY org.eclipse.cdt.core 4 0 2026-02-26 13:29:32.561
!MESSAGE Error

!ENTRY org.eclipse.cdt.core 4 0 2026-02-26 13:29:32.561
!MESSAGE Error

!ENTRY org.eclipse.cdt.core 4 0 2026-02-26 13:29:32.561
!MESSAGE Error

!ENTRY org.eclipse.cdt.core 4 0 2026-02-26 13:29:32.562
!MESSAGE Error

!ENTRY org.eclipse.cdt.core 4 0 2026-02-26 13:29:32.562
!MESSAGE Error

!ENTRY org.eclipse.cdt.core 4 0 2026-02-26 13:29:32.562
!MESSAGE Error

!ENTRY org.eclipse.cdt.core 4 0 2026-02-26 13:29:32.562
!MESSAGE Error

!ENTRY org.eclipse.cdt.core 4 0 2026-02-26 13:29:32.562
!MESSAGE Error

!ENTRY org.eclipse.cdt.core 4 0 2026-02-26 13:29:32.562
!MESSAGE Error

!ENTRY org.eclipse.cdt.core 4 0 2026-02-26 13:29:32.562
!MESSAGE Error

!ENTRY org.eclipse.cdt.core 4 0 2026-02-26 13:29:32.563
!MESSAGE Error

!ENTRY org.eclipse.cdt.core 4 0 2026-02-26 13:29:32.563
!MESSAGE Error

!ENTRY org.eclipse.cdt.core 4 0 2026-02-26 13:29:32.563
!MESSAGE Error

!ENTRY org.eclipse.cdt.core 4 0 2026-02-26 13:29:32.563
!MESSAGE Error

!ENTRY org.eclipse.cdt.core 4 0 2026-02-26 13:29:32.563
!MESSAGE Error

!ENTRY org.eclipse.cdt.core 4 0 2026-02-26 13:29:32.563
!MESSAGE Error

!ENTRY org.eclipse.cdt.core 4 0 2026-02-26 13:29:32.563
!MESSAGE Error

!ENTRY org.eclipse.cdt.core 4 0 2026-02-26 13:29:32.564
!MESSAGE Error

!ENTRY org.eclipse.cdt.core 4 0 2026-02-26 13:29:32.564
!MESSAGE Error

!ENTRY org.eclipse.cdt.core 4 0 2026-02-26 13:29:32.564
!MESSAGE Error

!ENTRY org.eclipse.cdt.core 4 0 2026-02-26 13:29:32.564
!MESSAGE Error

!ENTRY org.eclipse.cdt.core 4 0 2026-02-26 13:29:32.564
!MESSAGE Error

!ENTRY org.eclipse.cdt.core 4 0 2026-02-26 13:29:32.564
!MESSAGE Error

!ENTRY org.eclipse.cdt.core 4 0 2026-02-26 13:29:32.565
!MESSAGE Error

!ENTRY org.eclipse.cdt.core 4 0 2026-02-26 13:29:32.565
!MESSAGE Error

!ENTRY org.eclipse.cdt.core 4 0 2026-02-26 13:29:32.565
!MESSAGE Error

!ENTRY org.eclipse.cdt.core 4 0 2026-02-26 13:29:32.565
!MESSAGE Error

!ENTRY org.eclipse.cdt.core 4 0 2026-02-26 13:29:32.565
!MESSAGE Error

!ENTRY org.eclipse.cdt.core 4 0 2026-02-26 13:29:32.565
!MESSAGE Error

!ENTRY org.eclipse.cdt.core 4 0 2026-02-26 13:29:32.566
!MESSAGE Error

!ENTRY org.eclipse.cdt.core 4 0 2026-02-26 13:29:32.566
!MESSAGE Error

!ENTRY org.eclipse.cdt.core 4 0 2026-02-26 13:29:35.113
!MESSAGE Error

!ENTRY org.eclipse.cdt.core 4 0 2026-02-26 13:29:35.118
!MESSAGE Error

!ENTRY org.eclipse.cdt.core 4 0 2026-02-26 13:29:35.120
!MESSAGE Error

!ENTRY org.eclipse.cdt.core 4 0 2026-02-26 13:29:35.120
!MESSAGE Error

!ENTRY org.eclipse.cdt.core 4 0 2026-02-26 13:29:35.120
!MESSAGE Error

!ENTRY org.eclipse.cdt.core 4 0 2026-02-26 13:29:35.121
!MESSAGE Error

!ENTRY org.eclipse.cdt.core 4 0 2026-02-26 13:29:35.121
!MESSAGE Error

!ENTRY org.eclipse.cdt.core 4 0 2026-02-26 13:29:35.122
!MESSAGE Error

!ENTRY org.eclipse.cdt.core 4 0 2026-02-26 13:29:35.122
!MESSAGE Error

!ENTRY org.eclipse.cdt.core 4 0 2026-02-26 13:29:35.122
!MESSAGE Error

!ENTRY org.eclipse.cdt.core 4 0 2026-02-26 13:29:35.123
!MESSAGE Error

!ENTRY org.eclipse.cdt.core 4 0 2026-02-26 13:29:35.123
!MESSAGE Error

!ENTRY org.eclipse.cdt.core 4 0 2026-02-26 13:29:35.123
!MESSAGE Error

!ENTRY org.eclipse.cdt.core 4 0 2026-02-26 13:29:35.124
!MESSAGE Error

!ENTRY org.eclipse.cdt.core 4 0 2026-02-26 13:29:35.124
!MESSAGE Error

!ENTRY org.eclipse.cdt.core 4 0 2026-02-26 13:29:35.124
!MESSAGE Error

!ENTRY org.eclipse.cdt.core 4 0 2026-02-26 13:29:35.125
!MESSAGE Error

!ENTRY org.eclipse.cdt.core 4 0 2026-02-26 13:29:35.125
!MESSAGE Error

!ENTRY org.eclipse.cdt.core 4 0 2026-02-26 13:29:35.125
!MESSAGE Error

!ENTRY org.eclipse.cdt.core 4 0 2026-02-26 13:29:35.126
!MESSAGE Error

!ENTRY org.eclipse.cdt.core 4 0 2026-02-26 13:29:35.126
!MESSAGE Error

!ENTRY org.eclipse.cdt.core 4 0 2026-02-26 13:29:35.126
!MESSAGE Error

!ENTRY org.eclipse.cdt.core 4 0 2026-02-26 13:29:35.126
!MESSAGE Error

!ENTRY org.eclipse.cdt.core 4 0 2026-02-26 13:29:35.127
!MESSAGE Error

!ENTRY org.eclipse.cdt.core 4 0 2026-02-26 13:29:35.127
!MESSAGE Error

!ENTRY org.eclipse.cdt.core 4 0 2026-02-26 13:29:35.127
!MESSAGE Error

!ENTRY org.eclipse.cdt.core 4 0 2026-02-26 13:29:35.128
!MESSAGE Error

!ENTRY org.eclipse.cdt.core 4 0 2026-02-26 13:29:35.129
!MESSAGE Error

!ENTRY org.eclipse.cdt.core 4 0 2026-02-26 13:29:35.129
!MESSAGE Error

!ENTRY org.eclipse.cdt.core 4 0 2026-02-26 13:29:35.130
!MESSAGE Error

!ENTRY org.eclipse.cdt.core 4 0 2026-02-26 13:29:35.130
!MESSAGE Error

!ENTRY org.eclipse.cdt.core 4 0 2026-02-26 13:29:35.130
!MESSAGE Error

!ENTRY org.eclipse.cdt.core 4 0 2026-02-26 13:29:35.131
!MESSAGE Error

!ENTRY org.eclipse.cdt.core 4 0 2026-02-26 13:29:35.131
!MESSAGE Error

!ENTRY org.eclipse.cdt.core 4 0 2026-02-26 13:29:35.131
!MESSAGE Error

!ENTRY org.eclipse.cdt.core 4 0 2026-02-26 13:29:35.132
!MESSAGE Error

!ENTRY org.eclipse.cdt.core 4 0 2026-02-26 13:29:35.132
!MESSAGE Error

!ENTRY org.eclipse.cdt.core 4 0 2026-02-26 13:29:35.133
!MESSAGE Error

!ENTRY org.eclipse.cdt.core 4 0 2026-02-26 13:29:35.133
!MESSAGE Error

!ENTRY org.eclipse.cdt.core 4 0 2026-02-26 13:29:35.133
!MESSAGE Error

!ENTRY org.eclipse.cdt.core 4 0 2026-02-26 13:29:35.134
!MESSAGE Error

!ENTRY org.eclipse.cdt.core 4 0 2026-02-26 13:29:35.134
!MESSAGE Error

!ENTRY org.eclipse.cdt.core 4 0 2026-02-26 13:29:35.134
!MESSAGE Error

!ENTRY org.eclipse.cdt.core 4 0 2026-02-26 13:29:35.135
!MESSAGE Error

!ENTRY org.eclipse.cdt.core 4 0 2026-02-26 13:29:35.135
!MESSAGE Error

!ENTRY org.eclipse.cdt.core 4 0 2026-02-26 13:29:35.135
!MESSAGE Error

!ENTRY org.eclipse.cdt.core 4 0 2026-02-26 13:29:35.136
!MESSAGE Error

!ENTRY org.eclipse.cdt.core 4 0 2026-02-26 13:29:35.136
!MESSAGE Error

!ENTRY org.eclipse.cdt.core 4 0 2026-02-26 13:29:35.136
!MESSAGE Error

!ENTRY org.eclipse.cdt.core 4 0 2026-02-26 13:29:35.136
!MESSAGE Error

!ENTRY org.eclipse.cdt.core 4 0 2026-02-26 13:29:35.136
!MESSAGE Error

!ENTRY org.eclipse.cdt.core 4 0 2026-02-26 13:29:35.137
!MESSAGE Error

!ENTRY org.eclipse.cdt.core 4 0 2026-02-26 13:29:35.137
!MESSAGE Error

!ENTRY org.eclipse.cdt.core 4 0 2026-02-26 13:29:35.137
!MESSAGE Error

!ENTRY org.eclipse.cdt.core 4 0 2026-02-26 13:29:35.137
!MESSAGE Error

!ENTRY org.eclipse.cdt.core 4 0 2026-02-26 13:29:35.137
!MESSAGE Error

!ENTRY org.eclipse.cdt.core 4 0 2026-02-26 13:29:35.137
!MESSAGE Error

!ENTRY org.eclipse.cdt.core 4 0 2026-02-26 13:29:35.137
!MESSAGE Error

!ENTRY org.eclipse.cdt.core 4 0 2026-02-26 13:29:35.138
!MESSAGE Error

!ENTRY org.eclipse.cdt.core 4 0 2026-02-26 13:29:35.138
!MESSAGE Error

!ENTRY org.eclipse.cdt.core 4 0 2026-02-26 13:29:35.138
!MESSAGE Error

!ENTRY org.eclipse.cdt.core 4 0 2026-02-26 13:29:35.138
!MESSAGE Error

!ENTRY org.eclipse.cdt.core 4 0 2026-02-26 13:29:35.138
!MESSAGE Error

!ENTRY org.eclipse.cdt.core 4 0 2026-02-26 13:29:35.138
!MESSAGE Error

!ENTRY org.eclipse.cdt.core 4 0 2026-02-26 13:29:35.138
!MESSAGE Error

!ENTRY org.eclipse.cdt.core 4 0 2026-02-26 13:29:35.139
!MESSAGE Error

!ENTRY org.eclipse.cdt.core 4 0 2026-02-26 13:29:35.139
!MESSAGE Error

!ENTRY org.eclipse.cdt.core 4 0 2026-02-26 13:29:35.139
!MESSAGE Error

!ENTRY org.eclipse.cdt.core 4 0 2026-02-26 13:29:35.139
!MESSAGE Error

!ENTRY org.eclipse.cdt.core 4 0 2026-02-26 13:29:35.139
!MESSAGE Error

!ENTRY org.eclipse.cdt.core 4 0 2026-02-26 13:29:35.139
!MESSAGE Error

!ENTRY org.eclipse.cdt.core 4 0 2026-02-26 13:29:35.140
!MESSAGE Error

!ENTRY org.eclipse.cdt.core 4 0 2026-02-26 13:29:35.140
!MESSAGE Error

!ENTRY org.eclipse.cdt.core 4 0 2026-02-26 13:29:35.140
!MESSAGE Error

!ENTRY org.eclipse.cdt.core 4 0 2026-02-26 13:29:35.140
!MESSAGE Error

!ENTRY org.eclipse.cdt.core 4 0 2026-02-26 13:29:35.140
!MESSAGE Error

!ENTRY org.eclipse.cdt.core 4 0 2026-02-26 13:29:35.140
!MESSAGE Error

!ENTRY org.eclipse.cdt.core 4 0 2026-02-26 13:29:35.140
!MESSAGE Error

!ENTRY org.eclipse.cdt.core 4 0 2026-02-26 13:29:35.140
!MESSAGE Error

!ENTRY org.eclipse.cdt.core 4 0 2026-02-26 13:29:36.171
!MESSAGE Error

!ENTRY org.eclipse.cdt.core 4 0 2026-02-26 13:29:36.175
!MESSAGE Error

!ENTRY org.eclipse.cdt.core 4 0 2026-02-26 13:29:36.177
!MESSAGE Error

!ENTRY org.eclipse.cdt.core 4 0 2026-02-26 13:29:36.177
!MESSAGE Error

!ENTRY org.eclipse.cdt.core 4 0 2026-02-26 13:29:36.178
!MESSAGE Error

!ENTRY org.eclipse.cdt.core 4 0 2026-02-26 13:29:36.178
!MESSAGE Error

!ENTRY org.eclipse.cdt.core 4 0 2026-02-26 13:29:36.179
!MESSAGE Error

!ENTRY org.eclipse.cdt.core 4 0 2026-02-26 13:29:36.179
!MESSAGE Error

!ENTRY org.eclipse.cdt.core 4 0 2026-02-26 13:29:36.179
!MESSAGE Error

!ENTRY org.eclipse.cdt.core 4 0 2026-02-26 13:29:36.180
!MESSAGE Error

!ENTRY org.eclipse.cdt.core 4 0 2026-02-26 13:29:36.180
!MESSAGE Error

!ENTRY org.eclipse.cdt.core 4 0 2026-02-26 13:29:36.180
!MESSAGE Error

!ENTRY org.eclipse.cdt.core 4 0 2026-02-26 13:29:36.181
!MESSAGE Error

!ENTRY org.eclipse.cdt.core 4 0 2026-02-26 13:29:36.181
!MESSAGE Error

!ENTRY org.eclipse.cdt.core 4 0 2026-02-26 13:29:36.181
!MESSAGE Error

!ENTRY org.eclipse.cdt.core 4 0 2026-02-26 13:29:36.182
!MESSAGE Error

!ENTRY org.eclipse.cdt.core 4 0 2026-02-26 13:29:36.183
!MESSAGE Error

!ENTRY org.eclipse.cdt.core 4 0 2026-02-26 13:29:36.183
!MESSAGE Error

!ENTRY org.eclipse.cdt.core 4 0 2026-02-26 13:29:36.183
!MESSAGE Error

!ENTRY org.eclipse.cdt.core 4 0 2026-02-26 13:29:36.183
!MESSAGE Error

!ENTRY org.eclipse.cdt.core 4 0 2026-02-26 13:29:36.183
!MESSAGE Error

!ENTRY org.eclipse.cdt.core 4 0 2026-02-26 13:29:36.183
!MESSAGE Error

!ENTRY org.eclipse.cdt.core 4 0 2026-02-26 13:29:36.183
!MESSAGE Error

!ENTRY org.eclipse.cdt.core 4 0 2026-02-26 13:29:36.184
!MESSAGE Error

!ENTRY org.eclipse.cdt.core 4 0 2026-02-26 13:29:36.184
!MESSAGE Error

!ENTRY org.eclipse.cdt.core 4 0 2026-02-26 13:29:36.184
!MESSAGE Error

!ENTRY org.eclipse.cdt.core 4 0 2026-02-26 13:29:36.185
!MESSAGE Error

!ENTRY org.eclipse.cdt.core 4 0 2026-02-26 13:29:36.186
!MESSAGE Error

!ENTRY org.eclipse.cdt.core 4 0 2026-02-26 13:29:36.186
!MESSAGE Error

!ENTRY org.eclipse.cdt.core 4 0 2026-02-26 13:29:36.186
!MESSAGE Error

!ENTRY org.eclipse.cdt.core 4 0 2026-02-26 13:29:36.187
!MESSAGE Error

!ENTRY org.eclipse.cdt.core 4 0 2026-02-26 13:29:36.187
!MESSAGE Error

!ENTRY org.eclipse.cdt.core 4 0 2026-02-26 13:29:36.187
!MESSAGE Error

!ENTRY org.eclipse.cdt.core 4 0 2026-02-26 13:29:36.188
!MESSAGE Error

!ENTRY org.eclipse.cdt.core 4 0 2026-02-26 13:29:36.188
!MESSAGE Error

!ENTRY org.eclipse.cdt.core 4 0 2026-02-26 13:29:36.188
!MESSAGE Error

!ENTRY org.eclipse.cdt.core 4 0 2026-02-26 13:29:36.188
!MESSAGE Error

!ENTRY org.eclipse.cdt.core 4 0 2026-02-26 13:29:36.188
!MESSAGE Error

!ENTRY org.eclipse.cdt.core 4 0 2026-02-26 13:29:36.188
!MESSAGE Error

!ENTRY org.eclipse.cdt.core 4 0 2026-02-26 13:29:36.188
!MESSAGE Error

!ENTRY org.eclipse.cdt.core 4 0 2026-02-26 13:29:36.189
!MESSAGE Error

!ENTRY org.eclipse.cdt.core 4 0 2026-02-26 13:29:36.189
!MESSAGE Error

!ENTRY org.eclipse.cdt.core 4 0 2026-02-26 13:29:36.189
!MESSAGE Error

!ENTRY org.eclipse.cdt.core 4 0 2026-02-26 13:29:36.189
!MESSAGE Error

!ENTRY org.eclipse.cdt.core 4 0 2026-02-26 13:29:36.189
!MESSAGE Error

!ENTRY org.eclipse.cdt.core 4 0 2026-02-26 13:29:36.189
!MESSAGE Error

!ENTRY org.eclipse.cdt.core 4 0 2026-02-26 13:29:36.189
!MESSAGE Error

!ENTRY org.eclipse.cdt.core 4 0 2026-02-26 13:29:36.189
!MESSAGE Error

!ENTRY org.eclipse.cdt.core 4 0 2026-02-26 13:29:36.189
!MESSAGE Error

!ENTRY org.eclipse.cdt.core 4 0 2026-02-26 13:29:36.189
!MESSAGE Error

!ENTRY org.eclipse.cdt.core 4 0 2026-02-26 13:29:36.189
!MESSAGE Error

!ENTRY org.eclipse.cdt.core 4 0 2026-02-26 13:29:36.190
!MESSAGE Error

!ENTRY org.eclipse.cdt.core 4 0 2026-02-26 13:29:36.190
!MESSAGE Error

!ENTRY org.eclipse.cdt.core 4 0 2026-02-26 13:29:36.190
!MESSAGE Error

!ENTRY org.eclipse.cdt.core 4 0 2026-02-26 13:29:36.190
!MESSAGE Error

!ENTRY org.eclipse.cdt.core 4 0 2026-02-26 13:29:36.190
!MESSAGE Error

!ENTRY org.eclipse.cdt.core 4 0 2026-02-26 13:29:36.190
!MESSAGE Error

!ENTRY org.eclipse.cdt.core 4 0 2026-02-26 13:29:36.190
!MESSAGE Error

!ENTRY org.eclipse.cdt.core 4 0 2026-02-26 13:29:36.191
!MESSAGE Error

!ENTRY org.eclipse.cdt.core 4 0 2026-02-26 13:29:36.191
!MESSAGE Error

!ENTRY org.eclipse.cdt.core 4 0 2026-02-26 13:29:36.191
!MESSAGE Error

!ENTRY org.eclipse.cdt.core 4 0 2026-02-26 13:29:36.191
!MESSAGE Error

!ENTRY org.eclipse.cdt.core 4 0 2026-02-26 13:29:36.191
!MESSAGE Error

!ENTRY org.eclipse.cdt.core 4 0 2026-02-26 13:29:36.191
!MESSAGE Error

!ENTRY org.eclipse.cdt.core 4 0 2026-02-26 13:29:36.191
!MESSAGE Error

!ENTRY org.eclipse.cdt.core 4 0 2026-02-26 13:29:36.192
!MESSAGE Error

!ENTRY org.eclipse.cdt.core 4 0 2026-02-26 13:29:36.192
!MESSAGE Error

!ENTRY org.eclipse.cdt.core 4 0 2026-02-26 13:29:36.192
!MESSAGE Error

!ENTRY org.eclipse.cdt.core 4 0 2026-02-26 13:29:36.192
!MESSAGE Error

!ENTRY org.eclipse.cdt.core 4 0 2026-02-26 13:29:36.192
!MESSAGE Error

!ENTRY org.eclipse.cdt.core 4 0 2026-02-26 13:29:36.192
!MESSAGE Error

!ENTRY org.eclipse.cdt.core 4 0 2026-02-26 13:29:36.192
!MESSAGE Error

!ENTRY org.eclipse.cdt.core 4 0 2026-02-26 13:29:36.193
!MESSAGE Error

!ENTRY org.eclipse.cdt.core 4 0 2026-02-26 13:29:36.193
!MESSAGE Error

!ENTRY org.eclipse.cdt.core 4 0 2026-02-26 13:29:36.193
!MESSAGE Error

!ENTRY org.eclipse.cdt.core 4 0 2026-02-26 13:29:36.193
!MESSAGE Error

!ENTRY org.eclipse.cdt.core 4 0 2026-02-26 13:29:36.193
!MESSAGE Error

!ENTRY org.eclipse.cdt.core 4 0 2026-02-26 13:29:36.193
!MESSAGE Error

!ENTRY org.eclipse.cdt.core 4 0 2026-02-26 13:29:36.193
!MESSAGE Error

!ENTRY org.eclipse.cdt.core 4 0 2026-02-26 13:29:41.256
!MESSAGE Error

!ENTRY org.eclipse.cdt.core 4 0 2026-02-26 13:29:41.260
!MESSAGE Error

!ENTRY org.eclipse.cdt.core 4 0 2026-02-26 13:29:41.263
!MESSAGE Error

!ENTRY org.eclipse.cdt.core 4 0 2026-02-26 13:29:41.263
!MESSAGE Error

!ENTRY org.eclipse.cdt.core 4 0 2026-02-26 13:29:41.264
!MESSAGE Error

!ENTRY org.eclipse.cdt.core 4 0 2026-02-26 13:29:41.264
!MESSAGE Error

!ENTRY org.eclipse.cdt.core 4 0 2026-02-26 13:29:41.264
!MESSAGE Error

!ENTRY org.eclipse.cdt.core 4 0 2026-02-26 13:29:41.265
!MESSAGE Error

!ENTRY org.eclipse.cdt.core 4 0 2026-02-26 13:29:41.265
!MESSAGE Error

!ENTRY org.eclipse.cdt.core 4 0 2026-02-26 13:29:41.265
!MESSAGE Error

!ENTRY org.eclipse.cdt.core 4 0 2026-02-26 13:29:41.265
!MESSAGE Error

!ENTRY org.eclipse.cdt.core 4 0 2026-02-26 13:29:41.266
!MESSAGE Error

!ENTRY org.eclipse.cdt.core 4 0 2026-02-26 13:29:41.266
!MESSAGE Error

!ENTRY org.eclipse.cdt.core 4 0 2026-02-26 13:29:41.267
!MESSAGE Error

!ENTRY org.eclipse.cdt.core 4 0 2026-02-26 13:29:41.267
!MESSAGE Error

!ENTRY org.eclipse.cdt.core 4 0 2026-02-26 13:29:41.267
!MESSAGE Error

!ENTRY org.eclipse.cdt.core 4 0 2026-02-26 13:29:41.268
!MESSAGE Error

!ENTRY org.eclipse.cdt.core 4 0 2026-02-26 13:29:41.268
!MESSAGE Error

!ENTRY org.eclipse.cdt.core 4 0 2026-02-26 13:29:41.269
!MESSAGE Error

!ENTRY org.eclipse.cdt.core 4 0 2026-02-26 13:29:41.269
!MESSAGE Error

!ENTRY org.eclipse.cdt.core 4 0 2026-02-26 13:29:41.269
!MESSAGE Error

!ENTRY org.eclipse.cdt.core 4 0 2026-02-26 13:29:41.270
!MESSAGE Error

!ENTRY org.eclipse.cdt.core 4 0 2026-02-26 13:29:41.270
!MESSAGE Error

!ENTRY org.eclipse.cdt.core 4 0 2026-02-26 13:29:41.270
!MESSAGE Error

!ENTRY org.eclipse.cdt.core 4 0 2026-02-26 13:29:41.271
!MESSAGE Error

!ENTRY org.eclipse.cdt.core 4 0 2026-02-26 13:29:41.271
!MESSAGE Error

!ENTRY org.eclipse.cdt.core 4 0 2026-02-26 13:29:41.271
!MESSAGE Error

!ENTRY org.eclipse.cdt.core 4 0 2026-02-26 13:29:41.272
!MESSAGE Error

!ENTRY org.eclipse.cdt.core 4 0 2026-02-26 13:29:41.272
!MESSAGE Error

!ENTRY org.eclipse.cdt.core 4 0 2026-02-26 13:29:41.272
!MESSAGE Error

!ENTRY org.eclipse.cdt.core 4 0 2026-02-26 13:29:41.272
!MESSAGE Error

!ENTRY org.eclipse.cdt.core 4 0 2026-02-26 13:29:41.272
!MESSAGE Error

!ENTRY org.eclipse.cdt.core 4 0 2026-02-26 13:29:41.272
!MESSAGE Error

!ENTRY org.eclipse.cdt.core 4 0 2026-02-26 13:29:41.273
!MESSAGE Error

!ENTRY org.eclipse.cdt.core 4 0 2026-02-26 13:29:41.273
!MESSAGE Error

!ENTRY org.eclipse.cdt.core 4 0 2026-02-26 13:29:41.273
!MESSAGE Error

!ENTRY org.eclipse.cdt.core 4 0 2026-02-26 13:29:41.274
!MESSAGE Error

!ENTRY org.eclipse.cdt.core 4 0 2026-02-26 13:29:41.274
!MESSAGE Error

!ENTRY org.eclipse.cdt.core 4 0 2026-02-26 13:29:41.274
!MESSAGE Error

!ENTRY org.eclipse.cdt.core 4 0 2026-02-26 13:29:41.274
!MESSAGE Error

!ENTRY org.eclipse.cdt.core 4 0 2026-02-26 13:29:41.274
!MESSAGE Error

!ENTRY org.eclipse.cdt.core 4 0 2026-02-26 13:29:41.274
!MESSAGE Error

!ENTRY org.eclipse.cdt.core 4 0 2026-02-26 13:29:41.274
!MESSAGE Error

!ENTRY org.eclipse.cdt.core 4 0 2026-02-26 13:29:41.275
!MESSAGE Error

!ENTRY org.eclipse.cdt.core 4 0 2026-02-26 13:29:41.275
!MESSAGE Error

!ENTRY org.eclipse.cdt.core 4 0 2026-02-26 13:29:41.275
!MESSAGE Error

!ENTRY org.eclipse.cdt.core 4 0 2026-02-26 13:29:41.275
!MESSAGE Error

!ENTRY org.eclipse.cdt.core 4 0 2026-02-26 13:29:41.275
!MESSAGE Error

!ENTRY org.eclipse.cdt.core 4 0 2026-02-26 13:29:41.275
!MESSAGE Error

!ENTRY org.eclipse.cdt.core 4 0 2026-02-26 13:29:41.276
!MESSAGE Error

!ENTRY org.eclipse.cdt.core 4 0 2026-02-26 13:29:41.276
!MESSAGE Error

!ENTRY org.eclipse.cdt.core 4 0 2026-02-26 13:29:41.276
!MESSAGE Error

!ENTRY org.eclipse.cdt.core 4 0 2026-02-26 13:29:41.276
!MESSAGE Error

!ENTRY org.eclipse.cdt.core 4 0 2026-02-26 13:29:41.277
!MESSAGE Error

!ENTRY org.eclipse.cdt.core 4 0 2026-02-26 13:29:41.277
!MESSAGE Error

!ENTRY org.eclipse.cdt.core 4 0 2026-02-26 13:29:41.277
!MESSAGE Error

!ENTRY org.eclipse.cdt.core 4 0 2026-02-26 13:29:41.277
!MESSAGE Error

!ENTRY org.eclipse.cdt.core 4 0 2026-02-26 13:29:41.278
!MESSAGE Error

!ENTRY org.eclipse.cdt.core 4 0 2026-02-26 13:29:41.278
!MESSAGE Error

!ENTRY org.eclipse.cdt.core 4 0 2026-02-26 13:29:41.278
!MESSAGE Error

!ENTRY org.eclipse.cdt.core 4 0 2026-02-26 13:29:41.279
!MESSAGE Error

!ENTRY org.eclipse.cdt.core 4 0 2026-02-26 13:29:41.279
!MESSAGE Error

!ENTRY org.eclipse.cdt.core 4 0 2026-02-26 13:29:41.279
!MESSAGE Error

!ENTRY org.eclipse.cdt.core 4 0 2026-02-26 13:29:41.280
!MESSAGE Error

!ENTRY org.eclipse.cdt.core 4 0 2026-02-26 13:29:41.280
!MESSAGE Error

!ENTRY org.eclipse.cdt.core 4 0 2026-02-26 13:29:41.281
!MESSAGE Error

!ENTRY org.eclipse.cdt.core 4 0 2026-02-26 13:29:41.281
!MESSAGE Error

!ENTRY org.eclipse.cdt.core 4 0 2026-02-26 13:29:41.282
!MESSAGE Error

!ENTRY org.eclipse.cdt.core 4 0 2026-02-26 13:29:41.282
!MESSAGE Error

!ENTRY org.eclipse.cdt.core 4 0 2026-02-26 13:29:41.282
!MESSAGE Error

!ENTRY org.eclipse.cdt.core 4 0 2026-02-26 13:29:41.282
!MESSAGE Error

!ENTRY org.eclipse.cdt.core 4 0 2026-02-26 13:29:41.283
!MESSAGE Error

!ENTRY org.eclipse.cdt.core 4 0 2026-02-26 13:29:41.283
!MESSAGE Error

!ENTRY org.eclipse.cdt.core 4 0 2026-02-26 13:29:41.283
!MESSAGE Error

!ENTRY org.eclipse.cdt.core 4 0 2026-02-26 13:29:41.284
!MESSAGE Error

!ENTRY org.eclipse.cdt.core 4 0 2026-02-26 13:29:41.284
!MESSAGE Error

!ENTRY org.eclipse.cdt.core 4 0 2026-02-26 13:29:41.284
!MESSAGE Error

!ENTRY org.eclipse.cdt.core 4 0 2026-02-26 13:29:41.284
!MESSAGE Error

!ENTRY org.eclipse.cdt.core 4 0 2026-02-26 13:29:41.285
!MESSAGE Error

!ENTRY org.eclipse.cdt.core 4 0 2026-02-26 13:29:43.336
!MESSAGE Error

!ENTRY org.eclipse.cdt.core 4 0 2026-02-26 13:29:43.340
!MESSAGE Error

!ENTRY org.eclipse.cdt.core 4 0 2026-02-26 13:29:43.341
!MESSAGE Error

!ENTRY org.eclipse.cdt.core 4 0 2026-02-26 13:29:43.341
!MESSAGE Error

!ENTRY org.eclipse.cdt.core 4 0 2026-02-26 13:29:43.341
!MESSAGE Error

!ENTRY org.eclipse.cdt.core 4 0 2026-02-26 13:29:43.341
!MESSAGE Error

!ENTRY org.eclipse.cdt.core 4 0 2026-02-26 13:29:43.341
!MESSAGE Error

!ENTRY org.eclipse.cdt.core 4 0 2026-02-26 13:29:43.341
!MESSAGE Error

!ENTRY org.eclipse.cdt.core 4 0 2026-02-26 13:29:43.341
!MESSAGE Error

!ENTRY org.eclipse.cdt.core 4 0 2026-02-26 13:29:43.341
!MESSAGE Error

!ENTRY org.eclipse.cdt.core 4 0 2026-02-26 13:29:43.342
!MESSAGE Error

!ENTRY org.eclipse.cdt.core 4 0 2026-02-26 13:29:43.342
!MESSAGE Error

!ENTRY org.eclipse.cdt.core 4 0 2026-02-26 13:29:43.342
!MESSAGE Error

!ENTRY org.eclipse.cdt.core 4 0 2026-02-26 13:29:43.342
!MESSAGE Error

!ENTRY org.eclipse.cdt.core 4 0 2026-02-26 13:29:43.342
!MESSAGE Error

!ENTRY org.eclipse.cdt.core 4 0 2026-02-26 13:29:43.342
!MESSAGE Error

!ENTRY org.eclipse.cdt.core 4 0 2026-02-26 13:29:43.343
!MESSAGE Error

!ENTRY org.eclipse.cdt.core 4 0 2026-02-26 13:29:43.343
!MESSAGE Error

!ENTRY org.eclipse.cdt.core 4 0 2026-02-26 13:29:43.343
!MESSAGE Error

!ENTRY org.eclipse.cdt.core 4 0 2026-02-26 13:29:43.343
!MESSAGE Error

!ENTRY org.eclipse.cdt.core 4 0 2026-02-26 13:29:43.343
!MESSAGE Error

!ENTRY org.eclipse.cdt.core 4 0 2026-02-26 13:29:43.343
!MESSAGE Error

!ENTRY org.eclipse.cdt.core 4 0 2026-02-26 13:29:43.343
!MESSAGE Error

!ENTRY org.eclipse.cdt.core 4 0 2026-02-26 13:29:43.344
!MESSAGE Error

!ENTRY org.eclipse.cdt.core 4 0 2026-02-26 13:29:43.344
!MESSAGE Error

!ENTRY org.eclipse.cdt.core 4 0 2026-02-26 13:29:43.344
!MESSAGE Error

!ENTRY org.eclipse.cdt.core 4 0 2026-02-26 13:29:43.344
!MESSAGE Error

!ENTRY org.eclipse.cdt.core 4 0 2026-02-26 13:29:43.345
!MESSAGE Error

!ENTRY org.eclipse.cdt.core 4 0 2026-02-26 13:29:43.345
!MESSAGE Error

!ENTRY org.eclipse.cdt.core 4 0 2026-02-26 13:29:43.345
!MESSAGE Error

!ENTRY org.eclipse.cdt.core 4 0 2026-02-26 13:29:43.345
!MESSAGE Error

!ENTRY org.eclipse.cdt.core 4 0 2026-02-26 13:29:43.345
!MESSAGE Error

!ENTRY org.eclipse.cdt.core 4 0 2026-02-26 13:29:43.345
!MESSAGE Error

!ENTRY org.eclipse.cdt.core 4 0 2026-02-26 13:29:43.345
!MESSAGE Error

!ENTRY org.eclipse.cdt.core 4 0 2026-02-26 13:29:43.346
!MESSAGE Error

!ENTRY org.eclipse.cdt.core 4 0 2026-02-26 13:29:43.346
!MESSAGE Error

!ENTRY org.eclipse.cdt.core 4 0 2026-02-26 13:29:43.346
!MESSAGE Error

!ENTRY org.eclipse.cdt.core 4 0 2026-02-26 13:29:43.346
!MESSAGE Error

!ENTRY org.eclipse.cdt.core 4 0 2026-02-26 13:29:43.346
!MESSAGE Error

!ENTRY org.eclipse.cdt.core 4 0 2026-02-26 13:29:43.346
!MESSAGE Error

!ENTRY org.eclipse.cdt.core 4 0 2026-02-26 13:29:43.346
!MESSAGE Error

!ENTRY org.eclipse.cdt.core 4 0 2026-02-26 13:29:43.347
!MESSAGE Error

!ENTRY org.eclipse.cdt.core 4 0 2026-02-26 13:29:43.347
!MESSAGE Error

!ENTRY org.eclipse.cdt.core 4 0 2026-02-26 13:29:43.347
!MESSAGE Error

!ENTRY org.eclipse.cdt.core 4 0 2026-02-26 13:29:43.348
!MESSAGE Error

!ENTRY org.eclipse.cdt.core 4 0 2026-02-26 13:29:43.348
!MESSAGE Error

!ENTRY org.eclipse.cdt.core 4 0 2026-02-26 13:29:43.348
!MESSAGE Error

!ENTRY org.eclipse.cdt.core 4 0 2026-02-26 13:29:43.349
!MESSAGE Error

!ENTRY org.eclipse.cdt.core 4 0 2026-02-26 13:29:43.349
!MESSAGE Error

!ENTRY org.eclipse.cdt.core 4 0 2026-02-26 13:29:43.349
!MESSAGE Error

!ENTRY org.eclipse.cdt.core 4 0 2026-02-26 13:29:43.350
!MESSAGE Error

!ENTRY org.eclipse.cdt.core 4 0 2026-02-26 13:29:43.350
!MESSAGE Error

!ENTRY org.eclipse.cdt.core 4 0 2026-02-26 13:29:43.350
!MESSAGE Error

!ENTRY org.eclipse.cdt.core 4 0 2026-02-26 13:29:43.351
!MESSAGE Error

!ENTRY org.eclipse.cdt.core 4 0 2026-02-26 13:29:43.351
!MESSAGE Error

!ENTRY org.eclipse.cdt.core 4 0 2026-02-26 13:29:43.351
!MESSAGE Error

!ENTRY org.eclipse.cdt.core 4 0 2026-02-26 13:29:43.351
!MESSAGE Error

!ENTRY org.eclipse.cdt.core 4 0 2026-02-26 13:29:43.352
!MESSAGE Error

!ENTRY org.eclipse.cdt.core 4 0 2026-02-26 13:29:43.352
!MESSAGE Error

!ENTRY org.eclipse.cdt.core 4 0 2026-02-26 13:29:43.352
!MESSAGE Error

!ENTRY org.eclipse.cdt.core 4 0 2026-02-26 13:29:43.353
!MESSAGE Error

!ENTRY org.eclipse.cdt.core 4 0 2026-02-26 13:29:43.353
!MESSAGE Error

!ENTRY org.eclipse.cdt.core 4 0 2026-02-26 13:29:43.353
!MESSAGE Error

!ENTRY org.eclipse.cdt.core 4 0 2026-02-26 13:29:43.353
!MESSAGE Error

!ENTRY org.eclipse.cdt.core 4 0 2026-02-26 13:29:43.353
!MESSAGE Error

!ENTRY org.eclipse.cdt.core 4 0 2026-02-26 13:29:43.353
!MESSAGE Error

!ENTRY org.eclipse.cdt.core 4 0 2026-02-26 13:29:43.354
!MESSAGE Error

!ENTRY org.eclipse.cdt.core 4 0 2026-02-26 13:29:43.354
!MESSAGE Error

!ENTRY org.eclipse.cdt.core 4 0 2026-02-26 13:29:43.354
!MESSAGE Error

!ENTRY org.eclipse.cdt.core 4 0 2026-02-26 13:29:43.354
!MESSAGE Error

!ENTRY org.eclipse.cdt.core 4 0 2026-02-26 13:29:43.354
!MESSAGE Error

!ENTRY org.eclipse.cdt.core 4 0 2026-02-26 13:29:43.354
!MESSAGE Error

!ENTRY org.eclipse.cdt.core 4 0 2026-02-26 13:29:43.355
!MESSAGE Error

!ENTRY org.eclipse.cdt.core 4 0 2026-02-26 13:29:43.355
!MESSAGE Error

!ENTRY org.eclipse.cdt.core 4 0 2026-02-26 13:29:43.355
!MESSAGE Error

!ENTRY org.eclipse.cdt.core 4 0 2026-02-26 13:29:43.355
!MESSAGE Error

!ENTRY org.eclipse.cdt.core 4 0 2026-02-26 13:29:43.355
!MESSAGE Error

!ENTRY org.eclipse.cdt.core 4 0 2026-02-26 13:29:43.355
!MESSAGE Error

!ENTRY org.eclipse.cdt.core 4 0 2026-02-26 13:29:43.355
!MESSAGE Error

!ENTRY org.eclipse.cdt.core 4 0 2026-02-26 13:29:45.919
!MESSAGE Error

!ENTRY org.eclipse.cdt.core 4 0 2026-02-26 13:29:45.924
!MESSAGE Error

!ENTRY org.eclipse.cdt.core 4 0 2026-02-26 13:29:45.926
!MESSAGE Error

!ENTRY org.eclipse.cdt.core 4 0 2026-02-26 13:29:45.926
!MESSAGE Error

!ENTRY org.eclipse.cdt.core 4 0 2026-02-26 13:29:45.927
!MESSAGE Error

!ENTRY org.eclipse.cdt.core 4 0 2026-02-26 13:29:45.927
!MESSAGE Error

!ENTRY org.eclipse.cdt.core 4 0 2026-02-26 13:29:45.927
!MESSAGE Error

!ENTRY org.eclipse.cdt.core 4 0 2026-02-26 13:29:45.927
!MESSAGE Error

!ENTRY org.eclipse.cdt.core 4 0 2026-02-26 13:29:45.928
!MESSAGE Error

!ENTRY org.eclipse.cdt.core 4 0 2026-02-26 13:29:45.928
!MESSAGE Error

!ENTRY org.eclipse.cdt.core 4 0 2026-02-26 13:29:45.929
!MESSAGE Error

!ENTRY org.eclipse.cdt.core 4 0 2026-02-26 13:29:45.929
!MESSAGE Error

!ENTRY org.eclipse.cdt.core 4 0 2026-02-26 13:29:45.929
!MESSAGE Error

!ENTRY org.eclipse.cdt.core 4 0 2026-02-26 13:29:45.930
!MESSAGE Error

!ENTRY org.eclipse.cdt.core 4 0 2026-02-26 13:29:45.931
!MESSAGE Error

!ENTRY org.eclipse.cdt.core 4 0 2026-02-26 13:29:45.931
!MESSAGE Error

!ENTRY org.eclipse.cdt.core 4 0 2026-02-26 13:29:45.931
!MESSAGE Error

!ENTRY org.eclipse.cdt.core 4 0 2026-02-26 13:29:45.932
!MESSAGE Error

!ENTRY org.eclipse.cdt.core 4 0 2026-02-26 13:29:45.932
!MESSAGE Error

!ENTRY org.eclipse.cdt.core 4 0 2026-02-26 13:29:45.932
!MESSAGE Error

!ENTRY org.eclipse.cdt.core 4 0 2026-02-26 13:29:45.933
!MESSAGE Error

!ENTRY org.eclipse.cdt.core 4 0 2026-02-26 13:29:45.933
!MESSAGE Error

!ENTRY org.eclipse.cdt.core 4 0 2026-02-26 13:29:45.933
!MESSAGE Error

!ENTRY org.eclipse.cdt.core 4 0 2026-02-26 13:29:45.934
!MESSAGE Error

!ENTRY org.eclipse.cdt.core 4 0 2026-02-26 13:29:45.934
!MESSAGE Error

!ENTRY org.eclipse.cdt.core 4 0 2026-02-26 13:29:45.934
!MESSAGE Error

!ENTRY org.eclipse.cdt.core 4 0 2026-02-26 13:29:45.934
!MESSAGE Error

!ENTRY org.eclipse.cdt.core 4 0 2026-02-26 13:29:45.935
!MESSAGE Error

!ENTRY org.eclipse.cdt.core 4 0 2026-02-26 13:29:45.935
!MESSAGE Error

!ENTRY org.eclipse.cdt.core 4 0 2026-02-26 13:29:45.935
!MESSAGE Error

!ENTRY org.eclipse.cdt.core 4 0 2026-02-26 13:29:45.936
!MESSAGE Error

!ENTRY org.eclipse.cdt.core 4 0 2026-02-26 13:29:45.936
!MESSAGE Error

!ENTRY org.eclipse.cdt.core 4 0 2026-02-26 13:29:45.936
!MESSAGE Error

!ENTRY org.eclipse.cdt.core 4 0 2026-02-26 13:29:45.936
!MESSAGE Error

!ENTRY org.eclipse.cdt.core 4 0 2026-02-26 13:29:45.936
!MESSAGE Error

!ENTRY org.eclipse.cdt.core 4 0 2026-02-26 13:29:45.937
!MESSAGE Error

!ENTRY org.eclipse.cdt.core 4 0 2026-02-26 13:29:45.937
!MESSAGE Error

!ENTRY org.eclipse.cdt.core 4 0 2026-02-26 13:29:45.937
!MESSAGE Error

!ENTRY org.eclipse.cdt.core 4 0 2026-02-26 13:29:45.937
!MESSAGE Error

!ENTRY org.eclipse.cdt.core 4 0 2026-02-26 13:29:45.937
!MESSAGE Error

!ENTRY org.eclipse.cdt.core 4 0 2026-02-26 13:29:45.937
!MESSAGE Error

!ENTRY org.eclipse.cdt.core 4 0 2026-02-26 13:29:45.937
!MESSAGE Error

!ENTRY org.eclipse.cdt.core 4 0 2026-02-26 13:29:45.938
!MESSAGE Error

!ENTRY org.eclipse.cdt.core 4 0 2026-02-26 13:29:45.938
!MESSAGE Error

!ENTRY org.eclipse.cdt.core 4 0 2026-02-26 13:29:45.938
!MESSAGE Error

!ENTRY org.eclipse.cdt.core 4 0 2026-02-26 13:29:45.938
!MESSAGE Error

!ENTRY org.eclipse.cdt.core 4 0 2026-02-26 13:29:45.938
!MESSAGE Error

!ENTRY org.eclipse.cdt.core 4 0 2026-02-26 13:29:45.938
!MESSAGE Error

!ENTRY org.eclipse.cdt.core 4 0 2026-02-26 13:29:45.938
!MESSAGE Error

!ENTRY org.eclipse.cdt.core 4 0 2026-02-26 13:29:45.939
!MESSAGE Error

!ENTRY org.eclipse.cdt.core 4 0 2026-02-26 13:29:45.939
!MESSAGE Error

!ENTRY org.eclipse.cdt.core 4 0 2026-02-26 13:29:45.939
!MESSAGE Error

!ENTRY org.eclipse.cdt.core 4 0 2026-02-26 13:29:45.940
!MESSAGE Error

!ENTRY org.eclipse.cdt.core 4 0 2026-02-26 13:29:45.940
!MESSAGE Error

!ENTRY org.eclipse.cdt.core 4 0 2026-02-26 13:29:45.940
!MESSAGE Error

!ENTRY org.eclipse.cdt.core 4 0 2026-02-26 13:29:45.940
!MESSAGE Error

!ENTRY org.eclipse.cdt.core 4 0 2026-02-26 13:29:45.940
!MESSAGE Error

!ENTRY org.eclipse.cdt.core 4 0 2026-02-26 13:29:45.940
!MESSAGE Error

!ENTRY org.eclipse.cdt.core 4 0 2026-02-26 13:29:45.940
!MESSAGE Error

!ENTRY org.eclipse.cdt.core 4 0 2026-02-26 13:29:45.941
!MESSAGE Error

!ENTRY org.eclipse.cdt.core 4 0 2026-02-26 13:29:45.941
!MESSAGE Error

!ENTRY org.eclipse.cdt.core 4 0 2026-02-26 13:29:45.941
!MESSAGE Error

!ENTRY org.eclipse.cdt.core 4 0 2026-02-26 13:29:45.941
!MESSAGE Error

!ENTRY org.eclipse.cdt.core 4 0 2026-02-26 13:29:45.941
!MESSAGE Error

!ENTRY org.eclipse.cdt.core 4 0 2026-02-26 13:29:45.941
!MESSAGE Error

!ENTRY org.eclipse.cdt.core 4 0 2026-02-26 13:29:45.941
!MESSAGE Error

!ENTRY org.eclipse.cdt.core 4 0 2026-02-26 13:29:45.942
!MESSAGE Error

!ENTRY org.eclipse.cdt.core 4 0 2026-02-26 13:29:45.942
!MESSAGE Error

!ENTRY org.eclipse.cdt.core 4 0 2026-02-26 13:29:45.942
!MESSAGE Error

!ENTRY org.eclipse.cdt.core 4 0 2026-02-26 13:29:45.942
!MESSAGE Error

!ENTRY org.eclipse.cdt.core 4 0 2026-02-26 13:29:45.942
!MESSAGE Error

!ENTRY org.eclipse.cdt.core 4 0 2026-02-26 13:29:45.942
!MESSAGE Error

!ENTRY org.eclipse.cdt.core 4 0 2026-02-26 13:29:45.942
!MESSAGE Error

!ENTRY org.eclipse.cdt.core 4 0 2026-02-26 13:29:45.943
!MESSAGE Error

!ENTRY org.eclipse.cdt.core 4 0 2026-02-26 13:29:45.943
!MESSAGE Error

!ENTRY org.eclipse.cdt.core 4 0 2026-02-26 13:29:45.943
!MESSAGE Error

!ENTRY org.eclipse.cdt.core 4 0 2026-02-26 13:29:45.943
!MESSAGE Error

!ENTRY org.eclipse.cdt.core 4 0 2026-02-26 13:29:45.943
!MESSAGE Error

!ENTRY org.eclipse.cdt.core 4 0 2026-02-26 13:29:45.943
!MESSAGE Error

!ENTRY org.eclipse.cdt.core 4 0 2026-02-26 13:29:45.943
!MESSAGE Error

!ENTRY org.eclipse.cdt.core 4 0 2026-02-26 13:29:45.947
!MESSAGE Error

!ENTRY org.eclipse.cdt.core 4 0 2026-02-26 13:29:47.472
!MESSAGE Error

!ENTRY org.eclipse.cdt.core 4 0 2026-02-26 13:29:47.477
!MESSAGE Error

!ENTRY org.eclipse.cdt.core 4 0 2026-02-26 13:29:47.484
!MESSAGE Error

!ENTRY org.eclipse.cdt.core 4 0 2026-02-26 13:29:47.485
!MESSAGE Error

!ENTRY org.eclipse.cdt.core 4 0 2026-02-26 13:29:47.485
!MESSAGE Error

!ENTRY org.eclipse.cdt.core 4 0 2026-02-26 13:29:47.485
!MESSAGE Error

!ENTRY org.eclipse.cdt.core 4 0 2026-02-26 13:29:47.486
!MESSAGE Error

!ENTRY org.eclipse.cdt.core 4 0 2026-02-26 13:29:47.486
!MESSAGE Error

!ENTRY org.eclipse.cdt.core 4 0 2026-02-26 13:29:47.487
!MESSAGE Error

!ENTRY org.eclipse.cdt.core 4 0 2026-02-26 13:29:47.487
!MESSAGE Error

!ENTRY org.eclipse.cdt.core 4 0 2026-02-26 13:29:47.487
!MESSAGE Error

!ENTRY org.eclipse.cdt.core 4 0 2026-02-26 13:29:47.488
!MESSAGE Error

!ENTRY org.eclipse.cdt.core 4 0 2026-02-26 13:29:47.488
!MESSAGE Error

!ENTRY org.eclipse.cdt.core 4 0 2026-02-26 13:29:47.488
!MESSAGE Error

!ENTRY org.eclipse.cdt.core 4 0 2026-02-26 13:29:47.489
!MESSAGE Error

!ENTRY org.eclipse.cdt.core 4 0 2026-02-26 13:29:47.489
!MESSAGE Error

!ENTRY org.eclipse.cdt.core 4 0 2026-02-26 13:29:47.490
!MESSAGE Error

!ENTRY org.eclipse.cdt.core 4 0 2026-02-26 13:29:47.490
!MESSAGE Error

!ENTRY org.eclipse.cdt.core 4 0 2026-02-26 13:29:47.490
!MESSAGE Error

!ENTRY org.eclipse.cdt.core 4 0 2026-02-26 13:29:47.491
!MESSAGE Error

!ENTRY org.eclipse.cdt.core 4 0 2026-02-26 13:29:47.491
!MESSAGE Error

!ENTRY org.eclipse.cdt.core 4 0 2026-02-26 13:29:47.491
!MESSAGE Error

!ENTRY org.eclipse.cdt.core 4 0 2026-02-26 13:29:47.492
!MESSAGE Error

!ENTRY org.eclipse.cdt.core 4 0 2026-02-26 13:29:47.492
!MESSAGE Error

!ENTRY org.eclipse.cdt.core 4 0 2026-02-26 13:29:47.492
!MESSAGE Error

!ENTRY org.eclipse.cdt.core 4 0 2026-02-26 13:29:47.493
!MESSAGE Error

!ENTRY org.eclipse.cdt.core 4 0 2026-02-26 13:29:47.493
!MESSAGE Error

!ENTRY org.eclipse.cdt.core 4 0 2026-02-26 13:29:47.493
!MESSAGE Error

!ENTRY org.eclipse.cdt.core 4 0 2026-02-26 13:29:47.494
!MESSAGE Error

!ENTRY org.eclipse.cdt.core 4 0 2026-02-26 13:29:47.495
!MESSAGE Error

!ENTRY org.eclipse.cdt.core 4 0 2026-02-26 13:29:47.495
!MESSAGE Error

!ENTRY org.eclipse.cdt.core 4 0 2026-02-26 13:29:47.495
!MESSAGE Error

!ENTRY org.eclipse.cdt.core 4 0 2026-02-26 13:29:47.496
!MESSAGE Error

!ENTRY org.eclipse.cdt.core 4 0 2026-02-26 13:29:47.496
!MESSAGE Error

!ENTRY org.eclipse.cdt.core 4 0 2026-02-26 13:29:47.496
!MESSAGE Error

!ENTRY org.eclipse.cdt.core 4 0 2026-02-26 13:29:47.496
!MESSAGE Error

!ENTRY org.eclipse.cdt.core 4 0 2026-02-26 13:29:47.496
!MESSAGE Error

!ENTRY org.eclipse.cdt.core 4 0 2026-02-26 13:29:47.496
!MESSAGE Error

!ENTRY org.eclipse.cdt.core 4 0 2026-02-26 13:29:47.497
!MESSAGE Error

!ENTRY org.eclipse.cdt.core 4 0 2026-02-26 13:29:47.497
!MESSAGE Error

!ENTRY org.eclipse.cdt.core 4 0 2026-02-26 13:29:47.497
!MESSAGE Error

!ENTRY org.eclipse.cdt.core 4 0 2026-02-26 13:29:47.497
!MESSAGE Error

!ENTRY org.eclipse.cdt.core 4 0 2026-02-26 13:29:47.497
!MESSAGE Error

!ENTRY org.eclipse.cdt.core 4 0 2026-02-26 13:29:47.497
!MESSAGE Error

!ENTRY org.eclipse.cdt.core 4 0 2026-02-26 13:29:47.498
!MESSAGE Error

!ENTRY org.eclipse.cdt.core 4 0 2026-02-26 13:29:47.498
!MESSAGE Error

!ENTRY org.eclipse.cdt.core 4 0 2026-02-26 13:29:47.498
!MESSAGE Error

!ENTRY org.eclipse.cdt.core 4 0 2026-02-26 13:29:47.498
!MESSAGE Error

!ENTRY org.eclipse.cdt.core 4 0 2026-02-26 13:29:47.498
!MESSAGE Error

!ENTRY org.eclipse.cdt.core 4 0 2026-02-26 13:29:47.499
!MESSAGE Error

!ENTRY org.eclipse.cdt.core 4 0 2026-02-26 13:29:47.499
!MESSAGE Error

!ENTRY org.eclipse.cdt.core 4 0 2026-02-26 13:29:47.499
!MESSAGE Error

!ENTRY org.eclipse.cdt.core 4 0 2026-02-26 13:29:47.499
!MESSAGE Error

!ENTRY org.eclipse.cdt.core 4 0 2026-02-26 13:29:47.499
!MESSAGE Error

!ENTRY org.eclipse.cdt.core 4 0 2026-02-26 13:29:47.499
!MESSAGE Error

!ENTRY org.eclipse.cdt.core 4 0 2026-02-26 13:29:47.499
!MESSAGE Error

!ENTRY org.eclipse.cdt.core 4 0 2026-02-26 13:29:47.500
!MESSAGE Error

!ENTRY org.eclipse.cdt.core 4 0 2026-02-26 13:29:47.500
!MESSAGE Error

!ENTRY org.eclipse.cdt.core 4 0 2026-02-26 13:29:47.500
!MESSAGE Error

!ENTRY org.eclipse.cdt.core 4 0 2026-02-26 13:29:47.500
!MESSAGE Error

!ENTRY org.eclipse.cdt.core 4 0 2026-02-26 13:29:47.500
!MESSAGE Error

!ENTRY org.eclipse.cdt.core 4 0 2026-02-26 13:29:47.500
!MESSAGE Error

!ENTRY org.eclipse.cdt.core 4 0 2026-02-26 13:29:47.500
!MESSAGE Error

!ENTRY org.eclipse.cdt.core 4 0 2026-02-26 13:29:47.500
!MESSAGE Error

!ENTRY org.eclipse.cdt.core 4 0 2026-02-26 13:29:47.500
!MESSAGE Error

!ENTRY org.eclipse.cdt.core 4 0 2026-02-26 13:29:47.500
!MESSAGE Error

!ENTRY org.eclipse.cdt.core 4 0 2026-02-26 13:29:47.501
!MESSAGE Error

!ENTRY org.eclipse.cdt.core 4 0 2026-02-26 13:29:47.501
!MESSAGE Error

!ENTRY org.eclipse.cdt.core 4 0 2026-02-26 13:29:47.501
!MESSAGE Error

!ENTRY org.eclipse.cdt.core 4 0 2026-02-26 13:29:47.501
!MESSAGE Error

!ENTRY org.eclipse.cdt.core 4 0 2026-02-26 13:29:47.501
!MESSAGE Error

!ENTRY org.eclipse.cdt.core 4 0 2026-02-26 13:29:47.501
!MESSAGE Error

!ENTRY org.eclipse.cdt.core 4 0 2026-02-26 13:29:47.502
!MESSAGE Error

!ENTRY org.eclipse.cdt.core 4 0 2026-02-26 13:29:47.502
!MESSAGE Error

!ENTRY org.eclipse.cdt.core 4 0 2026-02-26 13:29:47.502
!MESSAGE Error

!ENTRY org.eclipse.cdt.core 4 0 2026-02-26 13:29:47.502
!MESSAGE Error

!ENTRY org.eclipse.cdt.core 4 0 2026-02-26 13:29:47.502
!MESSAGE Error

!ENTRY org.eclipse.cdt.core 4 0 2026-02-26 13:29:47.502
!MESSAGE Error

!ENTRY org.eclipse.cdt.core 4 0 2026-02-26 13:29:47.502
!MESSAGE Error

!ENTRY org.eclipse.cdt.core 4 0 2026-02-26 13:29:48.512
!MESSAGE Error

!ENTRY org.eclipse.cdt.core 4 0 2026-02-26 13:29:48.517
!MESSAGE Error

!ENTRY org.eclipse.cdt.core 4 0 2026-02-26 13:30:35.522
!MESSAGE Error

!ENTRY org.eclipse.cdt.core 4 0 2026-02-26 13:30:35.526
!MESSAGE Error

!ENTRY org.eclipse.cdt.core 4 0 2026-02-26 13:30:35.530
!MESSAGE Error

!ENTRY org.eclipse.cdt.core 4 0 2026-02-26 13:30:35.530
!MESSAGE Error

!ENTRY org.eclipse.cdt.core 4 0 2026-02-26 13:30:35.530
!MESSAGE Error

!ENTRY org.eclipse.cdt.core 4 0 2026-02-26 13:30:35.530
!MESSAGE Error

!ENTRY org.eclipse.cdt.core 4 0 2026-02-26 13:30:35.530
!MESSAGE Error

!ENTRY org.eclipse.cdt.core 4 0 2026-02-26 13:30:35.531
!MESSAGE Error

!ENTRY org.eclipse.cdt.core 4 0 2026-02-26 13:30:35.531
!MESSAGE Error

!ENTRY org.eclipse.cdt.core 4 0 2026-02-26 13:30:35.531
!MESSAGE Error

!ENTRY org.eclipse.cdt.core 4 0 2026-02-26 13:30:35.531
!MESSAGE Error

!ENTRY org.eclipse.cdt.core 4 0 2026-02-26 13:30:35.531
!MESSAGE Error

!ENTRY org.eclipse.cdt.core 4 0 2026-02-26 13:30:35.531
!MESSAGE Error

!ENTRY org.eclipse.cdt.core 4 0 2026-02-26 13:30:35.531
!MESSAGE Error

!ENTRY org.eclipse.cdt.core 4 0 2026-02-26 13:30:35.532
!MESSAGE Error

!ENTRY org.eclipse.cdt.core 4 0 2026-02-26 13:30:35.532
!MESSAGE Error

!ENTRY org.eclipse.cdt.core 4 0 2026-02-26 13:30:35.532
!MESSAGE Error

!ENTRY org.eclipse.cdt.core 4 0 2026-02-26 13:30:35.532
!MESSAGE Error

!ENTRY org.eclipse.cdt.core 4 0 2026-02-26 13:30:35.532
!MESSAGE Error

!ENTRY org.eclipse.cdt.core 4 0 2026-02-26 13:30:35.533
!MESSAGE Error

!ENTRY org.eclipse.cdt.core 4 0 2026-02-26 13:30:35.533
!MESSAGE Error

!ENTRY org.eclipse.cdt.core 4 0 2026-02-26 13:30:35.533
!MESSAGE Error

!ENTRY org.eclipse.cdt.core 4 0 2026-02-26 13:30:35.533
!MESSAGE Error

!ENTRY org.eclipse.cdt.core 4 0 2026-02-26 13:30:35.533
!MESSAGE Error

!ENTRY org.eclipse.cdt.core 4 0 2026-02-26 13:30:35.533
!MESSAGE Error

!ENTRY org.eclipse.cdt.core 4 0 2026-02-26 13:30:35.533
!MESSAGE Error

!ENTRY org.eclipse.cdt.core 4 0 2026-02-26 13:30:35.534
!MESSAGE Error

!ENTRY org.eclipse.cdt.core 4 0 2026-02-26 13:30:35.534
!MESSAGE Error

!ENTRY org.eclipse.cdt.core 4 0 2026-02-26 13:30:35.534
!MESSAGE Error

!ENTRY org.eclipse.cdt.core 4 0 2026-02-26 13:30:35.534
!MESSAGE Error

!ENTRY org.eclipse.cdt.core 4 0 2026-02-26 13:30:35.534
!MESSAGE Error

!ENTRY org.eclipse.cdt.core 4 0 2026-02-26 13:30:35.534
!MESSAGE Error

!ENTRY org.eclipse.cdt.core 4 0 2026-02-26 13:30:35.535
!MESSAGE Error

!ENTRY org.eclipse.cdt.core 4 0 2026-02-26 13:30:35.535
!MESSAGE Error

!ENTRY org.eclipse.cdt.core 4 0 2026-02-26 13:30:35.535
!MESSAGE Error

!ENTRY org.eclipse.cdt.core 4 0 2026-02-26 13:30:35.535
!MESSAGE Error

!ENTRY org.eclipse.cdt.core 4 0 2026-02-26 13:30:35.535
!MESSAGE Error

!ENTRY org.eclipse.cdt.core 4 0 2026-02-26 13:30:35.535
!MESSAGE Error

!ENTRY org.eclipse.cdt.core 4 0 2026-02-26 13:30:35.535
!MESSAGE Error

!ENTRY org.eclipse.cdt.core 4 0 2026-02-26 13:30:35.535
!MESSAGE Error

!ENTRY org.eclipse.cdt.core 4 0 2026-02-26 13:30:35.535
!MESSAGE Error

!ENTRY org.eclipse.cdt.core 4 0 2026-02-26 13:30:35.535
!MESSAGE Error

!ENTRY org.eclipse.cdt.core 4 0 2026-02-26 13:30:35.535
!MESSAGE Error

!ENTRY org.eclipse.cdt.core 4 0 2026-02-26 13:30:35.536
!MESSAGE Error

!ENTRY org.eclipse.cdt.core 4 0 2026-02-26 13:30:35.536
!MESSAGE Error

!ENTRY org.eclipse.cdt.core 4 0 2026-02-26 13:30:35.536
!MESSAGE Error

!ENTRY org.eclipse.cdt.core 4 0 2026-02-26 13:30:35.536
!MESSAGE Error

!ENTRY org.eclipse.cdt.core 4 0 2026-02-26 13:30:35.536
!MESSAGE Error

!ENTRY org.eclipse.cdt.core 4 0 2026-02-26 13:30:35.536
!MESSAGE Error

!ENTRY org.eclipse.cdt.core 4 0 2026-02-26 13:30:35.537
!MESSAGE Error

!ENTRY org.eclipse.cdt.core 4 0 2026-02-26 13:30:35.537
!MESSAGE Error

!ENTRY org.eclipse.cdt.core 4 0 2026-02-26 13:30:35.537
!MESSAGE Error

!ENTRY org.eclipse.cdt.core 4 0 2026-02-26 13:30:35.537
!MESSAGE Error

!ENTRY org.eclipse.cdt.core 4 0 2026-02-26 13:30:35.537
!MESSAGE Error

!ENTRY org.eclipse.cdt.core 4 0 2026-02-26 13:30:35.538
!MESSAGE Error

!ENTRY org.eclipse.cdt.core 4 0 2026-02-26 13:30:35.538
!MESSAGE Error

!ENTRY org.eclipse.cdt.core 4 0 2026-02-26 13:30:35.538
!MESSAGE Error

!ENTRY org.eclipse.cdt.core 4 0 2026-02-26 13:30:35.539
!MESSAGE Error

!ENTRY org.eclipse.cdt.core 4 0 2026-02-26 13:30:35.539
!MESSAGE Error

!ENTRY org.eclipse.cdt.core 4 0 2026-02-26 13:30:35.539
!MESSAGE Error

!ENTRY org.eclipse.cdt.core 4 0 2026-02-26 13:30:35.539
!MESSAGE Error

!ENTRY org.eclipse.cdt.core 4 0 2026-02-26 13:30:35.539
!MESSAGE Error

!ENTRY org.eclipse.cdt.core 4 0 2026-02-26 13:30:35.539
!MESSAGE Error

!ENTRY org.eclipse.cdt.core 4 0 2026-02-26 13:30:35.539
!MESSAGE Error

!ENTRY org.eclipse.cdt.core 4 0 2026-02-26 13:30:35.540
!MESSAGE Error

!ENTRY org.eclipse.cdt.core 4 0 2026-02-26 13:30:35.540
!MESSAGE Error

!ENTRY org.eclipse.cdt.core 4 0 2026-02-26 13:30:35.540
!MESSAGE Error

!ENTRY org.eclipse.cdt.core 4 0 2026-02-26 13:30:35.540
!MESSAGE Error

!ENTRY org.eclipse.cdt.core 4 0 2026-02-26 13:30:35.540
!MESSAGE Error

!ENTRY org.eclipse.cdt.core 4 0 2026-02-26 13:30:35.540
!MESSAGE Error

!ENTRY org.eclipse.cdt.core 4 0 2026-02-26 13:30:35.541
!MESSAGE Error

!ENTRY org.eclipse.cdt.core 4 0 2026-02-26 13:30:35.541
!MESSAGE Error

!ENTRY org.eclipse.cdt.core 4 0 2026-02-26 13:30:35.541
!MESSAGE Error

!ENTRY org.eclipse.cdt.core 4 0 2026-02-26 13:30:35.541
!MESSAGE Error

!ENTRY org.eclipse.cdt.core 4 0 2026-02-26 13:30:35.541
!MESSAGE Error

!ENTRY org.eclipse.cdt.core 4 0 2026-02-26 13:30:35.541
!MESSAGE Error

!ENTRY org.eclipse.cdt.core 4 0 2026-02-26 13:30:35.542
!MESSAGE Error

!ENTRY org.eclipse.cdt.core 4 0 2026-02-26 13:30:35.542
!MESSAGE Error

!ENTRY org.eclipse.cdt.core 4 0 2026-02-26 13:30:35.542
!MESSAGE Error

!ENTRY org.eclipse.cdt.core 4 0 2026-02-26 13:30:35.542
!MESSAGE Error

!ENTRY org.eclipse.cdt.core 4 0 2026-02-26 13:30:35.542
!MESSAGE Error

!ENTRY org.eclipse.cdt.core 4 0 2026-02-26 13:30:39.100
!MESSAGE Error

!ENTRY org.eclipse.cdt.core 4 0 2026-02-26 13:30:39.103
!MESSAGE Error

!ENTRY org.eclipse.cdt.core 4 0 2026-02-26 13:30:39.104
!MESSAGE Error

!ENTRY org.eclipse.cdt.core 4 0 2026-02-26 13:30:39.104
!MESSAGE Error

!ENTRY org.eclipse.cdt.core 4 0 2026-02-26 13:30:39.104
!MESSAGE Error

!ENTRY org.eclipse.cdt.core 4 0 2026-02-26 13:30:39.104
!MESSAGE Error

!ENTRY org.eclipse.cdt.core 4 0 2026-02-26 13:30:39.105
!MESSAGE Error

!ENTRY org.eclipse.cdt.core 4 0 2026-02-26 13:30:39.105
!MESSAGE Error

!ENTRY org.eclipse.cdt.core 4 0 2026-02-26 13:30:39.105
!MESSAGE Error

!ENTRY org.eclipse.cdt.core 4 0 2026-02-26 13:30:39.105
!MESSAGE Error

!ENTRY org.eclipse.cdt.core 4 0 2026-02-26 13:30:39.105
!MESSAGE Error

!ENTRY org.eclipse.cdt.core 4 0 2026-02-26 13:30:39.105
!MESSAGE Error

!ENTRY org.eclipse.cdt.core 4 0 2026-02-26 13:30:39.105
!MESSAGE Error

!ENTRY org.eclipse.cdt.core 4 0 2026-02-26 13:30:39.105
!MESSAGE Error

!ENTRY org.eclipse.cdt.core 4 0 2026-02-26 13:30:39.106
!MESSAGE Error

!ENTRY org.eclipse.cdt.core 4 0 2026-02-26 13:30:39.106
!MESSAGE Error

!ENTRY org.eclipse.cdt.core 4 0 2026-02-26 13:30:39.106
!MESSAGE Error

!ENTRY org.eclipse.cdt.core 4 0 2026-02-26 13:30:39.106
!MESSAGE Error

!ENTRY org.eclipse.cdt.core 4 0 2026-02-26 13:30:39.106
!MESSAGE Error

!ENTRY org.eclipse.cdt.core 4 0 2026-02-26 13:30:39.106
!MESSAGE Error

!ENTRY org.eclipse.cdt.core 4 0 2026-02-26 13:30:39.106
!MESSAGE Error

!ENTRY org.eclipse.cdt.core 4 0 2026-02-26 13:30:39.106
!MESSAGE Error

!ENTRY org.eclipse.cdt.core 4 0 2026-02-26 13:30:39.106
!MESSAGE Error

!ENTRY org.eclipse.cdt.core 4 0 2026-02-26 13:30:39.106
!MESSAGE Error

!ENTRY org.eclipse.cdt.core 4 0 2026-02-26 13:30:39.107
!MESSAGE Error

!ENTRY org.eclipse.cdt.core 4 0 2026-02-26 13:30:39.107
!MESSAGE Error

!ENTRY org.eclipse.cdt.core 4 0 2026-02-26 13:30:39.107
!MESSAGE Error

!ENTRY org.eclipse.cdt.core 4 0 2026-02-26 13:30:39.107
!MESSAGE Error

!ENTRY org.eclipse.cdt.core 4 0 2026-02-26 13:30:39.107
!MESSAGE Error

!ENTRY org.eclipse.cdt.core 4 0 2026-02-26 13:30:39.107
!MESSAGE Error

!ENTRY org.eclipse.cdt.core 4 0 2026-02-26 13:30:39.107
!MESSAGE Error

!ENTRY org.eclipse.cdt.core 4 0 2026-02-26 13:30:39.108
!MESSAGE Error

!ENTRY org.eclipse.cdt.core 4 0 2026-02-26 13:30:39.108
!MESSAGE Error

!ENTRY org.eclipse.cdt.core 4 0 2026-02-26 13:30:39.108
!MESSAGE Error

!ENTRY org.eclipse.cdt.core 4 0 2026-02-26 13:30:39.108
!MESSAGE Error

!ENTRY org.eclipse.cdt.core 4 0 2026-02-26 13:30:39.108
!MESSAGE Error

!ENTRY org.eclipse.cdt.core 4 0 2026-02-26 13:30:39.109
!MESSAGE Error

!ENTRY org.eclipse.cdt.core 4 0 2026-02-26 13:30:39.109
!MESSAGE Error

!ENTRY org.eclipse.cdt.core 4 0 2026-02-26 13:30:39.109
!MESSAGE Error

!ENTRY org.eclipse.cdt.core 4 0 2026-02-26 13:30:39.110
!MESSAGE Error

!ENTRY org.eclipse.cdt.core 4 0 2026-02-26 13:30:39.110
!MESSAGE Error

!ENTRY org.eclipse.cdt.core 4 0 2026-02-26 13:30:39.110
!MESSAGE Error

!ENTRY org.eclipse.cdt.core 4 0 2026-02-26 13:30:39.111
!MESSAGE Error

!ENTRY org.eclipse.cdt.core 4 0 2026-02-26 13:30:39.111
!MESSAGE Error

!ENTRY org.eclipse.cdt.core 4 0 2026-02-26 13:30:39.111
!MESSAGE Error

!ENTRY org.eclipse.cdt.core 4 0 2026-02-26 13:30:39.111
!MESSAGE Error

!ENTRY org.eclipse.cdt.core 4 0 2026-02-26 13:30:39.111
!MESSAGE Error

!ENTRY org.eclipse.cdt.core 4 0 2026-02-26 13:30:39.111
!MESSAGE Error

!ENTRY org.eclipse.cdt.core 4 0 2026-02-26 13:30:39.112
!MESSAGE Error

!ENTRY org.eclipse.cdt.core 4 0 2026-02-26 13:30:39.112
!MESSAGE Error

!ENTRY org.eclipse.cdt.core 4 0 2026-02-26 13:30:39.112
!MESSAGE Error

!ENTRY org.eclipse.cdt.core 4 0 2026-02-26 13:30:39.112
!MESSAGE Error

!ENTRY org.eclipse.cdt.core 4 0 2026-02-26 13:30:39.112
!MESSAGE Error

!ENTRY org.eclipse.cdt.core 4 0 2026-02-26 13:30:39.112
!MESSAGE Error

!ENTRY org.eclipse.cdt.core 4 0 2026-02-26 13:30:39.112
!MESSAGE Error

!ENTRY org.eclipse.cdt.core 4 0 2026-02-26 13:30:39.113
!MESSAGE Error

!ENTRY org.eclipse.cdt.core 4 0 2026-02-26 13:30:39.113
!MESSAGE Error

!ENTRY org.eclipse.cdt.core 4 0 2026-02-26 13:30:39.113
!MESSAGE Error

!ENTRY org.eclipse.cdt.core 4 0 2026-02-26 13:30:39.113
!MESSAGE Error

!ENTRY org.eclipse.cdt.core 4 0 2026-02-26 13:30:39.113
!MESSAGE Error

!ENTRY org.eclipse.cdt.core 4 0 2026-02-26 13:30:39.113
!MESSAGE Error

!ENTRY org.eclipse.cdt.core 4 0 2026-02-26 13:30:39.113
!MESSAGE Error

!ENTRY org.eclipse.cdt.core 4 0 2026-02-26 13:30:39.114
!MESSAGE Error

!ENTRY org.eclipse.cdt.core 4 0 2026-02-26 13:30:39.114
!MESSAGE Error

!ENTRY org.eclipse.cdt.core 4 0 2026-02-26 13:30:39.114
!MESSAGE Error

!ENTRY org.eclipse.cdt.core 4 0 2026-02-26 13:30:39.114
!MESSAGE Error

!ENTRY org.eclipse.cdt.core 4 0 2026-02-26 13:30:39.114
!MESSAGE Error

!ENTRY org.eclipse.cdt.core 4 0 2026-02-26 13:30:39.114
!MESSAGE Error

!ENTRY org.eclipse.cdt.core 4 0 2026-02-26 13:30:39.114
!MESSAGE Error

!ENTRY org.eclipse.cdt.core 4 0 2026-02-26 13:30:39.115
!MESSAGE Error

!ENTRY org.eclipse.cdt.core 4 0 2026-02-26 13:30:39.115
!MESSAGE Error

!ENTRY org.eclipse.cdt.core 4 0 2026-02-26 13:30:39.115
!MESSAGE Error

!ENTRY org.eclipse.cdt.core 4 0 2026-02-26 13:30:39.115
!MESSAGE Error

!ENTRY org.eclipse.cdt.core 4 0 2026-02-26 13:30:39.115
!MESSAGE Error

!ENTRY org.eclipse.cdt.core 4 0 2026-02-26 13:30:39.115
!MESSAGE Error

!ENTRY org.eclipse.cdt.core 4 0 2026-02-26 13:30:39.115
!MESSAGE Error

!ENTRY org.eclipse.cdt.core 4 0 2026-02-26 13:30:39.116
!MESSAGE Error

!ENTRY org.eclipse.cdt.core 4 0 2026-02-26 13:30:39.116
!MESSAGE Error

!ENTRY org.eclipse.cdt.core 4 0 2026-02-26 13:30:39.116
!MESSAGE Error

!ENTRY org.eclipse.cdt.core 4 0 2026-02-26 13:30:39.117
!MESSAGE Error

!ENTRY org.eclipse.cdt.core 4 0 2026-02-26 13:30:39.117
!MESSAGE Error

!ENTRY org.eclipse.cdt.core 4 0 2026-02-26 13:30:39.117
!MESSAGE Error

!ENTRY org.eclipse.cdt.core 4 0 2026-02-26 13:30:39.117
!MESSAGE Error

!ENTRY org.eclipse.cdt.core 4 0 2026-02-26 13:30:39.117
!MESSAGE Error

!ENTRY org.eclipse.cdt.core 4 0 2026-02-26 13:30:39.117
!MESSAGE Error

!ENTRY org.eclipse.cdt.core 4 0 2026-02-26 13:30:39.117
!MESSAGE Error

!ENTRY org.eclipse.cdt.core 4 0 2026-02-26 13:30:39.118
!MESSAGE Error

!ENTRY org.eclipse.cdt.core 4 0 2026-02-26 13:30:39.122
!MESSAGE Error

!ENTRY org.eclipse.cdt.core 4 0 2026-02-26 13:30:42.165
!MESSAGE Error

!ENTRY org.eclipse.cdt.core 4 0 2026-02-26 13:30:42.171
!MESSAGE Error

!ENTRY org.eclipse.cdt.core 4 0 2026-02-26 13:30:42.174
!MESSAGE Error

!ENTRY org.eclipse.cdt.core 4 0 2026-02-26 13:30:42.174
!MESSAGE Error

!ENTRY org.eclipse.cdt.core 4 0 2026-02-26 13:30:42.174
!MESSAGE Error

!ENTRY org.eclipse.cdt.core 4 0 2026-02-26 13:30:42.175
!MESSAGE Error

!ENTRY org.eclipse.cdt.core 4 0 2026-02-26 13:30:42.175
!MESSAGE Error

!ENTRY org.eclipse.cdt.core 4 0 2026-02-26 13:30:42.175
!MESSAGE Error

!ENTRY org.eclipse.cdt.core 4 0 2026-02-26 13:30:42.175
!MESSAGE Error

!ENTRY org.eclipse.cdt.core 4 0 2026-02-26 13:30:42.175
!MESSAGE Error

!ENTRY org.eclipse.cdt.core 4 0 2026-02-26 13:30:42.175
!MESSAGE Error

!ENTRY org.eclipse.cdt.core 4 0 2026-02-26 13:30:42.175
!MESSAGE Error

!ENTRY org.eclipse.cdt.core 4 0 2026-02-26 13:30:42.175
!MESSAGE Error

!ENTRY org.eclipse.cdt.core 4 0 2026-02-26 13:30:42.175
!MESSAGE Error

!ENTRY org.eclipse.cdt.core 4 0 2026-02-26 13:30:42.175
!MESSAGE Error

!ENTRY org.eclipse.cdt.core 4 0 2026-02-26 13:30:42.176
!MESSAGE Error

!ENTRY org.eclipse.cdt.core 4 0 2026-02-26 13:30:42.176
!MESSAGE Error

!ENTRY org.eclipse.cdt.core 4 0 2026-02-26 13:30:42.176
!MESSAGE Error

!ENTRY org.eclipse.cdt.core 4 0 2026-02-26 13:30:42.176
!MESSAGE Error

!ENTRY org.eclipse.cdt.core 4 0 2026-02-26 13:30:42.176
!MESSAGE Error

!ENTRY org.eclipse.cdt.core 4 0 2026-02-26 13:30:42.176
!MESSAGE Error

!ENTRY org.eclipse.cdt.core 4 0 2026-02-26 13:30:42.176
!MESSAGE Error

!ENTRY org.eclipse.cdt.core 4 0 2026-02-26 13:30:42.177
!MESSAGE Error

!ENTRY org.eclipse.cdt.core 4 0 2026-02-26 13:30:42.177
!MESSAGE Error

!ENTRY org.eclipse.cdt.core 4 0 2026-02-26 13:30:42.177
!MESSAGE Error

!ENTRY org.eclipse.cdt.core 4 0 2026-02-26 13:30:42.177
!MESSAGE Error

!ENTRY org.eclipse.cdt.core 4 0 2026-02-26 13:30:42.177
!MESSAGE Error

!ENTRY org.eclipse.cdt.core 4 0 2026-02-26 13:30:42.177
!MESSAGE Error

!ENTRY org.eclipse.cdt.core 4 0 2026-02-26 13:30:42.177
!MESSAGE Error

!ENTRY org.eclipse.cdt.core 4 0 2026-02-26 13:30:42.178
!MESSAGE Error

!ENTRY org.eclipse.cdt.core 4 0 2026-02-26 13:30:42.178
!MESSAGE Error

!ENTRY org.eclipse.cdt.core 4 0 2026-02-26 13:30:42.179
!MESSAGE Error

!ENTRY org.eclipse.cdt.core 4 0 2026-02-26 13:30:42.179
!MESSAGE Error

!ENTRY org.eclipse.cdt.core 4 0 2026-02-26 13:30:42.179
!MESSAGE Error

!ENTRY org.eclipse.cdt.core 4 0 2026-02-26 13:30:42.179
!MESSAGE Error

!ENTRY org.eclipse.cdt.core 4 0 2026-02-26 13:30:42.179
!MESSAGE Error

!ENTRY org.eclipse.cdt.core 4 0 2026-02-26 13:30:42.179
!MESSAGE Error

!ENTRY org.eclipse.cdt.core 4 0 2026-02-26 13:30:42.179
!MESSAGE Error

!ENTRY org.eclipse.cdt.core 4 0 2026-02-26 13:30:42.179
!MESSAGE Error

!ENTRY org.eclipse.cdt.core 4 0 2026-02-26 13:30:42.180
!MESSAGE Error

!ENTRY org.eclipse.cdt.core 4 0 2026-02-26 13:30:42.180
!MESSAGE Error

!ENTRY org.eclipse.cdt.core 4 0 2026-02-26 13:30:42.180
!MESSAGE Error

!ENTRY org.eclipse.cdt.core 4 0 2026-02-26 13:30:42.180
!MESSAGE Error

!ENTRY org.eclipse.cdt.core 4 0 2026-02-26 13:30:42.180
!MESSAGE Error

!ENTRY org.eclipse.cdt.core 4 0 2026-02-26 13:30:42.180
!MESSAGE Error

!ENTRY org.eclipse.cdt.core 4 0 2026-02-26 13:30:42.181
!MESSAGE Error

!ENTRY org.eclipse.cdt.core 4 0 2026-02-26 13:30:42.181
!MESSAGE Error

!ENTRY org.eclipse.cdt.core 4 0 2026-02-26 13:30:42.181
!MESSAGE Error

!ENTRY org.eclipse.cdt.core 4 0 2026-02-26 13:30:42.181
!MESSAGE Error

!ENTRY org.eclipse.cdt.core 4 0 2026-02-26 13:30:42.181
!MESSAGE Error

!ENTRY org.eclipse.cdt.core 4 0 2026-02-26 13:30:42.181
!MESSAGE Error

!ENTRY org.eclipse.cdt.core 4 0 2026-02-26 13:30:42.181
!MESSAGE Error

!ENTRY org.eclipse.cdt.core 4 0 2026-02-26 13:30:42.181
!MESSAGE Error

!ENTRY org.eclipse.cdt.core 4 0 2026-02-26 13:30:42.182
!MESSAGE Error

!ENTRY org.eclipse.cdt.core 4 0 2026-02-26 13:30:42.182
!MESSAGE Error

!ENTRY org.eclipse.cdt.core 4 0 2026-02-26 13:30:42.182
!MESSAGE Error

!ENTRY org.eclipse.cdt.core 4 0 2026-02-26 13:30:42.182
!MESSAGE Error

!ENTRY org.eclipse.cdt.core 4 0 2026-02-26 13:30:42.182
!MESSAGE Error

!ENTRY org.eclipse.cdt.core 4 0 2026-02-26 13:30:42.182
!MESSAGE Error

!ENTRY org.eclipse.cdt.core 4 0 2026-02-26 13:30:42.182
!MESSAGE Error

!ENTRY org.eclipse.cdt.core 4 0 2026-02-26 13:30:42.182
!MESSAGE Error

!ENTRY org.eclipse.cdt.core 4 0 2026-02-26 13:30:42.182
!MESSAGE Error

!ENTRY org.eclipse.cdt.core 4 0 2026-02-26 13:30:42.182
!MESSAGE Error

!ENTRY org.eclipse.cdt.core 4 0 2026-02-26 13:30:42.183
!MESSAGE Error

!ENTRY org.eclipse.cdt.core 4 0 2026-02-26 13:30:42.183
!MESSAGE Error

!ENTRY org.eclipse.cdt.core 4 0 2026-02-26 13:30:42.183
!MESSAGE Error

!ENTRY org.eclipse.cdt.core 4 0 2026-02-26 13:30:42.183
!MESSAGE Error

!ENTRY org.eclipse.cdt.core 4 0 2026-02-26 13:30:42.183
!MESSAGE Error

!ENTRY org.eclipse.cdt.core 4 0 2026-02-26 13:30:42.184
!MESSAGE Error

!ENTRY org.eclipse.cdt.core 4 0 2026-02-26 13:30:42.184
!MESSAGE Error

!ENTRY org.eclipse.cdt.core 4 0 2026-02-26 13:30:42.184
!MESSAGE Error

!ENTRY org.eclipse.cdt.core 4 0 2026-02-26 13:30:42.184
!MESSAGE Error

!ENTRY org.eclipse.cdt.core 4 0 2026-02-26 13:30:42.184
!MESSAGE Error

!ENTRY org.eclipse.cdt.core 4 0 2026-02-26 13:30:42.184
!MESSAGE Error

!ENTRY org.eclipse.cdt.core 4 0 2026-02-26 13:30:42.184
!MESSAGE Error

!ENTRY org.eclipse.cdt.core 4 0 2026-02-26 13:30:42.184
!MESSAGE Error

!ENTRY org.eclipse.cdt.core 4 0 2026-02-26 13:30:42.184
!MESSAGE Error

!ENTRY org.eclipse.cdt.core 4 0 2026-02-26 13:30:42.186
!MESSAGE Error

!ENTRY org.eclipse.cdt.core 4 0 2026-02-26 13:30:42.186
!MESSAGE Error

!ENTRY org.eclipse.cdt.core 4 0 2026-02-26 13:30:42.186
!MESSAGE Error

!ENTRY org.eclipse.cdt.core 4 0 2026-02-26 13:30:42.186
!MESSAGE Error

!ENTRY org.eclipse.cdt.core 4 0 2026-02-26 13:30:42.186
!MESSAGE Error

!ENTRY org.eclipse.cdt.core 4 0 2026-02-26 13:30:42.186
!MESSAGE Error

!ENTRY org.eclipse.cdt.core 4 0 2026-02-26 13:30:42.186
!MESSAGE Error

!ENTRY org.eclipse.cdt.core 4 0 2026-02-26 13:30:42.187
!MESSAGE Error

!ENTRY org.eclipse.cdt.core 4 0 2026-02-26 13:30:42.187
!MESSAGE Error

!ENTRY org.eclipse.cdt.core 4 0 2026-02-26 13:30:42.187
!MESSAGE Error

!ENTRY org.eclipse.cdt.core 4 0 2026-02-26 13:30:42.188
!MESSAGE Error

!ENTRY org.eclipse.cdt.core 4 0 2026-02-26 13:30:42.190
!MESSAGE Error

!ENTRY org.eclipse.cdt.core 4 0 2026-02-26 13:30:43.205
!MESSAGE Error

!ENTRY org.eclipse.cdt.core 4 0 2026-02-26 13:30:43.208
!MESSAGE Error

!ENTRY org.eclipse.cdt.core 4 0 2026-02-26 13:30:43.209
!MESSAGE Error

!ENTRY org.eclipse.cdt.core 4 0 2026-02-26 13:30:43.209
!MESSAGE Error

!ENTRY org.eclipse.cdt.core 4 0 2026-02-26 13:30:43.210
!MESSAGE Error

!ENTRY org.eclipse.cdt.core 4 0 2026-02-26 13:30:43.210
!MESSAGE Error

!ENTRY org.eclipse.cdt.core 4 0 2026-02-26 13:30:43.210
!MESSAGE Error

!ENTRY org.eclipse.cdt.core 4 0 2026-02-26 13:30:43.210
!MESSAGE Error

!ENTRY org.eclipse.cdt.core 4 0 2026-02-26 13:30:43.210
!MESSAGE Error

!ENTRY org.eclipse.cdt.core 4 0 2026-02-26 13:30:43.210
!MESSAGE Error

!ENTRY org.eclipse.cdt.core 4 0 2026-02-26 13:30:43.211
!MESSAGE Error

!ENTRY org.eclipse.cdt.core 4 0 2026-02-26 13:30:43.211
!MESSAGE Error

!ENTRY org.eclipse.cdt.core 4 0 2026-02-26 13:30:43.211
!MESSAGE Error

!ENTRY org.eclipse.cdt.core 4 0 2026-02-26 13:30:43.211
!MESSAGE Error

!ENTRY org.eclipse.cdt.core 4 0 2026-02-26 13:30:43.211
!MESSAGE Error

!ENTRY org.eclipse.cdt.core 4 0 2026-02-26 13:30:43.211
!MESSAGE Error

!ENTRY org.eclipse.cdt.core 4 0 2026-02-26 13:30:43.212
!MESSAGE Error

!ENTRY org.eclipse.cdt.core 4 0 2026-02-26 13:30:43.212
!MESSAGE Error

!ENTRY org.eclipse.cdt.core 4 0 2026-02-26 13:30:43.212
!MESSAGE Error

!ENTRY org.eclipse.cdt.core 4 0 2026-02-26 13:30:43.212
!MESSAGE Error

!ENTRY org.eclipse.cdt.core 4 0 2026-02-26 13:30:43.212
!MESSAGE Error

!ENTRY org.eclipse.cdt.core 4 0 2026-02-26 13:30:43.212
!MESSAGE Error

!ENTRY org.eclipse.cdt.core 4 0 2026-02-26 13:30:43.212
!MESSAGE Error

!ENTRY org.eclipse.cdt.core 4 0 2026-02-26 13:30:43.213
!MESSAGE Error

!ENTRY org.eclipse.cdt.core 4 0 2026-02-26 13:30:43.213
!MESSAGE Error

!ENTRY org.eclipse.cdt.core 4 0 2026-02-26 13:30:43.213
!MESSAGE Error

!ENTRY org.eclipse.cdt.core 4 0 2026-02-26 13:30:43.213
!MESSAGE Error

!ENTRY org.eclipse.cdt.core 4 0 2026-02-26 13:30:43.214
!MESSAGE Error

!ENTRY org.eclipse.cdt.core 4 0 2026-02-26 13:30:43.214
!MESSAGE Error

!ENTRY org.eclipse.cdt.core 4 0 2026-02-26 13:30:43.214
!MESSAGE Error

!ENTRY org.eclipse.cdt.core 4 0 2026-02-26 13:30:43.214
!MESSAGE Error

!ENTRY org.eclipse.cdt.core 4 0 2026-02-26 13:30:43.214
!MESSAGE Error

!ENTRY org.eclipse.cdt.core 4 0 2026-02-26 13:30:43.214
!MESSAGE Error

!ENTRY org.eclipse.cdt.core 4 0 2026-02-26 13:30:43.214
!MESSAGE Error

!ENTRY org.eclipse.cdt.core 4 0 2026-02-26 13:30:43.215
!MESSAGE Error

!ENTRY org.eclipse.cdt.core 4 0 2026-02-26 13:30:43.215
!MESSAGE Error

!ENTRY org.eclipse.cdt.core 4 0 2026-02-26 13:30:43.215
!MESSAGE Error

!ENTRY org.eclipse.cdt.core 4 0 2026-02-26 13:30:43.215
!MESSAGE Error

!ENTRY org.eclipse.cdt.core 4 0 2026-02-26 13:30:43.215
!MESSAGE Error

!ENTRY org.eclipse.cdt.core 4 0 2026-02-26 13:30:43.215
!MESSAGE Error

!ENTRY org.eclipse.cdt.core 4 0 2026-02-26 13:30:43.215
!MESSAGE Error

!ENTRY org.eclipse.cdt.core 4 0 2026-02-26 13:30:43.215
!MESSAGE Error

!ENTRY org.eclipse.cdt.core 4 0 2026-02-26 13:30:43.216
!MESSAGE Error

!ENTRY org.eclipse.cdt.core 4 0 2026-02-26 13:30:43.216
!MESSAGE Error

!ENTRY org.eclipse.cdt.core 4 0 2026-02-26 13:30:43.216
!MESSAGE Error

!ENTRY org.eclipse.cdt.core 4 0 2026-02-26 13:30:43.216
!MESSAGE Error

!ENTRY org.eclipse.cdt.core 4 0 2026-02-26 13:30:43.216
!MESSAGE Error

!ENTRY org.eclipse.cdt.core 4 0 2026-02-26 13:30:43.216
!MESSAGE Error

!ENTRY org.eclipse.cdt.core 4 0 2026-02-26 13:30:43.216
!MESSAGE Error

!ENTRY org.eclipse.cdt.core 4 0 2026-02-26 13:30:43.217
!MESSAGE Error

!ENTRY org.eclipse.cdt.core 4 0 2026-02-26 13:30:43.217
!MESSAGE Error

!ENTRY org.eclipse.cdt.core 4 0 2026-02-26 13:30:43.217
!MESSAGE Error

!ENTRY org.eclipse.cdt.core 4 0 2026-02-26 13:30:43.217
!MESSAGE Error

!ENTRY org.eclipse.cdt.core 4 0 2026-02-26 13:30:43.217
!MESSAGE Error

!ENTRY org.eclipse.cdt.core 4 0 2026-02-26 13:30:43.217
!MESSAGE Error

!ENTRY org.eclipse.cdt.core 4 0 2026-02-26 13:30:43.217
!MESSAGE Error

!ENTRY org.eclipse.cdt.core 4 0 2026-02-26 13:30:43.218
!MESSAGE Error

!ENTRY org.eclipse.cdt.core 4 0 2026-02-26 13:30:43.218
!MESSAGE Error

!ENTRY org.eclipse.cdt.core 4 0 2026-02-26 13:30:43.218
!MESSAGE Error

!ENTRY org.eclipse.cdt.core 4 0 2026-02-26 13:30:43.218
!MESSAGE Error

!ENTRY org.eclipse.cdt.core 4 0 2026-02-26 13:30:43.218
!MESSAGE Error

!ENTRY org.eclipse.cdt.core 4 0 2026-02-26 13:30:43.218
!MESSAGE Error

!ENTRY org.eclipse.cdt.core 4 0 2026-02-26 13:30:43.218
!MESSAGE Error

!ENTRY org.eclipse.cdt.core 4 0 2026-02-26 13:30:43.219
!MESSAGE Error

!ENTRY org.eclipse.cdt.core 4 0 2026-02-26 13:30:43.219
!MESSAGE Error

!ENTRY org.eclipse.cdt.core 4 0 2026-02-26 13:30:43.219
!MESSAGE Error

!ENTRY org.eclipse.cdt.core 4 0 2026-02-26 13:30:43.219
!MESSAGE Error

!ENTRY org.eclipse.cdt.core 4 0 2026-02-26 13:30:43.219
!MESSAGE Error

!ENTRY org.eclipse.cdt.core 4 0 2026-02-26 13:30:43.219
!MESSAGE Error

!ENTRY org.eclipse.cdt.core 4 0 2026-02-26 13:30:43.219
!MESSAGE Error

!ENTRY org.eclipse.cdt.core 4 0 2026-02-26 13:30:43.219
!MESSAGE Error

!ENTRY org.eclipse.cdt.core 4 0 2026-02-26 13:30:43.219
!MESSAGE Error

!ENTRY org.eclipse.cdt.core 4 0 2026-02-26 13:30:43.219
!MESSAGE Error

!ENTRY org.eclipse.cdt.core 4 0 2026-02-26 13:30:43.220
!MESSAGE Error

!ENTRY org.eclipse.cdt.core 4 0 2026-02-26 13:30:43.220
!MESSAGE Error

!ENTRY org.eclipse.cdt.core 4 0 2026-02-26 13:30:43.220
!MESSAGE Error

!ENTRY org.eclipse.cdt.core 4 0 2026-02-26 13:30:43.220
!MESSAGE Error

!ENTRY org.eclipse.cdt.core 4 0 2026-02-26 13:30:43.220
!MESSAGE Error

!ENTRY org.eclipse.cdt.core 4 0 2026-02-26 13:30:43.220
!MESSAGE Error

!ENTRY org.eclipse.cdt.core 4 0 2026-02-26 13:30:43.220
!MESSAGE Error

!ENTRY org.eclipse.cdt.core 4 0 2026-02-26 13:30:43.221
!MESSAGE Error

!ENTRY org.eclipse.cdt.core 4 0 2026-02-26 13:30:43.221
!MESSAGE Error

!ENTRY org.eclipse.cdt.core 4 0 2026-02-26 13:30:43.221
!MESSAGE Error

!ENTRY org.eclipse.cdt.core 4 0 2026-02-26 13:30:43.221
!MESSAGE Error

!ENTRY org.eclipse.cdt.core 4 0 2026-02-26 13:30:43.221
!MESSAGE Error

!ENTRY org.eclipse.cdt.core 4 0 2026-02-26 13:30:43.221
!MESSAGE Error

!ENTRY org.eclipse.cdt.core 4 0 2026-02-26 13:30:46.278
!MESSAGE Error

!ENTRY org.eclipse.cdt.core 4 0 2026-02-26 13:30:46.284
!MESSAGE Error

!ENTRY org.eclipse.cdt.core 4 0 2026-02-26 13:30:46.285
!MESSAGE Error

!ENTRY org.eclipse.cdt.core 4 0 2026-02-26 13:30:46.285
!MESSAGE Error

!ENTRY org.eclipse.cdt.core 4 0 2026-02-26 13:30:46.285
!MESSAGE Error

!ENTRY org.eclipse.cdt.core 4 0 2026-02-26 13:30:46.285
!MESSAGE Error

!ENTRY org.eclipse.cdt.core 4 0 2026-02-26 13:30:46.286
!MESSAGE Error

!ENTRY org.eclipse.cdt.core 4 0 2026-02-26 13:30:46.286
!MESSAGE Error

!ENTRY org.eclipse.cdt.core 4 0 2026-02-26 13:30:46.286
!MESSAGE Error

!ENTRY org.eclipse.cdt.core 4 0 2026-02-26 13:30:46.286
!MESSAGE Error

!ENTRY org.eclipse.cdt.core 4 0 2026-02-26 13:30:46.286
!MESSAGE Error

!ENTRY org.eclipse.cdt.core 4 0 2026-02-26 13:30:46.286
!MESSAGE Error

!ENTRY org.eclipse.cdt.core 4 0 2026-02-26 13:30:46.286
!MESSAGE Error

!ENTRY org.eclipse.cdt.core 4 0 2026-02-26 13:30:46.287
!MESSAGE Error

!ENTRY org.eclipse.cdt.core 4 0 2026-02-26 13:30:46.287
!MESSAGE Error

!ENTRY org.eclipse.cdt.core 4 0 2026-02-26 13:30:46.288
!MESSAGE Error

!ENTRY org.eclipse.cdt.core 4 0 2026-02-26 13:30:46.288
!MESSAGE Error

!ENTRY org.eclipse.cdt.core 4 0 2026-02-26 13:30:46.288
!MESSAGE Error

!ENTRY org.eclipse.cdt.core 4 0 2026-02-26 13:30:46.288
!MESSAGE Error

!ENTRY org.eclipse.cdt.core 4 0 2026-02-26 13:30:46.288
!MESSAGE Error

!ENTRY org.eclipse.cdt.core 4 0 2026-02-26 13:30:46.288
!MESSAGE Error

!ENTRY org.eclipse.cdt.core 4 0 2026-02-26 13:30:46.289
!MESSAGE Error

!ENTRY org.eclipse.cdt.core 4 0 2026-02-26 13:30:46.289
!MESSAGE Error

!ENTRY org.eclipse.cdt.core 4 0 2026-02-26 13:30:46.289
!MESSAGE Error

!ENTRY org.eclipse.cdt.core 4 0 2026-02-26 13:30:46.289
!MESSAGE Error

!ENTRY org.eclipse.cdt.core 4 0 2026-02-26 13:30:46.289
!MESSAGE Error

!ENTRY org.eclipse.cdt.core 4 0 2026-02-26 13:30:46.290
!MESSAGE Error

!ENTRY org.eclipse.cdt.core 4 0 2026-02-26 13:30:46.290
!MESSAGE Error

!ENTRY org.eclipse.cdt.core 4 0 2026-02-26 13:30:46.290
!MESSAGE Error

!ENTRY org.eclipse.cdt.core 4 0 2026-02-26 13:30:46.290
!MESSAGE Error

!ENTRY org.eclipse.cdt.core 4 0 2026-02-26 13:30:46.291
!MESSAGE Error

!ENTRY org.eclipse.cdt.core 4 0 2026-02-26 13:30:46.291
!MESSAGE Error

!ENTRY org.eclipse.cdt.core 4 0 2026-02-26 13:30:46.291
!MESSAGE Error

!ENTRY org.eclipse.cdt.core 4 0 2026-02-26 13:30:46.291
!MESSAGE Error

!ENTRY org.eclipse.cdt.core 4 0 2026-02-26 13:30:46.291
!MESSAGE Error

!ENTRY org.eclipse.cdt.core 4 0 2026-02-26 13:30:46.292
!MESSAGE Error

!ENTRY org.eclipse.cdt.core 4 0 2026-02-26 13:30:46.292
!MESSAGE Error

!ENTRY org.eclipse.cdt.core 4 0 2026-02-26 13:30:46.292
!MESSAGE Error

!ENTRY org.eclipse.cdt.core 4 0 2026-02-26 13:30:46.292
!MESSAGE Error

!ENTRY org.eclipse.cdt.core 4 0 2026-02-26 13:30:46.292
!MESSAGE Error

!ENTRY org.eclipse.cdt.core 4 0 2026-02-26 13:30:46.292
!MESSAGE Error

!ENTRY org.eclipse.cdt.core 4 0 2026-02-26 13:30:46.292
!MESSAGE Error

!ENTRY org.eclipse.cdt.core 4 0 2026-02-26 13:30:46.292
!MESSAGE Error

!ENTRY org.eclipse.cdt.core 4 0 2026-02-26 13:30:46.293
!MESSAGE Error

!ENTRY org.eclipse.cdt.core 4 0 2026-02-26 13:30:46.293
!MESSAGE Error

!ENTRY org.eclipse.cdt.core 4 0 2026-02-26 13:30:46.293
!MESSAGE Error

!ENTRY org.eclipse.cdt.core 4 0 2026-02-26 13:30:46.293
!MESSAGE Error

!ENTRY org.eclipse.cdt.core 4 0 2026-02-26 13:30:46.293
!MESSAGE Error

!ENTRY org.eclipse.cdt.core 4 0 2026-02-26 13:30:46.294
!MESSAGE Error

!ENTRY org.eclipse.cdt.core 4 0 2026-02-26 13:30:46.294
!MESSAGE Error

!ENTRY org.eclipse.cdt.core 4 0 2026-02-26 13:30:46.294
!MESSAGE Error

!ENTRY org.eclipse.cdt.core 4 0 2026-02-26 13:30:46.294
!MESSAGE Error

!ENTRY org.eclipse.cdt.core 4 0 2026-02-26 13:30:46.294
!MESSAGE Error

!ENTRY org.eclipse.cdt.core 4 0 2026-02-26 13:30:46.294
!MESSAGE Error

!ENTRY org.eclipse.cdt.core 4 0 2026-02-26 13:30:46.294
!MESSAGE Error

!ENTRY org.eclipse.cdt.core 4 0 2026-02-26 13:30:46.295
!MESSAGE Error

!ENTRY org.eclipse.cdt.core 4 0 2026-02-26 13:30:46.295
!MESSAGE Error

!ENTRY org.eclipse.cdt.core 4 0 2026-02-26 13:30:46.295
!MESSAGE Error

!ENTRY org.eclipse.cdt.core 4 0 2026-02-26 13:30:46.295
!MESSAGE Error

!ENTRY org.eclipse.cdt.core 4 0 2026-02-26 13:30:46.295
!MESSAGE Error

!ENTRY org.eclipse.cdt.core 4 0 2026-02-26 13:30:46.295
!MESSAGE Error

!ENTRY org.eclipse.cdt.core 4 0 2026-02-26 13:30:46.295
!MESSAGE Error

!ENTRY org.eclipse.cdt.core 4 0 2026-02-26 13:30:46.296
!MESSAGE Error

!ENTRY org.eclipse.cdt.core 4 0 2026-02-26 13:30:46.296
!MESSAGE Error

!ENTRY org.eclipse.cdt.core 4 0 2026-02-26 13:30:46.296
!MESSAGE Error

!ENTRY org.eclipse.cdt.core 4 0 2026-02-26 13:30:46.297
!MESSAGE Error

!ENTRY org.eclipse.cdt.core 4 0 2026-02-26 13:30:46.297
!MESSAGE Error

!ENTRY org.eclipse.cdt.core 4 0 2026-02-26 13:30:46.297
!MESSAGE Error

!ENTRY org.eclipse.cdt.core 4 0 2026-02-26 13:30:46.297
!MESSAGE Error

!ENTRY org.eclipse.cdt.core 4 0 2026-02-26 13:30:46.297
!MESSAGE Error

!ENTRY org.eclipse.cdt.core 4 0 2026-02-26 13:30:46.297
!MESSAGE Error

!ENTRY org.eclipse.cdt.core 4 0 2026-02-26 13:30:46.297
!MESSAGE Error

!ENTRY org.eclipse.cdt.core 4 0 2026-02-26 13:30:46.298
!MESSAGE Error

!ENTRY org.eclipse.cdt.core 4 0 2026-02-26 13:30:46.298
!MESSAGE Error

!ENTRY org.eclipse.cdt.core 4 0 2026-02-26 13:30:46.298
!MESSAGE Error

!ENTRY org.eclipse.cdt.core 4 0 2026-02-26 13:30:46.298
!MESSAGE Error

!ENTRY org.eclipse.cdt.core 4 0 2026-02-26 13:30:46.298
!MESSAGE Error

!ENTRY org.eclipse.cdt.core 4 0 2026-02-26 13:30:46.298
!MESSAGE Error

!ENTRY org.eclipse.cdt.core 4 0 2026-02-26 13:30:46.299
!MESSAGE Error

!ENTRY org.eclipse.cdt.core 4 0 2026-02-26 13:30:46.299
!MESSAGE Error

!ENTRY org.eclipse.cdt.core 4 0 2026-02-26 13:30:46.299
!MESSAGE Error

!ENTRY org.eclipse.cdt.core 4 0 2026-02-26 13:30:46.299
!MESSAGE Error

!ENTRY org.eclipse.cdt.core 4 0 2026-02-26 13:30:46.299
!MESSAGE Error

!ENTRY org.eclipse.cdt.core 4 0 2026-02-26 13:30:46.299
!MESSAGE Error

!ENTRY org.eclipse.cdt.core 4 0 2026-02-26 13:30:46.299
!MESSAGE Error

!ENTRY org.eclipse.cdt.core 4 0 2026-02-26 13:30:46.300
!MESSAGE Error

!ENTRY org.eclipse.cdt.core 4 0 2026-02-26 13:30:46.444
!MESSAGE Error

!ENTRY org.eclipse.cdt.core 4 0 2026-02-26 13:30:46.449
!MESSAGE Error

!ENTRY org.eclipse.cdt.core 4 0 2026-02-26 13:30:50.363
!MESSAGE Error

!ENTRY org.eclipse.cdt.core 4 0 2026-02-26 13:30:50.366
!MESSAGE Error

!ENTRY org.eclipse.cdt.core 4 0 2026-02-26 13:30:50.367
!MESSAGE Error

!ENTRY org.eclipse.cdt.core 4 0 2026-02-26 13:30:50.367
!MESSAGE Error

!ENTRY org.eclipse.cdt.core 4 0 2026-02-26 13:30:50.367
!MESSAGE Error

!ENTRY org.eclipse.cdt.core 4 0 2026-02-26 13:30:50.368
!MESSAGE Error

!ENTRY org.eclipse.cdt.core 4 0 2026-02-26 13:30:50.368
!MESSAGE Error

!ENTRY org.eclipse.cdt.core 4 0 2026-02-26 13:30:50.368
!MESSAGE Error

!ENTRY org.eclipse.cdt.core 4 0 2026-02-26 13:30:50.368
!MESSAGE Error

!ENTRY org.eclipse.cdt.core 4 0 2026-02-26 13:30:50.368
!MESSAGE Error

!ENTRY org.eclipse.cdt.core 4 0 2026-02-26 13:30:50.368
!MESSAGE Error

!ENTRY org.eclipse.cdt.core 4 0 2026-02-26 13:30:50.369
!MESSAGE Error

!ENTRY org.eclipse.cdt.core 4 0 2026-02-26 13:30:50.369
!MESSAGE Error

!ENTRY org.eclipse.cdt.core 4 0 2026-02-26 13:30:50.369
!MESSAGE Error

!ENTRY org.eclipse.cdt.core 4 0 2026-02-26 13:30:50.369
!MESSAGE Error

!ENTRY org.eclipse.cdt.core 4 0 2026-02-26 13:30:50.369
!MESSAGE Error

!ENTRY org.eclipse.cdt.core 4 0 2026-02-26 13:30:50.369
!MESSAGE Error

!ENTRY org.eclipse.cdt.core 4 0 2026-02-26 13:30:50.369
!MESSAGE Error

!ENTRY org.eclipse.cdt.core 4 0 2026-02-26 13:30:50.370
!MESSAGE Error

!ENTRY org.eclipse.cdt.core 4 0 2026-02-26 13:30:50.370
!MESSAGE Error

!ENTRY org.eclipse.cdt.core 4 0 2026-02-26 13:30:50.370
!MESSAGE Error

!ENTRY org.eclipse.cdt.core 4 0 2026-02-26 13:30:50.370
!MESSAGE Error

!ENTRY org.eclipse.cdt.core 4 0 2026-02-26 13:30:50.370
!MESSAGE Error

!ENTRY org.eclipse.cdt.core 4 0 2026-02-26 13:30:50.370
!MESSAGE Error

!ENTRY org.eclipse.cdt.core 4 0 2026-02-26 13:30:50.371
!MESSAGE Error

!ENTRY org.eclipse.cdt.core 4 0 2026-02-26 13:30:50.371
!MESSAGE Error

!ENTRY org.eclipse.cdt.core 4 0 2026-02-26 13:30:50.371
!MESSAGE Error

!ENTRY org.eclipse.cdt.core 4 0 2026-02-26 13:30:50.371
!MESSAGE Error

!ENTRY org.eclipse.cdt.core 4 0 2026-02-26 13:30:50.371
!MESSAGE Error

!ENTRY org.eclipse.cdt.core 4 0 2026-02-26 13:30:50.372
!MESSAGE Error

!ENTRY org.eclipse.cdt.core 4 0 2026-02-26 13:30:50.372
!MESSAGE Error

!ENTRY org.eclipse.cdt.core 4 0 2026-02-26 13:30:50.372
!MESSAGE Error

!ENTRY org.eclipse.cdt.core 4 0 2026-02-26 13:30:50.372
!MESSAGE Error

!ENTRY org.eclipse.cdt.core 4 0 2026-02-26 13:30:50.373
!MESSAGE Error

!ENTRY org.eclipse.cdt.core 4 0 2026-02-26 13:30:50.373
!MESSAGE Error

!ENTRY org.eclipse.cdt.core 4 0 2026-02-26 13:30:50.373
!MESSAGE Error

!ENTRY org.eclipse.cdt.core 4 0 2026-02-26 13:30:50.373
!MESSAGE Error

!ENTRY org.eclipse.cdt.core 4 0 2026-02-26 13:30:50.373
!MESSAGE Error

!ENTRY org.eclipse.cdt.core 4 0 2026-02-26 13:30:50.373
!MESSAGE Error

!ENTRY org.eclipse.cdt.core 4 0 2026-02-26 13:30:50.374
!MESSAGE Error

!ENTRY org.eclipse.cdt.core 4 0 2026-02-26 13:30:50.374
!MESSAGE Error

!ENTRY org.eclipse.cdt.core 4 0 2026-02-26 13:30:50.374
!MESSAGE Error

!ENTRY org.eclipse.cdt.core 4 0 2026-02-26 13:30:50.374
!MESSAGE Error

!ENTRY org.eclipse.cdt.core 4 0 2026-02-26 13:30:50.374
!MESSAGE Error

!ENTRY org.eclipse.cdt.core 4 0 2026-02-26 13:30:50.374
!MESSAGE Error

!ENTRY org.eclipse.cdt.core 4 0 2026-02-26 13:30:50.374
!MESSAGE Error

!ENTRY org.eclipse.cdt.core 4 0 2026-02-26 13:30:50.374
!MESSAGE Error

!ENTRY org.eclipse.cdt.core 4 0 2026-02-26 13:30:50.374
!MESSAGE Error

!ENTRY org.eclipse.cdt.core 4 0 2026-02-26 13:30:50.374
!MESSAGE Error

!ENTRY org.eclipse.cdt.core 4 0 2026-02-26 13:30:50.375
!MESSAGE Error

!ENTRY org.eclipse.cdt.core 4 0 2026-02-26 13:30:50.375
!MESSAGE Error

!ENTRY org.eclipse.cdt.core 4 0 2026-02-26 13:30:50.375
!MESSAGE Error

!ENTRY org.eclipse.cdt.core 4 0 2026-02-26 13:30:50.375
!MESSAGE Error

!ENTRY org.eclipse.cdt.core 4 0 2026-02-26 13:30:50.375
!MESSAGE Error

!ENTRY org.eclipse.cdt.core 4 0 2026-02-26 13:30:50.375
!MESSAGE Error

!ENTRY org.eclipse.cdt.core 4 0 2026-02-26 13:30:50.375
!MESSAGE Error

!ENTRY org.eclipse.cdt.core 4 0 2026-02-26 13:30:50.376
!MESSAGE Error

!ENTRY org.eclipse.cdt.core 4 0 2026-02-26 13:30:50.376
!MESSAGE Error

!ENTRY org.eclipse.cdt.core 4 0 2026-02-26 13:30:50.376
!MESSAGE Error

!ENTRY org.eclipse.cdt.core 4 0 2026-02-26 13:30:50.376
!MESSAGE Error

!ENTRY org.eclipse.cdt.core 4 0 2026-02-26 13:30:50.376
!MESSAGE Error

!ENTRY org.eclipse.cdt.core 4 0 2026-02-26 13:30:50.377
!MESSAGE Error

!ENTRY org.eclipse.cdt.core 4 0 2026-02-26 13:30:50.377
!MESSAGE Error

!ENTRY org.eclipse.cdt.core 4 0 2026-02-26 13:30:50.377
!MESSAGE Error

!ENTRY org.eclipse.cdt.core 4 0 2026-02-26 13:30:50.377
!MESSAGE Error

!ENTRY org.eclipse.cdt.core 4 0 2026-02-26 13:30:50.377
!MESSAGE Error

!ENTRY org.eclipse.cdt.core 4 0 2026-02-26 13:30:50.377
!MESSAGE Error

!ENTRY org.eclipse.cdt.core 4 0 2026-02-26 13:30:50.377
!MESSAGE Error

!ENTRY org.eclipse.cdt.core 4 0 2026-02-26 13:30:50.378
!MESSAGE Error

!ENTRY org.eclipse.cdt.core 4 0 2026-02-26 13:30:50.378
!MESSAGE Error

!ENTRY org.eclipse.cdt.core 4 0 2026-02-26 13:30:50.379
!MESSAGE Error

!ENTRY org.eclipse.cdt.core 4 0 2026-02-26 13:30:50.385
!MESSAGE Error

!ENTRY org.eclipse.cdt.core 4 0 2026-02-26 13:30:50.386
!MESSAGE Error

!ENTRY org.eclipse.cdt.core 4 0 2026-02-26 13:30:50.386
!MESSAGE Error

!ENTRY org.eclipse.cdt.core 4 0 2026-02-26 13:30:50.386
!MESSAGE Error

!ENTRY org.eclipse.cdt.core 4 0 2026-02-26 13:30:50.386
!MESSAGE Error

!ENTRY org.eclipse.cdt.core 4 0 2026-02-26 13:30:50.386
!MESSAGE Error

!ENTRY org.eclipse.cdt.core 4 0 2026-02-26 13:30:50.386
!MESSAGE Error

!ENTRY org.eclipse.cdt.core 4 0 2026-02-26 13:30:50.387
!MESSAGE Error

!ENTRY org.eclipse.cdt.core 4 0 2026-02-26 13:30:50.387
!MESSAGE Error

!ENTRY org.eclipse.cdt.core 4 0 2026-02-26 13:30:50.391
!MESSAGE Error

!ENTRY org.eclipse.cdt.core 4 0 2026-02-26 13:30:55.999
!MESSAGE Error

!ENTRY org.eclipse.cdt.core 4 0 2026-02-26 13:30:56.004
!MESSAGE Error

!ENTRY org.eclipse.cdt.core 4 0 2026-02-26 13:30:56.005
!MESSAGE Error

!ENTRY org.eclipse.cdt.core 4 0 2026-02-26 13:30:56.005
!MESSAGE Error

!ENTRY org.eclipse.cdt.core 4 0 2026-02-26 13:30:56.006
!MESSAGE Error

!ENTRY org.eclipse.cdt.core 4 0 2026-02-26 13:30:56.006
!MESSAGE Error

!ENTRY org.eclipse.cdt.core 4 0 2026-02-26 13:30:56.007
!MESSAGE Error

!ENTRY org.eclipse.cdt.core 4 0 2026-02-26 13:30:56.007
!MESSAGE Error

!ENTRY org.eclipse.cdt.core 4 0 2026-02-26 13:30:56.007
!MESSAGE Error

!ENTRY org.eclipse.cdt.core 4 0 2026-02-26 13:30:56.008
!MESSAGE Error

!ENTRY org.eclipse.cdt.core 4 0 2026-02-26 13:30:56.008
!MESSAGE Error

!ENTRY org.eclipse.cdt.core 4 0 2026-02-26 13:30:56.008
!MESSAGE Error

!ENTRY org.eclipse.cdt.core 4 0 2026-02-26 13:30:56.009
!MESSAGE Error

!ENTRY org.eclipse.cdt.core 4 0 2026-02-26 13:30:56.009
!MESSAGE Error

!ENTRY org.eclipse.cdt.core 4 0 2026-02-26 13:30:56.010
!MESSAGE Error

!ENTRY org.eclipse.cdt.core 4 0 2026-02-26 13:30:56.010
!MESSAGE Error

!ENTRY org.eclipse.cdt.core 4 0 2026-02-26 13:30:56.010
!MESSAGE Error

!ENTRY org.eclipse.cdt.core 4 0 2026-02-26 13:30:56.011
!MESSAGE Error

!ENTRY org.eclipse.cdt.core 4 0 2026-02-26 13:30:56.011
!MESSAGE Error

!ENTRY org.eclipse.cdt.core 4 0 2026-02-26 13:30:56.011
!MESSAGE Error

!ENTRY org.eclipse.cdt.core 4 0 2026-02-26 13:30:56.012
!MESSAGE Error

!ENTRY org.eclipse.cdt.core 4 0 2026-02-26 13:30:56.012
!MESSAGE Error

!ENTRY org.eclipse.cdt.core 4 0 2026-02-26 13:30:56.013
!MESSAGE Error

!ENTRY org.eclipse.cdt.core 4 0 2026-02-26 13:30:56.013
!MESSAGE Error

!ENTRY org.eclipse.cdt.core 4 0 2026-02-26 13:30:56.013
!MESSAGE Error

!ENTRY org.eclipse.cdt.core 4 0 2026-02-26 13:30:56.014
!MESSAGE Error

!ENTRY org.eclipse.cdt.core 4 0 2026-02-26 13:30:56.014
!MESSAGE Error

!ENTRY org.eclipse.cdt.core 4 0 2026-02-26 13:30:56.014
!MESSAGE Error

!ENTRY org.eclipse.cdt.core 4 0 2026-02-26 13:30:56.015
!MESSAGE Error

!ENTRY org.eclipse.cdt.core 4 0 2026-02-26 13:30:56.015
!MESSAGE Error

!ENTRY org.eclipse.cdt.core 4 0 2026-02-26 13:30:56.015
!MESSAGE Error

!ENTRY org.eclipse.cdt.core 4 0 2026-02-26 13:30:56.016
!MESSAGE Error

!ENTRY org.eclipse.cdt.core 4 0 2026-02-26 13:30:56.016
!MESSAGE Error

!ENTRY org.eclipse.cdt.core 4 0 2026-02-26 13:30:56.017
!MESSAGE Error

!ENTRY org.eclipse.cdt.core 4 0 2026-02-26 13:30:56.017
!MESSAGE Error

!ENTRY org.eclipse.cdt.core 4 0 2026-02-26 13:30:56.017
!MESSAGE Error

!ENTRY org.eclipse.cdt.core 4 0 2026-02-26 13:30:56.017
!MESSAGE Error

!ENTRY org.eclipse.cdt.core 4 0 2026-02-26 13:30:56.017
!MESSAGE Error

!ENTRY org.eclipse.cdt.core 4 0 2026-02-26 13:30:56.017
!MESSAGE Error

!ENTRY org.eclipse.cdt.core 4 0 2026-02-26 13:30:56.017
!MESSAGE Error

!ENTRY org.eclipse.cdt.core 4 0 2026-02-26 13:30:56.018
!MESSAGE Error

!ENTRY org.eclipse.cdt.core 4 0 2026-02-26 13:30:56.018
!MESSAGE Error

!ENTRY org.eclipse.cdt.core 4 0 2026-02-26 13:30:56.018
!MESSAGE Error

!ENTRY org.eclipse.cdt.core 4 0 2026-02-26 13:30:56.018
!MESSAGE Error

!ENTRY org.eclipse.cdt.core 4 0 2026-02-26 13:30:56.018
!MESSAGE Error

!ENTRY org.eclipse.cdt.core 4 0 2026-02-26 13:30:56.018
!MESSAGE Error

!ENTRY org.eclipse.cdt.core 4 0 2026-02-26 13:30:56.018
!MESSAGE Error

!ENTRY org.eclipse.cdt.core 4 0 2026-02-26 13:30:56.019
!MESSAGE Error

!ENTRY org.eclipse.cdt.core 4 0 2026-02-26 13:30:56.019
!MESSAGE Error

!ENTRY org.eclipse.cdt.core 4 0 2026-02-26 13:30:56.019
!MESSAGE Error

!ENTRY org.eclipse.cdt.core 4 0 2026-02-26 13:30:56.019
!MESSAGE Error

!ENTRY org.eclipse.cdt.core 4 0 2026-02-26 13:30:56.019
!MESSAGE Error

!ENTRY org.eclipse.cdt.core 4 0 2026-02-26 13:30:56.019
!MESSAGE Error

!ENTRY org.eclipse.cdt.core 4 0 2026-02-26 13:30:56.020
!MESSAGE Error

!ENTRY org.eclipse.cdt.core 4 0 2026-02-26 13:30:56.020
!MESSAGE Error

!ENTRY org.eclipse.cdt.core 4 0 2026-02-26 13:30:56.020
!MESSAGE Error

!ENTRY org.eclipse.cdt.core 4 0 2026-02-26 13:30:56.020
!MESSAGE Error

!ENTRY org.eclipse.cdt.core 4 0 2026-02-26 13:30:56.020
!MESSAGE Error

!ENTRY org.eclipse.cdt.core 4 0 2026-02-26 13:30:56.020
!MESSAGE Error

!ENTRY org.eclipse.cdt.core 4 0 2026-02-26 13:30:56.020
!MESSAGE Error

!ENTRY org.eclipse.cdt.core 4 0 2026-02-26 13:30:56.021
!MESSAGE Error

!ENTRY org.eclipse.cdt.core 4 0 2026-02-26 13:30:56.021
!MESSAGE Error

!ENTRY org.eclipse.cdt.core 4 0 2026-02-26 13:30:56.021
!MESSAGE Error

!ENTRY org.eclipse.cdt.core 4 0 2026-02-26 13:30:56.021
!MESSAGE Error

!ENTRY org.eclipse.cdt.core 4 0 2026-02-26 13:30:56.021
!MESSAGE Error

!ENTRY org.eclipse.cdt.core 4 0 2026-02-26 13:30:56.021
!MESSAGE Error

!ENTRY org.eclipse.cdt.core 4 0 2026-02-26 13:30:56.021
!MESSAGE Error

!ENTRY org.eclipse.cdt.core 4 0 2026-02-26 13:30:56.022
!MESSAGE Error

!ENTRY org.eclipse.cdt.core 4 0 2026-02-26 13:30:56.022
!MESSAGE Error

!ENTRY org.eclipse.cdt.core 4 0 2026-02-26 13:30:56.022
!MESSAGE Error

!ENTRY org.eclipse.cdt.core 4 0 2026-02-26 13:30:56.022
!MESSAGE Error

!ENTRY org.eclipse.cdt.core 4 0 2026-02-26 13:30:56.022
!MESSAGE Error

!ENTRY org.eclipse.cdt.core 4 0 2026-02-26 13:30:56.022
!MESSAGE Error

!ENTRY org.eclipse.cdt.core 4 0 2026-02-26 13:30:56.022
!MESSAGE Error

!ENTRY org.eclipse.cdt.core 4 0 2026-02-26 13:30:56.022
!MESSAGE Error

!ENTRY org.eclipse.cdt.core 4 0 2026-02-26 13:30:56.022
!MESSAGE Error

!ENTRY org.eclipse.cdt.core 4 0 2026-02-26 13:30:56.022
!MESSAGE Error

!ENTRY org.eclipse.cdt.core 4 0 2026-02-26 13:30:56.023
!MESSAGE Error

!ENTRY org.eclipse.cdt.core 4 0 2026-02-26 13:30:56.023
!MESSAGE Error

!ENTRY org.eclipse.cdt.core 4 0 2026-02-26 13:30:58.570
!MESSAGE Error

!ENTRY org.eclipse.cdt.core 4 0 2026-02-26 13:30:58.575
!MESSAGE Error

!ENTRY org.eclipse.cdt.core 4 0 2026-02-26 13:30:58.577
!MESSAGE Error

!ENTRY org.eclipse.cdt.core 4 0 2026-02-26 13:30:58.577
!MESSAGE Error

!ENTRY org.eclipse.cdt.core 4 0 2026-02-26 13:30:58.577
!MESSAGE Error

!ENTRY org.eclipse.cdt.core 4 0 2026-02-26 13:30:58.578
!MESSAGE Error

!ENTRY org.eclipse.cdt.core 4 0 2026-02-26 13:30:58.578
!MESSAGE Error

!ENTRY org.eclipse.cdt.core 4 0 2026-02-26 13:30:58.579
!MESSAGE Error

!ENTRY org.eclipse.cdt.core 4 0 2026-02-26 13:30:58.579
!MESSAGE Error

!ENTRY org.eclipse.cdt.core 4 0 2026-02-26 13:30:58.579
!MESSAGE Error

!ENTRY org.eclipse.cdt.core 4 0 2026-02-26 13:30:58.580
!MESSAGE Error

!ENTRY org.eclipse.cdt.core 4 0 2026-02-26 13:30:58.580
!MESSAGE Error

!ENTRY org.eclipse.cdt.core 4 0 2026-02-26 13:30:58.580
!MESSAGE Error

!ENTRY org.eclipse.cdt.core 4 0 2026-02-26 13:30:58.580
!MESSAGE Error

!ENTRY org.eclipse.cdt.core 4 0 2026-02-26 13:30:58.581
!MESSAGE Error

!ENTRY org.eclipse.cdt.core 4 0 2026-02-26 13:30:58.581
!MESSAGE Error

!ENTRY org.eclipse.cdt.core 4 0 2026-02-26 13:30:58.581
!MESSAGE Error

!ENTRY org.eclipse.cdt.core 4 0 2026-02-26 13:30:58.582
!MESSAGE Error

!ENTRY org.eclipse.cdt.core 4 0 2026-02-26 13:30:58.582
!MESSAGE Error

!ENTRY org.eclipse.cdt.core 4 0 2026-02-26 13:30:58.582
!MESSAGE Error

!ENTRY org.eclipse.cdt.core 4 0 2026-02-26 13:30:58.583
!MESSAGE Error

!ENTRY org.eclipse.cdt.core 4 0 2026-02-26 13:30:58.583
!MESSAGE Error

!ENTRY org.eclipse.cdt.core 4 0 2026-02-26 13:30:58.583
!MESSAGE Error

!ENTRY org.eclipse.cdt.core 4 0 2026-02-26 13:30:58.583
!MESSAGE Error

!ENTRY org.eclipse.cdt.core 4 0 2026-02-26 13:30:58.585
!MESSAGE Error

!ENTRY org.eclipse.cdt.core 4 0 2026-02-26 13:30:58.585
!MESSAGE Error

!ENTRY org.eclipse.cdt.core 4 0 2026-02-26 13:30:58.585
!MESSAGE Error

!ENTRY org.eclipse.cdt.core 4 0 2026-02-26 13:30:58.586
!MESSAGE Error

!ENTRY org.eclipse.cdt.core 4 0 2026-02-26 13:30:58.586
!MESSAGE Error

!ENTRY org.eclipse.cdt.core 4 0 2026-02-26 13:30:58.587
!MESSAGE Error

!ENTRY org.eclipse.cdt.core 4 0 2026-02-26 13:30:58.587
!MESSAGE Error

!ENTRY org.eclipse.cdt.core 4 0 2026-02-26 13:30:58.587
!MESSAGE Error

!ENTRY org.eclipse.cdt.core 4 0 2026-02-26 13:30:58.588
!MESSAGE Error

!ENTRY org.eclipse.cdt.core 4 0 2026-02-26 13:30:58.588
!MESSAGE Error

!ENTRY org.eclipse.cdt.core 4 0 2026-02-26 13:30:58.588
!MESSAGE Error

!ENTRY org.eclipse.cdt.core 4 0 2026-02-26 13:30:58.588
!MESSAGE Error

!ENTRY org.eclipse.cdt.core 4 0 2026-02-26 13:30:58.588
!MESSAGE Error

!ENTRY org.eclipse.cdt.core 4 0 2026-02-26 13:30:58.589
!MESSAGE Error

!ENTRY org.eclipse.cdt.core 4 0 2026-02-26 13:30:58.589
!MESSAGE Error

!ENTRY org.eclipse.cdt.core 4 0 2026-02-26 13:30:58.589
!MESSAGE Error

!ENTRY org.eclipse.cdt.core 4 0 2026-02-26 13:30:58.590
!MESSAGE Error

!ENTRY org.eclipse.cdt.core 4 0 2026-02-26 13:30:58.590
!MESSAGE Error

!ENTRY org.eclipse.cdt.core 4 0 2026-02-26 13:30:58.590
!MESSAGE Error

!ENTRY org.eclipse.cdt.core 4 0 2026-02-26 13:30:58.591
!MESSAGE Error

!ENTRY org.eclipse.cdt.core 4 0 2026-02-26 13:30:58.591
!MESSAGE Error

!ENTRY org.eclipse.cdt.core 4 0 2026-02-26 13:30:58.592
!MESSAGE Error

!ENTRY org.eclipse.cdt.core 4 0 2026-02-26 13:30:58.592
!MESSAGE Error

!ENTRY org.eclipse.cdt.core 4 0 2026-02-26 13:30:58.592
!MESSAGE Error

!ENTRY org.eclipse.cdt.core 4 0 2026-02-26 13:30:58.593
!MESSAGE Error

!ENTRY org.eclipse.cdt.core 4 0 2026-02-26 13:30:58.593
!MESSAGE Error

!ENTRY org.eclipse.cdt.core 4 0 2026-02-26 13:30:58.593
!MESSAGE Error

!ENTRY org.eclipse.cdt.core 4 0 2026-02-26 13:30:58.593
!MESSAGE Error

!ENTRY org.eclipse.cdt.core 4 0 2026-02-26 13:30:58.594
!MESSAGE Error

!ENTRY org.eclipse.cdt.core 4 0 2026-02-26 13:30:58.594
!MESSAGE Error

!ENTRY org.eclipse.cdt.core 4 0 2026-02-26 13:30:58.594
!MESSAGE Error

!ENTRY org.eclipse.cdt.core 4 0 2026-02-26 13:30:58.595
!MESSAGE Error

!ENTRY org.eclipse.cdt.core 4 0 2026-02-26 13:30:58.595
!MESSAGE Error

!ENTRY org.eclipse.cdt.core 4 0 2026-02-26 13:30:58.595
!MESSAGE Error

!ENTRY org.eclipse.cdt.core 4 0 2026-02-26 13:30:58.596
!MESSAGE Error

!ENTRY org.eclipse.cdt.core 4 0 2026-02-26 13:30:58.596
!MESSAGE Error

!ENTRY org.eclipse.cdt.core 4 0 2026-02-26 13:30:58.596
!MESSAGE Error

!ENTRY org.eclipse.cdt.core 4 0 2026-02-26 13:30:58.596
!MESSAGE Error

!ENTRY org.eclipse.cdt.core 4 0 2026-02-26 13:30:58.596
!MESSAGE Error

!ENTRY org.eclipse.cdt.core 4 0 2026-02-26 13:30:58.596
!MESSAGE Error

!ENTRY org.eclipse.cdt.core 4 0 2026-02-26 13:30:58.596
!MESSAGE Error

!ENTRY org.eclipse.cdt.core 4 0 2026-02-26 13:30:58.596
!MESSAGE Error

!ENTRY org.eclipse.cdt.core 4 0 2026-02-26 13:30:58.597
!MESSAGE Error

!ENTRY org.eclipse.cdt.core 4 0 2026-02-26 13:30:58.597
!MESSAGE Error

!ENTRY org.eclipse.cdt.core 4 0 2026-02-26 13:30:58.597
!MESSAGE Error

!ENTRY org.eclipse.cdt.core 4 0 2026-02-26 13:30:58.597
!MESSAGE Error

!ENTRY org.eclipse.cdt.core 4 0 2026-02-26 13:30:58.597
!MESSAGE Error

!ENTRY org.eclipse.cdt.core 4 0 2026-02-26 13:30:58.597
!MESSAGE Error

!ENTRY org.eclipse.cdt.core 4 0 2026-02-26 13:30:58.597
!MESSAGE Error

!ENTRY org.eclipse.cdt.core 4 0 2026-02-26 13:30:58.598
!MESSAGE Error

!ENTRY org.eclipse.cdt.core 4 0 2026-02-26 13:30:58.598
!MESSAGE Error

!ENTRY org.eclipse.cdt.core 4 0 2026-02-26 13:30:58.598
!MESSAGE Error

!ENTRY org.eclipse.cdt.core 4 0 2026-02-26 13:30:58.598
!MESSAGE Error

!ENTRY org.eclipse.cdt.core 4 0 2026-02-26 13:30:58.598
!MESSAGE Error

!ENTRY org.eclipse.cdt.core 4 0 2026-02-26 13:30:58.598
!MESSAGE Error

!ENTRY org.eclipse.cdt.core 4 0 2026-02-26 13:31:07.828
!MESSAGE Error

!ENTRY org.eclipse.cdt.core 4 0 2026-02-26 13:31:07.835
!MESSAGE Error

!ENTRY org.eclipse.cdt.core 4 0 2026-02-26 13:31:09.352
!MESSAGE Error

!ENTRY org.eclipse.cdt.core 4 0 2026-02-26 13:31:09.357
!MESSAGE Error

!ENTRY org.eclipse.cdt.core 4 0 2026-02-26 13:31:09.360
!MESSAGE Error

!ENTRY org.eclipse.cdt.core 4 0 2026-02-26 13:31:09.360
!MESSAGE Error

!ENTRY org.eclipse.cdt.core 4 0 2026-02-26 13:31:09.361
!MESSAGE Error

!ENTRY org.eclipse.cdt.core 4 0 2026-02-26 13:31:09.361
!MESSAGE Error

!ENTRY org.eclipse.cdt.core 4 0 2026-02-26 13:31:09.361
!MESSAGE Error

!ENTRY org.eclipse.cdt.core 4 0 2026-02-26 13:31:09.362
!MESSAGE Error

!ENTRY org.eclipse.cdt.core 4 0 2026-02-26 13:31:09.362
!MESSAGE Error

!ENTRY org.eclipse.cdt.core 4 0 2026-02-26 13:31:09.362
!MESSAGE Error

!ENTRY org.eclipse.cdt.core 4 0 2026-02-26 13:31:09.363
!MESSAGE Error

!ENTRY org.eclipse.cdt.core 4 0 2026-02-26 13:31:09.363
!MESSAGE Error

!ENTRY org.eclipse.cdt.core 4 0 2026-02-26 13:31:09.364
!MESSAGE Error

!ENTRY org.eclipse.cdt.core 4 0 2026-02-26 13:31:09.364
!MESSAGE Error

!ENTRY org.eclipse.cdt.core 4 0 2026-02-26 13:31:09.364
!MESSAGE Error
