
**** Build of configuration Debug for project lab_5 ****

"C:\\ti\\ccsv7\\utils\\bin\\gmake" -k -j 24 all -O 
 
'Building file: "../main.c"'
'Invoking: MSP430 Compiler'
"C:/ti/ccsv7/tools/compiler/ti-cgt-msp430_16.9.6.LTS/bin/cl430" -vmspx --data_model=restricted --use_hw_mpy=F5 --include_path="C:/ti/ccsv7/ccs_base/msp430/include" --include_path="C:/Users/sudan/embedded-systems/lab_5" --include_path="C:/ti/ccsv7/tools/compiler/ti-cgt-msp430_16.9.6.LTS/include" --advice:power=all --advice:hw_config=all --define=__MSP430FR6989__ --define=_MPU_ENABLE -g --printf_support=minimal --diag_warning=225 --diag_wrap=off --display_error_number --silicon_errata=CPU21 --silicon_errata=CPU22 --silicon_errata=CPU40 --preproc_with_compile --preproc_dependency="main.d_raw"  "../main.c"
"../main.c", line 51: warning #112-D: statement is unreachable
"../main.c", line 47: remark #1544-D: (ULP 13.1) Detected loop counting up. Recommend loops count down as detecting zeros is easier
"../main.c", line 47: remark #1527-D: (ULP 2.1) Detected SW delay loop using empty loop. Recommend using a timer module instead
'Finished building: "../main.c"'
 
'Building target: "lab_5.out"'
'Invoking: MSP430 Linker'
"C:/ti/ccsv7/tools/compiler/ti-cgt-msp430_16.9.6.LTS/bin/cl430" -vmspx --data_model=restricted --use_hw_mpy=F5 --advice:power=all --advice:hw_config=all --define=__MSP430FR6989__ --define=_MPU_ENABLE -g --printf_support=minimal --diag_warning=225 --diag_wrap=off --display_error_number --silicon_errata=CPU21 --silicon_errata=CPU22 --silicon_errata=CPU40 -z -m"lab_5.map" --heap_size=160 --stack_size=160 --cinit_hold_wdt=on -i"C:/ti/ccsv7/ccs_base/msp430/include" -i"C:/ti/ccsv7/ccs_base/msp430/lib/5xx_6xx_FRxx" -i"C:/ti/ccsv7/ccs_base/msp430/lib/FR59xx" -i"C:/ti/ccsv7/tools/compiler/ti-cgt-msp430_16.9.6.LTS/lib" -i"C:/ti/ccsv7/tools/compiler/ti-cgt-msp430_16.9.6.LTS/include" --priority --reread_libs --define=_MPU_ENABLE --diag_wrap=off --display_error_number --warn_sections --xml_link_info="lab_5_linkInfo.xml" --use_hw_mpy=F5 --rom_model -o "lab_5.out" "./main.obj" "../lnk_msp430fr6989.cmd"  -llibmpu_init.a -llibmath.a -llibc.a 
<Linking>
warning #10421-D: For FRAM devices running at higher than 8MHz, FRAM waitstate needs to be configured accordingly.
remark #10371-D: (ULP 1.1) Detected no uses of low power mode state changing instructions
remark #10372-D: (ULP 4.1) Detected uninitialized Port A in this project. Recommend initializing all unused ports to eliminate wasted current consumption on unused pins.
remark #10372-D: (ULP 4.1) Detected uninitialized Port B in this project. Recommend initializing all unused ports to eliminate wasted current consumption on unused pins.
remark #10372-D: (ULP 4.1) Detected uninitialized Port C in this project. Recommend initializing all unused ports to eliminate wasted current consumption on unused pins.
remark #10372-D: (ULP 4.1) Detected uninitialized Port D in this project. Recommend initializing all unused ports to eliminate wasted current consumption on unused pins.
remark #10372-D: (ULP 4.1) Detected uninitialized Port E in this project. Recommend initializing all unused ports to eliminate wasted current consumption on unused pins.
'Finished building target: "lab_5.out"'
 

**** Build Finished ****

**** Build of configuration Debug for project lab_5 ****

"C:\\ti\\ccsv7\\utils\\bin\\gmake" -k -j 24 all -O 
 
gmake[1]: 'lab_5.out' is up to date.

**** Build Finished ****

**** Build of configuration Debug for project lab_5 ****

"C:\\ti\\ccsv7\\utils\\bin\\gmake" -k -j 24 all -O 
 
gmake[1]: 'lab_5.out' is up to date.

**** Build Finished ****

**** Build of configuration Debug for project lab_5 ****

"C:\\ti\\ccsv7\\utils\\bin\\gmake" -k -j 24 all -O 
 
gmake[1]: 'lab_5.out' is up to date.

**** Build Finished ****

**** Build of configuration Debug for project lab_5 ****

"C:\\ti\\ccsv7\\utils\\bin\\gmake" -k -j 24 all -O 
 
gmake[1]: 'lab_5.out' is up to date.

**** Build Finished ****

**** Build of configuration Debug for project lab_5 ****

"C:\\ti\\ccsv7\\utils\\bin\\gmake" -k -j 24 all -O 
 
'Building file: "../main.c"'
'Invoking: MSP430 Compiler'
"C:/ti/ccsv7/tools/compiler/ti-cgt-msp430_16.9.6.LTS/bin/cl430" -vmspx --data_model=restricted --use_hw_mpy=F5 --include_path="C:/ti/ccsv7/ccs_base/msp430/include" --include_path="C:/Users/sudan/embedded-systems/lab_5" --include_path="C:/ti/ccsv7/tools/compiler/ti-cgt-msp430_16.9.6.LTS/include" --advice:power=all --advice:hw_config=all --define=__MSP430FR6989__ --define=_MPU_ENABLE -g --printf_support=minimal --diag_warning=225 --diag_wrap=off --display_error_number --silicon_errata=CPU21 --silicon_errata=CPU22 --silicon_errata=CPU40 --preproc_with_compile --preproc_dependency="main.d_raw"  "../main.c"
"../main.c", line 39: warning #179-D: variable "d6" was declared but never referenced
"../main.c", line 34: remark #1530-D: (ULP 5.1) Detected modulo operation(s). Recommend moving them to RAM during run time or not using as these are processing/power intensive
"../main.c", line 35: remark #1530-D: (ULP 5.1) Detected modulo operation(s). Recommend moving them to RAM during run time or not using as these are processing/power intensive
"../main.c", line 36: remark #1530-D: (ULP 5.1) Detected modulo operation(s). Recommend moving them to RAM during run time or not using as these are processing/power intensive
"../main.c", line 37: remark #1530-D: (ULP 5.1) Detected modulo operation(s). Recommend moving them to RAM during run time or not using as these are processing/power intensive
"../main.c", line 38: remark #1530-D: (ULP 5.1) Detected modulo operation(s). Recommend moving them to RAM during run time or not using as these are processing/power intensive
"../main.c", line 39: remark #1530-D: (ULP 5.1) Detected modulo operation(s). Recommend moving them to RAM during run time or not using as these are processing/power intensive
"../main.c", line 81: warning #112-D: statement is unreachable
"../main.c", line 77: remark #1544-D: (ULP 13.1) Detected loop counting up. Recommend loops count down as detecting zeros is easier
"../main.c", line 77: remark #1527-D: (ULP 2.1) Detected SW delay loop using empty loop. Recommend using a timer module instead
"../main.c", line 93: warning #70-D: integer conversion resulted in truncation
'Finished building: "../main.c"'
 
'Building target: "lab_5.out"'
'Invoking: MSP430 Linker'
"C:/ti/ccsv7/tools/compiler/ti-cgt-msp430_16.9.6.LTS/bin/cl430" -vmspx --data_model=restricted --use_hw_mpy=F5 --advice:power=all --advice:hw_config=all --define=__MSP430FR6989__ --define=_MPU_ENABLE -g --printf_support=minimal --diag_warning=225 --diag_wrap=off --display_error_number --silicon_errata=CPU21 --silicon_errata=CPU22 --silicon_errata=CPU40 -z -m"lab_5.map" --heap_size=160 --stack_size=160 --cinit_hold_wdt=on -i"C:/ti/ccsv7/ccs_base/msp430/include" -i"C:/ti/ccsv7/ccs_base/msp430/lib/5xx_6xx_FRxx" -i"C:/ti/ccsv7/ccs_base/msp430/lib/FR59xx" -i"C:/ti/ccsv7/tools/compiler/ti-cgt-msp430_16.9.6.LTS/lib" -i"C:/ti/ccsv7/tools/compiler/ti-cgt-msp430_16.9.6.LTS/include" --priority --reread_libs --define=_MPU_ENABLE --diag_wrap=off --display_error_number --warn_sections --xml_link_info="lab_5_linkInfo.xml" --use_hw_mpy=F5 --rom_model -o "lab_5.out" "./main.obj" "../lnk_msp430fr6989.cmd"  -llibmpu_init.a -llibmath.a -llibc.a 
<Linking>
warning #10421-D: For FRAM devices running at higher than 8MHz, FRAM waitstate needs to be configured accordingly.
remark #10371-D: (ULP 1.1) Detected no uses of low power mode state changing instructions
remark #10372-D: (ULP 4.1) Detected uninitialized Port A in this project. Recommend initializing all unused ports to eliminate wasted current consumption on unused pins.
remark #10372-D: (ULP 4.1) Detected uninitialized Port B in this project. Recommend initializing all unused ports to eliminate wasted current consumption on unused pins.
remark #10372-D: (ULP 4.1) Detected uninitialized Port C in this project. Recommend initializing all unused ports to eliminate wasted current consumption on unused pins.
remark #10372-D: (ULP 4.1) Detected uninitialized Port D in this project. Recommend initializing all unused ports to eliminate wasted current consumption on unused pins.
remark #10372-D: (ULP 4.1) Detected uninitialized Port E in this project. Recommend initializing all unused ports to eliminate wasted current consumption on unused pins.
'Finished building target: "lab_5.out"'
 

**** Build Finished ****

**** Build of configuration Debug for project lab_5 ****

"C:\\ti\\ccsv7\\utils\\bin\\gmake" -k -j 24 all -O 
 
'Building file: "../main.c"'
'Invoking: MSP430 Compiler'
"C:/ti/ccsv7/tools/compiler/ti-cgt-msp430_16.9.6.LTS/bin/cl430" -vmspx --data_model=restricted --use_hw_mpy=F5 --include_path="C:/ti/ccsv7/ccs_base/msp430/include" --include_path="C:/Users/sudan/embedded-systems/lab_5" --include_path="C:/ti/ccsv7/tools/compiler/ti-cgt-msp430_16.9.6.LTS/include" --advice:power=all --advice:hw_config=all --define=__MSP430FR6989__ --define=_MPU_ENABLE -g --printf_support=minimal --diag_warning=225 --diag_wrap=off --display_error_number --silicon_errata=CPU21 --silicon_errata=CPU22 --silicon_errata=CPU40 --preproc_with_compile --preproc_dependency="main.d_raw"  "../main.c"
"../main.c", line 34: remark #1530-D: (ULP 5.1) Detected modulo operation(s). Recommend moving them to RAM during run time or not using as these are processing/power intensive
"../main.c", line 35: remark #1530-D: (ULP 5.1) Detected modulo operation(s). Recommend moving them to RAM during run time or not using as these are processing/power intensive
"../main.c", line 36: remark #1530-D: (ULP 5.1) Detected modulo operation(s). Recommend moving them to RAM during run time or not using as these are processing/power intensive
"../main.c", line 37: remark #1530-D: (ULP 5.1) Detected modulo operation(s). Recommend moving them to RAM during run time or not using as these are processing/power intensive
"../main.c", line 38: remark #1530-D: (ULP 5.1) Detected modulo operation(s). Recommend moving them to RAM during run time or not using as these are processing/power intensive
"../main.c", line 39: remark #1530-D: (ULP 5.1) Detected modulo operation(s). Recommend moving them to RAM during run time or not using as these are processing/power intensive
"../main.c", line 75: warning #112-D: statement is unreachable
"../main.c", line 71: remark #1544-D: (ULP 13.1) Detected loop counting up. Recommend loops count down as detecting zeros is easier
"../main.c", line 71: remark #1527-D: (ULP 2.1) Detected SW delay loop using empty loop. Recommend using a timer module instead
"../main.c", line 87: warning #70-D: integer conversion resulted in truncation
'Finished building: "../main.c"'
 
'Building target: "lab_5.out"'
'Invoking: MSP430 Linker'
"C:/ti/ccsv7/tools/compiler/ti-cgt-msp430_16.9.6.LTS/bin/cl430" -vmspx --data_model=restricted --use_hw_mpy=F5 --advice:power=all --advice:hw_config=all --define=__MSP430FR6989__ --define=_MPU_ENABLE -g --printf_support=minimal --diag_warning=225 --diag_wrap=off --display_error_number --silicon_errata=CPU21 --silicon_errata=CPU22 --silicon_errata=CPU40 -z -m"lab_5.map" --heap_size=160 --stack_size=160 --cinit_hold_wdt=on -i"C:/ti/ccsv7/ccs_base/msp430/include" -i"C:/ti/ccsv7/ccs_base/msp430/lib/5xx_6xx_FRxx" -i"C:/ti/ccsv7/ccs_base/msp430/lib/FR59xx" -i"C:/ti/ccsv7/tools/compiler/ti-cgt-msp430_16.9.6.LTS/lib" -i"C:/ti/ccsv7/tools/compiler/ti-cgt-msp430_16.9.6.LTS/include" --priority --reread_libs --define=_MPU_ENABLE --diag_wrap=off --display_error_number --warn_sections --xml_link_info="lab_5_linkInfo.xml" --use_hw_mpy=F5 --rom_model -o "lab_5.out" "./main.obj" "../lnk_msp430fr6989.cmd"  -llibmpu_init.a -llibmath.a -llibc.a 
<Linking>
warning #10421-D: For FRAM devices running at higher than 8MHz, FRAM waitstate needs to be configured accordingly.
remark #10371-D: (ULP 1.1) Detected no uses of low power mode state changing instructions
remark #10372-D: (ULP 4.1) Detected uninitialized Port A in this project. Recommend initializing all unused ports to eliminate wasted current consumption on unused pins.
remark #10372-D: (ULP 4.1) Detected uninitialized Port B in this project. Recommend initializing all unused ports to eliminate wasted current consumption on unused pins.
remark #10372-D: (ULP 4.1) Detected uninitialized Port C in this project. Recommend initializing all unused ports to eliminate wasted current consumption on unused pins.
remark #10372-D: (ULP 4.1) Detected uninitialized Port D in this project. Recommend initializing all unused ports to eliminate wasted current consumption on unused pins.
remark #10372-D: (ULP 4.1) Detected uninitialized Port E in this project. Recommend initializing all unused ports to eliminate wasted current consumption on unused pins.
'Finished building target: "lab_5.out"'
 

**** Build Finished ****

**** Build of configuration Debug for project lab_5 ****

"C:\\ti\\ccsv7\\utils\\bin\\gmake" -k -j 24 all -O 
 
gmake[1]: 'lab_5.out' is up to date.

**** Build Finished ****

**** Build of configuration Debug for project lab_5 ****

"C:\\ti\\ccsv7\\utils\\bin\\gmake" -k -j 24 all -O 
 
gmake[1]: 'lab_5.out' is up to date.

**** Build Finished ****

**** Build of configuration Debug for project lab_5 ****

"C:\\ti\\ccsv7\\utils\\bin\\gmake" -k -j 24 all -O 
 
'Building file: "../main.c"'
'Invoking: MSP430 Compiler'
"C:/ti/ccsv7/tools/compiler/ti-cgt-msp430_16.9.6.LTS/bin/cl430" -vmspx --data_model=restricted --use_hw_mpy=F5 --include_path="C:/ti/ccsv7/ccs_base/msp430/include" --include_path="C:/Users/sudan/embedded-systems/lab_5" --include_path="C:/ti/ccsv7/tools/compiler/ti-cgt-msp430_16.9.6.LTS/include" --advice:power=all --advice:hw_config=all --define=__MSP430FR6989__ --define=_MPU_ENABLE -g --printf_support=minimal --diag_warning=225 --diag_wrap=off --display_error_number --silicon_errata=CPU21 --silicon_errata=CPU22 --silicon_errata=CPU40 --preproc_with_compile --preproc_dependency="main.d_raw"  "../main.c"
"../main.c", line 34: remark #1530-D: (ULP 5.1) Detected modulo operation(s). Recommend moving them to RAM during run time or not using as these are processing/power intensive
"../main.c", line 35: remark #1530-D: (ULP 5.1) Detected modulo operation(s). Recommend moving them to RAM during run time or not using as these are processing/power intensive
"../main.c", line 36: remark #1530-D: (ULP 5.1) Detected modulo operation(s). Recommend moving them to RAM during run time or not using as these are processing/power intensive
"../main.c", line 37: remark #1530-D: (ULP 5.1) Detected modulo operation(s). Recommend moving them to RAM during run time or not using as these are processing/power intensive
"../main.c", line 38: remark #1530-D: (ULP 5.1) Detected modulo operation(s). Recommend moving them to RAM during run time or not using as these are processing/power intensive
"../main.c", line 39: remark #1530-D: (ULP 5.1) Detected modulo operation(s). Recommend moving them to RAM during run time or not using as these are processing/power intensive
"../main.c", line 75: warning #112-D: statement is unreachable
"../main.c", line 71: remark #1544-D: (ULP 13.1) Detected loop counting up. Recommend loops count down as detecting zeros is easier
"../main.c", line 71: remark #1527-D: (ULP 2.1) Detected SW delay loop using empty loop. Recommend using a timer module instead
"../main.c", line 87: warning #70-D: integer conversion resulted in truncation
'Finished building: "../main.c"'
 
'Building target: "lab_5.out"'
'Invoking: MSP430 Linker'
"C:/ti/ccsv7/tools/compiler/ti-cgt-msp430_16.9.6.LTS/bin/cl430" -vmspx --data_model=restricted --use_hw_mpy=F5 --advice:power=all --advice:hw_config=all --define=__MSP430FR6989__ --define=_MPU_ENABLE -g --printf_support=minimal --diag_warning=225 --diag_wrap=off --display_error_number --silicon_errata=CPU21 --silicon_errata=CPU22 --silicon_errata=CPU40 -z -m"lab_5.map" --heap_size=160 --stack_size=160 --cinit_hold_wdt=on -i"C:/ti/ccsv7/ccs_base/msp430/include" -i"C:/ti/ccsv7/ccs_base/msp430/lib/5xx_6xx_FRxx" -i"C:/ti/ccsv7/ccs_base/msp430/lib/FR59xx" -i"C:/ti/ccsv7/tools/compiler/ti-cgt-msp430_16.9.6.LTS/lib" -i"C:/ti/ccsv7/tools/compiler/ti-cgt-msp430_16.9.6.LTS/include" --priority --reread_libs --define=_MPU_ENABLE --diag_wrap=off --display_error_number --warn_sections --xml_link_info="lab_5_linkInfo.xml" --use_hw_mpy=F5 --rom_model -o "lab_5.out" "./main.obj" "../lnk_msp430fr6989.cmd"  -llibmpu_init.a -llibmath.a -llibc.a 
<Linking>
warning #10421-D: For FRAM devices running at higher than 8MHz, FRAM waitstate needs to be configured accordingly.
remark #10371-D: (ULP 1.1) Detected no uses of low power mode state changing instructions
remark #10372-D: (ULP 4.1) Detected uninitialized Port A in this project. Recommend initializing all unused ports to eliminate wasted current consumption on unused pins.
remark #10372-D: (ULP 4.1) Detected uninitialized Port B in this project. Recommend initializing all unused ports to eliminate wasted current consumption on unused pins.
remark #10372-D: (ULP 4.1) Detected uninitialized Port C in this project. Recommend initializing all unused ports to eliminate wasted current consumption on unused pins.
remark #10372-D: (ULP 4.1) Detected uninitialized Port D in this project. Recommend initializing all unused ports to eliminate wasted current consumption on unused pins.
remark #10372-D: (ULP 4.1) Detected uninitialized Port E in this project. Recommend initializing all unused ports to eliminate wasted current consumption on unused pins.
'Finished building target: "lab_5.out"'
 

**** Build Finished ****

**** Build of configuration Debug for project lab_5 ****

"C:\\ti\\ccsv7\\utils\\bin\\gmake" -k -j 24 all -O 
 
gmake[1]: 'lab_5.out' is up to date.

**** Build Finished ****

**** Build of configuration Debug for project lab_5 ****

"C:\\ti\\ccsv7\\utils\\bin\\gmake" -k -j 24 all -O 
 
'Building file: "../main.c"'
'Invoking: MSP430 Compiler'
"C:/ti/ccsv7/tools/compiler/ti-cgt-msp430_16.9.6.LTS/bin/cl430" -vmspx --data_model=restricted --use_hw_mpy=F5 --include_path="C:/ti/ccsv7/ccs_base/msp430/include" --include_path="C:/Users/sudan/embedded-systems/lab_5" --include_path="C:/ti/ccsv7/tools/compiler/ti-cgt-msp430_16.9.6.LTS/include" --advice:power=all --advice:hw_config=all --define=__MSP430FR6989__ --define=_MPU_ENABLE -g --printf_support=minimal --diag_warning=225 --diag_wrap=off --display_error_number --silicon_errata=CPU21 --silicon_errata=CPU22 --silicon_errata=CPU40 --preproc_with_compile --preproc_dependency="main.d_raw"  "../main.c"
"../main.c", line 34: remark #1530-D: (ULP 5.1) Detected modulo operation(s). Recommend moving them to RAM during run time or not using as these are processing/power intensive
"../main.c", line 35: remark #1530-D: (ULP 5.1) Detected modulo operation(s). Recommend moving them to RAM during run time or not using as these are processing/power intensive
"../main.c", line 36: remark #1530-D: (ULP 5.1) Detected modulo operation(s). Recommend moving them to RAM during run time or not using as these are processing/power intensive
"../main.c", line 37: remark #1530-D: (ULP 5.1) Detected modulo operation(s). Recommend moving them to RAM during run time or not using as these are processing/power intensive
"../main.c", line 38: remark #1530-D: (ULP 5.1) Detected modulo operation(s). Recommend moving them to RAM during run time or not using as these are processing/power intensive
"../main.c", line 39: remark #1530-D: (ULP 5.1) Detected modulo operation(s). Recommend moving them to RAM during run time or not using as these are processing/power intensive
"../main.c", line 75: warning #112-D: statement is unreachable
"../main.c", line 71: remark #1544-D: (ULP 13.1) Detected loop counting up. Recommend loops count down as detecting zeros is easier
"../main.c", line 71: remark #1527-D: (ULP 2.1) Detected SW delay loop using empty loop. Recommend using a timer module instead
"../main.c", line 87: warning #70-D: integer conversion resulted in truncation
'Finished building: "../main.c"'
 
'Building target: "lab_5.out"'
'Invoking: MSP430 Linker'
"C:/ti/ccsv7/tools/compiler/ti-cgt-msp430_16.9.6.LTS/bin/cl430" -vmspx --data_model=restricted --use_hw_mpy=F5 --advice:power=all --advice:hw_config=all --define=__MSP430FR6989__ --define=_MPU_ENABLE -g --printf_support=minimal --diag_warning=225 --diag_wrap=off --display_error_number --silicon_errata=CPU21 --silicon_errata=CPU22 --silicon_errata=CPU40 -z -m"lab_5.map" --heap_size=160 --stack_size=160 --cinit_hold_wdt=on -i"C:/ti/ccsv7/ccs_base/msp430/include" -i"C:/ti/ccsv7/ccs_base/msp430/lib/5xx_6xx_FRxx" -i"C:/ti/ccsv7/ccs_base/msp430/lib/FR59xx" -i"C:/ti/ccsv7/tools/compiler/ti-cgt-msp430_16.9.6.LTS/lib" -i"C:/ti/ccsv7/tools/compiler/ti-cgt-msp430_16.9.6.LTS/include" --priority --reread_libs --define=_MPU_ENABLE --diag_wrap=off --display_error_number --warn_sections --xml_link_info="lab_5_linkInfo.xml" --use_hw_mpy=F5 --rom_model -o "lab_5.out" "./main.obj" "../lnk_msp430fr6989.cmd"  -llibmpu_init.a -llibmath.a -llibc.a 
<Linking>
warning #10421-D: For FRAM devices running at higher than 8MHz, FRAM waitstate needs to be configured accordingly.
remark #10371-D: (ULP 1.1) Detected no uses of low power mode state changing instructions
remark #10372-D: (ULP 4.1) Detected uninitialized Port A in this project. Recommend initializing all unused ports to eliminate wasted current consumption on unused pins.
remark #10372-D: (ULP 4.1) Detected uninitialized Port B in this project. Recommend initializing all unused ports to eliminate wasted current consumption on unused pins.
remark #10372-D: (ULP 4.1) Detected uninitialized Port C in this project. Recommend initializing all unused ports to eliminate wasted current consumption on unused pins.
remark #10372-D: (ULP 4.1) Detected uninitialized Port D in this project. Recommend initializing all unused ports to eliminate wasted current consumption on unused pins.
remark #10372-D: (ULP 4.1) Detected uninitialized Port E in this project. Recommend initializing all unused ports to eliminate wasted current consumption on unused pins.
'Finished building target: "lab_5.out"'
 

**** Build Finished ****

**** Build of configuration Debug for project lab_5 ****

"C:\\ti\\ccsv7\\utils\\bin\\gmake" -k -j 24 all -O 
 
'Building file: "../main.c"'
'Invoking: MSP430 Compiler'
"C:/ti/ccsv7/tools/compiler/ti-cgt-msp430_16.9.6.LTS/bin/cl430" -vmspx --data_model=restricted --use_hw_mpy=F5 --include_path="C:/ti/ccsv7/ccs_base/msp430/include" --include_path="C:/Users/sudan/embedded-systems/lab_5" --include_path="C:/ti/ccsv7/tools/compiler/ti-cgt-msp430_16.9.6.LTS/include" --advice:power=all --advice:hw_config=all --define=__MSP430FR6989__ --define=_MPU_ENABLE -g --printf_support=minimal --diag_warning=225 --diag_wrap=off --display_error_number --silicon_errata=CPU21 --silicon_errata=CPU22 --silicon_errata=CPU40 --preproc_with_compile --preproc_dependency="main.d_raw"  "../main.c"
"../main.c", line 34: remark #1530-D: (ULP 5.1) Detected modulo operation(s). Recommend moving them to RAM during run time or not using as these are processing/power intensive
"../main.c", line 35: remark #1530-D: (ULP 5.1) Detected modulo operation(s). Recommend moving them to RAM during run time or not using as these are processing/power intensive
"../main.c", line 36: remark #1530-D: (ULP 5.1) Detected modulo operation(s). Recommend moving them to RAM during run time or not using as these are processing/power intensive
"../main.c", line 37: remark #1530-D: (ULP 5.1) Detected modulo operation(s). Recommend moving them to RAM during run time or not using as these are processing/power intensive
"../main.c", line 38: remark #1530-D: (ULP 5.1) Detected modulo operation(s). Recommend moving them to RAM during run time or not using as these are processing/power intensive
"../main.c", line 39: remark #1530-D: (ULP 5.1) Detected modulo operation(s). Recommend moving them to RAM during run time or not using as these are processing/power intensive
"../main.c", line 75: warning #112-D: statement is unreachable
"../main.c", line 71: remark #1544-D: (ULP 13.1) Detected loop counting up. Recommend loops count down as detecting zeros is easier
"../main.c", line 71: remark #1527-D: (ULP 2.1) Detected SW delay loop using empty loop. Recommend using a timer module instead
"../main.c", line 87: warning #70-D: integer conversion resulted in truncation
'Finished building: "../main.c"'
 
'Building target: "lab_5.out"'
'Invoking: MSP430 Linker'
"C:/ti/ccsv7/tools/compiler/ti-cgt-msp430_16.9.6.LTS/bin/cl430" -vmspx --data_model=restricted --use_hw_mpy=F5 --advice:power=all --advice:hw_config=all --define=__MSP430FR6989__ --define=_MPU_ENABLE -g --printf_support=minimal --diag_warning=225 --diag_wrap=off --display_error_number --silicon_errata=CPU21 --silicon_errata=CPU22 --silicon_errata=CPU40 -z -m"lab_5.map" --heap_size=160 --stack_size=160 --cinit_hold_wdt=on -i"C:/ti/ccsv7/ccs_base/msp430/include" -i"C:/ti/ccsv7/ccs_base/msp430/lib/5xx_6xx_FRxx" -i"C:/ti/ccsv7/ccs_base/msp430/lib/FR59xx" -i"C:/ti/ccsv7/tools/compiler/ti-cgt-msp430_16.9.6.LTS/lib" -i"C:/ti/ccsv7/tools/compiler/ti-cgt-msp430_16.9.6.LTS/include" --priority --reread_libs --define=_MPU_ENABLE --diag_wrap=off --display_error_number --warn_sections --xml_link_info="lab_5_linkInfo.xml" --use_hw_mpy=F5 --rom_model -o "lab_5.out" "./main.obj" "../lnk_msp430fr6989.cmd"  -llibmpu_init.a -llibmath.a -llibc.a 
<Linking>
warning #10421-D: For FRAM devices running at higher than 8MHz, FRAM waitstate needs to be configured accordingly.
remark #10371-D: (ULP 1.1) Detected no uses of low power mode state changing instructions
remark #10372-D: (ULP 4.1) Detected uninitialized Port A in this project. Recommend initializing all unused ports to eliminate wasted current consumption on unused pins.
remark #10372-D: (ULP 4.1) Detected uninitialized Port B in this project. Recommend initializing all unused ports to eliminate wasted current consumption on unused pins.
remark #10372-D: (ULP 4.1) Detected uninitialized Port C in this project. Recommend initializing all unused ports to eliminate wasted current consumption on unused pins.
remark #10372-D: (ULP 4.1) Detected uninitialized Port D in this project. Recommend initializing all unused ports to eliminate wasted current consumption on unused pins.
remark #10372-D: (ULP 4.1) Detected uninitialized Port E in this project. Recommend initializing all unused ports to eliminate wasted current consumption on unused pins.
'Finished building target: "lab_5.out"'
 

**** Build Finished ****

**** Build of configuration Debug for project lab_5 ****

"C:\\ti\\ccsv7\\utils\\bin\\gmake" -k -j 24 all -O 
 
gmake[1]: 'lab_5.out' is up to date.

**** Build Finished ****

**** Build of configuration Debug for project lab_5 ****

"C:\\ti\\ccsv7\\utils\\bin\\gmake" -k -j 24 all -O 
 
'Building file: "../main.c"'
'Invoking: MSP430 Compiler'
"C:/ti/ccsv7/tools/compiler/ti-cgt-msp430_16.9.6.LTS/bin/cl430" -vmspx --data_model=restricted --use_hw_mpy=F5 --include_path="C:/ti/ccsv7/ccs_base/msp430/include" --include_path="C:/Users/sudan/embedded-systems/lab_5" --include_path="C:/ti/ccsv7/tools/compiler/ti-cgt-msp430_16.9.6.LTS/include" --advice:power=all --advice:hw_config=all --define=__MSP430FR6989__ --define=_MPU_ENABLE -g --printf_support=minimal --diag_warning=225 --diag_wrap=off --display_error_number --silicon_errata=CPU21 --silicon_errata=CPU22 --silicon_errata=CPU40 --preproc_with_compile --preproc_dependency="main.d_raw"  "../main.c"
"../main.c", line 34: remark #1530-D: (ULP 5.1) Detected modulo operation(s). Recommend moving them to RAM during run time or not using as these are processing/power intensive
"../main.c", line 35: remark #1530-D: (ULP 5.1) Detected modulo operation(s). Recommend moving them to RAM during run time or not using as these are processing/power intensive
"../main.c", line 36: remark #1530-D: (ULP 5.1) Detected modulo operation(s). Recommend moving them to RAM during run time or not using as these are processing/power intensive
"../main.c", line 37: remark #1530-D: (ULP 5.1) Detected modulo operation(s). Recommend moving them to RAM during run time or not using as these are processing/power intensive
"../main.c", line 38: remark #1530-D: (ULP 5.1) Detected modulo operation(s). Recommend moving them to RAM during run time or not using as these are processing/power intensive
"../main.c", line 39: remark #1530-D: (ULP 5.1) Detected modulo operation(s). Recommend moving them to RAM during run time or not using as these are processing/power intensive
"../main.c", line 67: warning #70-D: integer conversion resulted in truncation
"../main.c", line 75: warning #112-D: statement is unreachable
"../main.c", line 71: remark #1544-D: (ULP 13.1) Detected loop counting up. Recommend loops count down as detecting zeros is easier
"../main.c", line 71: remark #1527-D: (ULP 2.1) Detected SW delay loop using empty loop. Recommend using a timer module instead
"../main.c", line 87: warning #70-D: integer conversion resulted in truncation
'Finished building: "../main.c"'
 
'Building target: "lab_5.out"'
'Invoking: MSP430 Linker'
"C:/ti/ccsv7/tools/compiler/ti-cgt-msp430_16.9.6.LTS/bin/cl430" -vmspx --data_model=restricted --use_hw_mpy=F5 --advice:power=all --advice:hw_config=all --define=__MSP430FR6989__ --define=_MPU_ENABLE -g --printf_support=minimal --diag_warning=225 --diag_wrap=off --display_error_number --silicon_errata=CPU21 --silicon_errata=CPU22 --silicon_errata=CPU40 -z -m"lab_5.map" --heap_size=160 --stack_size=160 --cinit_hold_wdt=on -i"C:/ti/ccsv7/ccs_base/msp430/include" -i"C:/ti/ccsv7/ccs_base/msp430/lib/5xx_6xx_FRxx" -i"C:/ti/ccsv7/ccs_base/msp430/lib/FR59xx" -i"C:/ti/ccsv7/tools/compiler/ti-cgt-msp430_16.9.6.LTS/lib" -i"C:/ti/ccsv7/tools/compiler/ti-cgt-msp430_16.9.6.LTS/include" --priority --reread_libs --define=_MPU_ENABLE --diag_wrap=off --display_error_number --warn_sections --xml_link_info="lab_5_linkInfo.xml" --use_hw_mpy=F5 --rom_model -o "lab_5.out" "./main.obj" "../lnk_msp430fr6989.cmd"  -llibmpu_init.a -llibmath.a -llibc.a 
<Linking>
warning #10421-D: For FRAM devices running at higher than 8MHz, FRAM waitstate needs to be configured accordingly.
remark #10371-D: (ULP 1.1) Detected no uses of low power mode state changing instructions
remark #10372-D: (ULP 4.1) Detected uninitialized Port A in this project. Recommend initializing all unused ports to eliminate wasted current consumption on unused pins.
remark #10372-D: (ULP 4.1) Detected uninitialized Port B in this project. Recommend initializing all unused ports to eliminate wasted current consumption on unused pins.
remark #10372-D: (ULP 4.1) Detected uninitialized Port C in this project. Recommend initializing all unused ports to eliminate wasted current consumption on unused pins.
remark #10372-D: (ULP 4.1) Detected uninitialized Port D in this project. Recommend initializing all unused ports to eliminate wasted current consumption on unused pins.
remark #10372-D: (ULP 4.1) Detected uninitialized Port E in this project. Recommend initializing all unused ports to eliminate wasted current consumption on unused pins.
'Finished building target: "lab_5.out"'
 

**** Build Finished ****

**** Build of configuration Debug for project lab_5 ****

"C:\\ti\\ccsv7\\utils\\bin\\gmake" -k -j 24 all -O 
 
gmake[1]: 'lab_5.out' is up to date.

**** Build Finished ****

**** Build of configuration Debug for project lab_5 ****

"C:\\ti\\ccsv7\\utils\\bin\\gmake" -k -j 24 all -O 
 
'Building file: "../main.c"'
'Invoking: MSP430 Compiler'
"C:/ti/ccsv7/tools/compiler/ti-cgt-msp430_16.9.6.LTS/bin/cl430" -vmspx --data_model=restricted --use_hw_mpy=F5 --include_path="C:/ti/ccsv7/ccs_base/msp430/include" --include_path="C:/Users/sudan/embedded-systems/lab_5" --include_path="C:/ti/ccsv7/tools/compiler/ti-cgt-msp430_16.9.6.LTS/include" --advice:power=all --advice:hw_config=all --define=__MSP430FR6989__ --define=_MPU_ENABLE -g --printf_support=minimal --diag_warning=225 --diag_wrap=off --display_error_number --silicon_errata=CPU21 --silicon_errata=CPU22 --silicon_errata=CPU40 --preproc_with_compile --preproc_dependency="main.d_raw"  "../main.c"
"../main.c", line 34: remark #1530-D: (ULP 5.1) Detected modulo operation(s). Recommend moving them to RAM during run time or not using as these are processing/power intensive
"../main.c", line 35: remark #1530-D: (ULP 5.1) Detected modulo operation(s). Recommend moving them to RAM during run time or not using as these are processing/power intensive
"../main.c", line 36: remark #1530-D: (ULP 5.1) Detected modulo operation(s). Recommend moving them to RAM during run time or not using as these are processing/power intensive
"../main.c", line 37: remark #1530-D: (ULP 5.1) Detected modulo operation(s). Recommend moving them to RAM during run time or not using as these are processing/power intensive
"../main.c", line 38: remark #1530-D: (ULP 5.1) Detected modulo operation(s). Recommend moving them to RAM during run time or not using as these are processing/power intensive
"../main.c", line 39: remark #1530-D: (ULP 5.1) Detected modulo operation(s). Recommend moving them to RAM during run time or not using as these are processing/power intensive
"../main.c", line 67: warning #70-D: integer conversion resulted in truncation
"../main.c", line 75: warning #112-D: statement is unreachable
"../main.c", line 71: remark #1544-D: (ULP 13.1) Detected loop counting up. Recommend loops count down as detecting zeros is easier
"../main.c", line 71: remark #1527-D: (ULP 2.1) Detected SW delay loop using empty loop. Recommend using a timer module instead
"../main.c", line 87: warning #70-D: integer conversion resulted in truncation
'Finished building: "../main.c"'
 
'Building target: "lab_5.out"'
'Invoking: MSP430 Linker'
"C:/ti/ccsv7/tools/compiler/ti-cgt-msp430_16.9.6.LTS/bin/cl430" -vmspx --data_model=restricted --use_hw_mpy=F5 --advice:power=all --advice:hw_config=all --define=__MSP430FR6989__ --define=_MPU_ENABLE -g --printf_support=minimal --diag_warning=225 --diag_wrap=off --display_error_number --silicon_errata=CPU21 --silicon_errata=CPU22 --silicon_errata=CPU40 -z -m"lab_5.map" --heap_size=160 --stack_size=160 --cinit_hold_wdt=on -i"C:/ti/ccsv7/ccs_base/msp430/include" -i"C:/ti/ccsv7/ccs_base/msp430/lib/5xx_6xx_FRxx" -i"C:/ti/ccsv7/ccs_base/msp430/lib/FR59xx" -i"C:/ti/ccsv7/tools/compiler/ti-cgt-msp430_16.9.6.LTS/lib" -i"C:/ti/ccsv7/tools/compiler/ti-cgt-msp430_16.9.6.LTS/include" --priority --reread_libs --define=_MPU_ENABLE --diag_wrap=off --display_error_number --warn_sections --xml_link_info="lab_5_linkInfo.xml" --use_hw_mpy=F5 --rom_model -o "lab_5.out" "./main.obj" "../lnk_msp430fr6989.cmd"  -llibmpu_init.a -llibmath.a -llibc.a 
<Linking>
warning #10421-D: For FRAM devices running at higher than 8MHz, FRAM waitstate needs to be configured accordingly.
remark #10371-D: (ULP 1.1) Detected no uses of low power mode state changing instructions
remark #10372-D: (ULP 4.1) Detected uninitialized Port A in this project. Recommend initializing all unused ports to eliminate wasted current consumption on unused pins.
remark #10372-D: (ULP 4.1) Detected uninitialized Port B in this project. Recommend initializing all unused ports to eliminate wasted current consumption on unused pins.
remark #10372-D: (ULP 4.1) Detected uninitialized Port C in this project. Recommend initializing all unused ports to eliminate wasted current consumption on unused pins.
remark #10372-D: (ULP 4.1) Detected uninitialized Port D in this project. Recommend initializing all unused ports to eliminate wasted current consumption on unused pins.
remark #10372-D: (ULP 4.1) Detected uninitialized Port E in this project. Recommend initializing all unused ports to eliminate wasted current consumption on unused pins.
'Finished building target: "lab_5.out"'
 

**** Build Finished ****

**** Build of configuration Debug for project lab_5 ****

"C:\\ti\\ccsv7\\utils\\bin\\gmake" -k -j 24 all -O 
 
'Building file: "../main.c"'
'Invoking: MSP430 Compiler'
"C:/ti/ccsv7/tools/compiler/ti-cgt-msp430_16.9.6.LTS/bin/cl430" -vmspx --data_model=restricted --use_hw_mpy=F5 --include_path="C:/ti/ccsv7/ccs_base/msp430/include" --include_path="C:/Users/sudan/embedded-systems/lab_5" --include_path="C:/ti/ccsv7/tools/compiler/ti-cgt-msp430_16.9.6.LTS/include" --advice:power=all --advice:hw_config=all --define=__MSP430FR6989__ --define=_MPU_ENABLE -g --printf_support=minimal --diag_warning=225 --diag_wrap=off --display_error_number --silicon_errata=CPU21 --silicon_errata=CPU22 --silicon_errata=CPU40 --preproc_with_compile --preproc_dependency="main.d_raw"  "../main.c"
"../main.c", line 34: remark #1530-D: (ULP 5.1) Detected modulo operation(s). Recommend moving them to RAM during run time or not using as these are processing/power intensive
"../main.c", line 35: remark #1530-D: (ULP 5.1) Detected modulo operation(s). Recommend moving them to RAM during run time or not using as these are processing/power intensive
"../main.c", line 36: remark #1530-D: (ULP 5.1) Detected modulo operation(s). Recommend moving them to RAM during run time or not using as these are processing/power intensive
"../main.c", line 37: remark #1530-D: (ULP 5.1) Detected modulo operation(s). Recommend moving them to RAM during run time or not using as these are processing/power intensive
"../main.c", line 38: remark #1530-D: (ULP 5.1) Detected modulo operation(s). Recommend moving them to RAM during run time or not using as these are processing/power intensive
"../main.c", line 39: remark #1530-D: (ULP 5.1) Detected modulo operation(s). Recommend moving them to RAM during run time or not using as these are processing/power intensive
"../main.c", line 75: warning #112-D: statement is unreachable
"../main.c", line 71: remark #1544-D: (ULP 13.1) Detected loop counting up. Recommend loops count down as detecting zeros is easier
"../main.c", line 71: remark #1527-D: (ULP 2.1) Detected SW delay loop using empty loop. Recommend using a timer module instead
'Finished building: "../main.c"'
 
'Building target: "lab_5.out"'
'Invoking: MSP430 Linker'
"C:/ti/ccsv7/tools/compiler/ti-cgt-msp430_16.9.6.LTS/bin/cl430" -vmspx --data_model=restricted --use_hw_mpy=F5 --advice:power=all --advice:hw_config=all --define=__MSP430FR6989__ --define=_MPU_ENABLE -g --printf_support=minimal --diag_warning=225 --diag_wrap=off --display_error_number --silicon_errata=CPU21 --silicon_errata=CPU22 --silicon_errata=CPU40 -z -m"lab_5.map" --heap_size=160 --stack_size=160 --cinit_hold_wdt=on -i"C:/ti/ccsv7/ccs_base/msp430/include" -i"C:/ti/ccsv7/ccs_base/msp430/lib/5xx_6xx_FRxx" -i"C:/ti/ccsv7/ccs_base/msp430/lib/FR59xx" -i"C:/ti/ccsv7/tools/compiler/ti-cgt-msp430_16.9.6.LTS/lib" -i"C:/ti/ccsv7/tools/compiler/ti-cgt-msp430_16.9.6.LTS/include" --priority --reread_libs --define=_MPU_ENABLE --diag_wrap=off --display_error_number --warn_sections --xml_link_info="lab_5_linkInfo.xml" --use_hw_mpy=F5 --rom_model -o "lab_5.out" "./main.obj" "../lnk_msp430fr6989.cmd"  -llibmpu_init.a -llibmath.a -llibc.a 
<Linking>
warning #10421-D: For FRAM devices running at higher than 8MHz, FRAM waitstate needs to be configured accordingly.
remark #10371-D: (ULP 1.1) Detected no uses of low power mode state changing instructions
remark #10372-D: (ULP 4.1) Detected uninitialized Port A in this project. Recommend initializing all unused ports to eliminate wasted current consumption on unused pins.
remark #10372-D: (ULP 4.1) Detected uninitialized Port B in this project. Recommend initializing all unused ports to eliminate wasted current consumption on unused pins.
remark #10372-D: (ULP 4.1) Detected uninitialized Port C in this project. Recommend initializing all unused ports to eliminate wasted current consumption on unused pins.
remark #10372-D: (ULP 4.1) Detected uninitialized Port D in this project. Recommend initializing all unused ports to eliminate wasted current consumption on unused pins.
remark #10372-D: (ULP 4.1) Detected uninitialized Port E in this project. Recommend initializing all unused ports to eliminate wasted current consumption on unused pins.
'Finished building target: "lab_5.out"'
 

**** Build Finished ****

**** Build of configuration Debug for project lab_5 ****

"C:\\ti\\ccsv7\\utils\\bin\\gmake" -k -j 24 all -O 
 
gmake[1]: 'lab_5.out' is up to date.

**** Build Finished ****

**** Build of configuration Debug for project lab_5 ****

"C:\\ti\\ccsv7\\utils\\bin\\gmake" -k -j 24 all -O 
 
gmake[1]: 'lab_5.out' is up to date.

**** Build Finished ****

**** Build of configuration Debug for project lab_5 ****

"C:\\ti\\ccsv7\\utils\\bin\\gmake" -k -j 24 all -O 
 
'Building file: "../main.c"'
'Invoking: MSP430 Compiler'
"C:/ti/ccsv7/tools/compiler/ti-cgt-msp430_16.9.6.LTS/bin/cl430" -vmspx --data_model=restricted --use_hw_mpy=F5 --include_path="C:/ti/ccsv7/ccs_base/msp430/include" --include_path="C:/Users/sudan/embedded-systems/lab_5" --include_path="C:/ti/ccsv7/tools/compiler/ti-cgt-msp430_16.9.6.LTS/include" --advice:power=all --advice:hw_config=all --define=__MSP430FR6989__ --define=_MPU_ENABLE -g --printf_support=minimal --diag_warning=225 --diag_wrap=off --display_error_number --silicon_errata=CPU21 --silicon_errata=CPU22 --silicon_errata=CPU40 --preproc_with_compile --preproc_dependency="main.d_raw"  "../main.c"
"../main.c", line 34: remark #1530-D: (ULP 5.1) Detected modulo operation(s). Recommend moving them to RAM during run time or not using as these are processing/power intensive
"../main.c", line 35: remark #1530-D: (ULP 5.1) Detected modulo operation(s). Recommend moving them to RAM during run time or not using as these are processing/power intensive
"../main.c", line 36: remark #1530-D: (ULP 5.1) Detected modulo operation(s). Recommend moving them to RAM during run time or not using as these are processing/power intensive
"../main.c", line 37: remark #1530-D: (ULP 5.1) Detected modulo operation(s). Recommend moving them to RAM during run time or not using as these are processing/power intensive
"../main.c", line 38: remark #1530-D: (ULP 5.1) Detected modulo operation(s). Recommend moving them to RAM during run time or not using as these are processing/power intensive
"../main.c", line 39: remark #1530-D: (ULP 5.1) Detected modulo operation(s). Recommend moving them to RAM during run time or not using as these are processing/power intensive
"../main.c", line 75: warning #112-D: statement is unreachable
"../main.c", line 71: remark #1544-D: (ULP 13.1) Detected loop counting up. Recommend loops count down as detecting zeros is easier
"../main.c", line 71: remark #1527-D: (ULP 2.1) Detected SW delay loop using empty loop. Recommend using a timer module instead
'Finished building: "../main.c"'
 
'Building target: "lab_5.out"'
'Invoking: MSP430 Linker'
"C:/ti/ccsv7/tools/compiler/ti-cgt-msp430_16.9.6.LTS/bin/cl430" -vmspx --data_model=restricted --use_hw_mpy=F5 --advice:power=all --advice:hw_config=all --define=__MSP430FR6989__ --define=_MPU_ENABLE -g --printf_support=minimal --diag_warning=225 --diag_wrap=off --display_error_number --silicon_errata=CPU21 --silicon_errata=CPU22 --silicon_errata=CPU40 -z -m"lab_5.map" --heap_size=160 --stack_size=160 --cinit_hold_wdt=on -i"C:/ti/ccsv7/ccs_base/msp430/include" -i"C:/ti/ccsv7/ccs_base/msp430/lib/5xx_6xx_FRxx" -i"C:/ti/ccsv7/ccs_base/msp430/lib/FR59xx" -i"C:/ti/ccsv7/tools/compiler/ti-cgt-msp430_16.9.6.LTS/lib" -i"C:/ti/ccsv7/tools/compiler/ti-cgt-msp430_16.9.6.LTS/include" --priority --reread_libs --define=_MPU_ENABLE --diag_wrap=off --display_error_number --warn_sections --xml_link_info="lab_5_linkInfo.xml" --use_hw_mpy=F5 --rom_model -o "lab_5.out" "./main.obj" "../lnk_msp430fr6989.cmd"  -llibmpu_init.a -llibmath.a -llibc.a 
<Linking>
warning #10421-D: For FRAM devices running at higher than 8MHz, FRAM waitstate needs to be configured accordingly.
remark #10371-D: (ULP 1.1) Detected no uses of low power mode state changing instructions
remark #10372-D: (ULP 4.1) Detected uninitialized Port A in this project. Recommend initializing all unused ports to eliminate wasted current consumption on unused pins.
remark #10372-D: (ULP 4.1) Detected uninitialized Port B in this project. Recommend initializing all unused ports to eliminate wasted current consumption on unused pins.
remark #10372-D: (ULP 4.1) Detected uninitialized Port C in this project. Recommend initializing all unused ports to eliminate wasted current consumption on unused pins.
remark #10372-D: (ULP 4.1) Detected uninitialized Port D in this project. Recommend initializing all unused ports to eliminate wasted current consumption on unused pins.
remark #10372-D: (ULP 4.1) Detected uninitialized Port E in this project. Recommend initializing all unused ports to eliminate wasted current consumption on unused pins.
'Finished building target: "lab_5.out"'
 

**** Build Finished ****

**** Build of configuration Debug for project lab_5 ****

"C:\\ti\\ccsv7\\utils\\bin\\gmake" -k -j 24 all -O 
 
gmake[1]: 'lab_5.out' is up to date.

**** Build Finished ****

**** Build of configuration Debug for project lab_5 ****

"C:\\ti\\ccsv7\\utils\\bin\\gmake" -k -j 24 all -O 
 
'Building file: "../main.c"'
'Invoking: MSP430 Compiler'
"C:/ti/ccsv7/tools/compiler/ti-cgt-msp430_16.9.6.LTS/bin/cl430" -vmspx --data_model=restricted --use_hw_mpy=F5 --include_path="C:/ti/ccsv7/ccs_base/msp430/include" --include_path="C:/Users/sudan/embedded-systems/lab_5" --include_path="C:/ti/ccsv7/tools/compiler/ti-cgt-msp430_16.9.6.LTS/include" --advice:power=all --advice:hw_config=all --define=__MSP430FR6989__ --define=_MPU_ENABLE -g --printf_support=minimal --diag_warning=225 --diag_wrap=off --display_error_number --silicon_errata=CPU21 --silicon_errata=CPU22 --silicon_errata=CPU40 --preproc_with_compile --preproc_dependency="main.d_raw"  "../main.c"
"../main.c", line 34: remark #1530-D: (ULP 5.1) Detected modulo operation(s). Recommend moving them to RAM during run time or not using as these are processing/power intensive
"../main.c", line 35: remark #1530-D: (ULP 5.1) Detected modulo operation(s). Recommend moving them to RAM during run time or not using as these are processing/power intensive
"../main.c", line 36: remark #1530-D: (ULP 5.1) Detected modulo operation(s). Recommend moving them to RAM during run time or not using as these are processing/power intensive
"../main.c", line 37: remark #1530-D: (ULP 5.1) Detected modulo operation(s). Recommend moving them to RAM during run time or not using as these are processing/power intensive
"../main.c", line 38: remark #1530-D: (ULP 5.1) Detected modulo operation(s). Recommend moving them to RAM during run time or not using as these are processing/power intensive
"../main.c", line 39: remark #1530-D: (ULP 5.1) Detected modulo operation(s). Recommend moving them to RAM during run time or not using as these are processing/power intensive
"../main.c", line 109: warning #112-D: statement is unreachable
"../main.c", line 105: remark #1544-D: (ULP 13.1) Detected loop counting up. Recommend loops count down as detecting zeros is easier
"../main.c", line 105: remark #1527-D: (ULP 2.1) Detected SW delay loop using empty loop. Recommend using a timer module instead
"../main.c", line 117: remark #1538-D: (ULP 10.1) ISR TIMER0_A0_ISR calls function lcd_write_uint16. Recommend moving function call away from ISR, or inlining the function, or using pragmas
"../main.c", line 125: remark #1527-D: (ULP 2.1) Detected SW delay loop using __delay_cycles. Recommend using a timer module instead
"../main.c", line 127: remark #1538-D: (ULP 10.1) ISR PORT1_ISR calls function lcd_write_uint16. Recommend moving function call away from ISR, or inlining the function, or using pragmas
"../main.c", line 132: remark #1527-D: (ULP 2.1) Detected SW delay loop using __delay_cycles. Recommend using a timer module instead
"../main.c", line 134: remark #1538-D: (ULP 10.1) ISR PORT1_ISR calls function lcd_write_uint16. Recommend moving function call away from ISR, or inlining the function, or using pragmas
'Finished building: "../main.c"'
 
'Building target: "lab_5.out"'
'Invoking: MSP430 Linker'
"C:/ti/ccsv7/tools/compiler/ti-cgt-msp430_16.9.6.LTS/bin/cl430" -vmspx --data_model=restricted --use_hw_mpy=F5 --advice:power=all --advice:hw_config=all --define=__MSP430FR6989__ --define=_MPU_ENABLE -g --printf_support=minimal --diag_warning=225 --diag_wrap=off --display_error_number --silicon_errata=CPU21 --silicon_errata=CPU22 --silicon_errata=CPU40 -z -m"lab_5.map" --heap_size=160 --stack_size=160 --cinit_hold_wdt=on -i"C:/ti/ccsv7/ccs_base/msp430/include" -i"C:/ti/ccsv7/ccs_base/msp430/lib/5xx_6xx_FRxx" -i"C:/ti/ccsv7/ccs_base/msp430/lib/FR59xx" -i"C:/ti/ccsv7/tools/compiler/ti-cgt-msp430_16.9.6.LTS/lib" -i"C:/ti/ccsv7/tools/compiler/ti-cgt-msp430_16.9.6.LTS/include" --priority --reread_libs --define=_MPU_ENABLE --diag_wrap=off --display_error_number --warn_sections --xml_link_info="lab_5_linkInfo.xml" --use_hw_mpy=F5 --rom_model -o "lab_5.out" "./main.obj" "../lnk_msp430fr6989.cmd"  -llibmpu_init.a -llibmath.a -llibc.a 
<Linking>
warning #10421-D: For FRAM devices running at higher than 8MHz, FRAM waitstate needs to be configured accordingly.
remark #10371-D: (ULP 1.1) Detected no uses of low power mode state changing instructions
remark #10372-D: (ULP 4.1) Detected uninitialized Port A in this project. Recommend initializing all unused ports to eliminate wasted current consumption on unused pins.
remark #10372-D: (ULP 4.1) Detected uninitialized Port B in this project. Recommend initializing all unused ports to eliminate wasted current consumption on unused pins.
remark #10372-D: (ULP 4.1) Detected uninitialized Port C in this project. Recommend initializing all unused ports to eliminate wasted current consumption on unused pins.
remark #10372-D: (ULP 4.1) Detected uninitialized Port D in this project. Recommend initializing all unused ports to eliminate wasted current consumption on unused pins.
remark #10372-D: (ULP 4.1) Detected uninitialized Port E in this project. Recommend initializing all unused ports to eliminate wasted current consumption on unused pins.
'Finished building target: "lab_5.out"'
 

**** Build Finished ****

**** Build of configuration Debug for project lab_5 ****

"C:\\ti\\ccsv7\\utils\\bin\\gmake" -k -j 24 all -O 
 
'Building file: "../main.c"'
'Invoking: MSP430 Compiler'
"C:/ti/ccsv7/tools/compiler/ti-cgt-msp430_16.9.6.LTS/bin/cl430" -vmspx --data_model=restricted --use_hw_mpy=F5 --include_path="C:/ti/ccsv7/ccs_base/msp430/include" --include_path="C:/Users/sudan/embedded-systems/lab_5" --include_path="C:/ti/ccsv7/tools/compiler/ti-cgt-msp430_16.9.6.LTS/include" --advice:power=all --advice:hw_config=all --define=__MSP430FR6989__ --define=_MPU_ENABLE -g --printf_support=minimal --diag_warning=225 --diag_wrap=off --display_error_number --silicon_errata=CPU21 --silicon_errata=CPU22 --silicon_errata=CPU40 --preproc_with_compile --preproc_dependency="main.d_raw"  "../main.c"

>> Compilation failure
subdir_rules.mk:9: recipe for target 'main.obj' failed
"../main.c", line 36: remark #1530-D: (ULP 5.1) Detected modulo operation(s). Recommend moving them to RAM during run time or not using as these are processing/power intensive
"../main.c", line 37: remark #1530-D: (ULP 5.1) Detected modulo operation(s). Recommend moving them to RAM during run time or not using as these are processing/power intensive
"../main.c", line 38: remark #1530-D: (ULP 5.1) Detected modulo operation(s). Recommend moving them to RAM during run time or not using as these are processing/power intensive
"../main.c", line 39: remark #1530-D: (ULP 5.1) Detected modulo operation(s). Recommend moving them to RAM during run time or not using as these are processing/power intensive
"../main.c", line 40: remark #1530-D: (ULP 5.1) Detected modulo operation(s). Recommend moving them to RAM during run time or not using as these are processing/power intensive
"../main.c", line 41: remark #1530-D: (ULP 5.1) Detected modulo operation(s). Recommend moving them to RAM during run time or not using as these are processing/power intensive
"../main.c", line 90: error #20: identifier "S1_BUTTON" is undefined
"../main.c", line 90: error #20: identifier "S2_BUTTON" is undefined
"../main.c", line 118: warning #112-D: statement is unreachable
"../main.c", line 114: remark #1544-D: (ULP 13.1) Detected loop counting up. Recommend loops count down as detecting zeros is easier
"../main.c", line 114: remark #1527-D: (ULP 2.1) Detected SW delay loop using empty loop. Recommend using a timer module instead
"../main.c", line 126: remark #1538-D: (ULP 10.1) ISR TIMER0_A0_ISR calls function lcd_write_uint16. Recommend moving function call away from ISR, or inlining the function, or using pragmas
"../main.c", line 134: remark #1527-D: (ULP 2.1) Detected SW delay loop using __delay_cycles. Recommend using a timer module instead
"../main.c", line 136: remark #1538-D: (ULP 10.1) ISR PORT1_ISR calls function lcd_write_uint16. Recommend moving function call away from ISR, or inlining the function, or using pragmas
"../main.c", line 141: remark #1527-D: (ULP 2.1) Detected SW delay loop using __delay_cycles. Recommend using a timer module instead
"../main.c", line 143: remark #1538-D: (ULP 10.1) ISR PORT1_ISR calls function lcd_write_uint16. Recommend moving function call away from ISR, or inlining the function, or using pragmas
2 errors detected in the compilation of "../main.c".
gmake: *** [main.obj] Error 1
gmake: Target 'all' not remade because of errors.

**** Build Finished ****

**** Build of configuration Debug for project lab_5 ****

"C:\\ti\\ccsv7\\utils\\bin\\gmake" -k -j 24 all -O 
 
'Building file: "../main.c"'
'Invoking: MSP430 Compiler'
"C:/ti/ccsv7/tools/compiler/ti-cgt-msp430_16.9.6.LTS/bin/cl430" -vmspx --data_model=restricted --use_hw_mpy=F5 --include_path="C:/ti/ccsv7/ccs_base/msp430/include" --include_path="C:/Users/sudan/embedded-systems/lab_5" --include_path="C:/ti/ccsv7/tools/compiler/ti-cgt-msp430_16.9.6.LTS/include" --advice:power=all --advice:hw_config=all --define=__MSP430FR6989__ --define=_MPU_ENABLE -g --printf_support=minimal --diag_warning=225 --diag_wrap=off --display_error_number --silicon_errata=CPU21 --silicon_errata=CPU22 --silicon_errata=CPU40 --preproc_with_compile --preproc_dependency="main.d_raw"  "../main.c"

>> Compilation failure
subdir_rules.mk:9: recipe for target 'main.obj' failed
"../main.c", line 36: remark #1530-D: (ULP 5.1) Detected modulo operation(s). Recommend moving them to RAM during run time or not using as these are processing/power intensive
"../main.c", line 37: remark #1530-D: (ULP 5.1) Detected modulo operation(s). Recommend moving them to RAM during run time or not using as these are processing/power intensive
"../main.c", line 38: remark #1530-D: (ULP 5.1) Detected modulo operation(s). Recommend moving them to RAM during run time or not using as these are processing/power intensive
"../main.c", line 39: remark #1530-D: (ULP 5.1) Detected modulo operation(s). Recommend moving them to RAM during run time or not using as these are processing/power intensive
"../main.c", line 40: remark #1530-D: (ULP 5.1) Detected modulo operation(s). Recommend moving them to RAM during run time or not using as these are processing/power intensive
"../main.c", line 41: remark #1530-D: (ULP 5.1) Detected modulo operation(s). Recommend moving them to RAM during run time or not using as these are processing/power intensive
"../main.c", line 90: error #20: identifier "S1_BUTTON" is undefined
"../main.c", line 90: error #20: identifier "S2_BUTTON" is undefined
"../main.c", line 118: warning #112-D: statement is unreachable
"../main.c", line 114: remark #1544-D: (ULP 13.1) Detected loop counting up. Recommend loops count down as detecting zeros is easier
"../main.c", line 114: remark #1527-D: (ULP 2.1) Detected SW delay loop using empty loop. Recommend using a timer module instead
"../main.c", line 126: remark #1538-D: (ULP 10.1) ISR TIMER0_A0_ISR calls function lcd_write_uint16. Recommend moving function call away from ISR, or inlining the function, or using pragmas
"../main.c", line 134: remark #1527-D: (ULP 2.1) Detected SW delay loop using __delay_cycles. Recommend using a timer module instead
"../main.c", line 136: remark #1538-D: (ULP 10.1) ISR PORT1_ISR calls function lcd_write_uint16. Recommend moving function call away from ISR, or inlining the function, or using pragmas
"../main.c", line 141: remark #1527-D: (ULP 2.1) Detected SW delay loop using __delay_cycles. Recommend using a timer module instead
"../main.c", line 143: remark #1538-D: (ULP 10.1) ISR PORT1_ISR calls function lcd_write_uint16. Recommend moving function call away from ISR, or inlining the function, or using pragmas
2 errors detected in the compilation of "../main.c".
gmake: *** [main.obj] Error 1
gmake: Target 'all' not remade because of errors.

**** Build Finished ****

**** Build of configuration Debug for project lab_5 ****

"C:\\ti\\ccsv7\\utils\\bin\\gmake" -k -j 24 all -O 
 
'Building file: "../main.c"'
'Invoking: MSP430 Compiler'
"C:/ti/ccsv7/tools/compiler/ti-cgt-msp430_16.9.6.LTS/bin/cl430" -vmspx --data_model=restricted --use_hw_mpy=F5 --include_path="C:/ti/ccsv7/ccs_base/msp430/include" --include_path="C:/Users/sudan/embedded-systems/lab_5" --include_path="C:/ti/ccsv7/tools/compiler/ti-cgt-msp430_16.9.6.LTS/include" --advice:power=all --advice:hw_config=all --define=__MSP430FR6989__ --define=_MPU_ENABLE -g --printf_support=minimal --diag_warning=225 --diag_wrap=off --display_error_number --silicon_errata=CPU21 --silicon_errata=CPU22 --silicon_errata=CPU40 --preproc_with_compile --preproc_dependency="main.d_raw"  "../main.c"
"../main.c", line 36: remark #1530-D: (ULP 5.1) Detected modulo operation(s). Recommend moving them to RAM during run time or not using as these are processing/power intensive
"../main.c", line 37: remark #1530-D: (ULP 5.1) Detected modulo operation(s). Recommend moving them to RAM during run time or not using as these are processing/power intensive
"../main.c", line 38: remark #1530-D: (ULP 5.1) Detected modulo operation(s). Recommend moving them to RAM during run time or not using as these are processing/power intensive
"../main.c", line 39: remark #1530-D: (ULP 5.1) Detected modulo operation(s). Recommend moving them to RAM during run time or not using as these are processing/power intensive
"../main.c", line 40: remark #1530-D: (ULP 5.1) Detected modulo operation(s). Recommend moving them to RAM during run time or not using as these are processing/power intensive
"../main.c", line 41: remark #1530-D: (ULP 5.1) Detected modulo operation(s). Recommend moving them to RAM during run time or not using as these are processing/power intensive
"../main.c", line 118: warning #112-D: statement is unreachable
"../main.c", line 114: remark #1544-D: (ULP 13.1) Detected loop counting up. Recommend loops count down as detecting zeros is easier
"../main.c", line 114: remark #1527-D: (ULP 2.1) Detected SW delay loop using empty loop. Recommend using a timer module instead
"../main.c", line 126: remark #1538-D: (ULP 10.1) ISR TIMER0_A0_ISR calls function lcd_write_uint16. Recommend moving function call away from ISR, or inlining the function, or using pragmas
"../main.c", line 134: remark #1527-D: (ULP 2.1) Detected SW delay loop using __delay_cycles. Recommend using a timer module instead
"../main.c", line 136: remark #1538-D: (ULP 10.1) ISR PORT1_ISR calls function lcd_write_uint16. Recommend moving function call away from ISR, or inlining the function, or using pragmas
"../main.c", line 141: remark #1527-D: (ULP 2.1) Detected SW delay loop using __delay_cycles. Recommend using a timer module instead
"../main.c", line 143: remark #1538-D: (ULP 10.1) ISR PORT1_ISR calls function lcd_write_uint16. Recommend moving function call away from ISR, or inlining the function, or using pragmas
'Finished building: "../main.c"'
 
'Building target: "lab_5.out"'
'Invoking: MSP430 Linker'
"C:/ti/ccsv7/tools/compiler/ti-cgt-msp430_16.9.6.LTS/bin/cl430" -vmspx --data_model=restricted --use_hw_mpy=F5 --advice:power=all --advice:hw_config=all --define=__MSP430FR6989__ --define=_MPU_ENABLE -g --printf_support=minimal --diag_warning=225 --diag_wrap=off --display_error_number --silicon_errata=CPU21 --silicon_errata=CPU22 --silicon_errata=CPU40 -z -m"lab_5.map" --heap_size=160 --stack_size=160 --cinit_hold_wdt=on -i"C:/ti/ccsv7/ccs_base/msp430/include" -i"C:/ti/ccsv7/ccs_base/msp430/lib/5xx_6xx_FRxx" -i"C:/ti/ccsv7/ccs_base/msp430/lib/FR59xx" -i"C:/ti/ccsv7/tools/compiler/ti-cgt-msp430_16.9.6.LTS/lib" -i"C:/ti/ccsv7/tools/compiler/ti-cgt-msp430_16.9.6.LTS/include" --priority --reread_libs --define=_MPU_ENABLE --diag_wrap=off --display_error_number --warn_sections --xml_link_info="lab_5_linkInfo.xml" --use_hw_mpy=F5 --rom_model -o "lab_5.out" "./main.obj" "../lnk_msp430fr6989.cmd"  -llibmpu_init.a -llibmath.a -llibc.a 
<Linking>
warning #10421-D: For FRAM devices running at higher than 8MHz, FRAM waitstate needs to be configured accordingly.
remark #10371-D: (ULP 1.1) Detected no uses of low power mode state changing instructions
remark #10372-D: (ULP 4.1) Detected uninitialized Port A in this project. Recommend initializing all unused ports to eliminate wasted current consumption on unused pins.
remark #10372-D: (ULP 4.1) Detected uninitialized Port B in this project. Recommend initializing all unused ports to eliminate wasted current consumption on unused pins.
remark #10372-D: (ULP 4.1) Detected uninitialized Port C in this project. Recommend initializing all unused ports to eliminate wasted current consumption on unused pins.
remark #10372-D: (ULP 4.1) Detected uninitialized Port D in this project. Recommend initializing all unused ports to eliminate wasted current consumption on unused pins.
remark #10372-D: (ULP 4.1) Detected uninitialized Port E in this project. Recommend initializing all unused ports to eliminate wasted current consumption on unused pins.
'Finished building target: "lab_5.out"'
 

**** Build Finished ****

**** Clean-only build of configuration Debug for project lab_5 ****

"C:\\ti\\ccsv7\\utils\\bin\\gmake" -k -j 24 clean -O 
 
DEL /F  "lab_5.hex"  "lab_5.out" 
DEL /F "main.obj" 
DEL /F "main.d" 
'Finished clean'
 

**** Build Finished ****

**** Build of configuration Debug for project lab_5 ****

"C:\\ti\\ccsv7\\utils\\bin\\gmake" -k -j 24 all -O 
 
'Building file: "../main.c"'
'Invoking: MSP430 Compiler'
"C:/ti/ccsv7/tools/compiler/ti-cgt-msp430_16.9.6.LTS/bin/cl430" -vmspx --data_model=restricted --use_hw_mpy=F5 --include_path="C:/ti/ccsv7/ccs_base/msp430/include" --include_path="C:/Users/sudan/embedded-systems/lab_5" --include_path="C:/ti/ccsv7/tools/compiler/ti-cgt-msp430_16.9.6.LTS/include" --advice:power=all --advice:hw_config=all --define=__MSP430FR6989__ --define=_MPU_ENABLE -g --printf_support=minimal --diag_warning=225 --diag_wrap=off --display_error_number --silicon_errata=CPU21 --silicon_errata=CPU22 --silicon_errata=CPU40 --preproc_with_compile --preproc_dependency="main.d_raw"  "../main.c"

>> Compilation failure
subdir_rules.mk:9: recipe for target 'main.obj' failed
"../main.c", line 45: remark #1530-D: (ULP 5.1) Detected modulo operation(s). Recommend moving them to RAM during run time or not using as these are processing/power intensive
"../main.c", line 46: remark #1530-D: (ULP 5.1) Detected modulo operation(s). Recommend moving them to RAM during run time or not using as these are processing/power intensive
"../main.c", line 47: remark #1530-D: (ULP 5.1) Detected modulo operation(s). Recommend moving them to RAM during run time or not using as these are processing/power intensive
"../main.c", line 48: remark #1530-D: (ULP 5.1) Detected modulo operation(s). Recommend moving them to RAM during run time or not using as these are processing/power intensive
"../main.c", line 49: remark #1530-D: (ULP 5.1) Detected modulo operation(s). Recommend moving them to RAM during run time or not using as these are processing/power intensive
"../main.c", line 50: remark #1530-D: (ULP 5.1) Detected modulo operation(s). Recommend moving them to RAM during run time or not using as these are processing/power intensive
"../main.c", line 64: remark #1530-D: (ULP 5.1) Detected modulo operation(s). Recommend moving them to RAM during run time or not using as these are processing/power intensive
"../main.c", line 65: remark #1530-D: (ULP 5.1) Detected modulo operation(s). Recommend moving them to RAM during run time or not using as these are processing/power intensive
"../main.c", line 66: remark #1530-D: (ULP 5.1) Detected modulo operation(s). Recommend moving them to RAM during run time or not using as these are processing/power intensive
"../main.c", line 73: error #20: identifier "running" is undefined
"../main.c", line 74: error #20: identifier "CHRONO_MEM" is undefined
"../main.c", line 74: error #20: identifier "CHRONO_BIT" is undefined
"../main.c", line 79: error #20: identifier "CHRONO_MEM" is undefined
"../main.c", line 79: error #20: identifier "CHRONO_BIT" is undefined
"../main.c", line 81: error #66: expected a ";"
"../main.c", line 87: warning #225-D: function "lcd_write_uint" declared implicitly
"../main.c", line 87: error #20: identifier "hours" is undefined
"../main.c", line 87: error #20: identifier "minutes" is undefined
"../main.c", line 87: error #20: identifier "seconds" is undefined
"../main.c", line 162: warning #112-D: statement is unreachable
"../main.c", line 158: remark #1544-D: (ULP 13.1) Detected loop counting up. Recommend loops count down as detecting zeros is easier
"../main.c", line 158: remark #1527-D: (ULP 2.1) Detected SW delay loop using empty loop. Recommend using a timer module instead
"../main.c", line 170: remark #1538-D: (ULP 10.1) ISR TIMER0_A0_ISR calls function lcd_write_uint16. Recommend moving function call away from ISR, or inlining the function, or using pragmas
"../main.c", line 178: remark #1527-D: (ULP 2.1) Detected SW delay loop using __delay_cycles. Recommend using a timer module instead
"../main.c", line 180: remark #1538-D: (ULP 10.1) ISR PORT1_ISR calls function lcd_write_uint16. Recommend moving function call away from ISR, or inlining the function, or using pragmas
"../main.c", line 185: remark #1527-D: (ULP 2.1) Detected SW delay loop using __delay_cycles. Recommend using a timer module instead
"../main.c", line 187: remark #1538-D: (ULP 10.1) ISR PORT1_ISR calls function lcd_write_uint16. Recommend moving function call away from ISR, or inlining the function, or using pragmas
"../main.c", line 113: remark #1535-D: (ULP 8.1) variable "hours" is used as a constant. Recommend declaring variable as either 'static const' or 'const'
"../main.c", line 114: remark #1535-D: (ULP 8.1) variable "minutes" is used as a constant. Recommend declaring variable as either 'static const' or 'const'
"../main.c", line 115: remark #1535-D: (ULP 8.1) variable "seconds" is used as a constant. Recommend declaring variable as either 'static const' or 'const'
"../main.c", line 116: remark #1535-D: (ULP 8.1) variable "running" is used as a constant. Recommend declaring variable as either 'static const' or 'const'
"../main.c", line 117: remark #1535-D: (ULP 8.1) variable "colon_on" is used as a constant. Recommend declaring variable as either 'static const' or 'const'
9 errors detected in the compilation of "../main.c".
gmake: *** [main.obj] Error 1
gmake: Target 'all' not remade because of errors.

**** Build Finished ****

**** Build of configuration Debug for project lab_5 ****

"C:\\ti\\ccsv7\\utils\\bin\\gmake" -k -j 24 all -O 
 
'Building file: "../main.c"'
'Invoking: MSP430 Compiler'
"C:/ti/ccsv7/tools/compiler/ti-cgt-msp430_16.9.6.LTS/bin/cl430" -vmspx --data_model=restricted --use_hw_mpy=F5 --include_path="C:/ti/ccsv7/ccs_base/msp430/include" --include_path="C:/Users/sudan/embedded-systems/lab_5" --include_path="C:/ti/ccsv7/tools/compiler/ti-cgt-msp430_16.9.6.LTS/include" --advice:power=all --advice:hw_config=all --define=__MSP430FR6989__ --define=_MPU_ENABLE -g --printf_support=minimal --diag_warning=225 --diag_wrap=off --display_error_number --silicon_errata=CPU21 --silicon_errata=CPU22 --silicon_errata=CPU40 --preproc_with_compile --preproc_dependency="main.d_raw"  "../main.c"
"../main.c", line 45: remark #1530-D: (ULP 5.1) Detected modulo operation(s). Recommend moving them to RAM during run time or not using as these are processing/power intensive
"../main.c", line 46: remark #1530-D: (ULP 5.1) Detected modulo operation(s). Recommend moving them to RAM during run time or not using as these are processing/power intensive
"../main.c", line 47: remark #1530-D: (ULP 5.1) Detected modulo operation(s). Recommend moving them to RAM during run time or not using as these are processing/power intensive
"../main.c", line 48: remark #1530-D: (ULP 5.1) Detected modulo operation(s). Recommend moving them to RAM during run time or not using as these are processing/power intensive
"../main.c", line 49: remark #1530-D: (ULP 5.1) Detected modulo operation(s). Recommend moving them to RAM during run time or not using as these are processing/power intensive
"../main.c", line 50: remark #1530-D: (ULP 5.1) Detected modulo operation(s). Recommend moving them to RAM during run time or not using as these are processing/power intensive
"../main.c", line 64: remark #1530-D: (ULP 5.1) Detected modulo operation(s). Recommend moving them to RAM during run time or not using as these are processing/power intensive
"../main.c", line 65: remark #1530-D: (ULP 5.1) Detected modulo operation(s). Recommend moving them to RAM during run time or not using as these are processing/power intensive
"../main.c", line 66: remark #1530-D: (ULP 5.1) Detected modulo operation(s). Recommend moving them to RAM during run time or not using as these are processing/power intensive
"../main.c", line 143: warning #112-D: statement is unreachable
"../main.c", line 139: remark #1544-D: (ULP 13.1) Detected loop counting up. Recommend loops count down as detecting zeros is easier
"../main.c", line 139: remark #1527-D: (ULP 2.1) Detected SW delay loop using empty loop. Recommend using a timer module instead
"../main.c", line 151: remark #1538-D: (ULP 10.1) ISR TIMER0_A0_ISR calls function lcd_write_uint16. Recommend moving function call away from ISR, or inlining the function, or using pragmas
"../main.c", line 159: remark #1527-D: (ULP 2.1) Detected SW delay loop using __delay_cycles. Recommend using a timer module instead
"../main.c", line 161: remark #1538-D: (ULP 10.1) ISR PORT1_ISR calls function lcd_write_uint16. Recommend moving function call away from ISR, or inlining the function, or using pragmas
"../main.c", line 166: remark #1527-D: (ULP 2.1) Detected SW delay loop using __delay_cycles. Recommend using a timer module instead
"../main.c", line 168: remark #1538-D: (ULP 10.1) ISR PORT1_ISR calls function lcd_write_uint16. Recommend moving function call away from ISR, or inlining the function, or using pragmas
"../main.c", line 94: remark #1535-D: (ULP 8.1) variable "hours" is used as a constant. Recommend declaring variable as either 'static const' or 'const'
"../main.c", line 95: remark #1535-D: (ULP 8.1) variable "minutes" is used as a constant. Recommend declaring variable as either 'static const' or 'const'
"../main.c", line 96: remark #1535-D: (ULP 8.1) variable "seconds" is used as a constant. Recommend declaring variable as either 'static const' or 'const'
"../main.c", line 97: remark #1535-D: (ULP 8.1) variable "running" is used as a constant. Recommend declaring variable as either 'static const' or 'const'
"../main.c", line 98: remark #1535-D: (ULP 8.1) variable "colon_on" is used as a constant. Recommend declaring variable as either 'static const' or 'const'
'Finished building: "../main.c"'
 
'Building target: "lab_5.out"'
'Invoking: MSP430 Linker'
"C:/ti/ccsv7/tools/compiler/ti-cgt-msp430_16.9.6.LTS/bin/cl430" -vmspx --data_model=restricted --use_hw_mpy=F5 --advice:power=all --advice:hw_config=all --define=__MSP430FR6989__ --define=_MPU_ENABLE -g --printf_support=minimal --diag_warning=225 --diag_wrap=off --display_error_number --silicon_errata=CPU21 --silicon_errata=CPU22 --silicon_errata=CPU40 -z -m"lab_5.map" --heap_size=160 --stack_size=160 --cinit_hold_wdt=on -i"C:/ti/ccsv7/ccs_base/msp430/include" -i"C:/ti/ccsv7/ccs_base/msp430/lib/5xx_6xx_FRxx" -i"C:/ti/ccsv7/ccs_base/msp430/lib/FR59xx" -i"C:/ti/ccsv7/tools/compiler/ti-cgt-msp430_16.9.6.LTS/lib" -i"C:/ti/ccsv7/tools/compiler/ti-cgt-msp430_16.9.6.LTS/include" --priority --reread_libs --define=_MPU_ENABLE --diag_wrap=off --display_error_number --warn_sections --xml_link_info="lab_5_linkInfo.xml" --use_hw_mpy=F5 --rom_model -o "lab_5.out" "./main.obj" "../lnk_msp430fr6989.cmd"  -llibmpu_init.a -llibmath.a -llibc.a 
<Linking>
warning #10421-D: For FRAM devices running at higher than 8MHz, FRAM waitstate needs to be configured accordingly.
remark #10371-D: (ULP 1.1) Detected no uses of low power mode state changing instructions
remark #10372-D: (ULP 4.1) Detected uninitialized Port A in this project. Recommend initializing all unused ports to eliminate wasted current consumption on unused pins.
remark #10372-D: (ULP 4.1) Detected uninitialized Port B in this project. Recommend initializing all unused ports to eliminate wasted current consumption on unused pins.
remark #10372-D: (ULP 4.1) Detected uninitialized Port C in this project. Recommend initializing all unused ports to eliminate wasted current consumption on unused pins.
remark #10372-D: (ULP 4.1) Detected uninitialized Port D in this project. Recommend initializing all unused ports to eliminate wasted current consumption on unused pins.
remark #10372-D: (ULP 4.1) Detected uninitialized Port E in this project. Recommend initializing all unused ports to eliminate wasted current consumption on unused pins.
'Finished building target: "lab_5.out"'
 

**** Build Finished ****

**** Build of configuration Debug for project lab_5 ****

"C:\\ti\\ccsv7\\utils\\bin\\gmake" -k -j 24 all -O 
 
gmake[1]: 'lab_5.out' is up to date.

**** Build Finished ****

**** Build of configuration Debug for project lab_5 ****

"C:\\ti\\ccsv7\\utils\\bin\\gmake" -k -j 24 all -O 
 
gmake[1]: 'lab_5.out' is up to date.

**** Build Finished ****

**** Build of configuration Debug for project lab_5 ****

"C:\\ti\\ccsv7\\utils\\bin\\gmake" -k -j 24 all -O 
 
'Building file: "../main.c"'
'Invoking: MSP430 Compiler'
"C:/ti/ccsv7/tools/compiler/ti-cgt-msp430_16.9.6.LTS/bin/cl430" -vmspx --data_model=restricted --use_hw_mpy=F5 --include_path="C:/ti/ccsv7/ccs_base/msp430/include" --include_path="C:/Users/sudan/embedded-systems/lab_5" --include_path="C:/ti/ccsv7/tools/compiler/ti-cgt-msp430_16.9.6.LTS/include" --advice:power=all --advice:hw_config=all --define=__MSP430FR6989__ --define=_MPU_ENABLE -g --printf_support=minimal --diag_warning=225 --diag_wrap=off --display_error_number --silicon_errata=CPU21 --silicon_errata=CPU22 --silicon_errata=CPU40 --preproc_with_compile --preproc_dependency="main.d_raw"  "../main.c"

>> Compilation failure
subdir_rules.mk:9: recipe for target 'main.obj' failed
"../main.c", line 45: remark #1530-D: (ULP 5.1) Detected modulo operation(s). Recommend moving them to RAM during run time or not using as these are processing/power intensive
"../main.c", line 46: remark #1530-D: (ULP 5.1) Detected modulo operation(s). Recommend moving them to RAM during run time or not using as these are processing/power intensive
"../main.c", line 47: remark #1530-D: (ULP 5.1) Detected modulo operation(s). Recommend moving them to RAM during run time or not using as these are processing/power intensive
"../main.c", line 48: remark #1530-D: (ULP 5.1) Detected modulo operation(s). Recommend moving them to RAM during run time or not using as these are processing/power intensive
"../main.c", line 49: remark #1530-D: (ULP 5.1) Detected modulo operation(s). Recommend moving them to RAM during run time or not using as these are processing/power intensive
"../main.c", line 50: remark #1530-D: (ULP 5.1) Detected modulo operation(s). Recommend moving them to RAM during run time or not using as these are processing/power intensive
"../main.c", line 64: remark #1530-D: (ULP 5.1) Detected modulo operation(s). Recommend moving them to RAM during run time or not using as these are processing/power intensive
"../main.c", line 65: remark #1530-D: (ULP 5.1) Detected modulo operation(s). Recommend moving them to RAM during run time or not using as these are processing/power intensive
"../main.c", line 66: remark #1530-D: (ULP 5.1) Detected modulo operation(s). Recommend moving them to RAM during run time or not using as these are processing/power intensive
"../main.c", line 73: error #20: identifier "running" is undefined
"../main.c", line 74: error #20: identifier "CHRONO_MEM" is undefined
"../main.c", line 74: error #20: identifier "CHRONO_BIT" is undefined
"../main.c", line 77: error #20: identifier "colon_on" is undefined
"../main.c", line 83: error #20: identifier "CHRONO_MEM" is undefined
"../main.c", line 83: error #20: identifier "CHRONO_BIT" is undefined
"../main.c", line 91: error #20: identifier "hours" is undefined
"../main.c", line 91: error #20: identifier "minutes" is undefined
"../main.c", line 91: error #20: identifier "seconds" is undefined
"../main.c", line 97: error #20: identifier "seconds" is undefined
"../main.c", line 100: error #20: identifier "minutes" is undefined
"../main.c", line 103: error #20: identifier "hours" is undefined
"../main.c", line 114: error #20: identifier "minutes" is undefined
"../main.c", line 117: error #20: identifier "hours" is undefined
"../main.c", line 127: error #20: identifier "minutes" is undefined
"../main.c", line 129: error #20: identifier "hours" is undefined
"../main.c", line 213: warning #112-D: statement is unreachable
"../main.c", line 209: remark #1544-D: (ULP 13.1) Detected loop counting up. Recommend loops count down as detecting zeros is easier
"../main.c", line 209: remark #1527-D: (ULP 2.1) Detected SW delay loop using empty loop. Recommend using a timer module instead
"../main.c", line 221: remark #1538-D: (ULP 10.1) ISR TIMER0_A0_ISR calls function lcd_write_uint16. Recommend moving function call away from ISR, or inlining the function, or using pragmas
"../main.c", line 229: remark #1527-D: (ULP 2.1) Detected SW delay loop using __delay_cycles. Recommend using a timer module instead
"../main.c", line 231: remark #1538-D: (ULP 10.1) ISR PORT1_ISR calls function lcd_write_uint16. Recommend moving function call away from ISR, or inlining the function, or using pragmas
"../main.c", line 236: remark #1527-D: (ULP 2.1) Detected SW delay loop using __delay_cycles. Recommend using a timer module instead
"../main.c", line 238: remark #1538-D: (ULP 10.1) ISR PORT1_ISR calls function lcd_write_uint16. Recommend moving function call away from ISR, or inlining the function, or using pragmas
"../main.c", line 162: remark #1535-D: (ULP 8.1) variable "hours" is used as a constant. Recommend declaring variable as either 'static const' or 'const'
"../main.c", line 163: remark #1535-D: (ULP 8.1) variable "minutes" is used as a constant. Recommend declaring variable as either 'static const' or 'const'
"../main.c", line 164: remark #1535-D: (ULP 8.1) variable "seconds" is used as a constant. Recommend declaring variable as either 'static const' or 'const'
"../main.c", line 165: remark #1535-D: (ULP 8.1) variable "running" is used as a constant. Recommend declaring variable as either 'static const' or 'const'
"../main.c", line 166: remark #1535-D: (ULP 8.1) variable "colon_on" is used as a constant. Recommend declaring variable as either 'static const' or 'const'
16 errors detected in the compilation of "../main.c".
gmake: *** [main.obj] Error 1
gmake: Target 'all' not remade because of errors.

**** Build Finished ****

**** Build of configuration Debug for project lab_5 ****

"C:\\ti\\ccsv7\\utils\\bin\\gmake" -k -j 24 all -O 
 
'Building file: "../main.c"'
'Invoking: MSP430 Compiler'
"C:/ti/ccsv7/tools/compiler/ti-cgt-msp430_16.9.6.LTS/bin/cl430" -vmspx --data_model=restricted --use_hw_mpy=F5 --include_path="C:/ti/ccsv7/ccs_base/msp430/include" --include_path="C:/Users/sudan/embedded-systems/lab_5" --include_path="C:/ti/ccsv7/tools/compiler/ti-cgt-msp430_16.9.6.LTS/include" --advice:power=all --advice:hw_config=all --define=__MSP430FR6989__ --define=_MPU_ENABLE -g --printf_support=minimal --diag_warning=225 --diag_wrap=off --display_error_number --silicon_errata=CPU21 --silicon_errata=CPU22 --silicon_errata=CPU40 --preproc_with_compile --preproc_dependency="main.d_raw"  "../main.c"

>> Compilation failure
subdir_rules.mk:9: recipe for target 'main.obj' failed
"../main.c", line 53: remark #1530-D: (ULP 5.1) Detected modulo operation(s). Recommend moving them to RAM during run time or not using as these are processing/power intensive
"../main.c", line 54: remark #1530-D: (ULP 5.1) Detected modulo operation(s). Recommend moving them to RAM during run time or not using as these are processing/power intensive
"../main.c", line 55: remark #1530-D: (ULP 5.1) Detected modulo operation(s). Recommend moving them to RAM during run time or not using as these are processing/power intensive
"../main.c", line 56: remark #1530-D: (ULP 5.1) Detected modulo operation(s). Recommend moving them to RAM during run time or not using as these are processing/power intensive
"../main.c", line 57: remark #1530-D: (ULP 5.1) Detected modulo operation(s). Recommend moving them to RAM during run time or not using as these are processing/power intensive
"../main.c", line 58: remark #1530-D: (ULP 5.1) Detected modulo operation(s). Recommend moving them to RAM during run time or not using as these are processing/power intensive
"../main.c", line 72: remark #1530-D: (ULP 5.1) Detected modulo operation(s). Recommend moving them to RAM during run time or not using as these are processing/power intensive
"../main.c", line 73: remark #1530-D: (ULP 5.1) Detected modulo operation(s). Recommend moving them to RAM during run time or not using as these are processing/power intensive
"../main.c", line 74: remark #1530-D: (ULP 5.1) Detected modulo operation(s). Recommend moving them to RAM during run time or not using as these are processing/power intensive
"../main.c", line 82: error #20: identifier "CHRONO_MEM" is undefined
"../main.c", line 82: error #20: identifier "CHRONO_BIT" is undefined
"../main.c", line 91: error #20: identifier "CHRONO_MEM" is undefined
"../main.c", line 91: error #20: identifier "CHRONO_BIT" is undefined
"../main.c", line 213: warning #112-D: statement is unreachable
"../main.c", line 209: remark #1544-D: (ULP 13.1) Detected loop counting up. Recommend loops count down as detecting zeros is easier
"../main.c", line 209: remark #1527-D: (ULP 2.1) Detected SW delay loop using empty loop. Recommend using a timer module instead
"../main.c", line 221: remark #1538-D: (ULP 10.1) ISR TIMER0_A0_ISR calls function lcd_write_uint16. Recommend moving function call away from ISR, or inlining the function, or using pragmas
"../main.c", line 229: remark #1527-D: (ULP 2.1) Detected SW delay loop using __delay_cycles. Recommend using a timer module instead
"../main.c", line 231: remark #1538-D: (ULP 10.1) ISR PORT1_ISR calls function lcd_write_uint16. Recommend moving function call away from ISR, or inlining the function, or using pragmas
"../main.c", line 236: remark #1527-D: (ULP 2.1) Detected SW delay loop using __delay_cycles. Recommend using a timer module instead
"../main.c", line 238: remark #1538-D: (ULP 10.1) ISR PORT1_ISR calls function lcd_write_uint16. Recommend moving function call away from ISR, or inlining the function, or using pragmas
"../main.c", line 30: remark #1535-D: (ULP 8.1) variable "running" is used as a constant. Recommend declaring variable as either 'static const' or 'const'
"../main.c", line 31: remark #1535-D: (ULP 8.1) variable "colon_on" is used as a constant. Recommend declaring variable as either 'static const' or 'const'
4 errors detected in the compilation of "../main.c".
gmake: *** [main.obj] Error 1
gmake: Target 'all' not remade because of errors.

**** Build Finished ****

**** Build of configuration Debug for project lab_5 ****

"C:\\ti\\ccsv7\\utils\\bin\\gmake" -k -j 24 all -O 
 
'Building file: "../main.c"'
'Invoking: MSP430 Compiler'
"C:/ti/ccsv7/tools/compiler/ti-cgt-msp430_16.9.6.LTS/bin/cl430" -vmspx --data_model=restricted --use_hw_mpy=F5 --include_path="C:/ti/ccsv7/ccs_base/msp430/include" --include_path="C:/Users/sudan/embedded-systems/lab_5" --include_path="C:/ti/ccsv7/tools/compiler/ti-cgt-msp430_16.9.6.LTS/include" --advice:power=all --advice:hw_config=all --define=__MSP430FR6989__ --define=_MPU_ENABLE -g --printf_support=minimal --diag_warning=225 --diag_wrap=off --display_error_number --silicon_errata=CPU21 --silicon_errata=CPU22 --silicon_errata=CPU40 --preproc_with_compile --preproc_dependency="main.d_raw"  "../main.c"
"../main.c", line 53: remark #1530-D: (ULP 5.1) Detected modulo operation(s). Recommend moving them to RAM during run time or not using as these are processing/power intensive
"../main.c", line 54: remark #1530-D: (ULP 5.1) Detected modulo operation(s). Recommend moving them to RAM during run time or not using as these are processing/power intensive
"../main.c", line 55: remark #1530-D: (ULP 5.1) Detected modulo operation(s). Recommend moving them to RAM during run time or not using as these are processing/power intensive
"../main.c", line 56: remark #1530-D: (ULP 5.1) Detected modulo operation(s). Recommend moving them to RAM during run time or not using as these are processing/power intensive
"../main.c", line 57: remark #1530-D: (ULP 5.1) Detected modulo operation(s). Recommend moving them to RAM during run time or not using as these are processing/power intensive
"../main.c", line 58: remark #1530-D: (ULP 5.1) Detected modulo operation(s). Recommend moving them to RAM during run time or not using as these are processing/power intensive
"../main.c", line 72: remark #1530-D: (ULP 5.1) Detected modulo operation(s). Recommend moving them to RAM during run time or not using as these are processing/power intensive
"../main.c", line 73: remark #1530-D: (ULP 5.1) Detected modulo operation(s). Recommend moving them to RAM during run time or not using as these are processing/power intensive
"../main.c", line 74: remark #1530-D: (ULP 5.1) Detected modulo operation(s). Recommend moving them to RAM during run time or not using as these are processing/power intensive
"../main.c", line 213: warning #112-D: statement is unreachable
"../main.c", line 209: remark #1544-D: (ULP 13.1) Detected loop counting up. Recommend loops count down as detecting zeros is easier
"../main.c", line 209: remark #1527-D: (ULP 2.1) Detected SW delay loop using empty loop. Recommend using a timer module instead
"../main.c", line 221: remark #1538-D: (ULP 10.1) ISR TIMER0_A0_ISR calls function lcd_write_uint16. Recommend moving function call away from ISR, or inlining the function, or using pragmas
"../main.c", line 229: remark #1527-D: (ULP 2.1) Detected SW delay loop using __delay_cycles. Recommend using a timer module instead
"../main.c", line 231: remark #1538-D: (ULP 10.1) ISR PORT1_ISR calls function lcd_write_uint16. Recommend moving function call away from ISR, or inlining the function, or using pragmas
"../main.c", line 236: remark #1527-D: (ULP 2.1) Detected SW delay loop using __delay_cycles. Recommend using a timer module instead
"../main.c", line 238: remark #1538-D: (ULP 10.1) ISR PORT1_ISR calls function lcd_write_uint16. Recommend moving function call away from ISR, or inlining the function, or using pragmas
"../main.c", line 30: remark #1535-D: (ULP 8.1) variable "running" is used as a constant. Recommend declaring variable as either 'static const' or 'const'
"../main.c", line 31: remark #1535-D: (ULP 8.1) variable "colon_on" is used as a constant. Recommend declaring variable as either 'static const' or 'const'
'Finished building: "../main.c"'
 
'Building target: "lab_5.out"'
'Invoking: MSP430 Linker'
"C:/ti/ccsv7/tools/compiler/ti-cgt-msp430_16.9.6.LTS/bin/cl430" -vmspx --data_model=restricted --use_hw_mpy=F5 --advice:power=all --advice:hw_config=all --define=__MSP430FR6989__ --define=_MPU_ENABLE -g --printf_support=minimal --diag_warning=225 --diag_wrap=off --display_error_number --silicon_errata=CPU21 --silicon_errata=CPU22 --silicon_errata=CPU40 -z -m"lab_5.map" --heap_size=160 --stack_size=160 --cinit_hold_wdt=on -i"C:/ti/ccsv7/ccs_base/msp430/include" -i"C:/ti/ccsv7/ccs_base/msp430/lib/5xx_6xx_FRxx" -i"C:/ti/ccsv7/ccs_base/msp430/lib/FR59xx" -i"C:/ti/ccsv7/tools/compiler/ti-cgt-msp430_16.9.6.LTS/lib" -i"C:/ti/ccsv7/tools/compiler/ti-cgt-msp430_16.9.6.LTS/include" --priority --reread_libs --define=_MPU_ENABLE --diag_wrap=off --display_error_number --warn_sections --xml_link_info="lab_5_linkInfo.xml" --use_hw_mpy=F5 --rom_model -o "lab_5.out" "./main.obj" "../lnk_msp430fr6989.cmd"  -llibmpu_init.a -llibmath.a -llibc.a 
<Linking>
warning #10421-D: For FRAM devices running at higher than 8MHz, FRAM waitstate needs to be configured accordingly.
remark #10371-D: (ULP 1.1) Detected no uses of low power mode state changing instructions
remark #10372-D: (ULP 4.1) Detected uninitialized Port A in this project. Recommend initializing all unused ports to eliminate wasted current consumption on unused pins.
remark #10372-D: (ULP 4.1) Detected uninitialized Port B in this project. Recommend initializing all unused ports to eliminate wasted current consumption on unused pins.
remark #10372-D: (ULP 4.1) Detected uninitialized Port C in this project. Recommend initializing all unused ports to eliminate wasted current consumption on unused pins.
remark #10372-D: (ULP 4.1) Detected uninitialized Port D in this project. Recommend initializing all unused ports to eliminate wasted current consumption on unused pins.
remark #10372-D: (ULP 4.1) Detected uninitialized Port E in this project. Recommend initializing all unused ports to eliminate wasted current consumption on unused pins.
'Finished building target: "lab_5.out"'
 

**** Build Finished ****

**** Build of configuration Debug for project lab_5 ****

"C:\\ti\\ccsv7\\utils\\bin\\gmake" -k -j 24 all -O 
 
'Building file: "../main.c"'
'Invoking: MSP430 Compiler'
"C:/ti/ccsv7/tools/compiler/ti-cgt-msp430_16.9.6.LTS/bin/cl430" -vmspx --data_model=restricted --use_hw_mpy=F5 --include_path="C:/ti/ccsv7/ccs_base/msp430/include" --include_path="C:/Users/sudan/embedded-systems/lab_5" --include_path="C:/ti/ccsv7/tools/compiler/ti-cgt-msp430_16.9.6.LTS/include" --advice:power=all --advice:hw_config=all --define=__MSP430FR6989__ --define=_MPU_ENABLE -g --printf_support=minimal --diag_warning=225 --diag_wrap=off --display_error_number --silicon_errata=CPU21 --silicon_errata=CPU22 --silicon_errata=CPU40 --preproc_with_compile --preproc_dependency="main.d_raw"  "../main.c"

>> Compilation failure
subdir_rules.mk:9: recipe for target 'main.obj' failed
"../main.c", line 55: remark #1530-D: (ULP 5.1) Detected modulo operation(s). Recommend moving them to RAM during run time or not using as these are processing/power intensive
"../main.c", line 56: remark #1530-D: (ULP 5.1) Detected modulo operation(s). Recommend moving them to RAM during run time or not using as these are processing/power intensive
"../main.c", line 57: remark #1530-D: (ULP 5.1) Detected modulo operation(s). Recommend moving them to RAM during run time or not using as these are processing/power intensive
"../main.c", line 58: remark #1530-D: (ULP 5.1) Detected modulo operation(s). Recommend moving them to RAM during run time or not using as these are processing/power intensive
"../main.c", line 59: remark #1530-D: (ULP 5.1) Detected modulo operation(s). Recommend moving them to RAM during run time or not using as these are processing/power intensive
"../main.c", line 60: remark #1530-D: (ULP 5.1) Detected modulo operation(s). Recommend moving them to RAM during run time or not using as these are processing/power intensive
"../main.c", line 74: remark #1530-D: (ULP 5.1) Detected modulo operation(s). Recommend moving them to RAM during run time or not using as these are processing/power intensive
"../main.c", line 75: remark #1530-D: (ULP 5.1) Detected modulo operation(s). Recommend moving them to RAM during run time or not using as these are processing/power intensive
"../main.c", line 76: remark #1530-D: (ULP 5.1) Detected modulo operation(s). Recommend moving them to RAM during run time or not using as these are processing/power intensive
"../main.c", line 249: warning #112-D: statement is unreachable
"../main.c", line 212: remark #1527-D: (ULP 2.1) Detected SW delay loop using __delay_cycles. Recommend using a timer module instead
"../main.c", line 244: remark #1527-D: (ULP 2.1) Detected SW delay loop using __delay_cycles. Recommend using a timer module instead
"../main.c", line 212: remark #1527-D: (ULP 2.1) Detected SW delay loop using __delay_cycles. Recommend using a timer module instead
"../main.c", line 258: warning #225-D: function "lcd_refresh" declared implicitly
"../main.c", line 257: remark #1538-D: (ULP 10.1) ISR TIMER0_A0_ISR calls function time_increment_one_second. Recommend moving function call away from ISR, or inlining the function, or using pragmas
"../main.c", line 258: remark #1538-D: (ULP 10.1) ISR TIMER0_A0_ISR calls function lcd_refresh. Recommend moving function call away from ISR, or inlining the function, or using pragmas
"../main.c", line 267: remark #1527-D: (ULP 2.1) Detected SW delay loop using __delay_cycles. Recommend using a timer module instead
"../main.c", line 269: remark #1538-D: (ULP 10.1) ISR PORT1_ISR calls function lcd_write_uint16. Recommend moving function call away from ISR, or inlining the function, or using pragmas
"../main.c", line 274: remark #1527-D: (ULP 2.1) Detected SW delay loop using __delay_cycles. Recommend using a timer module instead
"../main.c", line 276: remark #1538-D: (ULP 10.1) ISR PORT1_ISR calls function lcd_write_uint16. Recommend moving function call away from ISR, or inlining the function, or using pragmas
"../main.c", line 282: error #249: function "PORT1_ISR" has already been defined
"../main.c", line 285: error #20: identifier "s1_event" is undefined
"../main.c", line 290: error #20: identifier "s2_event" is undefined
3 errors detected in the compilation of "../main.c".
gmake: *** [main.obj] Error 1
gmake: Target 'all' not remade because of errors.

**** Build Finished ****

**** Build of configuration Debug for project lab_5 ****

"C:\\ti\\ccsv7\\utils\\bin\\gmake" -k -j 24 all -O 
 
'Building file: "../main.c"'
'Invoking: MSP430 Compiler'
"C:/ti/ccsv7/tools/compiler/ti-cgt-msp430_16.9.6.LTS/bin/cl430" -vmspx --data_model=restricted --use_hw_mpy=F5 --include_path="C:/ti/ccsv7/ccs_base/msp430/include" --include_path="C:/Users/sudan/embedded-systems/lab_5" --include_path="C:/ti/ccsv7/tools/compiler/ti-cgt-msp430_16.9.6.LTS/include" --advice:power=all --advice:hw_config=all --define=__MSP430FR6989__ --define=_MPU_ENABLE -g --printf_support=minimal --diag_warning=225 --diag_wrap=off --display_error_number --silicon_errata=CPU21 --silicon_errata=CPU22 --silicon_errata=CPU40 --preproc_with_compile --preproc_dependency="main.d_raw"  "../main.c"

>> Compilation failure
subdir_rules.mk:9: recipe for target 'main.obj' failed
"../main.c", line 55: remark #1530-D: (ULP 5.1) Detected modulo operation(s). Recommend moving them to RAM during run time or not using as these are processing/power intensive
"../main.c", line 56: remark #1530-D: (ULP 5.1) Detected modulo operation(s). Recommend moving them to RAM during run time or not using as these are processing/power intensive
"../main.c", line 57: remark #1530-D: (ULP 5.1) Detected modulo operation(s). Recommend moving them to RAM during run time or not using as these are processing/power intensive
"../main.c", line 58: remark #1530-D: (ULP 5.1) Detected modulo operation(s). Recommend moving them to RAM during run time or not using as these are processing/power intensive
"../main.c", line 59: remark #1530-D: (ULP 5.1) Detected modulo operation(s). Recommend moving them to RAM during run time or not using as these are processing/power intensive
"../main.c", line 60: remark #1530-D: (ULP 5.1) Detected modulo operation(s). Recommend moving them to RAM during run time or not using as these are processing/power intensive
"../main.c", line 74: remark #1530-D: (ULP 5.1) Detected modulo operation(s). Recommend moving them to RAM during run time or not using as these are processing/power intensive
"../main.c", line 75: remark #1530-D: (ULP 5.1) Detected modulo operation(s). Recommend moving them to RAM during run time or not using as these are processing/power intensive
"../main.c", line 76: remark #1530-D: (ULP 5.1) Detected modulo operation(s). Recommend moving them to RAM during run time or not using as these are processing/power intensive
"../main.c", line 249: warning #112-D: statement is unreachable
"../main.c", line 212: remark #1527-D: (ULP 2.1) Detected SW delay loop using __delay_cycles. Recommend using a timer module instead
"../main.c", line 244: remark #1527-D: (ULP 2.1) Detected SW delay loop using __delay_cycles. Recommend using a timer module instead
"../main.c", line 212: remark #1527-D: (ULP 2.1) Detected SW delay loop using __delay_cycles. Recommend using a timer module instead
"../main.c", line 258: warning #225-D: function "lcd_refresh" declared implicitly
"../main.c", line 257: remark #1538-D: (ULP 10.1) ISR TIMER0_A0_ISR calls function time_increment_one_second. Recommend moving function call away from ISR, or inlining the function, or using pragmas
"../main.c", line 258: remark #1538-D: (ULP 10.1) ISR TIMER0_A0_ISR calls function lcd_refresh. Recommend moving function call away from ISR, or inlining the function, or using pragmas
"../main.c", line 266: error #20: identifier "s1_event" is undefined
"../main.c", line 271: error #20: identifier "s2_event" is undefined
"../main.c", line 26: remark #1535-D: (ULP 8.1) variable "counter" is used as a constant. Recommend declaring variable as either 'static const' or 'const'
2 errors detected in the compilation of "../main.c".
gmake: *** [main.obj] Error 1
gmake: Target 'all' not remade because of errors.

**** Build Finished ****

**** Build of configuration Debug for project lab_5 ****

"C:\\ti\\ccsv7\\utils\\bin\\gmake" -k -j 24 all -O 
 
'Building file: "../main.c"'
'Invoking: MSP430 Compiler'
"C:/ti/ccsv7/tools/compiler/ti-cgt-msp430_16.9.6.LTS/bin/cl430" -vmspx --data_model=restricted --use_hw_mpy=F5 --include_path="C:/ti/ccsv7/ccs_base/msp430/include" --include_path="C:/Users/sudan/embedded-systems/lab_5" --include_path="C:/ti/ccsv7/tools/compiler/ti-cgt-msp430_16.9.6.LTS/include" --advice:power=all --advice:hw_config=all --define=__MSP430FR6989__ --define=_MPU_ENABLE -g --printf_support=minimal --diag_warning=225 --diag_wrap=off --display_error_number --silicon_errata=CPU21 --silicon_errata=CPU22 --silicon_errata=CPU40 --preproc_with_compile --preproc_dependency="main.d_raw"  "../main.c"
"../main.c", line 55: remark #1530-D: (ULP 5.1) Detected modulo operation(s). Recommend moving them to RAM during run time or not using as these are processing/power intensive
"../main.c", line 56: remark #1530-D: (ULP 5.1) Detected modulo operation(s). Recommend moving them to RAM during run time or not using as these are processing/power intensive
"../main.c", line 57: remark #1530-D: (ULP 5.1) Detected modulo operation(s). Recommend moving them to RAM during run time or not using as these are processing/power intensive
"../main.c", line 58: remark #1530-D: (ULP 5.1) Detected modulo operation(s). Recommend moving them to RAM during run time or not using as these are processing/power intensive
"../main.c", line 59: remark #1530-D: (ULP 5.1) Detected modulo operation(s). Recommend moving them to RAM during run time or not using as these are processing/power intensive
"../main.c", line 60: remark #1530-D: (ULP 5.1) Detected modulo operation(s). Recommend moving them to RAM during run time or not using as these are processing/power intensive
"../main.c", line 74: remark #1530-D: (ULP 5.1) Detected modulo operation(s). Recommend moving them to RAM during run time or not using as these are processing/power intensive
"../main.c", line 75: remark #1530-D: (ULP 5.1) Detected modulo operation(s). Recommend moving them to RAM during run time or not using as these are processing/power intensive
"../main.c", line 76: remark #1530-D: (ULP 5.1) Detected modulo operation(s). Recommend moving them to RAM during run time or not using as these are processing/power intensive
"../main.c", line 249: warning #112-D: statement is unreachable
"../main.c", line 212: remark #1527-D: (ULP 2.1) Detected SW delay loop using __delay_cycles. Recommend using a timer module instead
"../main.c", line 244: remark #1527-D: (ULP 2.1) Detected SW delay loop using __delay_cycles. Recommend using a timer module instead
"../main.c", line 212: remark #1527-D: (ULP 2.1) Detected SW delay loop using __delay_cycles. Recommend using a timer module instead
"../main.c", line 258: warning #225-D: function "lcd_refresh" declared implicitly
"../main.c", line 257: remark #1538-D: (ULP 10.1) ISR TIMER0_A0_ISR calls function time_increment_one_second. Recommend moving function call away from ISR, or inlining the function, or using pragmas
"../main.c", line 258: remark #1538-D: (ULP 10.1) ISR TIMER0_A0_ISR calls function lcd_refresh. Recommend moving function call away from ISR, or inlining the function, or using pragmas
"../main.c", line 26: remark #1535-D: (ULP 8.1) variable "counter" is used as a constant. Recommend declaring variable as either 'static const' or 'const'
'Finished building: "../main.c"'
 
'Building target: "lab_5.out"'
'Invoking: MSP430 Linker'
"C:/ti/ccsv7/tools/compiler/ti-cgt-msp430_16.9.6.LTS/bin/cl430" -vmspx --data_model=restricted --use_hw_mpy=F5 --advice:power=all --advice:hw_config=all --define=__MSP430FR6989__ --define=_MPU_ENABLE -g --printf_support=minimal --diag_warning=225 --diag_wrap=off --display_error_number --silicon_errata=CPU21 --silicon_errata=CPU22 --silicon_errata=CPU40 -z -m"lab_5.map" --heap_size=160 --stack_size=160 --cinit_hold_wdt=on -i"C:/ti/ccsv7/ccs_base/msp430/include" -i"C:/ti/ccsv7/ccs_base/msp430/lib/5xx_6xx_FRxx" -i"C:/ti/ccsv7/ccs_base/msp430/lib/FR59xx" -i"C:/ti/ccsv7/tools/compiler/ti-cgt-msp430_16.9.6.LTS/lib" -i"C:/ti/ccsv7/tools/compiler/ti-cgt-msp430_16.9.6.LTS/include" --priority --reread_libs --define=_MPU_ENABLE --diag_wrap=off --display_error_number --warn_sections --xml_link_info="lab_5_linkInfo.xml" --use_hw_mpy=F5 --rom_model -o "lab_5.out" "./main.obj" "../lnk_msp430fr6989.cmd"  -llibmpu_init.a -llibmath.a -llibc.a 
<Linking>
warning #10421-D: For FRAM devices running at higher than 8MHz, FRAM waitstate needs to be configured accordingly.

 undefined   first referenced
  symbol         in file     
 ---------   ----------------
 lcd_refresh ./main.obj      

error #10234-D: unresolved symbols remain
remark #10371-D: (ULP 1.1) Detected no uses of low power mode state changing instructions
error #10010: errors encountered during linking; "lab_5.out" not built
remark #10372-D: (ULP 4.1) Detected uninitialized Port A in this project. Recommend initializing all unused ports to eliminate wasted current consumption on unused pins.
remark #10372-D: (ULP 4.1) Detected uninitialized Port B in this project. Recommend initializing all unused ports to eliminate wasted current consumption on unused pins.
remark #10372-D: (ULP 4.1) Detected uninitialized Port C in this project. Recommend initializing all unused ports to eliminate wasted current consumption on unused pins.
remark #10372-D: (ULP 4.1) Detected uninitialized Port D in this project. Recommend initializing all unused ports to eliminate wasted current consumption on unused pins.
remark #10372-D: (ULP 4.1) Detected uninitialized Port E in this project. Recommend initializing all unused ports to eliminate wasted current consumption on unused pins.

>> Compilation failure
makefile:143: recipe for target 'lab_5.out' failed
gmake[1]: *** [lab_5.out] Error 1
makefile:139: recipe for target 'all' failed
gmake: *** [all] Error 2

**** Build Finished ****

**** Build of configuration Debug for project lab_5 ****

"C:\\ti\\ccsv7\\utils\\bin\\gmake" -k -j 24 all -O 
 
'Building target: "lab_5.out"'
'Invoking: MSP430 Linker'
"C:/ti/ccsv7/tools/compiler/ti-cgt-msp430_16.9.6.LTS/bin/cl430" -vmspx --data_model=restricted --use_hw_mpy=F5 --advice:power=all --advice:hw_config=all --define=__MSP430FR6989__ --define=_MPU_ENABLE -g --printf_support=minimal --diag_warning=225 --diag_wrap=off --display_error_number --silicon_errata=CPU21 --silicon_errata=CPU22 --silicon_errata=CPU40 -z -m"lab_5.map" --heap_size=160 --stack_size=160 --cinit_hold_wdt=on -i"C:/ti/ccsv7/ccs_base/msp430/include" -i"C:/ti/ccsv7/ccs_base/msp430/lib/5xx_6xx_FRxx" -i"C:/ti/ccsv7/ccs_base/msp430/lib/FR59xx" -i"C:/ti/ccsv7/tools/compiler/ti-cgt-msp430_16.9.6.LTS/lib" -i"C:/ti/ccsv7/tools/compiler/ti-cgt-msp430_16.9.6.LTS/include" --priority --reread_libs --define=_MPU_ENABLE --diag_wrap=off --display_error_number --warn_sections --xml_link_info="lab_5_linkInfo.xml" --use_hw_mpy=F5 --rom_model -o "lab_5.out" "./main.obj" "../lnk_msp430fr6989.cmd"  -llibmpu_init.a -llibmath.a -llibc.a 
<Linking>
warning #10421-D: For FRAM devices running at higher than 8MHz, FRAM waitstate needs to be configured accordingly.

 undefined   first referenced
  symbol         in file     
 ---------   ----------------
 lcd_refresh ./main.obj      

error #10234-D: unresolved symbols remain
remark #10371-D: (ULP 1.1) Detected no uses of low power mode state changing instructions
error #10010: errors encountered during linking; "lab_5.out" not built
remark #10372-D: (ULP 4.1) Detected uninitialized Port A in this project. Recommend initializing all unused ports to eliminate wasted current consumption on unused pins.
remark #10372-D: (ULP 4.1) Detected uninitialized Port B in this project. Recommend initializing all unused ports to eliminate wasted current consumption on unused pins.
remark #10372-D: (ULP 4.1) Detected uninitialized Port C in this project. Recommend initializing all unused ports to eliminate wasted current consumption on unused pins.
remark #10372-D: (ULP 4.1) Detected uninitialized Port D in this project. Recommend initializing all unused ports to eliminate wasted current consumption on unused pins.
remark #10372-D: (ULP 4.1) Detected uninitialized Port E in this project. Recommend initializing all unused ports to eliminate wasted current consumption on unused pins.

>> Compilation failure
makefile:143: recipe for target 'lab_5.out' failed
makefile:139: recipe for target 'all' failed
gmake[1]: *** [lab_5.out] Error 1
gmake: *** [all] Error 2

**** Build Finished ****

**** Build of configuration Debug for project lab_5 ****

"C:\\ti\\ccsv7\\utils\\bin\\gmake" -k -j 24 all -O 
 
'Building target: "lab_5.out"'
'Invoking: MSP430 Linker'
"C:/ti/ccsv7/tools/compiler/ti-cgt-msp430_16.9.6.LTS/bin/cl430" -vmspx --data_model=restricted --use_hw_mpy=F5 --advice:power=all --advice:hw_config=all --define=__MSP430FR6989__ --define=_MPU_ENABLE -g --printf_support=minimal --diag_warning=225 --diag_wrap=off --display_error_number --silicon_errata=CPU21 --silicon_errata=CPU22 --silicon_errata=CPU40 -z -m"lab_5.map" --heap_size=160 --stack_size=160 --cinit_hold_wdt=on -i"C:/ti/ccsv7/ccs_base/msp430/include" -i"C:/ti/ccsv7/ccs_base/msp430/lib/5xx_6xx_FRxx" -i"C:/ti/ccsv7/ccs_base/msp430/lib/FR59xx" -i"C:/ti/ccsv7/tools/compiler/ti-cgt-msp430_16.9.6.LTS/lib" -i"C:/ti/ccsv7/tools/compiler/ti-cgt-msp430_16.9.6.LTS/include" --priority --reread_libs --define=_MPU_ENABLE --diag_wrap=off --display_error_number --warn_sections --xml_link_info="lab_5_linkInfo.xml" --use_hw_mpy=F5 --rom_model -o "lab_5.out" "./main.obj" "../lnk_msp430fr6989.cmd"  -llibmpu_init.a -llibmath.a -llibc.a 
<Linking>
warning #10421-D: For FRAM devices running at higher than 8MHz, FRAM waitstate needs to be configured accordingly.

 undefined   first referenced
  symbol         in file     
 ---------   ----------------
 lcd_refresh ./main.obj      

error #10234-D: unresolved symbols remain
remark #10371-D: (ULP 1.1) Detected no uses of low power mode state changing instructions
error #10010: errors encountered during linking; "lab_5.out" not built
remark #10372-D: (ULP 4.1) Detected uninitialized Port A in this project. Recommend initializing all unused ports to eliminate wasted current consumption on unused pins.
remark #10372-D: (ULP 4.1) Detected uninitialized Port B in this project. Recommend initializing all unused ports to eliminate wasted current consumption on unused pins.
remark #10372-D: (ULP 4.1) Detected uninitialized Port C in this project. Recommend initializing all unused ports to eliminate wasted current consumption on unused pins.
remark #10372-D: (ULP 4.1) Detected uninitialized Port D in this project. Recommend initializing all unused ports to eliminate wasted current consumption on unused pins.
remark #10372-D: (ULP 4.1) Detected uninitialized Port E in this project. Recommend initializing all unused ports to eliminate wasted current consumption on unused pins.

>> Compilation failure
makefile:143: recipe for target 'lab_5.out' failed
gmake[1]: *** [lab_5.out] Error 1
makefile:139: recipe for target 'all' failed
gmake: *** [all] Error 2

**** Build Finished ****

**** Build of configuration Debug for project lab_5 ****

"C:\\ti\\ccsv7\\utils\\bin\\gmake" -k -j 24 all -O 
 
'Building target: "lab_5.out"'
'Invoking: MSP430 Linker'
"C:/ti/ccsv7/tools/compiler/ti-cgt-msp430_16.9.6.LTS/bin/cl430" -vmspx --data_model=restricted --use_hw_mpy=F5 --advice:power=all --advice:hw_config=all --define=__MSP430FR6989__ --define=_MPU_ENABLE -g --printf_support=minimal --diag_warning=225 --diag_wrap=off --display_error_number --silicon_errata=CPU21 --silicon_errata=CPU22 --silicon_errata=CPU40 -z -m"lab_5.map" --heap_size=160 --stack_size=160 --cinit_hold_wdt=on -i"C:/ti/ccsv7/ccs_base/msp430/include" -i"C:/ti/ccsv7/ccs_base/msp430/lib/5xx_6xx_FRxx" -i"C:/ti/ccsv7/ccs_base/msp430/lib/FR59xx" -i"C:/ti/ccsv7/tools/compiler/ti-cgt-msp430_16.9.6.LTS/lib" -i"C:/ti/ccsv7/tools/compiler/ti-cgt-msp430_16.9.6.LTS/include" --priority --reread_libs --define=_MPU_ENABLE --diag_wrap=off --display_error_number --warn_sections --xml_link_info="lab_5_linkInfo.xml" --use_hw_mpy=F5 --rom_model -o "lab_5.out" "./main.obj" "../lnk_msp430fr6989.cmd"  -llibmpu_init.a -llibmath.a -llibc.a 
<Linking>
warning #10421-D: For FRAM devices running at higher than 8MHz, FRAM waitstate needs to be configured accordingly.

 undefined   first referenced
  symbol         in file     
 ---------   ----------------
 lcd_refresh ./main.obj      

error #10234-D: unresolved symbols remain
remark #10371-D: (ULP 1.1) Detected no uses of low power mode state changing instructions
error #10010: errors encountered during linking; "lab_5.out" not built
remark #10372-D: (ULP 4.1) Detected uninitialized Port A in this project. Recommend initializing all unused ports to eliminate wasted current consumption on unused pins.
remark #10372-D: (ULP 4.1) Detected uninitialized Port B in this project. Recommend initializing all unused ports to eliminate wasted current consumption on unused pins.
remark #10372-D: (ULP 4.1) Detected uninitialized Port C in this project. Recommend initializing all unused ports to eliminate wasted current consumption on unused pins.
remark #10372-D: (ULP 4.1) Detected uninitialized Port D in this project. Recommend initializing all unused ports to eliminate wasted current consumption on unused pins.
remark #10372-D: (ULP 4.1) Detected uninitialized Port E in this project. Recommend initializing all unused ports to eliminate wasted current consumption on unused pins.

>> Compilation failure
makefile:143: recipe for target 'lab_5.out' failed
gmake[1]: *** [lab_5.out] Error 1
makefile:139: recipe for target 'all' failed
gmake: *** [all] Error 2

**** Build Finished ****

**** Build of configuration Debug for project lab_5 ****

"C:\\ti\\ccsv7\\utils\\bin\\gmake" -k -j 24 all -O 
 
'Building file: "../main.c"'
'Invoking: MSP430 Compiler'
"C:/ti/ccsv7/tools/compiler/ti-cgt-msp430_16.9.6.LTS/bin/cl430" -vmspx --data_model=restricted --use_hw_mpy=F5 --include_path="C:/ti/ccsv7/ccs_base/msp430/include" --include_path="C:/Users/sudan/embedded-systems/lab_5" --include_path="C:/ti/ccsv7/tools/compiler/ti-cgt-msp430_16.9.6.LTS/include" --advice:power=all --advice:hw_config=all --define=__MSP430FR6989__ --define=_MPU_ENABLE -g --printf_support=minimal --diag_warning=225 --diag_wrap=off --display_error_number --silicon_errata=CPU21 --silicon_errata=CPU22 --silicon_errata=CPU40 --preproc_with_compile --preproc_dependency="main.d_raw"  "../main.c"
"../main.c", line 54: remark #1530-D: (ULP 5.1) Detected modulo operation(s). Recommend moving them to RAM during run time or not using as these are processing/power intensive
"../main.c", line 55: remark #1530-D: (ULP 5.1) Detected modulo operation(s). Recommend moving them to RAM during run time or not using as these are processing/power intensive
"../main.c", line 56: remark #1530-D: (ULP 5.1) Detected modulo operation(s). Recommend moving them to RAM during run time or not using as these are processing/power intensive
"../main.c", line 57: remark #1530-D: (ULP 5.1) Detected modulo operation(s). Recommend moving them to RAM during run time or not using as these are processing/power intensive
"../main.c", line 58: remark #1530-D: (ULP 5.1) Detected modulo operation(s). Recommend moving them to RAM during run time or not using as these are processing/power intensive
"../main.c", line 59: remark #1530-D: (ULP 5.1) Detected modulo operation(s). Recommend moving them to RAM during run time or not using as these are processing/power intensive
"../main.c", line 73: remark #1530-D: (ULP 5.1) Detected modulo operation(s). Recommend moving them to RAM during run time or not using as these are processing/power intensive
"../main.c", line 74: remark #1530-D: (ULP 5.1) Detected modulo operation(s). Recommend moving them to RAM during run time or not using as these are processing/power intensive
"../main.c", line 75: remark #1530-D: (ULP 5.1) Detected modulo operation(s). Recommend moving them to RAM during run time or not using as these are processing/power intensive
"../main.c", line 248: warning #112-D: statement is unreachable
"../main.c", line 211: remark #1527-D: (ULP 2.1) Detected SW delay loop using __delay_cycles. Recommend using a timer module instead
"../main.c", line 243: remark #1527-D: (ULP 2.1) Detected SW delay loop using __delay_cycles. Recommend using a timer module instead
"../main.c", line 211: remark #1527-D: (ULP 2.1) Detected SW delay loop using __delay_cycles. Recommend using a timer module instead
"../main.c", line 256: remark #1538-D: (ULP 10.1) ISR TIMER0_A0_ISR calls function time_increment_one_second. Recommend moving function call away from ISR, or inlining the function, or using pragmas
"../main.c", line 257: remark #1538-D: (ULP 10.1) ISR TIMER0_A0_ISR calls function lcd_update. Recommend moving function call away from ISR, or inlining the function, or using pragmas
'Finished building: "../main.c"'
 
'Building target: "lab_5.out"'
'Invoking: MSP430 Linker'
"C:/ti/ccsv7/tools/compiler/ti-cgt-msp430_16.9.6.LTS/bin/cl430" -vmspx --data_model=restricted --use_hw_mpy=F5 --advice:power=all --advice:hw_config=all --define=__MSP430FR6989__ --define=_MPU_ENABLE -g --printf_support=minimal --diag_warning=225 --diag_wrap=off --display_error_number --silicon_errata=CPU21 --silicon_errata=CPU22 --silicon_errata=CPU40 -z -m"lab_5.map" --heap_size=160 --stack_size=160 --cinit_hold_wdt=on -i"C:/ti/ccsv7/ccs_base/msp430/include" -i"C:/ti/ccsv7/ccs_base/msp430/lib/5xx_6xx_FRxx" -i"C:/ti/ccsv7/ccs_base/msp430/lib/FR59xx" -i"C:/ti/ccsv7/tools/compiler/ti-cgt-msp430_16.9.6.LTS/lib" -i"C:/ti/ccsv7/tools/compiler/ti-cgt-msp430_16.9.6.LTS/include" --priority --reread_libs --define=_MPU_ENABLE --diag_wrap=off --display_error_number --warn_sections --xml_link_info="lab_5_linkInfo.xml" --use_hw_mpy=F5 --rom_model -o "lab_5.out" "./main.obj" "../lnk_msp430fr6989.cmd"  -llibmpu_init.a -llibmath.a -llibc.a 
<Linking>
warning #10421-D: For FRAM devices running at higher than 8MHz, FRAM waitstate needs to be configured accordingly.
remark #10371-D: (ULP 1.1) Detected no uses of low power mode state changing instructions
remark #10372-D: (ULP 4.1) Detected uninitialized Port A in this project. Recommend initializing all unused ports to eliminate wasted current consumption on unused pins.
remark #10372-D: (ULP 4.1) Detected uninitialized Port B in this project. Recommend initializing all unused ports to eliminate wasted current consumption on unused pins.
remark #10372-D: (ULP 4.1) Detected uninitialized Port C in this project. Recommend initializing all unused ports to eliminate wasted current consumption on unused pins.
remark #10372-D: (ULP 4.1) Detected uninitialized Port D in this project. Recommend initializing all unused ports to eliminate wasted current consumption on unused pins.
remark #10372-D: (ULP 4.1) Detected uninitialized Port E in this project. Recommend initializing all unused ports to eliminate wasted current consumption on unused pins.
'Finished building target: "lab_5.out"'
 

**** Build Finished ****

**** Build of configuration Debug for project lab_5 ****

"C:\\ti\\ccsv7\\utils\\bin\\gmake" -k -j 24 all -O 
 
gmake[1]: 'lab_5.out' is up to date.

**** Build Finished ****

**** Build of configuration Debug for project lab_5 ****

"C:\\ti\\ccsv7\\utils\\bin\\gmake" -k -j 24 all -O 
 
gmake[1]: 'lab_5.out' is up to date.

**** Build Finished ****

**** Build of configuration Debug for project lab_5 ****

"C:\\ti\\ccsv7\\utils\\bin\\gmake" -k -j 24 all -O 
 
gmake[1]: 'lab_5.out' is up to date.

**** Build Finished ****

**** Build of configuration Debug for project lab_5 ****

"C:\\ti\\ccsv7\\utils\\bin\\gmake" -k -j 24 all -O 
 
'Building file: "../main.c"'
'Invoking: MSP430 Compiler'
"C:/ti/ccsv7/tools/compiler/ti-cgt-msp430_16.9.6.LTS/bin/cl430" -vmspx --data_model=restricted --use_hw_mpy=F5 --include_path="C:/ti/ccsv7/ccs_base/msp430/include" --include_path="C:/Users/sudan/embedded-systems/lab_5" --include_path="C:/ti/ccsv7/tools/compiler/ti-cgt-msp430_16.9.6.LTS/include" --advice:power=all --advice:hw_config=all --define=__MSP430FR6989__ --define=_MPU_ENABLE -g --printf_support=minimal --diag_warning=225 --diag_wrap=off --display_error_number --silicon_errata=CPU21 --silicon_errata=CPU22 --silicon_errata=CPU40 --preproc_with_compile --preproc_dependency="main.d_raw"  "../main.c"
"../main.c", line 54: remark #1530-D: (ULP 5.1) Detected modulo operation(s). Recommend moving them to RAM during run time or not using as these are processing/power intensive
"../main.c", line 55: remark #1530-D: (ULP 5.1) Detected modulo operation(s). Recommend moving them to RAM during run time or not using as these are processing/power intensive
"../main.c", line 56: remark #1530-D: (ULP 5.1) Detected modulo operation(s). Recommend moving them to RAM during run time or not using as these are processing/power intensive
"../main.c", line 57: remark #1530-D: (ULP 5.1) Detected modulo operation(s). Recommend moving them to RAM during run time or not using as these are processing/power intensive
"../main.c", line 58: remark #1530-D: (ULP 5.1) Detected modulo operation(s). Recommend moving them to RAM during run time or not using as these are processing/power intensive
"../main.c", line 59: remark #1530-D: (ULP 5.1) Detected modulo operation(s). Recommend moving them to RAM during run time or not using as these are processing/power intensive
"../main.c", line 73: remark #1530-D: (ULP 5.1) Detected modulo operation(s). Recommend moving them to RAM during run time or not using as these are processing/power intensive
"../main.c", line 74: remark #1530-D: (ULP 5.1) Detected modulo operation(s). Recommend moving them to RAM during run time or not using as these are processing/power intensive
"../main.c", line 75: remark #1530-D: (ULP 5.1) Detected modulo operation(s). Recommend moving them to RAM during run time or not using as these are processing/power intensive
"../main.c", line 248: warning #112-D: statement is unreachable
"../main.c", line 211: remark #1527-D: (ULP 2.1) Detected SW delay loop using __delay_cycles. Recommend using a timer module instead
"../main.c", line 243: remark #1527-D: (ULP 2.1) Detected SW delay loop using __delay_cycles. Recommend using a timer module instead
"../main.c", line 211: remark #1527-D: (ULP 2.1) Detected SW delay loop using __delay_cycles. Recommend using a timer module instead
"../main.c", line 256: remark #1538-D: (ULP 10.1) ISR TIMER0_A0_ISR calls function time_increment_one_second. Recommend moving function call away from ISR, or inlining the function, or using pragmas
"../main.c", line 257: remark #1538-D: (ULP 10.1) ISR TIMER0_A0_ISR calls function lcd_update. Recommend moving function call away from ISR, or inlining the function, or using pragmas
'Finished building: "../main.c"'
 
'Building target: "lab_5.out"'
'Invoking: MSP430 Linker'
"C:/ti/ccsv7/tools/compiler/ti-cgt-msp430_16.9.6.LTS/bin/cl430" -vmspx --data_model=restricted --use_hw_mpy=F5 --advice:power=all --advice:hw_config=all --define=__MSP430FR6989__ --define=_MPU_ENABLE -g --printf_support=minimal --diag_warning=225 --diag_wrap=off --display_error_number --silicon_errata=CPU21 --silicon_errata=CPU22 --silicon_errata=CPU40 -z -m"lab_5.map" --heap_size=160 --stack_size=160 --cinit_hold_wdt=on -i"C:/ti/ccsv7/ccs_base/msp430/include" -i"C:/ti/ccsv7/ccs_base/msp430/lib/5xx_6xx_FRxx" -i"C:/ti/ccsv7/ccs_base/msp430/lib/FR59xx" -i"C:/ti/ccsv7/tools/compiler/ti-cgt-msp430_16.9.6.LTS/lib" -i"C:/ti/ccsv7/tools/compiler/ti-cgt-msp430_16.9.6.LTS/include" --priority --reread_libs --define=_MPU_ENABLE --diag_wrap=off --display_error_number --warn_sections --xml_link_info="lab_5_linkInfo.xml" --use_hw_mpy=F5 --rom_model -o "lab_5.out" "./main.obj" "../lnk_msp430fr6989.cmd"  -llibmpu_init.a -llibmath.a -llibc.a 
<Linking>
warning #10421-D: For FRAM devices running at higher than 8MHz, FRAM waitstate needs to be configured accordingly.
remark #10371-D: (ULP 1.1) Detected no uses of low power mode state changing instructions
remark #10372-D: (ULP 4.1) Detected uninitialized Port A in this project. Recommend initializing all unused ports to eliminate wasted current consumption on unused pins.
remark #10372-D: (ULP 4.1) Detected uninitialized Port B in this project. Recommend initializing all unused ports to eliminate wasted current consumption on unused pins.
remark #10372-D: (ULP 4.1) Detected uninitialized Port C in this project. Recommend initializing all unused ports to eliminate wasted current consumption on unused pins.
remark #10372-D: (ULP 4.1) Detected uninitialized Port D in this project. Recommend initializing all unused ports to eliminate wasted current consumption on unused pins.
remark #10372-D: (ULP 4.1) Detected uninitialized Port E in this project. Recommend initializing all unused ports to eliminate wasted current consumption on unused pins.
'Finished building target: "lab_5.out"'
 

**** Build Finished ****

**** Build of configuration Debug for project lab_5 ****

"C:\\ti\\ccsv7\\utils\\bin\\gmake" -k -j 24 all -O 
 
'Building file: "../main.c"'
'Invoking: MSP430 Compiler'
"C:/ti/ccsv7/tools/compiler/ti-cgt-msp430_16.9.6.LTS/bin/cl430" -vmspx --data_model=restricted --use_hw_mpy=F5 --include_path="C:/ti/ccsv7/ccs_base/msp430/include" --include_path="C:/Users/sudan/embedded-systems/lab_5" --include_path="C:/ti/ccsv7/tools/compiler/ti-cgt-msp430_16.9.6.LTS/include" --advice:power=all --advice:hw_config=all --define=__MSP430FR6989__ --define=_MPU_ENABLE -g --printf_support=minimal --diag_warning=225 --diag_wrap=off --display_error_number --silicon_errata=CPU21 --silicon_errata=CPU22 --silicon_errata=CPU40 --preproc_with_compile --preproc_dependency="main.d_raw"  "../main.c"
"../main.c", line 54: remark #1530-D: (ULP 5.1) Detected modulo operation(s). Recommend moving them to RAM during run time or not using as these are processing/power intensive
"../main.c", line 55: remark #1530-D: (ULP 5.1) Detected modulo operation(s). Recommend moving them to RAM during run time or not using as these are processing/power intensive
"../main.c", line 56: remark #1530-D: (ULP 5.1) Detected modulo operation(s). Recommend moving them to RAM during run time or not using as these are processing/power intensive
"../main.c", line 57: remark #1530-D: (ULP 5.1) Detected modulo operation(s). Recommend moving them to RAM during run time or not using as these are processing/power intensive
"../main.c", line 58: remark #1530-D: (ULP 5.1) Detected modulo operation(s). Recommend moving them to RAM during run time or not using as these are processing/power intensive
"../main.c", line 59: remark #1530-D: (ULP 5.1) Detected modulo operation(s). Recommend moving them to RAM during run time or not using as these are processing/power intensive
"../main.c", line 73: remark #1530-D: (ULP 5.1) Detected modulo operation(s). Recommend moving them to RAM during run time or not using as these are processing/power intensive
"../main.c", line 74: remark #1530-D: (ULP 5.1) Detected modulo operation(s). Recommend moving them to RAM during run time or not using as these are processing/power intensive
"../main.c", line 75: remark #1530-D: (ULP 5.1) Detected modulo operation(s). Recommend moving them to RAM during run time or not using as these are processing/power intensive
"../main.c", line 248: warning #112-D: statement is unreachable
"../main.c", line 211: remark #1527-D: (ULP 2.1) Detected SW delay loop using __delay_cycles. Recommend using a timer module instead
"../main.c", line 243: remark #1527-D: (ULP 2.1) Detected SW delay loop using __delay_cycles. Recommend using a timer module instead
"../main.c", line 211: remark #1527-D: (ULP 2.1) Detected SW delay loop using __delay_cycles. Recommend using a timer module instead
"../main.c", line 256: remark #1538-D: (ULP 10.1) ISR TIMER0_A0_ISR calls function time_increment_one_second. Recommend moving function call away from ISR, or inlining the function, or using pragmas
"../main.c", line 257: remark #1538-D: (ULP 10.1) ISR TIMER0_A0_ISR calls function lcd_update. Recommend moving function call away from ISR, or inlining the function, or using pragmas
'Finished building: "../main.c"'
 
'Building target: "lab_5.out"'
'Invoking: MSP430 Linker'
"C:/ti/ccsv7/tools/compiler/ti-cgt-msp430_16.9.6.LTS/bin/cl430" -vmspx --data_model=restricted --use_hw_mpy=F5 --advice:power=all --advice:hw_config=all --define=__MSP430FR6989__ --define=_MPU_ENABLE -g --printf_support=minimal --diag_warning=225 --diag_wrap=off --display_error_number --silicon_errata=CPU21 --silicon_errata=CPU22 --silicon_errata=CPU40 -z -m"lab_5.map" --heap_size=160 --stack_size=160 --cinit_hold_wdt=on -i"C:/ti/ccsv7/ccs_base/msp430/include" -i"C:/ti/ccsv7/ccs_base/msp430/lib/5xx_6xx_FRxx" -i"C:/ti/ccsv7/ccs_base/msp430/lib/FR59xx" -i"C:/ti/ccsv7/tools/compiler/ti-cgt-msp430_16.9.6.LTS/lib" -i"C:/ti/ccsv7/tools/compiler/ti-cgt-msp430_16.9.6.LTS/include" --priority --reread_libs --define=_MPU_ENABLE --diag_wrap=off --display_error_number --warn_sections --xml_link_info="lab_5_linkInfo.xml" --use_hw_mpy=F5 --rom_model -o "lab_5.out" "./main.obj" "../lnk_msp430fr6989.cmd"  -llibmpu_init.a -llibmath.a -llibc.a 
<Linking>
warning #10421-D: For FRAM devices running at higher than 8MHz, FRAM waitstate needs to be configured accordingly.
remark #10371-D: (ULP 1.1) Detected no uses of low power mode state changing instructions
remark #10372-D: (ULP 4.1) Detected uninitialized Port A in this project. Recommend initializing all unused ports to eliminate wasted current consumption on unused pins.
remark #10372-D: (ULP 4.1) Detected uninitialized Port B in this project. Recommend initializing all unused ports to eliminate wasted current consumption on unused pins.
remark #10372-D: (ULP 4.1) Detected uninitialized Port C in this project. Recommend initializing all unused ports to eliminate wasted current consumption on unused pins.
remark #10372-D: (ULP 4.1) Detected uninitialized Port D in this project. Recommend initializing all unused ports to eliminate wasted current consumption on unused pins.
remark #10372-D: (ULP 4.1) Detected uninitialized Port E in this project. Recommend initializing all unused ports to eliminate wasted current consumption on unused pins.
'Finished building target: "lab_5.out"'
 

**** Build Finished ****

**** Build of configuration Debug for project lab_5 ****

"C:\\ti\\ccsv7\\utils\\bin\\gmake" -k -j 24 all -O 
 
'Building file: "../main.c"'
'Invoking: MSP430 Compiler'
"C:/ti/ccsv7/tools/compiler/ti-cgt-msp430_16.9.6.LTS/bin/cl430" -vmspx --data_model=restricted --use_hw_mpy=F5 --include_path="C:/ti/ccsv7/ccs_base/msp430/include" --include_path="C:/Users/sudan/embedded-systems/lab_5" --include_path="C:/ti/ccsv7/tools/compiler/ti-cgt-msp430_16.9.6.LTS/include" --advice:power=all --advice:hw_config=all --define=__MSP430FR6989__ --define=_MPU_ENABLE -g --printf_support=minimal --diag_warning=225 --diag_wrap=off --display_error_number --silicon_errata=CPU21 --silicon_errata=CPU22 --silicon_errata=CPU40 --preproc_with_compile --preproc_dependency="main.d_raw"  "../main.c"
"../main.c", line 54: remark #1530-D: (ULP 5.1) Detected modulo operation(s). Recommend moving them to RAM during run time or not using as these are processing/power intensive
"../main.c", line 55: remark #1530-D: (ULP 5.1) Detected modulo operation(s). Recommend moving them to RAM during run time or not using as these are processing/power intensive
"../main.c", line 56: remark #1530-D: (ULP 5.1) Detected modulo operation(s). Recommend moving them to RAM during run time or not using as these are processing/power intensive
"../main.c", line 57: remark #1530-D: (ULP 5.1) Detected modulo operation(s). Recommend moving them to RAM during run time or not using as these are processing/power intensive
"../main.c", line 58: remark #1530-D: (ULP 5.1) Detected modulo operation(s). Recommend moving them to RAM during run time or not using as these are processing/power intensive
"../main.c", line 59: remark #1530-D: (ULP 5.1) Detected modulo operation(s). Recommend moving them to RAM during run time or not using as these are processing/power intensive
"../main.c", line 73: remark #1530-D: (ULP 5.1) Detected modulo operation(s). Recommend moving them to RAM during run time or not using as these are processing/power intensive
"../main.c", line 74: remark #1530-D: (ULP 5.1) Detected modulo operation(s). Recommend moving them to RAM during run time or not using as these are processing/power intensive
"../main.c", line 75: remark #1530-D: (ULP 5.1) Detected modulo operation(s). Recommend moving them to RAM during run time or not using as these are processing/power intensive
"../main.c", line 274: warning #112-D: statement is unreachable
"../main.c", line 237: remark #1527-D: (ULP 2.1) Detected SW delay loop using __delay_cycles. Recommend using a timer module instead
"../main.c", line 269: remark #1527-D: (ULP 2.1) Detected SW delay loop using __delay_cycles. Recommend using a timer module instead
"../main.c", line 237: remark #1527-D: (ULP 2.1) Detected SW delay loop using __delay_cycles. Recommend using a timer module instead
"../main.c", line 282: remark #1538-D: (ULP 10.1) ISR TIMER0_A0_ISR calls function time_increment_one_second. Recommend moving function call away from ISR, or inlining the function, or using pragmas
"../main.c", line 283: remark #1538-D: (ULP 10.1) ISR TIMER0_A0_ISR calls function lcd_update. Recommend moving function call away from ISR, or inlining the function, or using pragmas
'Finished building: "../main.c"'
 
'Building target: "lab_5.out"'
'Invoking: MSP430 Linker'
"C:/ti/ccsv7/tools/compiler/ti-cgt-msp430_16.9.6.LTS/bin/cl430" -vmspx --data_model=restricted --use_hw_mpy=F5 --advice:power=all --advice:hw_config=all --define=__MSP430FR6989__ --define=_MPU_ENABLE -g --printf_support=minimal --diag_warning=225 --diag_wrap=off --display_error_number --silicon_errata=CPU21 --silicon_errata=CPU22 --silicon_errata=CPU40 -z -m"lab_5.map" --heap_size=160 --stack_size=160 --cinit_hold_wdt=on -i"C:/ti/ccsv7/ccs_base/msp430/include" -i"C:/ti/ccsv7/ccs_base/msp430/lib/5xx_6xx_FRxx" -i"C:/ti/ccsv7/ccs_base/msp430/lib/FR59xx" -i"C:/ti/ccsv7/tools/compiler/ti-cgt-msp430_16.9.6.LTS/lib" -i"C:/ti/ccsv7/tools/compiler/ti-cgt-msp430_16.9.6.LTS/include" --priority --reread_libs --define=_MPU_ENABLE --diag_wrap=off --display_error_number --warn_sections --xml_link_info="lab_5_linkInfo.xml" --use_hw_mpy=F5 --rom_model -o "lab_5.out" "./main.obj" "../lnk_msp430fr6989.cmd"  -llibmpu_init.a -llibmath.a -llibc.a 
<Linking>
warning #10421-D: For FRAM devices running at higher than 8MHz, FRAM waitstate needs to be configured accordingly.
remark #10371-D: (ULP 1.1) Detected no uses of low power mode state changing instructions
remark #10372-D: (ULP 4.1) Detected uninitialized Port A in this project. Recommend initializing all unused ports to eliminate wasted current consumption on unused pins.
remark #10372-D: (ULP 4.1) Detected uninitialized Port B in this project. Recommend initializing all unused ports to eliminate wasted current consumption on unused pins.
remark #10372-D: (ULP 4.1) Detected uninitialized Port C in this project. Recommend initializing all unused ports to eliminate wasted current consumption on unused pins.
remark #10372-D: (ULP 4.1) Detected uninitialized Port D in this project. Recommend initializing all unused ports to eliminate wasted current consumption on unused pins.
remark #10372-D: (ULP 4.1) Detected uninitialized Port E in this project. Recommend initializing all unused ports to eliminate wasted current consumption on unused pins.
'Finished building target: "lab_5.out"'
 

**** Build Finished ****

**** Build of configuration Debug for project lab_5 ****

"C:\\ti\\ccsv7\\utils\\bin\\gmake" -k -j 24 all -O 
 
'Building file: "../main.c"'
'Invoking: MSP430 Compiler'
"C:/ti/ccsv7/tools/compiler/ti-cgt-msp430_16.9.6.LTS/bin/cl430" -vmspx --data_model=restricted --use_hw_mpy=F5 --include_path="C:/ti/ccsv7/ccs_base/msp430/include" --include_path="C:/Users/sudan/embedded-systems/lab_5" --include_path="C:/ti/ccsv7/tools/compiler/ti-cgt-msp430_16.9.6.LTS/include" --advice:power=all --advice:hw_config=all --define=__MSP430FR6989__ --define=_MPU_ENABLE -g --printf_support=minimal --diag_warning=225 --diag_wrap=off --display_error_number --silicon_errata=CPU21 --silicon_errata=CPU22 --silicon_errata=CPU40 --preproc_with_compile --preproc_dependency="main.d_raw"  "../main.c"
"../main.c", line 54: remark #1530-D: (ULP 5.1) Detected modulo operation(s). Recommend moving them to RAM during run time or not using as these are processing/power intensive
"../main.c", line 55: remark #1530-D: (ULP 5.1) Detected modulo operation(s). Recommend moving them to RAM during run time or not using as these are processing/power intensive
"../main.c", line 56: remark #1530-D: (ULP 5.1) Detected modulo operation(s). Recommend moving them to RAM during run time or not using as these are processing/power intensive
"../main.c", line 57: remark #1530-D: (ULP 5.1) Detected modulo operation(s). Recommend moving them to RAM during run time or not using as these are processing/power intensive
"../main.c", line 58: remark #1530-D: (ULP 5.1) Detected modulo operation(s). Recommend moving them to RAM during run time or not using as these are processing/power intensive
"../main.c", line 59: remark #1530-D: (ULP 5.1) Detected modulo operation(s). Recommend moving them to RAM during run time or not using as these are processing/power intensive
"../main.c", line 73: remark #1530-D: (ULP 5.1) Detected modulo operation(s). Recommend moving them to RAM during run time or not using as these are processing/power intensive
"../main.c", line 74: remark #1530-D: (ULP 5.1) Detected modulo operation(s). Recommend moving them to RAM during run time or not using as these are processing/power intensive
"../main.c", line 75: remark #1530-D: (ULP 5.1) Detected modulo operation(s). Recommend moving them to RAM during run time or not using as these are processing/power intensive
"../main.c", line 254: warning #112-D: statement is unreachable
"../main.c", line 217: remark #1527-D: (ULP 2.1) Detected SW delay loop using __delay_cycles. Recommend using a timer module instead
"../main.c", line 249: remark #1527-D: (ULP 2.1) Detected SW delay loop using __delay_cycles. Recommend using a timer module instead
"../main.c", line 217: remark #1527-D: (ULP 2.1) Detected SW delay loop using __delay_cycles. Recommend using a timer module instead
"../main.c", line 262: remark #1538-D: (ULP 10.1) ISR TIMER0_A0_ISR calls function time_increment_one_second. Recommend moving function call away from ISR, or inlining the function, or using pragmas
"../main.c", line 263: remark #1538-D: (ULP 10.1) ISR TIMER0_A0_ISR calls function lcd_update. Recommend moving function call away from ISR, or inlining the function, or using pragmas
'Finished building: "../main.c"'
 
'Building target: "lab_5.out"'
'Invoking: MSP430 Linker'
"C:/ti/ccsv7/tools/compiler/ti-cgt-msp430_16.9.6.LTS/bin/cl430" -vmspx --data_model=restricted --use_hw_mpy=F5 --advice:power=all --advice:hw_config=all --define=__MSP430FR6989__ --define=_MPU_ENABLE -g --printf_support=minimal --diag_warning=225 --diag_wrap=off --display_error_number --silicon_errata=CPU21 --silicon_errata=CPU22 --silicon_errata=CPU40 -z -m"lab_5.map" --heap_size=160 --stack_size=160 --cinit_hold_wdt=on -i"C:/ti/ccsv7/ccs_base/msp430/include" -i"C:/ti/ccsv7/ccs_base/msp430/lib/5xx_6xx_FRxx" -i"C:/ti/ccsv7/ccs_base/msp430/lib/FR59xx" -i"C:/ti/ccsv7/tools/compiler/ti-cgt-msp430_16.9.6.LTS/lib" -i"C:/ti/ccsv7/tools/compiler/ti-cgt-msp430_16.9.6.LTS/include" --priority --reread_libs --define=_MPU_ENABLE --diag_wrap=off --display_error_number --warn_sections --xml_link_info="lab_5_linkInfo.xml" --use_hw_mpy=F5 --rom_model -o "lab_5.out" "./main.obj" "../lnk_msp430fr6989.cmd"  -llibmpu_init.a -llibmath.a -llibc.a 
<Linking>
warning #10421-D: For FRAM devices running at higher than 8MHz, FRAM waitstate needs to be configured accordingly.
remark #10371-D: (ULP 1.1) Detected no uses of low power mode state changing instructions
remark #10372-D: (ULP 4.1) Detected uninitialized Port A in this project. Recommend initializing all unused ports to eliminate wasted current consumption on unused pins.
remark #10372-D: (ULP 4.1) Detected uninitialized Port B in this project. Recommend initializing all unused ports to eliminate wasted current consumption on unused pins.
remark #10372-D: (ULP 4.1) Detected uninitialized Port C in this project. Recommend initializing all unused ports to eliminate wasted current consumption on unused pins.
remark #10372-D: (ULP 4.1) Detected uninitialized Port D in this project. Recommend initializing all unused ports to eliminate wasted current consumption on unused pins.
remark #10372-D: (ULP 4.1) Detected uninitialized Port E in this project. Recommend initializing all unused ports to eliminate wasted current consumption on unused pins.
'Finished building target: "lab_5.out"'
 

**** Build Finished ****

**** Build of configuration Debug for project lab_5 ****

"C:\\ti\\ccsv7\\utils\\bin\\gmake" -k -j 24 all -O 
 
'Building file: "../main.c"'
'Invoking: MSP430 Compiler'
"C:/ti/ccsv7/tools/compiler/ti-cgt-msp430_16.9.6.LTS/bin/cl430" -vmspx --data_model=restricted --use_hw_mpy=F5 --include_path="C:/ti/ccsv7/ccs_base/msp430/include" --include_path="C:/Users/sudan/embedded-systems/lab_5" --include_path="C:/ti/ccsv7/tools/compiler/ti-cgt-msp430_16.9.6.LTS/include" --advice:power=all --advice:hw_config=all --define=__MSP430FR6989__ --define=_MPU_ENABLE -g --printf_support=minimal --diag_warning=225 --diag_wrap=off --display_error_number --silicon_errata=CPU21 --silicon_errata=CPU22 --silicon_errata=CPU40 --preproc_with_compile --preproc_dependency="main.d_raw"  "../main.c"
"../main.c", line 54: remark #1530-D: (ULP 5.1) Detected modulo operation(s). Recommend moving them to RAM during run time or not using as these are processing/power intensive
"../main.c", line 55: remark #1530-D: (ULP 5.1) Detected modulo operation(s). Recommend moving them to RAM during run time or not using as these are processing/power intensive
"../main.c", line 56: remark #1530-D: (ULP 5.1) Detected modulo operation(s). Recommend moving them to RAM during run time or not using as these are processing/power intensive
"../main.c", line 57: remark #1530-D: (ULP 5.1) Detected modulo operation(s). Recommend moving them to RAM during run time or not using as these are processing/power intensive
"../main.c", line 58: remark #1530-D: (ULP 5.1) Detected modulo operation(s). Recommend moving them to RAM during run time or not using as these are processing/power intensive
"../main.c", line 59: remark #1530-D: (ULP 5.1) Detected modulo operation(s). Recommend moving them to RAM during run time or not using as these are processing/power intensive
"../main.c", line 73: remark #1530-D: (ULP 5.1) Detected modulo operation(s). Recommend moving them to RAM during run time or not using as these are processing/power intensive
"../main.c", line 74: remark #1530-D: (ULP 5.1) Detected modulo operation(s). Recommend moving them to RAM during run time or not using as these are processing/power intensive
"../main.c", line 75: remark #1530-D: (ULP 5.1) Detected modulo operation(s). Recommend moving them to RAM during run time or not using as these are processing/power intensive
"../main.c", line 256: warning #112-D: statement is unreachable
"../main.c", line 219: remark #1527-D: (ULP 2.1) Detected SW delay loop using __delay_cycles. Recommend using a timer module instead
"../main.c", line 251: remark #1527-D: (ULP 2.1) Detected SW delay loop using __delay_cycles. Recommend using a timer module instead
"../main.c", line 219: remark #1527-D: (ULP 2.1) Detected SW delay loop using __delay_cycles. Recommend using a timer module instead
"../main.c", line 264: remark #1538-D: (ULP 10.1) ISR TIMER0_A0_ISR calls function time_increment_one_second. Recommend moving function call away from ISR, or inlining the function, or using pragmas
"../main.c", line 265: remark #1538-D: (ULP 10.1) ISR TIMER0_A0_ISR calls function lcd_update. Recommend moving function call away from ISR, or inlining the function, or using pragmas
'Finished building: "../main.c"'
 
'Building target: "lab_5.out"'
'Invoking: MSP430 Linker'
"C:/ti/ccsv7/tools/compiler/ti-cgt-msp430_16.9.6.LTS/bin/cl430" -vmspx --data_model=restricted --use_hw_mpy=F5 --advice:power=all --advice:hw_config=all --define=__MSP430FR6989__ --define=_MPU_ENABLE -g --printf_support=minimal --diag_warning=225 --diag_wrap=off --display_error_number --silicon_errata=CPU21 --silicon_errata=CPU22 --silicon_errata=CPU40 -z -m"lab_5.map" --heap_size=160 --stack_size=160 --cinit_hold_wdt=on -i"C:/ti/ccsv7/ccs_base/msp430/include" -i"C:/ti/ccsv7/ccs_base/msp430/lib/5xx_6xx_FRxx" -i"C:/ti/ccsv7/ccs_base/msp430/lib/FR59xx" -i"C:/ti/ccsv7/tools/compiler/ti-cgt-msp430_16.9.6.LTS/lib" -i"C:/ti/ccsv7/tools/compiler/ti-cgt-msp430_16.9.6.LTS/include" --priority --reread_libs --define=_MPU_ENABLE --diag_wrap=off --display_error_number --warn_sections --xml_link_info="lab_5_linkInfo.xml" --use_hw_mpy=F5 --rom_model -o "lab_5.out" "./main.obj" "../lnk_msp430fr6989.cmd"  -llibmpu_init.a -llibmath.a -llibc.a 
<Linking>
warning #10421-D: For FRAM devices running at higher than 8MHz, FRAM waitstate needs to be configured accordingly.
remark #10371-D: (ULP 1.1) Detected no uses of low power mode state changing instructions
remark #10372-D: (ULP 4.1) Detected uninitialized Port A in this project. Recommend initializing all unused ports to eliminate wasted current consumption on unused pins.
remark #10372-D: (ULP 4.1) Detected uninitialized Port B in this project. Recommend initializing all unused ports to eliminate wasted current consumption on unused pins.
remark #10372-D: (ULP 4.1) Detected uninitialized Port C in this project. Recommend initializing all unused ports to eliminate wasted current consumption on unused pins.
remark #10372-D: (ULP 4.1) Detected uninitialized Port D in this project. Recommend initializing all unused ports to eliminate wasted current consumption on unused pins.
remark #10372-D: (ULP 4.1) Detected uninitialized Port E in this project. Recommend initializing all unused ports to eliminate wasted current consumption on unused pins.
'Finished building target: "lab_5.out"'
 

**** Build Finished ****

**** Build of configuration Debug for project lab_5 ****

"C:\\ti\\ccsv7\\utils\\bin\\gmake" -k -j 24 all -O 
 
'Building file: "../main.c"'
'Invoking: MSP430 Compiler'
"C:/ti/ccsv7/tools/compiler/ti-cgt-msp430_16.9.6.LTS/bin/cl430" -vmspx --data_model=restricted --use_hw_mpy=F5 --include_path="C:/ti/ccsv7/ccs_base/msp430/include" --include_path="C:/Users/sudan/embedded-systems/lab_5" --include_path="C:/ti/ccsv7/tools/compiler/ti-cgt-msp430_16.9.6.LTS/include" --advice:power=all --advice:hw_config=all --define=__MSP430FR6989__ --define=_MPU_ENABLE -g --printf_support=minimal --diag_warning=225 --diag_wrap=off --display_error_number --silicon_errata=CPU21 --silicon_errata=CPU22 --silicon_errata=CPU40 --preproc_with_compile --preproc_dependency="main.d_raw"  "../main.c"
"../main.c", line 54: remark #1530-D: (ULP 5.1) Detected modulo operation(s). Recommend moving them to RAM during run time or not using as these are processing/power intensive
"../main.c", line 55: remark #1530-D: (ULP 5.1) Detected modulo operation(s). Recommend moving them to RAM during run time or not using as these are processing/power intensive
"../main.c", line 56: remark #1530-D: (ULP 5.1) Detected modulo operation(s). Recommend moving them to RAM during run time or not using as these are processing/power intensive
"../main.c", line 57: remark #1530-D: (ULP 5.1) Detected modulo operation(s). Recommend moving them to RAM during run time or not using as these are processing/power intensive
"../main.c", line 58: remark #1530-D: (ULP 5.1) Detected modulo operation(s). Recommend moving them to RAM during run time or not using as these are processing/power intensive
"../main.c", line 59: remark #1530-D: (ULP 5.1) Detected modulo operation(s). Recommend moving them to RAM during run time or not using as these are processing/power intensive
"../main.c", line 73: remark #1530-D: (ULP 5.1) Detected modulo operation(s). Recommend moving them to RAM during run time or not using as these are processing/power intensive
"../main.c", line 74: remark #1530-D: (ULP 5.1) Detected modulo operation(s). Recommend moving them to RAM during run time or not using as these are processing/power intensive
"../main.c", line 75: remark #1530-D: (ULP 5.1) Detected modulo operation(s). Recommend moving them to RAM during run time or not using as these are processing/power intensive
"../main.c", line 256: warning #112-D: statement is unreachable
"../main.c", line 219: remark #1527-D: (ULP 2.1) Detected SW delay loop using __delay_cycles. Recommend using a timer module instead
"../main.c", line 251: remark #1527-D: (ULP 2.1) Detected SW delay loop using __delay_cycles. Recommend using a timer module instead
"../main.c", line 219: remark #1527-D: (ULP 2.1) Detected SW delay loop using __delay_cycles. Recommend using a timer module instead
"../main.c", line 264: remark #1538-D: (ULP 10.1) ISR TIMER0_A0_ISR calls function time_increment_one_second. Recommend moving function call away from ISR, or inlining the function, or using pragmas
"../main.c", line 265: remark #1538-D: (ULP 10.1) ISR TIMER0_A0_ISR calls function lcd_update. Recommend moving function call away from ISR, or inlining the function, or using pragmas
'Finished building: "../main.c"'
 
'Building target: "lab_5.out"'
'Invoking: MSP430 Linker'
"C:/ti/ccsv7/tools/compiler/ti-cgt-msp430_16.9.6.LTS/bin/cl430" -vmspx --data_model=restricted --use_hw_mpy=F5 --advice:power=all --advice:hw_config=all --define=__MSP430FR6989__ --define=_MPU_ENABLE -g --printf_support=minimal --diag_warning=225 --diag_wrap=off --display_error_number --silicon_errata=CPU21 --silicon_errata=CPU22 --silicon_errata=CPU40 -z -m"lab_5.map" --heap_size=160 --stack_size=160 --cinit_hold_wdt=on -i"C:/ti/ccsv7/ccs_base/msp430/include" -i"C:/ti/ccsv7/ccs_base/msp430/lib/5xx_6xx_FRxx" -i"C:/ti/ccsv7/ccs_base/msp430/lib/FR59xx" -i"C:/ti/ccsv7/tools/compiler/ti-cgt-msp430_16.9.6.LTS/lib" -i"C:/ti/ccsv7/tools/compiler/ti-cgt-msp430_16.9.6.LTS/include" --priority --reread_libs --define=_MPU_ENABLE --diag_wrap=off --display_error_number --warn_sections --xml_link_info="lab_5_linkInfo.xml" --use_hw_mpy=F5 --rom_model -o "lab_5.out" "./main.obj" "../lnk_msp430fr6989.cmd"  -llibmpu_init.a -llibmath.a -llibc.a 
<Linking>
warning #10421-D: For FRAM devices running at higher than 8MHz, FRAM waitstate needs to be configured accordingly.
remark #10371-D: (ULP 1.1) Detected no uses of low power mode state changing instructions
remark #10372-D: (ULP 4.1) Detected uninitialized Port A in this project. Recommend initializing all unused ports to eliminate wasted current consumption on unused pins.
remark #10372-D: (ULP 4.1) Detected uninitialized Port B in this project. Recommend initializing all unused ports to eliminate wasted current consumption on unused pins.
remark #10372-D: (ULP 4.1) Detected uninitialized Port C in this project. Recommend initializing all unused ports to eliminate wasted current consumption on unused pins.
remark #10372-D: (ULP 4.1) Detected uninitialized Port D in this project. Recommend initializing all unused ports to eliminate wasted current consumption on unused pins.
remark #10372-D: (ULP 4.1) Detected uninitialized Port E in this project. Recommend initializing all unused ports to eliminate wasted current consumption on unused pins.
'Finished building target: "lab_5.out"'
 

**** Build Finished ****

**** Build of configuration Debug for project lab_5 ****

"C:\\ti\\ccsv7\\utils\\bin\\gmake" -k -j 24 all -O 
 
'Building file: "../main.c"'
'Invoking: MSP430 Compiler'
"C:/ti/ccsv7/tools/compiler/ti-cgt-msp430_16.9.6.LTS/bin/cl430" -vmspx --data_model=restricted --use_hw_mpy=F5 --include_path="C:/ti/ccsv7/ccs_base/msp430/include" --include_path="C:/Users/sudan/embedded-systems/lab_5" --include_path="C:/ti/ccsv7/tools/compiler/ti-cgt-msp430_16.9.6.LTS/include" --advice:power=all --advice:hw_config=all --define=__MSP430FR6989__ --define=_MPU_ENABLE -g --printf_support=minimal --diag_warning=225 --diag_wrap=off --display_error_number --silicon_errata=CPU21 --silicon_errata=CPU22 --silicon_errata=CPU40 --preproc_with_compile --preproc_dependency="main.d_raw"  "../main.c"
"../main.c", line 54: remark #1530-D: (ULP 5.1) Detected modulo operation(s). Recommend moving them to RAM during run time or not using as these are processing/power intensive
"../main.c", line 55: remark #1530-D: (ULP 5.1) Detected modulo operation(s). Recommend moving them to RAM during run time or not using as these are processing/power intensive
"../main.c", line 56: remark #1530-D: (ULP 5.1) Detected modulo operation(s). Recommend moving them to RAM during run time or not using as these are processing/power intensive
"../main.c", line 57: remark #1530-D: (ULP 5.1) Detected modulo operation(s). Recommend moving them to RAM during run time or not using as these are processing/power intensive
"../main.c", line 58: remark #1530-D: (ULP 5.1) Detected modulo operation(s). Recommend moving them to RAM during run time or not using as these are processing/power intensive
"../main.c", line 59: remark #1530-D: (ULP 5.1) Detected modulo operation(s). Recommend moving them to RAM during run time or not using as these are processing/power intensive
"../main.c", line 73: remark #1530-D: (ULP 5.1) Detected modulo operation(s). Recommend moving them to RAM during run time or not using as these are processing/power intensive
"../main.c", line 74: remark #1530-D: (ULP 5.1) Detected modulo operation(s). Recommend moving them to RAM during run time or not using as these are processing/power intensive
"../main.c", line 75: remark #1530-D: (ULP 5.1) Detected modulo operation(s). Recommend moving them to RAM during run time or not using as these are processing/power intensive
"../main.c", line 256: warning #112-D: statement is unreachable
"../main.c", line 219: remark #1527-D: (ULP 2.1) Detected SW delay loop using __delay_cycles. Recommend using a timer module instead
"../main.c", line 251: remark #1527-D: (ULP 2.1) Detected SW delay loop using __delay_cycles. Recommend using a timer module instead
"../main.c", line 219: remark #1527-D: (ULP 2.1) Detected SW delay loop using __delay_cycles. Recommend using a timer module instead
"../main.c", line 264: remark #1538-D: (ULP 10.1) ISR TIMER0_A0_ISR calls function time_increment_one_second. Recommend moving function call away from ISR, or inlining the function, or using pragmas
"../main.c", line 265: remark #1538-D: (ULP 10.1) ISR TIMER0_A0_ISR calls function lcd_update. Recommend moving function call away from ISR, or inlining the function, or using pragmas
'Finished building: "../main.c"'
 
'Building target: "lab_5.out"'
'Invoking: MSP430 Linker'
"C:/ti/ccsv7/tools/compiler/ti-cgt-msp430_16.9.6.LTS/bin/cl430" -vmspx --data_model=restricted --use_hw_mpy=F5 --advice:power=all --advice:hw_config=all --define=__MSP430FR6989__ --define=_MPU_ENABLE -g --printf_support=minimal --diag_warning=225 --diag_wrap=off --display_error_number --silicon_errata=CPU21 --silicon_errata=CPU22 --silicon_errata=CPU40 -z -m"lab_5.map" --heap_size=160 --stack_size=160 --cinit_hold_wdt=on -i"C:/ti/ccsv7/ccs_base/msp430/include" -i"C:/ti/ccsv7/ccs_base/msp430/lib/5xx_6xx_FRxx" -i"C:/ti/ccsv7/ccs_base/msp430/lib/FR59xx" -i"C:/ti/ccsv7/tools/compiler/ti-cgt-msp430_16.9.6.LTS/lib" -i"C:/ti/ccsv7/tools/compiler/ti-cgt-msp430_16.9.6.LTS/include" --priority --reread_libs --define=_MPU_ENABLE --diag_wrap=off --display_error_number --warn_sections --xml_link_info="lab_5_linkInfo.xml" --use_hw_mpy=F5 --rom_model -o "lab_5.out" "./main.obj" "../lnk_msp430fr6989.cmd"  -llibmpu_init.a -llibmath.a -llibc.a 
<Linking>
warning #10421-D: For FRAM devices running at higher than 8MHz, FRAM waitstate needs to be configured accordingly.
remark #10371-D: (ULP 1.1) Detected no uses of low power mode state changing instructions
remark #10372-D: (ULP 4.1) Detected uninitialized Port A in this project. Recommend initializing all unused ports to eliminate wasted current consumption on unused pins.
remark #10372-D: (ULP 4.1) Detected uninitialized Port B in this project. Recommend initializing all unused ports to eliminate wasted current consumption on unused pins.
remark #10372-D: (ULP 4.1) Detected uninitialized Port C in this project. Recommend initializing all unused ports to eliminate wasted current consumption on unused pins.
remark #10372-D: (ULP 4.1) Detected uninitialized Port D in this project. Recommend initializing all unused ports to eliminate wasted current consumption on unused pins.
remark #10372-D: (ULP 4.1) Detected uninitialized Port E in this project. Recommend initializing all unused ports to eliminate wasted current consumption on unused pins.
'Finished building target: "lab_5.out"'
 

**** Build Finished ****

**** Build of configuration Debug for project lab_5 ****

"C:\\ti\\ccsv7\\utils\\bin\\gmake" -k -j 24 all -O 
 
'Building file: "../main.c"'
'Invoking: MSP430 Compiler'
"C:/ti/ccsv7/tools/compiler/ti-cgt-msp430_16.9.6.LTS/bin/cl430" -vmspx --data_model=restricted --use_hw_mpy=F5 --include_path="C:/ti/ccsv7/ccs_base/msp430/include" --include_path="C:/Users/sudan/embedded-systems/lab_5" --include_path="C:/ti/ccsv7/tools/compiler/ti-cgt-msp430_16.9.6.LTS/include" --advice:power=all --advice:hw_config=all --define=__MSP430FR6989__ --define=_MPU_ENABLE -g --printf_support=minimal --diag_warning=225 --diag_wrap=off --display_error_number --silicon_errata=CPU21 --silicon_errata=CPU22 --silicon_errata=CPU40 --preproc_with_compile --preproc_dependency="main.d_raw"  "../main.c"

>> Compilation failure
subdir_rules.mk:9: recipe for target 'main.obj' failed
"../main.c", line 53: remark #1530-D: (ULP 5.1) Detected modulo operation(s). Recommend moving them to RAM during run time or not using as these are processing/power intensive
"../main.c", line 54: remark #1530-D: (ULP 5.1) Detected modulo operation(s). Recommend moving them to RAM during run time or not using as these are processing/power intensive
"../main.c", line 55: remark #1530-D: (ULP 5.1) Detected modulo operation(s). Recommend moving them to RAM during run time or not using as these are processing/power intensive
"../main.c", line 56: remark #1530-D: (ULP 5.1) Detected modulo operation(s). Recommend moving them to RAM during run time or not using as these are processing/power intensive
"../main.c", line 57: remark #1530-D: (ULP 5.1) Detected modulo operation(s). Recommend moving them to RAM during run time or not using as these are processing/power intensive
"../main.c", line 58: remark #1530-D: (ULP 5.1) Detected modulo operation(s). Recommend moving them to RAM during run time or not using as these are processing/power intensive
"../main.c", line 72: remark #1530-D: (ULP 5.1) Detected modulo operation(s). Recommend moving them to RAM during run time or not using as these are processing/power intensive
"../main.c", line 73: remark #1530-D: (ULP 5.1) Detected modulo operation(s). Recommend moving them to RAM during run time or not using as these are processing/power intensive
"../main.c", line 74: remark #1530-D: (ULP 5.1) Detected modulo operation(s). Recommend moving them to RAM during run time or not using as these are processing/power intensive
"../main.c", line 213: error #20: identifier "colon_on" is undefined
"../main.c", line 244: warning #112-D: statement is unreachable
"../main.c", line 207: remark #1527-D: (ULP 2.1) Detected SW delay loop using __delay_cycles. Recommend using a timer module instead
"../main.c", line 239: remark #1527-D: (ULP 2.1) Detected SW delay loop using __delay_cycles. Recommend using a timer module instead
"../main.c", line 207: remark #1527-D: (ULP 2.1) Detected SW delay loop using __delay_cycles. Recommend using a timer module instead
"../main.c", line 252: remark #1538-D: (ULP 10.1) ISR TIMER0_A0_ISR calls function time_increment_one_second. Recommend moving function call away from ISR, or inlining the function, or using pragmas
"../main.c", line 253: remark #1538-D: (ULP 10.1) ISR TIMER0_A0_ISR calls function lcd_update. Recommend moving function call away from ISR, or inlining the function, or using pragmas
1 error detected in the compilation of "../main.c".
gmake: *** [main.obj] Error 1
gmake: Target 'all' not remade because of errors.

**** Build Finished ****

**** Build of configuration Debug for project lab_5 ****

"C:\\ti\\ccsv7\\utils\\bin\\gmake" -k -j 24 all -O 
 
'Building file: "../main.c"'
'Invoking: MSP430 Compiler'
"C:/ti/ccsv7/tools/compiler/ti-cgt-msp430_16.9.6.LTS/bin/cl430" -vmspx --data_model=restricted --use_hw_mpy=F5 --include_path="C:/ti/ccsv7/ccs_base/msp430/include" --include_path="C:/Users/sudan/embedded-systems/lab_5" --include_path="C:/ti/ccsv7/tools/compiler/ti-cgt-msp430_16.9.6.LTS/include" --advice:power=all --advice:hw_config=all --define=__MSP430FR6989__ --define=_MPU_ENABLE -g --printf_support=minimal --diag_warning=225 --diag_wrap=off --display_error_number --silicon_errata=CPU21 --silicon_errata=CPU22 --silicon_errata=CPU40 --preproc_with_compile --preproc_dependency="main.d_raw"  "../main.c"
"../main.c", line 53: remark #1530-D: (ULP 5.1) Detected modulo operation(s). Recommend moving them to RAM during run time or not using as these are processing/power intensive
"../main.c", line 54: remark #1530-D: (ULP 5.1) Detected modulo operation(s). Recommend moving them to RAM during run time or not using as these are processing/power intensive
"../main.c", line 55: remark #1530-D: (ULP 5.1) Detected modulo operation(s). Recommend moving them to RAM during run time or not using as these are processing/power intensive
"../main.c", line 56: remark #1530-D: (ULP 5.1) Detected modulo operation(s). Recommend moving them to RAM during run time or not using as these are processing/power intensive
"../main.c", line 57: remark #1530-D: (ULP 5.1) Detected modulo operation(s). Recommend moving them to RAM during run time or not using as these are processing/power intensive
"../main.c", line 58: remark #1530-D: (ULP 5.1) Detected modulo operation(s). Recommend moving them to RAM during run time or not using as these are processing/power intensive
"../main.c", line 72: remark #1530-D: (ULP 5.1) Detected modulo operation(s). Recommend moving them to RAM during run time or not using as these are processing/power intensive
"../main.c", line 73: remark #1530-D: (ULP 5.1) Detected modulo operation(s). Recommend moving them to RAM during run time or not using as these are processing/power intensive
"../main.c", line 74: remark #1530-D: (ULP 5.1) Detected modulo operation(s). Recommend moving them to RAM during run time or not using as these are processing/power intensive
"../main.c", line 243: warning #112-D: statement is unreachable
"../main.c", line 207: remark #1527-D: (ULP 2.1) Detected SW delay loop using __delay_cycles. Recommend using a timer module instead
"../main.c", line 238: remark #1527-D: (ULP 2.1) Detected SW delay loop using __delay_cycles. Recommend using a timer module instead
"../main.c", line 207: remark #1527-D: (ULP 2.1) Detected SW delay loop using __delay_cycles. Recommend using a timer module instead
"../main.c", line 251: remark #1538-D: (ULP 10.1) ISR TIMER0_A0_ISR calls function time_increment_one_second. Recommend moving function call away from ISR, or inlining the function, or using pragmas
"../main.c", line 252: remark #1538-D: (ULP 10.1) ISR TIMER0_A0_ISR calls function lcd_update. Recommend moving function call away from ISR, or inlining the function, or using pragmas
'Finished building: "../main.c"'
 
'Building target: "lab_5.out"'
'Invoking: MSP430 Linker'
"C:/ti/ccsv7/tools/compiler/ti-cgt-msp430_16.9.6.LTS/bin/cl430" -vmspx --data_model=restricted --use_hw_mpy=F5 --advice:power=all --advice:hw_config=all --define=__MSP430FR6989__ --define=_MPU_ENABLE -g --printf_support=minimal --diag_warning=225 --diag_wrap=off --display_error_number --silicon_errata=CPU21 --silicon_errata=CPU22 --silicon_errata=CPU40 -z -m"lab_5.map" --heap_size=160 --stack_size=160 --cinit_hold_wdt=on -i"C:/ti/ccsv7/ccs_base/msp430/include" -i"C:/ti/ccsv7/ccs_base/msp430/lib/5xx_6xx_FRxx" -i"C:/ti/ccsv7/ccs_base/msp430/lib/FR59xx" -i"C:/ti/ccsv7/tools/compiler/ti-cgt-msp430_16.9.6.LTS/lib" -i"C:/ti/ccsv7/tools/compiler/ti-cgt-msp430_16.9.6.LTS/include" --priority --reread_libs --define=_MPU_ENABLE --diag_wrap=off --display_error_number --warn_sections --xml_link_info="lab_5_linkInfo.xml" --use_hw_mpy=F5 --rom_model -o "lab_5.out" "./main.obj" "../lnk_msp430fr6989.cmd"  -llibmpu_init.a -llibmath.a -llibc.a 
<Linking>
warning #10421-D: For FRAM devices running at higher than 8MHz, FRAM waitstate needs to be configured accordingly.
remark #10371-D: (ULP 1.1) Detected no uses of low power mode state changing instructions
remark #10372-D: (ULP 4.1) Detected uninitialized Port A in this project. Recommend initializing all unused ports to eliminate wasted current consumption on unused pins.
remark #10372-D: (ULP 4.1) Detected uninitialized Port B in this project. Recommend initializing all unused ports to eliminate wasted current consumption on unused pins.
remark #10372-D: (ULP 4.1) Detected uninitialized Port C in this project. Recommend initializing all unused ports to eliminate wasted current consumption on unused pins.
remark #10372-D: (ULP 4.1) Detected uninitialized Port D in this project. Recommend initializing all unused ports to eliminate wasted current consumption on unused pins.
remark #10372-D: (ULP 4.1) Detected uninitialized Port E in this project. Recommend initializing all unused ports to eliminate wasted current consumption on unused pins.
'Finished building target: "lab_5.out"'
 

**** Build Finished ****

**** Build of configuration Debug for project lab_5 ****

"C:\\ti\\ccsv7\\utils\\bin\\gmake" -k -j 24 all -O 
 
'Building file: "../main.c"'
'Invoking: MSP430 Compiler'
"C:/ti/ccsv7/tools/compiler/ti-cgt-msp430_16.9.6.LTS/bin/cl430" -vmspx --data_model=restricted --use_hw_mpy=F5 --include_path="C:/ti/ccsv7/ccs_base/msp430/include" --include_path="C:/Users/sudan/embedded-systems/lab_5" --include_path="C:/ti/ccsv7/tools/compiler/ti-cgt-msp430_16.9.6.LTS/include" --advice:power=all --advice:hw_config=all --define=__MSP430FR6989__ --define=_MPU_ENABLE -g --printf_support=minimal --diag_warning=225 --diag_wrap=off --display_error_number --silicon_errata=CPU21 --silicon_errata=CPU22 --silicon_errata=CPU40 --preproc_with_compile --preproc_dependency="main.d_raw"  "../main.c"
"../main.c", line 53: remark #1530-D: (ULP 5.1) Detected modulo operation(s). Recommend moving them to RAM during run time or not using as these are processing/power intensive
"../main.c", line 54: remark #1530-D: (ULP 5.1) Detected modulo operation(s). Recommend moving them to RAM during run time or not using as these are processing/power intensive
"../main.c", line 55: remark #1530-D: (ULP 5.1) Detected modulo operation(s). Recommend moving them to RAM during run time or not using as these are processing/power intensive
"../main.c", line 56: remark #1530-D: (ULP 5.1) Detected modulo operation(s). Recommend moving them to RAM during run time or not using as these are processing/power intensive
"../main.c", line 57: remark #1530-D: (ULP 5.1) Detected modulo operation(s). Recommend moving them to RAM during run time or not using as these are processing/power intensive
"../main.c", line 58: remark #1530-D: (ULP 5.1) Detected modulo operation(s). Recommend moving them to RAM during run time or not using as these are processing/power intensive
"../main.c", line 240: warning #112-D: statement is unreachable
"../main.c", line 202: remark #1527-D: (ULP 2.1) Detected SW delay loop using __delay_cycles. Recommend using a timer module instead
"../main.c", line 233: remark #1527-D: (ULP 2.1) Detected SW delay loop using __delay_cycles. Recommend using a timer module instead
"../main.c", line 202: remark #1527-D: (ULP 2.1) Detected SW delay loop using __delay_cycles. Recommend using a timer module instead
"../main.c", line 233: remark #1527-D: (ULP 2.1) Detected SW delay loop using __delay_cycles. Recommend using a timer module instead
"../main.c", line 248: remark #1538-D: (ULP 10.1) ISR TIMER0_A0_ISR calls function time_increment_one_second. Recommend moving function call away from ISR, or inlining the function, or using pragmas
"../main.c", line 249: remark #1538-D: (ULP 10.1) ISR TIMER0_A0_ISR calls function lcd_update. Recommend moving function call away from ISR, or inlining the function, or using pragmas
"../main.c", line 258: remark #1527-D: (ULP 2.1) Detected SW delay loop using __delay_cycles. Recommend using a timer module instead
"../main.c", line 264: remark #1527-D: (ULP 2.1) Detected SW delay loop using __delay_cycles. Recommend using a timer module instead
'Finished building: "../main.c"'
 
'Building target: "lab_5.out"'
'Invoking: MSP430 Linker'
"C:/ti/ccsv7/tools/compiler/ti-cgt-msp430_16.9.6.LTS/bin/cl430" -vmspx --data_model=restricted --use_hw_mpy=F5 --advice:power=all --advice:hw_config=all --define=__MSP430FR6989__ --define=_MPU_ENABLE -g --printf_support=minimal --diag_warning=225 --diag_wrap=off --display_error_number --silicon_errata=CPU21 --silicon_errata=CPU22 --silicon_errata=CPU40 -z -m"lab_5.map" --heap_size=160 --stack_size=160 --cinit_hold_wdt=on -i"C:/ti/ccsv7/ccs_base/msp430/include" -i"C:/ti/ccsv7/ccs_base/msp430/lib/5xx_6xx_FRxx" -i"C:/ti/ccsv7/ccs_base/msp430/lib/FR59xx" -i"C:/ti/ccsv7/tools/compiler/ti-cgt-msp430_16.9.6.LTS/lib" -i"C:/ti/ccsv7/tools/compiler/ti-cgt-msp430_16.9.6.LTS/include" --priority --reread_libs --define=_MPU_ENABLE --diag_wrap=off --display_error_number --warn_sections --xml_link_info="lab_5_linkInfo.xml" --use_hw_mpy=F5 --rom_model -o "lab_5.out" "./main.obj" "../lnk_msp430fr6989.cmd"  -llibmpu_init.a -llibmath.a -llibc.a 
<Linking>
warning #10421-D: For FRAM devices running at higher than 8MHz, FRAM waitstate needs to be configured accordingly.
remark #10371-D: (ULP 1.1) Detected no uses of low power mode state changing instructions
remark #10372-D: (ULP 4.1) Detected uninitialized Port A in this project. Recommend initializing all unused ports to eliminate wasted current consumption on unused pins.
remark #10372-D: (ULP 4.1) Detected uninitialized Port B in this project. Recommend initializing all unused ports to eliminate wasted current consumption on unused pins.
remark #10372-D: (ULP 4.1) Detected uninitialized Port C in this project. Recommend initializing all unused ports to eliminate wasted current consumption on unused pins.
remark #10372-D: (ULP 4.1) Detected uninitialized Port D in this project. Recommend initializing all unused ports to eliminate wasted current consumption on unused pins.
remark #10372-D: (ULP 4.1) Detected uninitialized Port E in this project. Recommend initializing all unused ports to eliminate wasted current consumption on unused pins.
'Finished building target: "lab_5.out"'
 

**** Build Finished ****

**** Build of configuration Debug for project lab_5 ****

"C:\\ti\\ccsv7\\utils\\bin\\gmake" -k -j 24 all -O 
 
'Building file: "../main.c"'
'Invoking: MSP430 Compiler'
"C:/ti/ccsv7/tools/compiler/ti-cgt-msp430_16.9.6.LTS/bin/cl430" -vmspx --data_model=restricted --use_hw_mpy=F5 --include_path="C:/ti/ccsv7/ccs_base/msp430/include" --include_path="C:/Users/sudan/embedded-systems/lab_5" --include_path="C:/ti/ccsv7/tools/compiler/ti-cgt-msp430_16.9.6.LTS/include" --advice:power=all --advice:hw_config=all --define=__MSP430FR6989__ --define=_MPU_ENABLE -g --printf_support=minimal --diag_warning=225 --diag_wrap=off --display_error_number --silicon_errata=CPU21 --silicon_errata=CPU22 --silicon_errata=CPU40 --preproc_with_compile --preproc_dependency="main.d_raw"  "../main.c"
"../main.c", line 53: remark #1530-D: (ULP 5.1) Detected modulo operation(s). Recommend moving them to RAM during run time or not using as these are processing/power intensive
"../main.c", line 54: remark #1530-D: (ULP 5.1) Detected modulo operation(s). Recommend moving them to RAM during run time or not using as these are processing/power intensive
"../main.c", line 55: remark #1530-D: (ULP 5.1) Detected modulo operation(s). Recommend moving them to RAM during run time or not using as these are processing/power intensive
"../main.c", line 56: remark #1530-D: (ULP 5.1) Detected modulo operation(s). Recommend moving them to RAM during run time or not using as these are processing/power intensive
"../main.c", line 57: remark #1530-D: (ULP 5.1) Detected modulo operation(s). Recommend moving them to RAM during run time or not using as these are processing/power intensive
"../main.c", line 58: remark #1530-D: (ULP 5.1) Detected modulo operation(s). Recommend moving them to RAM during run time or not using as these are processing/power intensive
"../main.c", line 240: warning #112-D: statement is unreachable
"../main.c", line 202: remark #1527-D: (ULP 2.1) Detected SW delay loop using __delay_cycles. Recommend using a timer module instead
"../main.c", line 233: remark #1527-D: (ULP 2.1) Detected SW delay loop using __delay_cycles. Recommend using a timer module instead
"../main.c", line 202: remark #1527-D: (ULP 2.1) Detected SW delay loop using __delay_cycles. Recommend using a timer module instead
"../main.c", line 233: remark #1527-D: (ULP 2.1) Detected SW delay loop using __delay_cycles. Recommend using a timer module instead
"../main.c", line 248: remark #1538-D: (ULP 10.1) ISR TIMER0_A0_ISR calls function time_increment_one_second. Recommend moving function call away from ISR, or inlining the function, or using pragmas
"../main.c", line 249: remark #1538-D: (ULP 10.1) ISR TIMER0_A0_ISR calls function lcd_update. Recommend moving function call away from ISR, or inlining the function, or using pragmas
"../main.c", line 258: remark #1527-D: (ULP 2.1) Detected SW delay loop using __delay_cycles. Recommend using a timer module instead
"../main.c", line 264: remark #1527-D: (ULP 2.1) Detected SW delay loop using __delay_cycles. Recommend using a timer module instead
'Finished building: "../main.c"'
 
'Building target: "lab_5.out"'
'Invoking: MSP430 Linker'
"C:/ti/ccsv7/tools/compiler/ti-cgt-msp430_16.9.6.LTS/bin/cl430" -vmspx --data_model=restricted --use_hw_mpy=F5 --advice:power=all --advice:hw_config=all --define=__MSP430FR6989__ --define=_MPU_ENABLE -g --printf_support=minimal --diag_warning=225 --diag_wrap=off --display_error_number --silicon_errata=CPU21 --silicon_errata=CPU22 --silicon_errata=CPU40 -z -m"lab_5.map" --heap_size=160 --stack_size=160 --cinit_hold_wdt=on -i"C:/ti/ccsv7/ccs_base/msp430/include" -i"C:/ti/ccsv7/ccs_base/msp430/lib/5xx_6xx_FRxx" -i"C:/ti/ccsv7/ccs_base/msp430/lib/FR59xx" -i"C:/ti/ccsv7/tools/compiler/ti-cgt-msp430_16.9.6.LTS/lib" -i"C:/ti/ccsv7/tools/compiler/ti-cgt-msp430_16.9.6.LTS/include" --priority --reread_libs --define=_MPU_ENABLE --diag_wrap=off --display_error_number --warn_sections --xml_link_info="lab_5_linkInfo.xml" --use_hw_mpy=F5 --rom_model -o "lab_5.out" "./main.obj" "../lnk_msp430fr6989.cmd"  -llibmpu_init.a -llibmath.a -llibc.a 
<Linking>
warning #10421-D: For FRAM devices running at higher than 8MHz, FRAM waitstate needs to be configured accordingly.
remark #10371-D: (ULP 1.1) Detected no uses of low power mode state changing instructions
remark #10372-D: (ULP 4.1) Detected uninitialized Port A in this project. Recommend initializing all unused ports to eliminate wasted current consumption on unused pins.
remark #10372-D: (ULP 4.1) Detected uninitialized Port B in this project. Recommend initializing all unused ports to eliminate wasted current consumption on unused pins.
remark #10372-D: (ULP 4.1) Detected uninitialized Port C in this project. Recommend initializing all unused ports to eliminate wasted current consumption on unused pins.
remark #10372-D: (ULP 4.1) Detected uninitialized Port D in this project. Recommend initializing all unused ports to eliminate wasted current consumption on unused pins.
remark #10372-D: (ULP 4.1) Detected uninitialized Port E in this project. Recommend initializing all unused ports to eliminate wasted current consumption on unused pins.
'Finished building target: "lab_5.out"'
 

**** Build Finished ****

**** Build of configuration Debug for project lab_5 ****

"C:\\ti\\ccsv7\\utils\\bin\\gmake" -k -j 24 all -O 
 
'Building file: "../main.c"'
'Invoking: MSP430 Compiler'
"C:/ti/ccsv7/tools/compiler/ti-cgt-msp430_16.9.6.LTS/bin/cl430" -vmspx --data_model=restricted --use_hw_mpy=F5 --include_path="C:/ti/ccsv7/ccs_base/msp430/include" --include_path="C:/Users/sudan/embedded-systems/lab_5" --include_path="C:/ti/ccsv7/tools/compiler/ti-cgt-msp430_16.9.6.LTS/include" --advice:power=all --advice:hw_config=all --define=__MSP430FR6989__ --define=_MPU_ENABLE -g --printf_support=minimal --diag_warning=225 --diag_wrap=off --display_error_number --silicon_errata=CPU21 --silicon_errata=CPU22 --silicon_errata=CPU40 --preproc_with_compile --preproc_dependency="main.d_raw"  "../main.c"
"../main.c", line 53: remark #1530-D: (ULP 5.1) Detected modulo operation(s). Recommend moving them to RAM during run time or not using as these are processing/power intensive
"../main.c", line 54: remark #1530-D: (ULP 5.1) Detected modulo operation(s). Recommend moving them to RAM during run time or not using as these are processing/power intensive
"../main.c", line 55: remark #1530-D: (ULP 5.1) Detected modulo operation(s). Recommend moving them to RAM during run time or not using as these are processing/power intensive
"../main.c", line 56: remark #1530-D: (ULP 5.1) Detected modulo operation(s). Recommend moving them to RAM during run time or not using as these are processing/power intensive
"../main.c", line 57: remark #1530-D: (ULP 5.1) Detected modulo operation(s). Recommend moving them to RAM during run time or not using as these are processing/power intensive
"../main.c", line 58: remark #1530-D: (ULP 5.1) Detected modulo operation(s). Recommend moving them to RAM during run time or not using as these are processing/power intensive
"../main.c", line 240: warning #112-D: statement is unreachable
"../main.c", line 202: remark #1527-D: (ULP 2.1) Detected SW delay loop using __delay_cycles. Recommend using a timer module instead
"../main.c", line 233: remark #1527-D: (ULP 2.1) Detected SW delay loop using __delay_cycles. Recommend using a timer module instead
"../main.c", line 202: remark #1527-D: (ULP 2.1) Detected SW delay loop using __delay_cycles. Recommend using a timer module instead
"../main.c", line 233: remark #1527-D: (ULP 2.1) Detected SW delay loop using __delay_cycles. Recommend using a timer module instead
"../main.c", line 248: remark #1538-D: (ULP 10.1) ISR TIMER0_A0_ISR calls function time_increment_one_second. Recommend moving function call away from ISR, or inlining the function, or using pragmas
"../main.c", line 249: remark #1538-D: (ULP 10.1) ISR TIMER0_A0_ISR calls function lcd_update. Recommend moving function call away from ISR, or inlining the function, or using pragmas
"../main.c", line 258: remark #1527-D: (ULP 2.1) Detected SW delay loop using __delay_cycles. Recommend using a timer module instead
"../main.c", line 264: remark #1527-D: (ULP 2.1) Detected SW delay loop using __delay_cycles. Recommend using a timer module instead
'Finished building: "../main.c"'
 
'Building target: "lab_5.out"'
'Invoking: MSP430 Linker'
"C:/ti/ccsv7/tools/compiler/ti-cgt-msp430_16.9.6.LTS/bin/cl430" -vmspx --data_model=restricted --use_hw_mpy=F5 --advice:power=all --advice:hw_config=all --define=__MSP430FR6989__ --define=_MPU_ENABLE -g --printf_support=minimal --diag_warning=225 --diag_wrap=off --display_error_number --silicon_errata=CPU21 --silicon_errata=CPU22 --silicon_errata=CPU40 -z -m"lab_5.map" --heap_size=160 --stack_size=160 --cinit_hold_wdt=on -i"C:/ti/ccsv7/ccs_base/msp430/include" -i"C:/ti/ccsv7/ccs_base/msp430/lib/5xx_6xx_FRxx" -i"C:/ti/ccsv7/ccs_base/msp430/lib/FR59xx" -i"C:/ti/ccsv7/tools/compiler/ti-cgt-msp430_16.9.6.LTS/lib" -i"C:/ti/ccsv7/tools/compiler/ti-cgt-msp430_16.9.6.LTS/include" --priority --reread_libs --define=_MPU_ENABLE --diag_wrap=off --display_error_number --warn_sections --xml_link_info="lab_5_linkInfo.xml" --use_hw_mpy=F5 --rom_model -o "lab_5.out" "./main.obj" "../lnk_msp430fr6989.cmd"  -llibmpu_init.a -llibmath.a -llibc.a 
<Linking>
warning #10421-D: For FRAM devices running at higher than 8MHz, FRAM waitstate needs to be configured accordingly.
remark #10371-D: (ULP 1.1) Detected no uses of low power mode state changing instructions
remark #10372-D: (ULP 4.1) Detected uninitialized Port A in this project. Recommend initializing all unused ports to eliminate wasted current consumption on unused pins.
remark #10372-D: (ULP 4.1) Detected uninitialized Port B in this project. Recommend initializing all unused ports to eliminate wasted current consumption on unused pins.
remark #10372-D: (ULP 4.1) Detected uninitialized Port C in this project. Recommend initializing all unused ports to eliminate wasted current consumption on unused pins.
remark #10372-D: (ULP 4.1) Detected uninitialized Port D in this project. Recommend initializing all unused ports to eliminate wasted current consumption on unused pins.
remark #10372-D: (ULP 4.1) Detected uninitialized Port E in this project. Recommend initializing all unused ports to eliminate wasted current consumption on unused pins.
'Finished building target: "lab_5.out"'
 

**** Build Finished ****

**** Build of configuration Debug for project lab_5 ****

"C:\\ti\\ccsv7\\utils\\bin\\gmake" -k -j 24 all -O 
 
gmake[1]: 'lab_5.out' is up to date.

**** Build Finished ****

**** Build of configuration Debug for project lab_5 ****

"C:\\ti\\ccsv7\\utils\\bin\\gmake" -k -j 24 all -O 
 
gmake[1]: 'lab_5.out' is up to date.

**** Build Finished ****

**** Build of configuration Debug for project lab_5 ****

"C:\\ti\\ccsv7\\utils\\bin\\gmake" -k -j 24 all -O 
 
gmake[1]: 'lab_5.out' is up to date.

**** Build Finished ****

**** Build of configuration Debug for project lab_5 ****

"C:\\ti\\ccsv7\\utils\\bin\\gmake" -k -j 24 all -O 
 
'Building file: "../main.c"'
'Invoking: MSP430 Compiler'
"C:/ti/ccsv7/tools/compiler/ti-cgt-msp430_16.9.6.LTS/bin/cl430" -vmspx --data_model=restricted --use_hw_mpy=F5 --include_path="C:/ti/ccsv7/ccs_base/msp430/include" --include_path="C:/Users/sudan/embedded-systems/lab_5" --include_path="C:/ti/ccsv7/tools/compiler/ti-cgt-msp430_16.9.6.LTS/include" --advice:power=all --advice:hw_config=all --define=__MSP430FR6989__ --define=_MPU_ENABLE -g --printf_support=minimal --diag_warning=225 --diag_wrap=off --display_error_number --silicon_errata=CPU21 --silicon_errata=CPU22 --silicon_errata=CPU40 --preproc_with_compile --preproc_dependency="main.d_raw"  "../main.c"
"../main.c", line 53: remark #1530-D: (ULP 5.1) Detected modulo operation(s). Recommend moving them to RAM during run time or not using as these are processing/power intensive
"../main.c", line 54: remark #1530-D: (ULP 5.1) Detected modulo operation(s). Recommend moving them to RAM during run time or not using as these are processing/power intensive
"../main.c", line 55: remark #1530-D: (ULP 5.1) Detected modulo operation(s). Recommend moving them to RAM during run time or not using as these are processing/power intensive
"../main.c", line 56: remark #1530-D: (ULP 5.1) Detected modulo operation(s). Recommend moving them to RAM during run time or not using as these are processing/power intensive
"../main.c", line 57: remark #1530-D: (ULP 5.1) Detected modulo operation(s). Recommend moving them to RAM during run time or not using as these are processing/power intensive
"../main.c", line 58: remark #1530-D: (ULP 5.1) Detected modulo operation(s). Recommend moving them to RAM during run time or not using as these are processing/power intensive
"../main.c", line 71: warning #225-D: function "time_normalize" declared implicitly
"../main.c", line 96: warning #161-D: declaration is incompatible with previous "time_normalize" (declared at line 71)
"../main.c", line 239: warning #112-D: statement is unreachable
"../main.c", line 201: remark #1527-D: (ULP 2.1) Detected SW delay loop using __delay_cycles. Recommend using a timer module instead
"../main.c", line 232: remark #1527-D: (ULP 2.1) Detected SW delay loop using __delay_cycles. Recommend using a timer module instead
"../main.c", line 201: remark #1527-D: (ULP 2.1) Detected SW delay loop using __delay_cycles. Recommend using a timer module instead
"../main.c", line 232: remark #1527-D: (ULP 2.1) Detected SW delay loop using __delay_cycles. Recommend using a timer module instead
"../main.c", line 247: remark #1538-D: (ULP 10.1) ISR TIMER0_A0_ISR calls function time_increment_one_second. Recommend moving function call away from ISR, or inlining the function, or using pragmas
"../main.c", line 248: remark #1538-D: (ULP 10.1) ISR TIMER0_A0_ISR calls function lcd_update. Recommend moving function call away from ISR, or inlining the function, or using pragmas
"../main.c", line 257: remark #1527-D: (ULP 2.1) Detected SW delay loop using __delay_cycles. Recommend using a timer module instead
"../main.c", line 263: remark #1527-D: (ULP 2.1) Detected SW delay loop using __delay_cycles. Recommend using a timer module instead
'Finished building: "../main.c"'
 
'Building target: "lab_5.out"'
'Invoking: MSP430 Linker'
"C:/ti/ccsv7/tools/compiler/ti-cgt-msp430_16.9.6.LTS/bin/cl430" -vmspx --data_model=restricted --use_hw_mpy=F5 --advice:power=all --advice:hw_config=all --define=__MSP430FR6989__ --define=_MPU_ENABLE -g --printf_support=minimal --diag_warning=225 --diag_wrap=off --display_error_number --silicon_errata=CPU21 --silicon_errata=CPU22 --silicon_errata=CPU40 -z -m"lab_5.map" --heap_size=160 --stack_size=160 --cinit_hold_wdt=on -i"C:/ti/ccsv7/ccs_base/msp430/include" -i"C:/ti/ccsv7/ccs_base/msp430/lib/5xx_6xx_FRxx" -i"C:/ti/ccsv7/ccs_base/msp430/lib/FR59xx" -i"C:/ti/ccsv7/tools/compiler/ti-cgt-msp430_16.9.6.LTS/lib" -i"C:/ti/ccsv7/tools/compiler/ti-cgt-msp430_16.9.6.LTS/include" --priority --reread_libs --define=_MPU_ENABLE --diag_wrap=off --display_error_number --warn_sections --xml_link_info="lab_5_linkInfo.xml" --use_hw_mpy=F5 --rom_model -o "lab_5.out" "./main.obj" "../lnk_msp430fr6989.cmd"  -llibmpu_init.a -llibmath.a -llibc.a 
<Linking>
warning #10421-D: For FRAM devices running at higher than 8MHz, FRAM waitstate needs to be configured accordingly.
remark #10371-D: (ULP 1.1) Detected no uses of low power mode state changing instructions
remark #10372-D: (ULP 4.1) Detected uninitialized Port A in this project. Recommend initializing all unused ports to eliminate wasted current consumption on unused pins.
remark #10372-D: (ULP 4.1) Detected uninitialized Port B in this project. Recommend initializing all unused ports to eliminate wasted current consumption on unused pins.
remark #10372-D: (ULP 4.1) Detected uninitialized Port C in this project. Recommend initializing all unused ports to eliminate wasted current consumption on unused pins.
remark #10372-D: (ULP 4.1) Detected uninitialized Port D in this project. Recommend initializing all unused ports to eliminate wasted current consumption on unused pins.
remark #10372-D: (ULP 4.1) Detected uninitialized Port E in this project. Recommend initializing all unused ports to eliminate wasted current consumption on unused pins.
'Finished building target: "lab_5.out"'
 

**** Build Finished ****

**** Build of configuration Debug for project lab_5 ****

"C:\\ti\\ccsv7\\utils\\bin\\gmake" -k -j 24 all -O 
 
gmake[1]: 'lab_5.out' is up to date.

**** Build Finished ****

**** Build of configuration Debug for project lab_5 ****

"C:\\ti\\ccsv7\\utils\\bin\\gmake" -k -j 24 all -O 
 
gmake[1]: 'lab_5.out' is up to date.

**** Build Finished ****

**** Build of configuration Debug for project lab_5 ****

"C:\\ti\\ccsv7\\utils\\bin\\gmake" -k -j 24 all -O 
 
'Building file: "../main.c"'
'Invoking: MSP430 Compiler'
"C:/ti/ccsv7/tools/compiler/ti-cgt-msp430_16.9.6.LTS/bin/cl430" -vmspx --data_model=restricted --use_hw_mpy=F5 --include_path="C:/ti/ccsv7/ccs_base/msp430/include" --include_path="C:/Users/sudan/embedded-systems/lab_5" --include_path="C:/ti/ccsv7/tools/compiler/ti-cgt-msp430_16.9.6.LTS/include" --advice:power=all --advice:hw_config=all --define=__MSP430FR6989__ --define=_MPU_ENABLE -g --printf_support=minimal --diag_warning=225 --diag_wrap=off --display_error_number --silicon_errata=CPU21 --silicon_errata=CPU22 --silicon_errata=CPU40 --preproc_with_compile --preproc_dependency="main.d_raw"  "../main.c"
"../main.c", line 53: remark #1530-D: (ULP 5.1) Detected modulo operation(s). Recommend moving them to RAM during run time or not using as these are processing/power intensive
"../main.c", line 54: remark #1530-D: (ULP 5.1) Detected modulo operation(s). Recommend moving them to RAM during run time or not using as these are processing/power intensive
"../main.c", line 55: remark #1530-D: (ULP 5.1) Detected modulo operation(s). Recommend moving them to RAM during run time or not using as these are processing/power intensive
"../main.c", line 56: remark #1530-D: (ULP 5.1) Detected modulo operation(s). Recommend moving them to RAM during run time or not using as these are processing/power intensive
"../main.c", line 57: remark #1530-D: (ULP 5.1) Detected modulo operation(s). Recommend moving them to RAM during run time or not using as these are processing/power intensive
"../main.c", line 58: remark #1530-D: (ULP 5.1) Detected modulo operation(s). Recommend moving them to RAM during run time or not using as these are processing/power intensive
"../main.c", line 85: warning #225-D: function "lcd_write_time" declared implicitly
"../main.c", line 115: warning #161-D: declaration is incompatible with previous "lcd_write_time" (declared at line 85)
"../main.c", line 240: warning #112-D: statement is unreachable
"../main.c", line 202: remark #1527-D: (ULP 2.1) Detected SW delay loop using __delay_cycles. Recommend using a timer module instead
"../main.c", line 233: remark #1527-D: (ULP 2.1) Detected SW delay loop using __delay_cycles. Recommend using a timer module instead
"../main.c", line 202: remark #1527-D: (ULP 2.1) Detected SW delay loop using __delay_cycles. Recommend using a timer module instead
"../main.c", line 233: remark #1527-D: (ULP 2.1) Detected SW delay loop using __delay_cycles. Recommend using a timer module instead
"../main.c", line 248: remark #1538-D: (ULP 10.1) ISR TIMER0_A0_ISR calls function time_increment_one_second. Recommend moving function call away from ISR, or inlining the function, or using pragmas
"../main.c", line 249: remark #1538-D: (ULP 10.1) ISR TIMER0_A0_ISR calls function lcd_update. Recommend moving function call away from ISR, or inlining the function, or using pragmas
"../main.c", line 258: remark #1527-D: (ULP 2.1) Detected SW delay loop using __delay_cycles. Recommend using a timer module instead
"../main.c", line 264: remark #1527-D: (ULP 2.1) Detected SW delay loop using __delay_cycles. Recommend using a timer module instead
'Finished building: "../main.c"'
 
'Building target: "lab_5.out"'
'Invoking: MSP430 Linker'
"C:/ti/ccsv7/tools/compiler/ti-cgt-msp430_16.9.6.LTS/bin/cl430" -vmspx --data_model=restricted --use_hw_mpy=F5 --advice:power=all --advice:hw_config=all --define=__MSP430FR6989__ --define=_MPU_ENABLE -g --printf_support=minimal --diag_warning=225 --diag_wrap=off --display_error_number --silicon_errata=CPU21 --silicon_errata=CPU22 --silicon_errata=CPU40 -z -m"lab_5.map" --heap_size=160 --stack_size=160 --cinit_hold_wdt=on -i"C:/ti/ccsv7/ccs_base/msp430/include" -i"C:/ti/ccsv7/ccs_base/msp430/lib/5xx_6xx_FRxx" -i"C:/ti/ccsv7/ccs_base/msp430/lib/FR59xx" -i"C:/ti/ccsv7/tools/compiler/ti-cgt-msp430_16.9.6.LTS/lib" -i"C:/ti/ccsv7/tools/compiler/ti-cgt-msp430_16.9.6.LTS/include" --priority --reread_libs --define=_MPU_ENABLE --diag_wrap=off --display_error_number --warn_sections --xml_link_info="lab_5_linkInfo.xml" --use_hw_mpy=F5 --rom_model -o "lab_5.out" "./main.obj" "../lnk_msp430fr6989.cmd"  -llibmpu_init.a -llibmath.a -llibc.a 
<Linking>
warning #10421-D: For FRAM devices running at higher than 8MHz, FRAM waitstate needs to be configured accordingly.
remark #10371-D: (ULP 1.1) Detected no uses of low power mode state changing instructions
remark #10372-D: (ULP 4.1) Detected uninitialized Port A in this project. Recommend initializing all unused ports to eliminate wasted current consumption on unused pins.
remark #10372-D: (ULP 4.1) Detected uninitialized Port B in this project. Recommend initializing all unused ports to eliminate wasted current consumption on unused pins.
remark #10372-D: (ULP 4.1) Detected uninitialized Port C in this project. Recommend initializing all unused ports to eliminate wasted current consumption on unused pins.
remark #10372-D: (ULP 4.1) Detected uninitialized Port D in this project. Recommend initializing all unused ports to eliminate wasted current consumption on unused pins.
remark #10372-D: (ULP 4.1) Detected uninitialized Port E in this project. Recommend initializing all unused ports to eliminate wasted current consumption on unused pins.
'Finished building target: "lab_5.out"'
 

**** Build Finished ****

**** Build of configuration Debug for project lab_5 ****

"C:\\ti\\ccsv7\\utils\\bin\\gmake" -k -j 24 all -O 
 
'Building file: "../main.c"'
'Invoking: MSP430 Compiler'
"C:/ti/ccsv7/tools/compiler/ti-cgt-msp430_16.9.6.LTS/bin/cl430" -vmspx --data_model=restricted --use_hw_mpy=F5 --include_path="C:/ti/ccsv7/ccs_base/msp430/include" --include_path="C:/Users/sudan/embedded-systems/lab_5" --include_path="C:/ti/ccsv7/tools/compiler/ti-cgt-msp430_16.9.6.LTS/include" --advice:power=all --advice:hw_config=all --define=__MSP430FR6989__ --define=_MPU_ENABLE -g --printf_support=minimal --diag_warning=225 --diag_wrap=off --display_error_number --silicon_errata=CPU21 --silicon_errata=CPU22 --silicon_errata=CPU40 --preproc_with_compile --preproc_dependency="main.d_raw"  "../main.c"
"../main.c", line 53: remark #1530-D: (ULP 5.1) Detected modulo operation(s). Recommend moving them to RAM during run time or not using as these are processing/power intensive
"../main.c", line 54: remark #1530-D: (ULP 5.1) Detected modulo operation(s). Recommend moving them to RAM during run time or not using as these are processing/power intensive
"../main.c", line 55: remark #1530-D: (ULP 5.1) Detected modulo operation(s). Recommend moving them to RAM during run time or not using as these are processing/power intensive
"../main.c", line 56: remark #1530-D: (ULP 5.1) Detected modulo operation(s). Recommend moving them to RAM during run time or not using as these are processing/power intensive
"../main.c", line 57: remark #1530-D: (ULP 5.1) Detected modulo operation(s). Recommend moving them to RAM during run time or not using as these are processing/power intensive
"../main.c", line 58: remark #1530-D: (ULP 5.1) Detected modulo operation(s). Recommend moving them to RAM during run time or not using as these are processing/power intensive
"../main.c", line 113: remark #1530-D: (ULP 5.1) Detected divide operation(s). Recommend moving them to RAM during run time or not using as these are processing/power intensive
"../main.c", line 114: remark #1530-D: (ULP 5.1) Detected modulo operation(s). Recommend moving them to RAM during run time or not using as these are processing/power intensive
"../main.c", line 115: remark #1530-D: (ULP 5.1) Detected divide operation(s). Recommend moving them to RAM during run time or not using as these are processing/power intensive
"../main.c", line 116: remark #1530-D: (ULP 5.1) Detected modulo operation(s). Recommend moving them to RAM during run time or not using as these are processing/power intensive
"../main.c", line 117: remark #1530-D: (ULP 5.1) Detected divide operation(s). Recommend moving them to RAM during run time or not using as these are processing/power intensive
"../main.c", line 118: remark #1530-D: (ULP 5.1) Detected modulo operation(s). Recommend moving them to RAM during run time or not using as these are processing/power intensive
"../main.c", line 253: warning #112-D: statement is unreachable
"../main.c", line 215: remark #1527-D: (ULP 2.1) Detected SW delay loop using __delay_cycles. Recommend using a timer module instead
"../main.c", line 246: remark #1527-D: (ULP 2.1) Detected SW delay loop using __delay_cycles. Recommend using a timer module instead
"../main.c", line 215: remark #1527-D: (ULP 2.1) Detected SW delay loop using __delay_cycles. Recommend using a timer module instead
"../main.c", line 246: remark #1527-D: (ULP 2.1) Detected SW delay loop using __delay_cycles. Recommend using a timer module instead
"../main.c", line 261: remark #1538-D: (ULP 10.1) ISR TIMER0_A0_ISR calls function time_increment_one_second. Recommend moving function call away from ISR, or inlining the function, or using pragmas
"../main.c", line 262: remark #1538-D: (ULP 10.1) ISR TIMER0_A0_ISR calls function lcd_update. Recommend moving function call away from ISR, or inlining the function, or using pragmas
"../main.c", line 271: remark #1527-D: (ULP 2.1) Detected SW delay loop using __delay_cycles. Recommend using a timer module instead
"../main.c", line 277: remark #1527-D: (ULP 2.1) Detected SW delay loop using __delay_cycles. Recommend using a timer module instead
'Finished building: "../main.c"'
 
'Building target: "lab_5.out"'
'Invoking: MSP430 Linker'
"C:/ti/ccsv7/tools/compiler/ti-cgt-msp430_16.9.6.LTS/bin/cl430" -vmspx --data_model=restricted --use_hw_mpy=F5 --advice:power=all --advice:hw_config=all --define=__MSP430FR6989__ --define=_MPU_ENABLE -g --printf_support=minimal --diag_warning=225 --diag_wrap=off --display_error_number --silicon_errata=CPU21 --silicon_errata=CPU22 --silicon_errata=CPU40 -z -m"lab_5.map" --heap_size=160 --stack_size=160 --cinit_hold_wdt=on -i"C:/ti/ccsv7/ccs_base/msp430/include" -i"C:/ti/ccsv7/ccs_base/msp430/lib/5xx_6xx_FRxx" -i"C:/ti/ccsv7/ccs_base/msp430/lib/FR59xx" -i"C:/ti/ccsv7/tools/compiler/ti-cgt-msp430_16.9.6.LTS/lib" -i"C:/ti/ccsv7/tools/compiler/ti-cgt-msp430_16.9.6.LTS/include" --priority --reread_libs --define=_MPU_ENABLE --diag_wrap=off --display_error_number --warn_sections --xml_link_info="lab_5_linkInfo.xml" --use_hw_mpy=F5 --rom_model -o "lab_5.out" "./main.obj" "../lnk_msp430fr6989.cmd"  -llibmpu_init.a -llibmath.a -llibc.a 
<Linking>
warning #10421-D: For FRAM devices running at higher than 8MHz, FRAM waitstate needs to be configured accordingly.
remark #10371-D: (ULP 1.1) Detected no uses of low power mode state changing instructions
remark #10372-D: (ULP 4.1) Detected uninitialized Port A in this project. Recommend initializing all unused ports to eliminate wasted current consumption on unused pins.
remark #10372-D: (ULP 4.1) Detected uninitialized Port B in this project. Recommend initializing all unused ports to eliminate wasted current consumption on unused pins.
remark #10372-D: (ULP 4.1) Detected uninitialized Port C in this project. Recommend initializing all unused ports to eliminate wasted current consumption on unused pins.
remark #10372-D: (ULP 4.1) Detected uninitialized Port D in this project. Recommend initializing all unused ports to eliminate wasted current consumption on unused pins.
remark #10372-D: (ULP 4.1) Detected uninitialized Port E in this project. Recommend initializing all unused ports to eliminate wasted current consumption on unused pins.
'Finished building target: "lab_5.out"'
 

**** Build Finished ****

**** Build of configuration Debug for project lab_5 ****

"C:\\ti\\ccsv7\\utils\\bin\\gmake" -k -j 24 all -O 
 
gmake[1]: 'lab_5.out' is up to date.

**** Build Finished ****

**** Build of configuration Debug for project lab_5 ****

"C:\\ti\\ccsv7\\utils\\bin\\gmake" -k -j 24 all -O 
 
'Building file: "../main.c"'
'Invoking: MSP430 Compiler'
"C:/ti/ccsv7/tools/compiler/ti-cgt-msp430_16.9.6.LTS/bin/cl430" -vmspx --data_model=restricted --use_hw_mpy=F5 --include_path="C:/ti/ccsv7/ccs_base/msp430/include" --include_path="C:/Users/sudan/embedded-systems/lab_5" --include_path="C:/ti/ccsv7/tools/compiler/ti-cgt-msp430_16.9.6.LTS/include" --advice:power=all --advice:hw_config=all --define=__MSP430FR6989__ --define=_MPU_ENABLE -g --printf_support=minimal --diag_warning=225 --diag_wrap=off --display_error_number --silicon_errata=CPU21 --silicon_errata=CPU22 --silicon_errata=CPU40 --preproc_with_compile --preproc_dependency="main.d_raw"  "../main.c"
"../main.c", line 52: remark #1530-D: (ULP 5.1) Detected modulo operation(s). Recommend moving them to RAM during run time or not using as these are processing/power intensive
"../main.c", line 53: remark #1530-D: (ULP 5.1) Detected modulo operation(s). Recommend moving them to RAM during run time or not using as these are processing/power intensive
"../main.c", line 54: remark #1530-D: (ULP 5.1) Detected modulo operation(s). Recommend moving them to RAM during run time or not using as these are processing/power intensive
"../main.c", line 55: remark #1530-D: (ULP 5.1) Detected modulo operation(s). Recommend moving them to RAM during run time or not using as these are processing/power intensive
"../main.c", line 56: remark #1530-D: (ULP 5.1) Detected modulo operation(s). Recommend moving them to RAM during run time or not using as these are processing/power intensive
"../main.c", line 57: remark #1530-D: (ULP 5.1) Detected modulo operation(s). Recommend moving them to RAM during run time or not using as these are processing/power intensive
"../main.c", line 109: remark #1530-D: (ULP 5.1) Detected divide operation(s). Recommend moving them to RAM during run time or not using as these are processing/power intensive
"../main.c", line 110: remark #1530-D: (ULP 5.1) Detected modulo operation(s). Recommend moving them to RAM during run time or not using as these are processing/power intensive
"../main.c", line 111: remark #1530-D: (ULP 5.1) Detected divide operation(s). Recommend moving them to RAM during run time or not using as these are processing/power intensive
"../main.c", line 112: remark #1530-D: (ULP 5.1) Detected modulo operation(s). Recommend moving them to RAM during run time or not using as these are processing/power intensive
"../main.c", line 113: remark #1530-D: (ULP 5.1) Detected divide operation(s). Recommend moving them to RAM during run time or not using as these are processing/power intensive
"../main.c", line 114: remark #1530-D: (ULP 5.1) Detected modulo operation(s). Recommend moving them to RAM during run time or not using as these are processing/power intensive
"../main.c", line 246: warning #112-D: statement is unreachable
"../main.c", line 208: remark #1527-D: (ULP 2.1) Detected SW delay loop using __delay_cycles. Recommend using a timer module instead
"../main.c", line 239: remark #1527-D: (ULP 2.1) Detected SW delay loop using __delay_cycles. Recommend using a timer module instead
"../main.c", line 208: remark #1527-D: (ULP 2.1) Detected SW delay loop using __delay_cycles. Recommend using a timer module instead
"../main.c", line 239: remark #1527-D: (ULP 2.1) Detected SW delay loop using __delay_cycles. Recommend using a timer module instead
"../main.c", line 254: remark #1538-D: (ULP 10.1) ISR TIMER0_A0_ISR calls function time_increment_one_second. Recommend moving function call away from ISR, or inlining the function, or using pragmas
"../main.c", line 255: remark #1538-D: (ULP 10.1) ISR TIMER0_A0_ISR calls function lcd_update. Recommend moving function call away from ISR, or inlining the function, or using pragmas
"../main.c", line 264: remark #1527-D: (ULP 2.1) Detected SW delay loop using __delay_cycles. Recommend using a timer module instead
"../main.c", line 270: remark #1527-D: (ULP 2.1) Detected SW delay loop using __delay_cycles. Recommend using a timer module instead
'Finished building: "../main.c"'
 
'Building target: "lab_5.out"'
'Invoking: MSP430 Linker'
"C:/ti/ccsv7/tools/compiler/ti-cgt-msp430_16.9.6.LTS/bin/cl430" -vmspx --data_model=restricted --use_hw_mpy=F5 --advice:power=all --advice:hw_config=all --define=__MSP430FR6989__ --define=_MPU_ENABLE -g --printf_support=minimal --diag_warning=225 --diag_wrap=off --display_error_number --silicon_errata=CPU21 --silicon_errata=CPU22 --silicon_errata=CPU40 -z -m"lab_5.map" --heap_size=160 --stack_size=160 --cinit_hold_wdt=on -i"C:/ti/ccsv7/ccs_base/msp430/include" -i"C:/ti/ccsv7/ccs_base/msp430/lib/5xx_6xx_FRxx" -i"C:/ti/ccsv7/ccs_base/msp430/lib/FR59xx" -i"C:/ti/ccsv7/tools/compiler/ti-cgt-msp430_16.9.6.LTS/lib" -i"C:/ti/ccsv7/tools/compiler/ti-cgt-msp430_16.9.6.LTS/include" --priority --reread_libs --define=_MPU_ENABLE --diag_wrap=off --display_error_number --warn_sections --xml_link_info="lab_5_linkInfo.xml" --use_hw_mpy=F5 --rom_model -o "lab_5.out" "./main.obj" "../lnk_msp430fr6989.cmd"  -llibmpu_init.a -llibmath.a -llibc.a 
<Linking>
warning #10421-D: For FRAM devices running at higher than 8MHz, FRAM waitstate needs to be configured accordingly.
remark #10371-D: (ULP 1.1) Detected no uses of low power mode state changing instructions
remark #10372-D: (ULP 4.1) Detected uninitialized Port A in this project. Recommend initializing all unused ports to eliminate wasted current consumption on unused pins.
remark #10372-D: (ULP 4.1) Detected uninitialized Port B in this project. Recommend initializing all unused ports to eliminate wasted current consumption on unused pins.
remark #10372-D: (ULP 4.1) Detected uninitialized Port C in this project. Recommend initializing all unused ports to eliminate wasted current consumption on unused pins.
remark #10372-D: (ULP 4.1) Detected uninitialized Port D in this project. Recommend initializing all unused ports to eliminate wasted current consumption on unused pins.
remark #10372-D: (ULP 4.1) Detected uninitialized Port E in this project. Recommend initializing all unused ports to eliminate wasted current consumption on unused pins.
'Finished building target: "lab_5.out"'
 

**** Build Finished ****

**** Build of configuration Debug for project lab_5 ****

"C:\\ti\\ccsv7\\utils\\bin\\gmake" -k -j 24 all -O 
 
'Building file: "../main.c"'
'Invoking: MSP430 Compiler'
"C:/ti/ccsv7/tools/compiler/ti-cgt-msp430_16.9.6.LTS/bin/cl430" -vmspx --data_model=restricted --use_hw_mpy=F5 --include_path="C:/ti/ccsv7/ccs_base/msp430/include" --include_path="C:/Users/sudan/embedded-systems/lab_5" --include_path="C:/ti/ccsv7/tools/compiler/ti-cgt-msp430_16.9.6.LTS/include" --advice:power=all --advice:hw_config=all --define=__MSP430FR6989__ --define=_MPU_ENABLE -g --printf_support=minimal --diag_warning=225 --diag_wrap=off --display_error_number --silicon_errata=CPU21 --silicon_errata=CPU22 --silicon_errata=CPU40 --preproc_with_compile --preproc_dependency="main.d_raw"  "../main.c"
"../main.c", line 52: remark #1530-D: (ULP 5.1) Detected modulo operation(s). Recommend moving them to RAM during run time or not using as these are processing/power intensive
"../main.c", line 53: remark #1530-D: (ULP 5.1) Detected modulo operation(s). Recommend moving them to RAM during run time or not using as these are processing/power intensive
"../main.c", line 54: remark #1530-D: (ULP 5.1) Detected modulo operation(s). Recommend moving them to RAM during run time or not using as these are processing/power intensive
"../main.c", line 55: remark #1530-D: (ULP 5.1) Detected modulo operation(s). Recommend moving them to RAM during run time or not using as these are processing/power intensive
"../main.c", line 56: remark #1530-D: (ULP 5.1) Detected modulo operation(s). Recommend moving them to RAM during run time or not using as these are processing/power intensive
"../main.c", line 57: remark #1530-D: (ULP 5.1) Detected modulo operation(s). Recommend moving them to RAM during run time or not using as these are processing/power intensive
"../main.c", line 108: remark #1530-D: (ULP 5.1) Detected divide operation(s). Recommend moving them to RAM during run time or not using as these are processing/power intensive
"../main.c", line 109: remark #1530-D: (ULP 5.1) Detected modulo operation(s). Recommend moving them to RAM during run time or not using as these are processing/power intensive
"../main.c", line 110: remark #1530-D: (ULP 5.1) Detected divide operation(s). Recommend moving them to RAM during run time or not using as these are processing/power intensive
"../main.c", line 111: remark #1530-D: (ULP 5.1) Detected modulo operation(s). Recommend moving them to RAM during run time or not using as these are processing/power intensive
"../main.c", line 112: remark #1530-D: (ULP 5.1) Detected divide operation(s). Recommend moving them to RAM during run time or not using as these are processing/power intensive
"../main.c", line 113: remark #1530-D: (ULP 5.1) Detected modulo operation(s). Recommend moving them to RAM during run time or not using as these are processing/power intensive
"../main.c", line 247: warning #112-D: statement is unreachable
"../main.c", line 209: remark #1527-D: (ULP 2.1) Detected SW delay loop using __delay_cycles. Recommend using a timer module instead
"../main.c", line 240: remark #1527-D: (ULP 2.1) Detected SW delay loop using __delay_cycles. Recommend using a timer module instead
"../main.c", line 209: remark #1527-D: (ULP 2.1) Detected SW delay loop using __delay_cycles. Recommend using a timer module instead
"../main.c", line 240: remark #1527-D: (ULP 2.1) Detected SW delay loop using __delay_cycles. Recommend using a timer module instead
"../main.c", line 255: remark #1538-D: (ULP 10.1) ISR TIMER0_A0_ISR calls function time_increment_one_second. Recommend moving function call away from ISR, or inlining the function, or using pragmas
"../main.c", line 256: remark #1538-D: (ULP 10.1) ISR TIMER0_A0_ISR calls function lcd_update. Recommend moving function call away from ISR, or inlining the function, or using pragmas
"../main.c", line 265: remark #1527-D: (ULP 2.1) Detected SW delay loop using __delay_cycles. Recommend using a timer module instead
"../main.c", line 271: remark #1527-D: (ULP 2.1) Detected SW delay loop using __delay_cycles. Recommend using a timer module instead
'Finished building: "../main.c"'
 
'Building target: "lab_5.out"'
'Invoking: MSP430 Linker'
"C:/ti/ccsv7/tools/compiler/ti-cgt-msp430_16.9.6.LTS/bin/cl430" -vmspx --data_model=restricted --use_hw_mpy=F5 --advice:power=all --advice:hw_config=all --define=__MSP430FR6989__ --define=_MPU_ENABLE -g --printf_support=minimal --diag_warning=225 --diag_wrap=off --display_error_number --silicon_errata=CPU21 --silicon_errata=CPU22 --silicon_errata=CPU40 -z -m"lab_5.map" --heap_size=160 --stack_size=160 --cinit_hold_wdt=on -i"C:/ti/ccsv7/ccs_base/msp430/include" -i"C:/ti/ccsv7/ccs_base/msp430/lib/5xx_6xx_FRxx" -i"C:/ti/ccsv7/ccs_base/msp430/lib/FR59xx" -i"C:/ti/ccsv7/tools/compiler/ti-cgt-msp430_16.9.6.LTS/lib" -i"C:/ti/ccsv7/tools/compiler/ti-cgt-msp430_16.9.6.LTS/include" --priority --reread_libs --define=_MPU_ENABLE --diag_wrap=off --display_error_number --warn_sections --xml_link_info="lab_5_linkInfo.xml" --use_hw_mpy=F5 --rom_model -o "lab_5.out" "./main.obj" "../lnk_msp430fr6989.cmd"  -llibmpu_init.a -llibmath.a -llibc.a 
<Linking>
warning #10421-D: For FRAM devices running at higher than 8MHz, FRAM waitstate needs to be configured accordingly.
remark #10371-D: (ULP 1.1) Detected no uses of low power mode state changing instructions
remark #10372-D: (ULP 4.1) Detected uninitialized Port A in this project. Recommend initializing all unused ports to eliminate wasted current consumption on unused pins.
remark #10372-D: (ULP 4.1) Detected uninitialized Port B in this project. Recommend initializing all unused ports to eliminate wasted current consumption on unused pins.
remark #10372-D: (ULP 4.1) Detected uninitialized Port C in this project. Recommend initializing all unused ports to eliminate wasted current consumption on unused pins.
remark #10372-D: (ULP 4.1) Detected uninitialized Port D in this project. Recommend initializing all unused ports to eliminate wasted current consumption on unused pins.
remark #10372-D: (ULP 4.1) Detected uninitialized Port E in this project. Recommend initializing all unused ports to eliminate wasted current consumption on unused pins.
'Finished building target: "lab_5.out"'
 

**** Build Finished ****

**** Build of configuration Debug for project lab_5 ****

"C:\\ti\\ccsv7\\utils\\bin\\gmake" -k -j 24 all -O 
 
'Building file: "../main.c"'
'Invoking: MSP430 Compiler'
"C:/ti/ccsv7/tools/compiler/ti-cgt-msp430_16.9.6.LTS/bin/cl430" -vmspx --data_model=restricted --use_hw_mpy=F5 --include_path="C:/ti/ccsv7/ccs_base/msp430/include" --include_path="C:/Users/sudan/embedded-systems/lab_5" --include_path="C:/ti/ccsv7/tools/compiler/ti-cgt-msp430_16.9.6.LTS/include" --advice:power=all --advice:hw_config=all --define=__MSP430FR6989__ --define=_MPU_ENABLE -g --printf_support=minimal --diag_warning=225 --diag_wrap=off --display_error_number --silicon_errata=CPU21 --silicon_errata=CPU22 --silicon_errata=CPU40 --preproc_with_compile --preproc_dependency="main.d_raw"  "../main.c"
"../main.c", line 52: remark #1530-D: (ULP 5.1) Detected modulo operation(s). Recommend moving them to RAM during run time or not using as these are processing/power intensive
"../main.c", line 53: remark #1530-D: (ULP 5.1) Detected modulo operation(s). Recommend moving them to RAM during run time or not using as these are processing/power intensive
"../main.c", line 54: remark #1530-D: (ULP 5.1) Detected modulo operation(s). Recommend moving them to RAM during run time or not using as these are processing/power intensive
"../main.c", line 55: remark #1530-D: (ULP 5.1) Detected modulo operation(s). Recommend moving them to RAM during run time or not using as these are processing/power intensive
"../main.c", line 56: remark #1530-D: (ULP 5.1) Detected modulo operation(s). Recommend moving them to RAM during run time or not using as these are processing/power intensive
"../main.c", line 57: remark #1530-D: (ULP 5.1) Detected modulo operation(s). Recommend moving them to RAM during run time or not using as these are processing/power intensive
"../main.c", line 108: remark #1530-D: (ULP 5.1) Detected divide operation(s). Recommend moving them to RAM during run time or not using as these are processing/power intensive
"../main.c", line 109: remark #1530-D: (ULP 5.1) Detected modulo operation(s). Recommend moving them to RAM during run time or not using as these are processing/power intensive
"../main.c", line 110: remark #1530-D: (ULP 5.1) Detected divide operation(s). Recommend moving them to RAM during run time or not using as these are processing/power intensive
"../main.c", line 111: remark #1530-D: (ULP 5.1) Detected modulo operation(s). Recommend moving them to RAM during run time or not using as these are processing/power intensive
"../main.c", line 112: remark #1530-D: (ULP 5.1) Detected divide operation(s). Recommend moving them to RAM during run time or not using as these are processing/power intensive
"../main.c", line 113: remark #1530-D: (ULP 5.1) Detected modulo operation(s). Recommend moving them to RAM during run time or not using as these are processing/power intensive
"../main.c", line 247: warning #112-D: statement is unreachable
"../main.c", line 209: remark #1527-D: (ULP 2.1) Detected SW delay loop using __delay_cycles. Recommend using a timer module instead
"../main.c", line 240: remark #1527-D: (ULP 2.1) Detected SW delay loop using __delay_cycles. Recommend using a timer module instead
"../main.c", line 209: remark #1527-D: (ULP 2.1) Detected SW delay loop using __delay_cycles. Recommend using a timer module instead
"../main.c", line 240: remark #1527-D: (ULP 2.1) Detected SW delay loop using __delay_cycles. Recommend using a timer module instead
"../main.c", line 255: remark #1538-D: (ULP 10.1) ISR TIMER0_A0_ISR calls function time_increment_one_second. Recommend moving function call away from ISR, or inlining the function, or using pragmas
"../main.c", line 256: remark #1538-D: (ULP 10.1) ISR TIMER0_A0_ISR calls function lcd_update. Recommend moving function call away from ISR, or inlining the function, or using pragmas
"../main.c", line 265: remark #1527-D: (ULP 2.1) Detected SW delay loop using __delay_cycles. Recommend using a timer module instead
"../main.c", line 271: remark #1527-D: (ULP 2.1) Detected SW delay loop using __delay_cycles. Recommend using a timer module instead
'Finished building: "../main.c"'
 
'Building target: "lab_5.out"'
'Invoking: MSP430 Linker'
"C:/ti/ccsv7/tools/compiler/ti-cgt-msp430_16.9.6.LTS/bin/cl430" -vmspx --data_model=restricted --use_hw_mpy=F5 --advice:power=all --advice:hw_config=all --define=__MSP430FR6989__ --define=_MPU_ENABLE -g --printf_support=minimal --diag_warning=225 --diag_wrap=off --display_error_number --silicon_errata=CPU21 --silicon_errata=CPU22 --silicon_errata=CPU40 -z -m"lab_5.map" --heap_size=160 --stack_size=160 --cinit_hold_wdt=on -i"C:/ti/ccsv7/ccs_base/msp430/include" -i"C:/ti/ccsv7/ccs_base/msp430/lib/5xx_6xx_FRxx" -i"C:/ti/ccsv7/ccs_base/msp430/lib/FR59xx" -i"C:/ti/ccsv7/tools/compiler/ti-cgt-msp430_16.9.6.LTS/lib" -i"C:/ti/ccsv7/tools/compiler/ti-cgt-msp430_16.9.6.LTS/include" --priority --reread_libs --define=_MPU_ENABLE --diag_wrap=off --display_error_number --warn_sections --xml_link_info="lab_5_linkInfo.xml" --use_hw_mpy=F5 --rom_model -o "lab_5.out" "./main.obj" "../lnk_msp430fr6989.cmd"  -llibmpu_init.a -llibmath.a -llibc.a 
<Linking>
warning #10421-D: For FRAM devices running at higher than 8MHz, FRAM waitstate needs to be configured accordingly.
remark #10371-D: (ULP 1.1) Detected no uses of low power mode state changing instructions
remark #10372-D: (ULP 4.1) Detected uninitialized Port A in this project. Recommend initializing all unused ports to eliminate wasted current consumption on unused pins.
remark #10372-D: (ULP 4.1) Detected uninitialized Port B in this project. Recommend initializing all unused ports to eliminate wasted current consumption on unused pins.
remark #10372-D: (ULP 4.1) Detected uninitialized Port C in this project. Recommend initializing all unused ports to eliminate wasted current consumption on unused pins.
remark #10372-D: (ULP 4.1) Detected uninitialized Port D in this project. Recommend initializing all unused ports to eliminate wasted current consumption on unused pins.
remark #10372-D: (ULP 4.1) Detected uninitialized Port E in this project. Recommend initializing all unused ports to eliminate wasted current consumption on unused pins.
'Finished building target: "lab_5.out"'
 

**** Build Finished ****

**** Build of configuration Debug for project lab_5 ****

"C:\\ti\\ccsv7\\utils\\bin\\gmake" -k -j 24 all -O 
 
'Building file: "../main.c"'
'Invoking: MSP430 Compiler'
"C:/ti/ccsv7/tools/compiler/ti-cgt-msp430_16.9.6.LTS/bin/cl430" -vmspx --data_model=restricted --use_hw_mpy=F5 --include_path="C:/ti/ccsv7/ccs_base/msp430/include" --include_path="C:/Users/sudan/embedded-systems/lab_5" --include_path="C:/ti/ccsv7/tools/compiler/ti-cgt-msp430_16.9.6.LTS/include" --advice:power=all --advice:hw_config=all --define=__MSP430FR6989__ --define=_MPU_ENABLE -g --printf_support=minimal --diag_warning=225 --diag_wrap=off --display_error_number --silicon_errata=CPU21 --silicon_errata=CPU22 --silicon_errata=CPU40 --preproc_with_compile --preproc_dependency="main.d_raw"  "../main.c"
"../main.c", line 91: remark #1530-D: (ULP 5.1) Detected divide operation(s). Recommend moving them to RAM during run time or not using as these are processing/power intensive
"../main.c", line 92: remark #1530-D: (ULP 5.1) Detected modulo operation(s). Recommend moving them to RAM during run time or not using as these are processing/power intensive
"../main.c", line 93: remark #1530-D: (ULP 5.1) Detected divide operation(s). Recommend moving them to RAM during run time or not using as these are processing/power intensive
"../main.c", line 94: remark #1530-D: (ULP 5.1) Detected modulo operation(s). Recommend moving them to RAM during run time or not using as these are processing/power intensive
"../main.c", line 95: remark #1530-D: (ULP 5.1) Detected divide operation(s). Recommend moving them to RAM during run time or not using as these are processing/power intensive
"../main.c", line 96: remark #1530-D: (ULP 5.1) Detected modulo operation(s). Recommend moving them to RAM during run time or not using as these are processing/power intensive
"../main.c", line 230: warning #112-D: statement is unreachable
"../main.c", line 192: remark #1527-D: (ULP 2.1) Detected SW delay loop using __delay_cycles. Recommend using a timer module instead
"../main.c", line 223: remark #1527-D: (ULP 2.1) Detected SW delay loop using __delay_cycles. Recommend using a timer module instead
"../main.c", line 192: remark #1527-D: (ULP 2.1) Detected SW delay loop using __delay_cycles. Recommend using a timer module instead
"../main.c", line 238: remark #1538-D: (ULP 10.1) ISR TIMER0_A0_ISR calls function time_increment_one_second. Recommend moving function call away from ISR, or inlining the function, or using pragmas
"../main.c", line 239: remark #1538-D: (ULP 10.1) ISR TIMER0_A0_ISR calls function lcd_update. Recommend moving function call away from ISR, or inlining the function, or using pragmas
"../main.c", line 248: remark #1527-D: (ULP 2.1) Detected SW delay loop using __delay_cycles. Recommend using a timer module instead
"../main.c", line 254: remark #1527-D: (ULP 2.1) Detected SW delay loop using __delay_cycles. Recommend using a timer module instead
'Finished building: "../main.c"'
 
'Building target: "lab_5.out"'
'Invoking: MSP430 Linker'
"C:/ti/ccsv7/tools/compiler/ti-cgt-msp430_16.9.6.LTS/bin/cl430" -vmspx --data_model=restricted --use_hw_mpy=F5 --advice:power=all --advice:hw_config=all --define=__MSP430FR6989__ --define=_MPU_ENABLE -g --printf_support=minimal --diag_warning=225 --diag_wrap=off --display_error_number --silicon_errata=CPU21 --silicon_errata=CPU22 --silicon_errata=CPU40 -z -m"lab_5.map" --heap_size=160 --stack_size=160 --cinit_hold_wdt=on -i"C:/ti/ccsv7/ccs_base/msp430/include" -i"C:/ti/ccsv7/ccs_base/msp430/lib/5xx_6xx_FRxx" -i"C:/ti/ccsv7/ccs_base/msp430/lib/FR59xx" -i"C:/ti/ccsv7/tools/compiler/ti-cgt-msp430_16.9.6.LTS/lib" -i"C:/ti/ccsv7/tools/compiler/ti-cgt-msp430_16.9.6.LTS/include" --priority --reread_libs --define=_MPU_ENABLE --diag_wrap=off --display_error_number --warn_sections --xml_link_info="lab_5_linkInfo.xml" --use_hw_mpy=F5 --rom_model -o "lab_5.out" "./main.obj" "../lnk_msp430fr6989.cmd"  -llibmpu_init.a -llibmath.a -llibc.a 
<Linking>
warning #10421-D: For FRAM devices running at higher than 8MHz, FRAM waitstate needs to be configured accordingly.
remark #10371-D: (ULP 1.1) Detected no uses of low power mode state changing instructions
remark #10372-D: (ULP 4.1) Detected uninitialized Port A in this project. Recommend initializing all unused ports to eliminate wasted current consumption on unused pins.
remark #10372-D: (ULP 4.1) Detected uninitialized Port B in this project. Recommend initializing all unused ports to eliminate wasted current consumption on unused pins.
remark #10372-D: (ULP 4.1) Detected uninitialized Port C in this project. Recommend initializing all unused ports to eliminate wasted current consumption on unused pins.
remark #10372-D: (ULP 4.1) Detected uninitialized Port D in this project. Recommend initializing all unused ports to eliminate wasted current consumption on unused pins.
remark #10372-D: (ULP 4.1) Detected uninitialized Port E in this project. Recommend initializing all unused ports to eliminate wasted current consumption on unused pins.
'Finished building target: "lab_5.out"'
 

**** Build Finished ****

**** Build of configuration Debug for project lab_5 ****

"C:\\ti\\ccsv7\\utils\\bin\\gmake" -k -j 24 all -O 
 
'Building file: "../main.c"'
'Invoking: MSP430 Compiler'
"C:/ti/ccsv7/tools/compiler/ti-cgt-msp430_16.9.6.LTS/bin/cl430" -vmspx --data_model=restricted --use_hw_mpy=F5 --include_path="C:/ti/ccsv7/ccs_base/msp430/include" --include_path="C:/Users/sudan/embedded-systems/lab_5" --include_path="C:/ti/ccsv7/tools/compiler/ti-cgt-msp430_16.9.6.LTS/include" --advice:power=all --advice:hw_config=all --define=__MSP430FR6989__ --define=_MPU_ENABLE -g --printf_support=minimal --diag_warning=225 --diag_wrap=off --display_error_number --silicon_errata=CPU21 --silicon_errata=CPU22 --silicon_errata=CPU40 --preproc_with_compile --preproc_dependency="main.d_raw"  "../main.c"
"../main.c", line 91: remark #1530-D: (ULP 5.1) Detected divide operation(s). Recommend moving them to RAM during run time or not using as these are processing/power intensive
"../main.c", line 92: remark #1530-D: (ULP 5.1) Detected modulo operation(s). Recommend moving them to RAM during run time or not using as these are processing/power intensive
"../main.c", line 93: remark #1530-D: (ULP 5.1) Detected divide operation(s). Recommend moving them to RAM during run time or not using as these are processing/power intensive
"../main.c", line 94: remark #1530-D: (ULP 5.1) Detected modulo operation(s). Recommend moving them to RAM during run time or not using as these are processing/power intensive
"../main.c", line 95: remark #1530-D: (ULP 5.1) Detected divide operation(s). Recommend moving them to RAM during run time or not using as these are processing/power intensive
"../main.c", line 96: remark #1530-D: (ULP 5.1) Detected modulo operation(s). Recommend moving them to RAM during run time or not using as these are processing/power intensive
"../main.c", line 227: warning #112-D: statement is unreachable
"../main.c", line 192: remark #1527-D: (ULP 2.1) Detected SW delay loop using __delay_cycles. Recommend using a timer module instead
"../main.c", line 220: remark #1527-D: (ULP 2.1) Detected SW delay loop using __delay_cycles. Recommend using a timer module instead
"../main.c", line 192: remark #1527-D: (ULP 2.1) Detected SW delay loop using __delay_cycles. Recommend using a timer module instead
"../main.c", line 235: remark #1538-D: (ULP 10.1) ISR TIMER0_A0_ISR calls function time_increment_one_second. Recommend moving function call away from ISR, or inlining the function, or using pragmas
"../main.c", line 236: remark #1538-D: (ULP 10.1) ISR TIMER0_A0_ISR calls function lcd_update. Recommend moving function call away from ISR, or inlining the function, or using pragmas
"../main.c", line 246: remark #1527-D: (ULP 2.1) Detected SW delay loop using __delay_cycles. Recommend using a timer module instead
"../main.c", line 252: remark #1527-D: (ULP 2.1) Detected SW delay loop using __delay_cycles. Recommend using a timer module instead
'Finished building: "../main.c"'
 
'Building target: "lab_5.out"'
'Invoking: MSP430 Linker'
"C:/ti/ccsv7/tools/compiler/ti-cgt-msp430_16.9.6.LTS/bin/cl430" -vmspx --data_model=restricted --use_hw_mpy=F5 --advice:power=all --advice:hw_config=all --define=__MSP430FR6989__ --define=_MPU_ENABLE -g --printf_support=minimal --diag_warning=225 --diag_wrap=off --display_error_number --silicon_errata=CPU21 --silicon_errata=CPU22 --silicon_errata=CPU40 -z -m"lab_5.map" --heap_size=160 --stack_size=160 --cinit_hold_wdt=on -i"C:/ti/ccsv7/ccs_base/msp430/include" -i"C:/ti/ccsv7/ccs_base/msp430/lib/5xx_6xx_FRxx" -i"C:/ti/ccsv7/ccs_base/msp430/lib/FR59xx" -i"C:/ti/ccsv7/tools/compiler/ti-cgt-msp430_16.9.6.LTS/lib" -i"C:/ti/ccsv7/tools/compiler/ti-cgt-msp430_16.9.6.LTS/include" --priority --reread_libs --define=_MPU_ENABLE --diag_wrap=off --display_error_number --warn_sections --xml_link_info="lab_5_linkInfo.xml" --use_hw_mpy=F5 --rom_model -o "lab_5.out" "./main.obj" "../lnk_msp430fr6989.cmd"  -llibmpu_init.a -llibmath.a -llibc.a 
<Linking>
warning #10421-D: For FRAM devices running at higher than 8MHz, FRAM waitstate needs to be configured accordingly.
remark #10371-D: (ULP 1.1) Detected no uses of low power mode state changing instructions
remark #10372-D: (ULP 4.1) Detected uninitialized Port A in this project. Recommend initializing all unused ports to eliminate wasted current consumption on unused pins.
remark #10372-D: (ULP 4.1) Detected uninitialized Port B in this project. Recommend initializing all unused ports to eliminate wasted current consumption on unused pins.
remark #10372-D: (ULP 4.1) Detected uninitialized Port C in this project. Recommend initializing all unused ports to eliminate wasted current consumption on unused pins.
remark #10372-D: (ULP 4.1) Detected uninitialized Port D in this project. Recommend initializing all unused ports to eliminate wasted current consumption on unused pins.
remark #10372-D: (ULP 4.1) Detected uninitialized Port E in this project. Recommend initializing all unused ports to eliminate wasted current consumption on unused pins.
'Finished building target: "lab_5.out"'
 

**** Build Finished ****
